feature,special_case_type,special_case_reason,recommended_next_action,validation_stage,drop_now
SK_ID_CURR,technical_identifier,"unique row identifier, not a model predictor",exclude_from_model_input,feature_engineering,exclude_from_model_input
TARGET,target_column,"supervised learning label, not an input feature",use_only_for_target_analysis,bivariate_and_modeling,exclude_from_model_input
DAYS_EMPLOYED,sentinel_or_special_label,placeholder_or_special_value_candidate,handle_as_special_value_candidate_later,feature_engineering,no
REGION_RATING_CLIENT_W_CITY,sentinel_or_special_label,placeholder_or_special_value_candidate,handle_as_special_value_candidate_later,feature_engineering,no
CODE_GENDER,sentinel_or_special_label,placeholder_or_special_value_candidate,handle_as_special_value_candidate_later,feature_engineering,no
ORGANIZATION_TYPE,sentinel_or_special_label,placeholder_or_special_value_candidate,handle_as_special_value_candidate_later,feature_engineering,no
NAME_FAMILY_STATUS,sentinel_or_special_label,placeholder_or_special_value_candidate,handle_as_special_value_candidate_later,feature_engineering,no
EXT_SOURCE_1,external_score,external_credit_score_style_feature,keep_as_strong_candidate_and_validate_missingness_signal,bivariate_and_modeling,no
EXT_SOURCE_2,external_score,external_credit_score_style_feature,keep_as_strong_candidate_and_validate_missingness_signal,bivariate_and_modeling,no
EXT_SOURCE_3,external_score,external_credit_score_style_feature,keep_as_strong_candidate_and_validate_missingness_signal,bivariate_and_modeling,no
AMT_REQ_CREDIT_BUREAU_HOUR,cyclical_or_calendar_time,,cyclical_or_calendar_encoding_candidate_later,feature_engineering_and_modeling,no
HOUR_APPR_PROCESS_START,cyclical_or_calendar_time,,cyclical_or_calendar_encoding_candidate_later,feature_engineering_and_modeling,no
WEEKDAY_APPR_PROCESS_START,cyclical_or_calendar_time,,cyclical_or_calendar_encoding_candidate_later,feature_engineering_and_modeling,no
bureau_bal_month_count_max,cyclical_or_calendar_time,,cyclical_or_calendar_encoding_candidate_later,feature_engineering_and_modeling,no
bureau_bal_month_count_mean,cyclical_or_calendar_time,,cyclical_or_calendar_encoding_candidate_later,feature_engineering_and_modeling,no
bureau_bal_month_count_sum,cyclical_or_calendar_time,,cyclical_or_calendar_encoding_candidate_later,feature_engineering_and_modeling,no
bureau_bal_month_max_max,cyclical_or_calendar_time,,cyclical_or_calendar_encoding_candidate_later,feature_engineering_and_modeling,no
bureau_bal_month_max_mean,cyclical_or_calendar_time,,cyclical_or_calendar_encoding_candidate_later,feature_engineering_and_modeling,no
bureau_bal_month_max_min,cyclical_or_calendar_time,,cyclical_or_calendar_encoding_candidate_later,feature_engineering_and_modeling,no
bureau_bal_month_mean_max,cyclical_or_calendar_time,,cyclical_or_calendar_encoding_candidate_later,feature_engineering_and_modeling,no
bureau_bal_month_mean_mean,cyclical_or_calendar_time,,cyclical_or_calendar_encoding_candidate_later,feature_engineering_and_modeling,no
bureau_bal_month_mean_min,cyclical_or_calendar_time,,cyclical_or_calendar_encoding_candidate_later,feature_engineering_and_modeling,no
bureau_bal_month_min_max,cyclical_or_calendar_time,,cyclical_or_calendar_encoding_candidate_later,feature_engineering_and_modeling,no
bureau_bal_month_min_mean,cyclical_or_calendar_time,,cyclical_or_calendar_encoding_candidate_later,feature_engineering_and_modeling,no
bureau_bal_month_min_min,cyclical_or_calendar_time,,cyclical_or_calendar_encoding_candidate_later,feature_engineering_and_modeling,no
bureau_bal_month_span_max,cyclical_or_calendar_time,,cyclical_or_calendar_encoding_candidate_later,feature_engineering_and_modeling,no
bureau_bal_month_span_mean,cyclical_or_calendar_time,,cyclical_or_calendar_encoding_candidate_later,feature_engineering_and_modeling,no
bureau_bal_month_span_min,cyclical_or_calendar_time,,cyclical_or_calendar_encoding_candidate_later,feature_engineering_and_modeling,no
cc_latest_months_balance,cyclical_or_calendar_time,,cyclical_or_calendar_encoding_candidate_later,feature_engineering_and_modeling,no
cc_latest_months_balance_max,cyclical_or_calendar_time,,cyclical_or_calendar_encoding_candidate_later,feature_engineering_and_modeling,no
cc_latest_months_balance_mean,cyclical_or_calendar_time,,cyclical_or_calendar_encoding_candidate_later,feature_engineering_and_modeling,no
cc_latest_months_balance_min,cyclical_or_calendar_time,,cyclical_or_calendar_encoding_candidate_later,feature_engineering_and_modeling,no
cc_latest_months_balance_sum,cyclical_or_calendar_time,,cyclical_or_calendar_encoding_candidate_later,feature_engineering_and_modeling,no
cc_month_count_max,cyclical_or_calendar_time,,cyclical_or_calendar_encoding_candidate_later,feature_engineering_and_modeling,no
cc_month_count_mean,cyclical_or_calendar_time,,cyclical_or_calendar_encoding_candidate_later,feature_engineering_and_modeling,no
cc_month_count_sum,cyclical_or_calendar_time,,cyclical_or_calendar_encoding_candidate_later,feature_engineering_and_modeling,no
cc_month_max,cyclical_or_calendar_time,,cyclical_or_calendar_encoding_candidate_later,feature_engineering_and_modeling,no
cc_month_max_max,cyclical_or_calendar_time,,cyclical_or_calendar_encoding_candidate_later,feature_engineering_and_modeling,no
cc_month_max_mean,cyclical_or_calendar_time,,cyclical_or_calendar_encoding_candidate_later,feature_engineering_and_modeling,no
cc_month_max_min,cyclical_or_calendar_time,,cyclical_or_calendar_encoding_candidate_later,feature_engineering_and_modeling,no
cc_month_max_sum,cyclical_or_calendar_time,,cyclical_or_calendar_encoding_candidate_later,feature_engineering_and_modeling,no
cc_month_mean_max,cyclical_or_calendar_time,,cyclical_or_calendar_encoding_candidate_later,feature_engineering_and_modeling,no
cc_month_mean_mean,cyclical_or_calendar_time,,cyclical_or_calendar_encoding_candidate_later,feature_engineering_and_modeling,no
cc_month_mean_min,cyclical_or_calendar_time,,cyclical_or_calendar_encoding_candidate_later,feature_engineering_and_modeling,no
cc_month_mean_sum,cyclical_or_calendar_time,,cyclical_or_calendar_encoding_candidate_later,feature_engineering_and_modeling,no
cc_month_min,cyclical_or_calendar_time,,cyclical_or_calendar_encoding_candidate_later,feature_engineering_and_modeling,no
cc_month_min_max,cyclical_or_calendar_time,,cyclical_or_calendar_encoding_candidate_later,feature_engineering_and_modeling,no
cc_month_min_mean,cyclical_or_calendar_time,,cyclical_or_calendar_encoding_candidate_later,feature_engineering_and_modeling,no
cc_month_min_min,cyclical_or_calendar_time,,cyclical_or_calendar_encoding_candidate_later,feature_engineering_and_modeling,no
cc_month_min_sum,cyclical_or_calendar_time,,cyclical_or_calendar_encoding_candidate_later,feature_engineering_and_modeling,no
cc_month_record_count_max,cyclical_or_calendar_time,,cyclical_or_calendar_encoding_candidate_later,feature_engineering_and_modeling,no
cc_month_record_count_mean,cyclical_or_calendar_time,,cyclical_or_calendar_encoding_candidate_later,feature_engineering_and_modeling,no
cc_month_record_count_sum,cyclical_or_calendar_time,,cyclical_or_calendar_encoding_candidate_later,feature_engineering_and_modeling,no
cc_month_span_max_x,cyclical_or_calendar_time,,cyclical_or_calendar_encoding_candidate_later,feature_engineering_and_modeling,no
cc_month_span_max_y,cyclical_or_calendar_time,,cyclical_or_calendar_encoding_candidate_later,feature_engineering_and_modeling,no
cc_month_span_mean_x,cyclical_or_calendar_time,,cyclical_or_calendar_encoding_candidate_later,feature_engineering_and_modeling,no
cc_month_span_mean_y,cyclical_or_calendar_time,,cyclical_or_calendar_encoding_candidate_later,feature_engineering_and_modeling,no
cc_month_span_min,cyclical_or_calendar_time,,cyclical_or_calendar_encoding_candidate_later,feature_engineering_and_modeling,no
cc_month_span_sum,cyclical_or_calendar_time,,cyclical_or_calendar_encoding_candidate_later,feature_engineering_and_modeling,no
pos_latest_months_balance,cyclical_or_calendar_time,,cyclical_or_calendar_encoding_candidate_later,feature_engineering_and_modeling,no
pos_month_count_max,cyclical_or_calendar_time,,cyclical_or_calendar_encoding_candidate_later,feature_engineering_and_modeling,no
pos_month_count_mean,cyclical_or_calendar_time,,cyclical_or_calendar_encoding_candidate_later,feature_engineering_and_modeling,no
pos_month_count_sum,cyclical_or_calendar_time,,cyclical_or_calendar_encoding_candidate_later,feature_engineering_and_modeling,no
pos_month_max,cyclical_or_calendar_time,,cyclical_or_calendar_encoding_candidate_later,feature_engineering_and_modeling,no
pos_month_min,cyclical_or_calendar_time,,cyclical_or_calendar_encoding_candidate_later,feature_engineering_and_modeling,no
pos_month_record_count_max,cyclical_or_calendar_time,,cyclical_or_calendar_encoding_candidate_later,feature_engineering_and_modeling,no
pos_month_record_count_mean,cyclical_or_calendar_time,,cyclical_or_calendar_encoding_candidate_later,feature_engineering_and_modeling,no
pos_month_record_count_sum,cyclical_or_calendar_time,,cyclical_or_calendar_encoding_candidate_later,feature_engineering_and_modeling,no
pos_month_span_max,cyclical_or_calendar_time,,cyclical_or_calendar_encoding_candidate_later,feature_engineering_and_modeling,no
pos_month_span_mean,cyclical_or_calendar_time,,cyclical_or_calendar_encoding_candidate_later,feature_engineering_and_modeling,no
prev_latest_hour_process,cyclical_or_calendar_time,,cyclical_or_calendar_encoding_candidate_later,feature_engineering_and_modeling,no
AMT_REQ_CREDIT_BUREAU_HOUR,structured_missing_or_history_availability,possible_absence_of_history_or_unknown_record,structured_missing_handling_candidate_later,feature_engineering_and_modeling,no
AMT_REQ_CREDIT_BUREAU_DAY,structured_missing_or_history_availability,possible_absence_of_history_or_unknown_record,structured_missing_handling_candidate_later,feature_engineering_and_modeling,no
AMT_REQ_CREDIT_BUREAU_WEEK,structured_missing_or_history_availability,possible_absence_of_history_or_unknown_record,structured_missing_handling_candidate_later,feature_engineering_and_modeling,no
AMT_REQ_CREDIT_BUREAU_MON,structured_missing_or_history_availability,possible_absence_of_history_or_unknown_record,structured_missing_handling_candidate_later,feature_engineering_and_modeling,no
AMT_REQ_CREDIT_BUREAU_QRT,structured_missing_or_history_availability,possible_absence_of_history_or_unknown_record,structured_missing_handling_candidate_later,feature_engineering_and_modeling,no
AMT_REQ_CREDIT_BUREAU_YEAR,structured_missing_or_history_availability,possible_absence_of_history_or_unknown_record,structured_missing_handling_candidate_later,feature_engineering_and_modeling,no
has_bureau_history,structured_missing_or_history_availability,possible_absence_of_history_or_unknown_record,structured_missing_handling_candidate_later,feature_engineering_and_modeling,no
bureau_record_count,structured_missing_or_history_availability,possible_absence_of_history_or_unknown_record,structured_missing_handling_candidate_later,feature_engineering_and_modeling,no
bureau_unique_credit_type_count,structured_missing_or_history_availability,possible_absence_of_history_or_unknown_record,structured_missing_handling_candidate_later,feature_engineering_and_modeling,no
bureau_unique_currency_count,structured_missing_or_history_availability,possible_absence_of_history_or_unknown_record,structured_missing_handling_candidate_later,feature_engineering_and_modeling,no
bureau_active_count,structured_missing_or_history_availability,possible_absence_of_history_or_unknown_record,structured_missing_handling_candidate_later,feature_engineering_and_modeling,no
bureau_active_ratio,structured_missing_or_history_availability,possible_absence_of_history_or_unknown_record,structured_missing_handling_candidate_later,feature_engineering_and_modeling,no
bureau_closed_count,structured_missing_or_history_availability,possible_absence_of_history_or_unknown_record,structured_missing_handling_candidate_later,feature_engineering_and_modeling,no
bureau_closed_ratio,structured_missing_or_history_availability,possible_absence_of_history_or_unknown_record,structured_missing_handling_candidate_later,feature_engineering_and_modeling,no
bureau_sold_count,structured_missing_or_history_availability,possible_absence_of_history_or_unknown_record,structured_missing_handling_candidate_later,feature_engineering_and_modeling,no
bureau_sold_ratio,structured_missing_or_history_availability,possible_absence_of_history_or_unknown_record,structured_missing_handling_candidate_later,feature_engineering_and_modeling,no
bureau_bad_debt_count,structured_missing_or_history_availability,possible_absence_of_history_or_unknown_record,structured_missing_handling_candidate_later,feature_engineering_and_modeling,no
bureau_bad_debt_ratio,structured_missing_or_history_availability,possible_absence_of_history_or_unknown_record,structured_missing_handling_candidate_later,feature_engineering_and_modeling,no
bureau_overdue_days_record_count,structured_missing_or_history_availability,possible_absence_of_history_or_unknown_record,structured_missing_handling_candidate_later,feature_engineering_and_modeling,no
bureau_overdue_days_record_ratio,structured_missing_or_history_availability,possible_absence_of_history_or_unknown_record,structured_missing_handling_candidate_later,feature_engineering_and_modeling,no
bureau_overdue_amount_record_count,structured_missing_or_history_availability,possible_absence_of_history_or_unknown_record,structured_missing_handling_candidate_later,feature_engineering_and_modeling,no
bureau_overdue_amount_record_ratio,structured_missing_or_history_availability,possible_absence_of_history_or_unknown_record,structured_missing_handling_candidate_later,feature_engineering_and_modeling,no
bureau_debt_record_count,structured_missing_or_history_availability,possible_absence_of_history_or_unknown_record,structured_missing_handling_candidate_later,feature_engineering_and_modeling,no
bureau_debt_record_ratio,structured_missing_or_history_availability,possible_absence_of_history_or_unknown_record,structured_missing_handling_candidate_later,feature_engineering_and_modeling,no
bureau_future_enddate_count,structured_missing_or_history_availability,possible_absence_of_history_or_unknown_record,structured_missing_handling_candidate_later,feature_engineering_and_modeling,no
bureau_future_enddate_ratio,structured_missing_or_history_availability,possible_absence_of_history_or_unknown_record,structured_missing_handling_candidate_later,feature_engineering_and_modeling,no
bureau_recent_6m_count,structured_missing_or_history_availability,possible_absence_of_history_or_unknown_record,structured_missing_handling_candidate_later,feature_engineering_and_modeling,no
bureau_recent_6m_ratio,structured_missing_or_history_availability,possible_absence_of_history_or_unknown_record,structured_missing_handling_candidate_later,feature_engineering_and_modeling,no
bureau_recent_12m_count,structured_missing_or_history_availability,possible_absence_of_history_or_unknown_record,structured_missing_handling_candidate_later,feature_engineering_and_modeling,no
bureau_recent_12m_ratio,structured_missing_or_history_availability,possible_absence_of_history_or_unknown_record,structured_missing_handling_candidate_later,feature_engineering_and_modeling,no
bureau_recent_24m_count,structured_missing_or_history_availability,possible_absence_of_history_or_unknown_record,structured_missing_handling_candidate_later,feature_engineering_and_modeling,no
bureau_recent_24m_ratio,structured_missing_or_history_availability,possible_absence_of_history_or_unknown_record,structured_missing_handling_candidate_later,feature_engineering_and_modeling,no
bureau_recent_update_6m_count,structured_missing_or_history_availability,possible_absence_of_history_or_unknown_record,structured_missing_handling_candidate_later,feature_engineering_and_modeling,no
bureau_recent_update_6m_ratio,structured_missing_or_history_availability,possible_absence_of_history_or_unknown_record,structured_missing_handling_candidate_later,feature_engineering_and_modeling,no
bureau_recent_update_12m_count,structured_missing_or_history_availability,possible_absence_of_history_or_unknown_record,structured_missing_handling_candidate_later,feature_engineering_and_modeling,no
bureau_recent_update_12m_ratio,structured_missing_or_history_availability,possible_absence_of_history_or_unknown_record,structured_missing_handling_candidate_later,feature_engineering_and_modeling,no
bureau_with_balance_count,structured_missing_or_history_availability,possible_absence_of_history_or_unknown_record,structured_missing_handling_candidate_later,feature_engineering_and_modeling,no
bureau_with_balance_ratio,structured_missing_or_history_availability,possible_absence_of_history_or_unknown_record,structured_missing_handling_candidate_later,feature_engineering_and_modeling,no
bureau_type_consumer_credit_count,structured_missing_or_history_availability,possible_absence_of_history_or_unknown_record,structured_missing_handling_candidate_later,feature_engineering_and_modeling,no
bureau_type_consumer_credit_ratio,structured_missing_or_history_availability,possible_absence_of_history_or_unknown_record,structured_missing_handling_candidate_later,feature_engineering_and_modeling,no
bureau_type_credit_card_count,structured_missing_or_history_availability,possible_absence_of_history_or_unknown_record,structured_missing_handling_candidate_later,feature_engineering_and_modeling,no
bureau_type_credit_card_ratio,structured_missing_or_history_availability,possible_absence_of_history_or_unknown_record,structured_missing_handling_candidate_later,feature_engineering_and_modeling,no
bureau_type_car_loan_count,structured_missing_or_history_availability,possible_absence_of_history_or_unknown_record,structured_missing_handling_candidate_later,feature_engineering_and_modeling,no
bureau_type_car_loan_ratio,structured_missing_or_history_availability,possible_absence_of_history_or_unknown_record,structured_missing_handling_candidate_later,feature_engineering_and_modeling,no
bureau_type_mortgage_count,structured_missing_or_history_availability,possible_absence_of_history_or_unknown_record,structured_missing_handling_candidate_later,feature_engineering_and_modeling,no
bureau_type_mortgage_ratio,structured_missing_or_history_availability,possible_absence_of_history_or_unknown_record,structured_missing_handling_candidate_later,feature_engineering_and_modeling,no
bureau_type_microloan_count,structured_missing_or_history_availability,possible_absence_of_history_or_unknown_record,structured_missing_handling_candidate_later,feature_engineering_and_modeling,no
bureau_type_microloan_ratio,structured_missing_or_history_availability,possible_absence_of_history_or_unknown_record,structured_missing_handling_candidate_later,feature_engineering_and_modeling,no
bureau_type_business_loan_count,structured_missing_or_history_availability,possible_absence_of_history_or_unknown_record,structured_missing_handling_candidate_later,feature_engineering_and_modeling,no
bureau_type_business_loan_ratio,structured_missing_or_history_availability,possible_absence_of_history_or_unknown_record,structured_missing_handling_candidate_later,feature_engineering_and_modeling,no
bureau_type_working_capital_loan_count,structured_missing_or_history_availability,possible_absence_of_history_or_unknown_record,structured_missing_handling_candidate_later,feature_engineering_and_modeling,no
bureau_type_working_capital_loan_ratio,structured_missing_or_history_availability,possible_absence_of_history_or_unknown_record,structured_missing_handling_candidate_later,feature_engineering_and_modeling,no
bureau_type_other_count,structured_missing_or_history_availability,possible_absence_of_history_or_unknown_record,structured_missing_handling_candidate_later,feature_engineering_and_modeling,no
bureau_type_other_ratio,structured_missing_or_history_availability,possible_absence_of_history_or_unknown_record,structured_missing_handling_candidate_later,feature_engineering_and_modeling,no
bureau_record_per_credit_type_avg,structured_missing_or_history_availability,possible_absence_of_history_or_unknown_record,structured_missing_handling_candidate_later,feature_engineering_and_modeling,no
bureau_credit_amount_sum,structured_missing_or_history_availability,possible_absence_of_history_or_unknown_record,structured_missing_handling_candidate_later,feature_engineering_and_modeling,no
bureau_credit_amount_mean,structured_missing_or_history_availability,possible_absence_of_history_or_unknown_record,structured_missing_handling_candidate_later,feature_engineering_and_modeling,no
bureau_credit_amount_max,structured_missing_or_history_availability,possible_absence_of_history_or_unknown_record,structured_missing_handling_candidate_later,feature_engineering_and_modeling,no
bureau_credit_amount_min,structured_missing_or_history_availability,possible_absence_of_history_or_unknown_record,structured_missing_handling_candidate_later,feature_engineering_and_modeling,no
bureau_credit_amount_std,structured_missing_or_history_availability,possible_absence_of_history_or_unknown_record,structured_missing_handling_candidate_later,feature_engineering_and_modeling,no
bureau_debt_amount_sum,structured_missing_or_history_availability,possible_absence_of_history_or_unknown_record,structured_missing_handling_candidate_later,feature_engineering_and_modeling,no
bureau_debt_amount_mean,structured_missing_or_history_availability,possible_absence_of_history_or_unknown_record,structured_missing_handling_candidate_later,feature_engineering_and_modeling,no
bureau_debt_amount_max,structured_missing_or_history_availability,possible_absence_of_history_or_unknown_record,structured_missing_handling_candidate_later,feature_engineering_and_modeling,no
bureau_debt_amount_min,structured_missing_or_history_availability,possible_absence_of_history_or_unknown_record,structured_missing_handling_candidate_later,feature_engineering_and_modeling,no
bureau_debt_amount_std,structured_missing_or_history_availability,possible_absence_of_history_or_unknown_record,structured_missing_handling_candidate_later,feature_engineering_and_modeling,no
bureau_limit_amount_sum,structured_missing_or_history_availability,possible_absence_of_history_or_unknown_record,structured_missing_handling_candidate_later,feature_engineering_and_modeling,no
bureau_limit_amount_mean,structured_missing_or_history_availability,possible_absence_of_history_or_unknown_record,structured_missing_handling_candidate_later,feature_engineering_and_modeling,no
bureau_limit_amount_max,structured_missing_or_history_availability,possible_absence_of_history_or_unknown_record,structured_missing_handling_candidate_later,feature_engineering_and_modeling,no
bureau_annuity_amount_sum,structured_missing_or_history_availability,possible_absence_of_history_or_unknown_record,structured_missing_handling_candidate_later,feature_engineering_and_modeling,no
bureau_annuity_amount_mean,structured_missing_or_history_availability,possible_absence_of_history_or_unknown_record,structured_missing_handling_candidate_later,feature_engineering_and_modeling,no
bureau_annuity_amount_max,structured_missing_or_history_availability,possible_absence_of_history_or_unknown_record,structured_missing_handling_candidate_later,feature_engineering_and_modeling,no
bureau_overdue_amount_sum,structured_missing_or_history_availability,possible_absence_of_history_or_unknown_record,structured_missing_handling_candidate_later,feature_engineering_and_modeling,no
bureau_overdue_amount_mean,structured_missing_or_history_availability,possible_absence_of_history_or_unknown_record,structured_missing_handling_candidate_later,feature_engineering_and_modeling,no
bureau_overdue_amount_max,structured_missing_or_history_availability,possible_absence_of_history_or_unknown_record,structured_missing_handling_candidate_later,feature_engineering_and_modeling,no
bureau_max_overdue_amount_sum,structured_missing_or_history_availability,possible_absence_of_history_or_unknown_record,structured_missing_handling_candidate_later,feature_engineering_and_modeling,no
bureau_max_overdue_amount_mean,structured_missing_or_history_availability,possible_absence_of_history_or_unknown_record,structured_missing_handling_candidate_later,feature_engineering_and_modeling,no
bureau_max_overdue_amount_max,structured_missing_or_history_availability,possible_absence_of_history_or_unknown_record,structured_missing_handling_candidate_later,feature_engineering_and_modeling,no
bureau_overdue_days_sum,structured_missing_or_history_availability,possible_absence_of_history_or_unknown_record,structured_missing_handling_candidate_later,feature_engineering_and_modeling,no
bureau_overdue_days_mean,structured_missing_or_history_availability,possible_absence_of_history_or_unknown_record,structured_missing_handling_candidate_later,feature_engineering_and_modeling,no
bureau_overdue_days_max,structured_missing_or_history_availability,possible_absence_of_history_or_unknown_record,structured_missing_handling_candidate_later,feature_engineering_and_modeling,no
bureau_prolong_sum,structured_missing_or_history_availability,possible_absence_of_history_or_unknown_record,structured_missing_handling_candidate_later,feature_engineering_and_modeling,no
bureau_prolong_mean,structured_missing_or_history_availability,possible_absence_of_history_or_unknown_record,structured_missing_handling_candidate_later,feature_engineering_and_modeling,no
bureau_prolong_max,structured_missing_or_history_availability,possible_absence_of_history_or_unknown_record,structured_missing_handling_candidate_later,feature_engineering_and_modeling,no
bureau_days_credit_min,structured_missing_or_history_availability,possible_absence_of_history_or_unknown_record,structured_missing_handling_candidate_later,feature_engineering_and_modeling,no
bureau_days_credit_max,structured_missing_or_history_availability,possible_absence_of_history_or_unknown_record,structured_missing_handling_candidate_later,feature_engineering_and_modeling,no
bureau_days_credit_mean,structured_missing_or_history_availability,possible_absence_of_history_or_unknown_record,structured_missing_handling_candidate_later,feature_engineering_and_modeling,no
bureau_days_credit_std,structured_missing_or_history_availability,possible_absence_of_history_or_unknown_record,structured_missing_handling_candidate_later,feature_engineering_and_modeling,no
bureau_days_enddate_min,structured_missing_or_history_availability,possible_absence_of_history_or_unknown_record,structured_missing_handling_candidate_later,feature_engineering_and_modeling,no
bureau_days_enddate_max,structured_missing_or_history_availability,possible_absence_of_history_or_unknown_record,structured_missing_handling_candidate_later,feature_engineering_and_modeling,no
bureau_days_enddate_mean,structured_missing_or_history_availability,possible_absence_of_history_or_unknown_record,structured_missing_handling_candidate_later,feature_engineering_and_modeling,no
bureau_days_enddate_fact_min,structured_missing_or_history_availability,possible_absence_of_history_or_unknown_record,structured_missing_handling_candidate_later,feature_engineering_and_modeling,no
bureau_days_enddate_fact_max,structured_missing_or_history_availability,possible_absence_of_history_or_unknown_record,structured_missing_handling_candidate_later,feature_engineering_and_modeling,no
bureau_days_enddate_fact_mean,structured_missing_or_history_availability,possible_absence_of_history_or_unknown_record,structured_missing_handling_candidate_later,feature_engineering_and_modeling,no
bureau_days_update_min,structured_missing_or_history_availability,possible_absence_of_history_or_unknown_record,structured_missing_handling_candidate_later,feature_engineering_and_modeling,no
bureau_days_update_max,structured_missing_or_history_availability,possible_absence_of_history_or_unknown_record,structured_missing_handling_candidate_later,feature_engineering_and_modeling,no
bureau_days_update_mean,structured_missing_or_history_availability,possible_absence_of_history_or_unknown_record,structured_missing_handling_candidate_later,feature_engineering_and_modeling,no
bureau_days_update_std,structured_missing_or_history_availability,possible_absence_of_history_or_unknown_record,structured_missing_handling_candidate_later,feature_engineering_and_modeling,no
bureau_debt_to_credit_mean,structured_missing_or_history_availability,possible_absence_of_history_or_unknown_record,structured_missing_handling_candidate_later,feature_engineering_and_modeling,no
bureau_debt_to_credit_max,structured_missing_or_history_availability,possible_absence_of_history_or_unknown_record,structured_missing_handling_candidate_later,feature_engineering_and_modeling,no
bureau_debt_to_credit_min,structured_missing_or_history_availability,possible_absence_of_history_or_unknown_record,structured_missing_handling_candidate_later,feature_engineering_and_modeling,no
bureau_overdue_to_credit_mean,structured_missing_or_history_availability,possible_absence_of_history_or_unknown_record,structured_missing_handling_candidate_later,feature_engineering_and_modeling,no
bureau_overdue_to_credit_max,structured_missing_or_history_availability,possible_absence_of_history_or_unknown_record,structured_missing_handling_candidate_later,feature_engineering_and_modeling,no
bureau_annuity_to_credit_mean,structured_missing_or_history_availability,possible_absence_of_history_or_unknown_record,structured_missing_handling_candidate_later,feature_engineering_and_modeling,no
bureau_annuity_to_credit_max,structured_missing_or_history_availability,possible_absence_of_history_or_unknown_record,structured_missing_handling_candidate_later,feature_engineering_and_modeling,no
bureau_debt_to_limit_mean,structured_missing_or_history_availability,possible_absence_of_history_or_unknown_record,structured_missing_handling_candidate_later,feature_engineering_and_modeling,no
bureau_debt_to_limit_max,structured_missing_or_history_availability,possible_absence_of_history_or_unknown_record,structured_missing_handling_candidate_later,feature_engineering_and_modeling,no
bureau_enddate_gap_mean,structured_missing_or_history_availability,possible_absence_of_history_or_unknown_record,structured_missing_handling_candidate_later,feature_engineering_and_modeling,no
bureau_enddate_gap_max,structured_missing_or_history_availability,possible_absence_of_history_or_unknown_record,structured_missing_handling_candidate_later,feature_engineering_and_modeling,no
bureau_enddate_gap_min,structured_missing_or_history_availability,possible_absence_of_history_or_unknown_record,structured_missing_handling_candidate_later,feature_engineering_and_modeling,no
bureau_credit_history_span,structured_missing_or_history_availability,possible_absence_of_history_or_unknown_record,structured_missing_handling_candidate_later,feature_engineering_and_modeling,no
bureau_total_debt_to_credit_ratio,structured_missing_or_history_availability,possible_absence_of_history_or_unknown_record,structured_missing_handling_candidate_later,feature_engineering_and_modeling,no
bureau_total_overdue_to_credit_ratio,structured_missing_or_history_availability,possible_absence_of_history_or_unknown_record,structured_missing_handling_candidate_later,feature_engineering_and_modeling,no
bureau_total_annuity_to_credit_ratio,structured_missing_or_history_availability,possible_absence_of_history_or_unknown_record,structured_missing_handling_candidate_later,feature_engineering_and_modeling,no
bureau_active_credit_amount_sum,structured_missing_or_history_availability,possible_absence_of_history_or_unknown_record,structured_missing_handling_candidate_later,feature_engineering_and_modeling,no
bureau_active_credit_amount_mean,structured_missing_or_history_availability,possible_absence_of_history_or_unknown_record,structured_missing_handling_candidate_later,feature_engineering_and_modeling,no
bureau_active_credit_amount_max,structured_missing_or_history_availability,possible_absence_of_history_or_unknown_record,structured_missing_handling_candidate_later,feature_engineering_and_modeling,no
bureau_active_debt_amount_sum,structured_missing_or_history_availability,possible_absence_of_history_or_unknown_record,structured_missing_handling_candidate_later,feature_engineering_and_modeling,no
bureau_active_debt_amount_mean,structured_missing_or_history_availability,possible_absence_of_history_or_unknown_record,structured_missing_handling_candidate_later,feature_engineering_and_modeling,no
bureau_active_debt_amount_max,structured_missing_or_history_availability,possible_absence_of_history_or_unknown_record,structured_missing_handling_candidate_later,feature_engineering_and_modeling,no
bureau_active_limit_amount_sum,structured_missing_or_history_availability,possible_absence_of_history_or_unknown_record,structured_missing_handling_candidate_later,feature_engineering_and_modeling,no
bureau_active_limit_amount_mean,structured_missing_or_history_availability,possible_absence_of_history_or_unknown_record,structured_missing_handling_candidate_later,feature_engineering_and_modeling,no
bureau_active_limit_amount_max,structured_missing_or_history_availability,possible_absence_of_history_or_unknown_record,structured_missing_handling_candidate_later,feature_engineering_and_modeling,no
bureau_active_annuity_amount_sum,structured_missing_or_history_availability,possible_absence_of_history_or_unknown_record,structured_missing_handling_candidate_later,feature_engineering_and_modeling,no
bureau_active_annuity_amount_mean,structured_missing_or_history_availability,possible_absence_of_history_or_unknown_record,structured_missing_handling_candidate_later,feature_engineering_and_modeling,no
bureau_active_annuity_amount_max,structured_missing_or_history_availability,possible_absence_of_history_or_unknown_record,structured_missing_handling_candidate_later,feature_engineering_and_modeling,no
bureau_active_overdue_amount_sum,structured_missing_or_history_availability,possible_absence_of_history_or_unknown_record,structured_missing_handling_candidate_later,feature_engineering_and_modeling,no
bureau_active_overdue_amount_mean,structured_missing_or_history_availability,possible_absence_of_history_or_unknown_record,structured_missing_handling_candidate_later,feature_engineering_and_modeling,no
bureau_active_overdue_amount_max,structured_missing_or_history_availability,possible_absence_of_history_or_unknown_record,structured_missing_handling_candidate_later,feature_engineering_and_modeling,no
bureau_active_overdue_days_sum,structured_missing_or_history_availability,possible_absence_of_history_or_unknown_record,structured_missing_handling_candidate_later,feature_engineering_and_modeling,no
bureau_active_overdue_days_mean,structured_missing_or_history_availability,possible_absence_of_history_or_unknown_record,structured_missing_handling_candidate_later,feature_engineering_and_modeling,no
bureau_active_overdue_days_max,structured_missing_or_history_availability,possible_absence_of_history_or_unknown_record,structured_missing_handling_candidate_later,feature_engineering_and_modeling,no
bureau_closed_credit_amount_sum,structured_missing_or_history_availability,possible_absence_of_history_or_unknown_record,structured_missing_handling_candidate_later,feature_engineering_and_modeling,no
bureau_closed_credit_amount_mean,structured_missing_or_history_availability,possible_absence_of_history_or_unknown_record,structured_missing_handling_candidate_later,feature_engineering_and_modeling,no
bureau_closed_credit_amount_max,structured_missing_or_history_availability,possible_absence_of_history_or_unknown_record,structured_missing_handling_candidate_later,feature_engineering_and_modeling,no
bureau_closed_debt_amount_sum,structured_missing_or_history_availability,possible_absence_of_history_or_unknown_record,structured_missing_handling_candidate_later,feature_engineering_and_modeling,no
bureau_closed_debt_amount_mean,structured_missing_or_history_availability,possible_absence_of_history_or_unknown_record,structured_missing_handling_candidate_later,feature_engineering_and_modeling,no
bureau_closed_debt_amount_max,structured_missing_or_history_availability,possible_absence_of_history_or_unknown_record,structured_missing_handling_candidate_later,feature_engineering_and_modeling,no
bureau_closed_limit_amount_sum,structured_missing_or_history_availability,possible_absence_of_history_or_unknown_record,structured_missing_handling_candidate_later,feature_engineering_and_modeling,no
bureau_closed_limit_amount_mean,structured_missing_or_history_availability,possible_absence_of_history_or_unknown_record,structured_missing_handling_candidate_later,feature_engineering_and_modeling,no
bureau_closed_limit_amount_max,structured_missing_or_history_availability,possible_absence_of_history_or_unknown_record,structured_missing_handling_candidate_later,feature_engineering_and_modeling,no
bureau_closed_annuity_amount_sum,structured_missing_or_history_availability,possible_absence_of_history_or_unknown_record,structured_missing_handling_candidate_later,feature_engineering_and_modeling,no
bureau_closed_annuity_amount_mean,structured_missing_or_history_availability,possible_absence_of_history_or_unknown_record,structured_missing_handling_candidate_later,feature_engineering_and_modeling,no
bureau_closed_annuity_amount_max,structured_missing_or_history_availability,possible_absence_of_history_or_unknown_record,structured_missing_handling_candidate_later,feature_engineering_and_modeling,no
bureau_closed_overdue_amount_sum,structured_missing_or_history_availability,possible_absence_of_history_or_unknown_record,structured_missing_handling_candidate_later,feature_engineering_and_modeling,no
bureau_closed_overdue_amount_mean,structured_missing_or_history_availability,possible_absence_of_history_or_unknown_record,structured_missing_handling_candidate_later,feature_engineering_and_modeling,no
bureau_closed_overdue_amount_max,structured_missing_or_history_availability,possible_absence_of_history_or_unknown_record,structured_missing_handling_candidate_later,feature_engineering_and_modeling,no
bureau_closed_overdue_days_sum,structured_missing_or_history_availability,possible_absence_of_history_or_unknown_record,structured_missing_handling_candidate_later,feature_engineering_and_modeling,no
bureau_closed_overdue_days_mean,structured_missing_or_history_availability,possible_absence_of_history_or_unknown_record,structured_missing_handling_candidate_later,feature_engineering_and_modeling,no
bureau_closed_overdue_days_max,structured_missing_or_history_availability,possible_absence_of_history_or_unknown_record,structured_missing_handling_candidate_later,feature_engineering_and_modeling,no
bureau_recent_12m_credit_amount_sum,structured_missing_or_history_availability,possible_absence_of_history_or_unknown_record,structured_missing_handling_candidate_later,feature_engineering_and_modeling,no
bureau_recent_12m_credit_amount_mean,structured_missing_or_history_availability,possible_absence_of_history_or_unknown_record,structured_missing_handling_candidate_later,feature_engineering_and_modeling,no
bureau_recent_12m_credit_amount_max,structured_missing_or_history_availability,possible_absence_of_history_or_unknown_record,structured_missing_handling_candidate_later,feature_engineering_and_modeling,no
bureau_recent_12m_debt_amount_sum,structured_missing_or_history_availability,possible_absence_of_history_or_unknown_record,structured_missing_handling_candidate_later,feature_engineering_and_modeling,no
bureau_recent_12m_debt_amount_mean,structured_missing_or_history_availability,possible_absence_of_history_or_unknown_record,structured_missing_handling_candidate_later,feature_engineering_and_modeling,no
bureau_recent_12m_debt_amount_max,structured_missing_or_history_availability,possible_absence_of_history_or_unknown_record,structured_missing_handling_candidate_later,feature_engineering_and_modeling,no
bureau_recent_12m_limit_amount_sum,structured_missing_or_history_availability,possible_absence_of_history_or_unknown_record,structured_missing_handling_candidate_later,feature_engineering_and_modeling,no
bureau_recent_12m_limit_amount_mean,structured_missing_or_history_availability,possible_absence_of_history_or_unknown_record,structured_missing_handling_candidate_later,feature_engineering_and_modeling,no
bureau_recent_12m_limit_amount_max,structured_missing_or_history_availability,possible_absence_of_history_or_unknown_record,structured_missing_handling_candidate_later,feature_engineering_and_modeling,no
bureau_recent_12m_annuity_amount_sum,structured_missing_or_history_availability,possible_absence_of_history_or_unknown_record,structured_missing_handling_candidate_later,feature_engineering_and_modeling,no
bureau_recent_12m_annuity_amount_mean,structured_missing_or_history_availability,possible_absence_of_history_or_unknown_record,structured_missing_handling_candidate_later,feature_engineering_and_modeling,no
bureau_recent_12m_annuity_amount_max,structured_missing_or_history_availability,possible_absence_of_history_or_unknown_record,structured_missing_handling_candidate_later,feature_engineering_and_modeling,no
bureau_recent_12m_overdue_amount_sum,structured_missing_or_history_availability,possible_absence_of_history_or_unknown_record,structured_missing_handling_candidate_later,feature_engineering_and_modeling,no
bureau_recent_12m_overdue_amount_mean,structured_missing_or_history_availability,possible_absence_of_history_or_unknown_record,structured_missing_handling_candidate_later,feature_engineering_and_modeling,no
bureau_recent_12m_overdue_amount_max,structured_missing_or_history_availability,possible_absence_of_history_or_unknown_record,structured_missing_handling_candidate_later,feature_engineering_and_modeling,no
bureau_recent_12m_overdue_days_sum,structured_missing_or_history_availability,possible_absence_of_history_or_unknown_record,structured_missing_handling_candidate_later,feature_engineering_and_modeling,no
bureau_recent_12m_overdue_days_mean,structured_missing_or_history_availability,possible_absence_of_history_or_unknown_record,structured_missing_handling_candidate_later,feature_engineering_and_modeling,no
bureau_recent_12m_overdue_days_max,structured_missing_or_history_availability,possible_absence_of_history_or_unknown_record,structured_missing_handling_candidate_later,feature_engineering_and_modeling,no
bureau_recent_24m_credit_amount_sum,structured_missing_or_history_availability,possible_absence_of_history_or_unknown_record,structured_missing_handling_candidate_later,feature_engineering_and_modeling,no
bureau_recent_24m_credit_amount_mean,structured_missing_or_history_availability,possible_absence_of_history_or_unknown_record,structured_missing_handling_candidate_later,feature_engineering_and_modeling,no
bureau_recent_24m_credit_amount_max,structured_missing_or_history_availability,possible_absence_of_history_or_unknown_record,structured_missing_handling_candidate_later,feature_engineering_and_modeling,no
bureau_recent_24m_debt_amount_sum,structured_missing_or_history_availability,possible_absence_of_history_or_unknown_record,structured_missing_handling_candidate_later,feature_engineering_and_modeling,no
bureau_recent_24m_debt_amount_mean,structured_missing_or_history_availability,possible_absence_of_history_or_unknown_record,structured_missing_handling_candidate_later,feature_engineering_and_modeling,no
bureau_recent_24m_debt_amount_max,structured_missing_or_history_availability,possible_absence_of_history_or_unknown_record,structured_missing_handling_candidate_later,feature_engineering_and_modeling,no
bureau_recent_24m_limit_amount_sum,structured_missing_or_history_availability,possible_absence_of_history_or_unknown_record,structured_missing_handling_candidate_later,feature_engineering_and_modeling,no
bureau_recent_24m_limit_amount_mean,structured_missing_or_history_availability,possible_absence_of_history_or_unknown_record,structured_missing_handling_candidate_later,feature_engineering_and_modeling,no
bureau_recent_24m_limit_amount_max,structured_missing_or_history_availability,possible_absence_of_history_or_unknown_record,structured_missing_handling_candidate_later,feature_engineering_and_modeling,no
bureau_recent_24m_annuity_amount_sum,structured_missing_or_history_availability,possible_absence_of_history_or_unknown_record,structured_missing_handling_candidate_later,feature_engineering_and_modeling,no
bureau_recent_24m_annuity_amount_mean,structured_missing_or_history_availability,possible_absence_of_history_or_unknown_record,structured_missing_handling_candidate_later,feature_engineering_and_modeling,no
bureau_recent_24m_annuity_amount_max,structured_missing_or_history_availability,possible_absence_of_history_or_unknown_record,structured_missing_handling_candidate_later,feature_engineering_and_modeling,no
bureau_recent_24m_overdue_amount_sum,structured_missing_or_history_availability,possible_absence_of_history_or_unknown_record,structured_missing_handling_candidate_later,feature_engineering_and_modeling,no
bureau_recent_24m_overdue_amount_mean,structured_missing_or_history_availability,possible_absence_of_history_or_unknown_record,structured_missing_handling_candidate_later,feature_engineering_and_modeling,no
bureau_recent_24m_overdue_amount_max,structured_missing_or_history_availability,possible_absence_of_history_or_unknown_record,structured_missing_handling_candidate_later,feature_engineering_and_modeling,no
bureau_recent_24m_overdue_days_sum,structured_missing_or_history_availability,possible_absence_of_history_or_unknown_record,structured_missing_handling_candidate_later,feature_engineering_and_modeling,no
bureau_recent_24m_overdue_days_mean,structured_missing_or_history_availability,possible_absence_of_history_or_unknown_record,structured_missing_handling_candidate_later,feature_engineering_and_modeling,no
bureau_recent_24m_overdue_days_max,structured_missing_or_history_availability,possible_absence_of_history_or_unknown_record,structured_missing_handling_candidate_later,feature_engineering_and_modeling,no
bureau_overdue_credit_amount_sum,structured_missing_or_history_availability,possible_absence_of_history_or_unknown_record,structured_missing_handling_candidate_later,feature_engineering_and_modeling,no
bureau_overdue_credit_amount_mean,structured_missing_or_history_availability,possible_absence_of_history_or_unknown_record,structured_missing_handling_candidate_later,feature_engineering_and_modeling,no
bureau_overdue_credit_amount_max,structured_missing_or_history_availability,possible_absence_of_history_or_unknown_record,structured_missing_handling_candidate_later,feature_engineering_and_modeling,no
bureau_overdue_debt_amount_sum,structured_missing_or_history_availability,possible_absence_of_history_or_unknown_record,structured_missing_handling_candidate_later,feature_engineering_and_modeling,no
bureau_overdue_debt_amount_mean,structured_missing_or_history_availability,possible_absence_of_history_or_unknown_record,structured_missing_handling_candidate_later,feature_engineering_and_modeling,no
bureau_overdue_debt_amount_max,structured_missing_or_history_availability,possible_absence_of_history_or_unknown_record,structured_missing_handling_candidate_later,feature_engineering_and_modeling,no
bureau_overdue_limit_amount_sum,structured_missing_or_history_availability,possible_absence_of_history_or_unknown_record,structured_missing_handling_candidate_later,feature_engineering_and_modeling,no
bureau_overdue_limit_amount_mean,structured_missing_or_history_availability,possible_absence_of_history_or_unknown_record,structured_missing_handling_candidate_later,feature_engineering_and_modeling,no
bureau_overdue_limit_amount_max,structured_missing_or_history_availability,possible_absence_of_history_or_unknown_record,structured_missing_handling_candidate_later,feature_engineering_and_modeling,no
bureau_overdue_annuity_amount_sum,structured_missing_or_history_availability,possible_absence_of_history_or_unknown_record,structured_missing_handling_candidate_later,feature_engineering_and_modeling,no
bureau_overdue_annuity_amount_mean,structured_missing_or_history_availability,possible_absence_of_history_or_unknown_record,structured_missing_handling_candidate_later,feature_engineering_and_modeling,no
bureau_overdue_annuity_amount_max,structured_missing_or_history_availability,possible_absence_of_history_or_unknown_record,structured_missing_handling_candidate_later,feature_engineering_and_modeling,no
bureau_overdue_overdue_amount_sum,structured_missing_or_history_availability,possible_absence_of_history_or_unknown_record,structured_missing_handling_candidate_later,feature_engineering_and_modeling,no
bureau_overdue_overdue_amount_mean,structured_missing_or_history_availability,possible_absence_of_history_or_unknown_record,structured_missing_handling_candidate_later,feature_engineering_and_modeling,no
bureau_overdue_overdue_amount_max,structured_missing_or_history_availability,possible_absence_of_history_or_unknown_record,structured_missing_handling_candidate_later,feature_engineering_and_modeling,no
bureau_overdue_overdue_days_sum,structured_missing_or_history_availability,possible_absence_of_history_or_unknown_record,structured_missing_handling_candidate_later,feature_engineering_and_modeling,no
bureau_overdue_overdue_days_mean,structured_missing_or_history_availability,possible_absence_of_history_or_unknown_record,structured_missing_handling_candidate_later,feature_engineering_and_modeling,no
bureau_overdue_overdue_days_max,structured_missing_or_history_availability,possible_absence_of_history_or_unknown_record,structured_missing_handling_candidate_later,feature_engineering_and_modeling,no
bureau_active_debt_to_credit_ratio,structured_missing_or_history_availability,possible_absence_of_history_or_unknown_record,structured_missing_handling_candidate_later,feature_engineering_and_modeling,no
bureau_active_debt_share,structured_missing_or_history_availability,possible_absence_of_history_or_unknown_record,structured_missing_handling_candidate_later,feature_engineering_and_modeling,no
bureau_bal_month_count_sum,structured_missing_or_history_availability,possible_absence_of_history_or_unknown_record,structured_missing_handling_candidate_later,feature_engineering_and_modeling,no
bureau_bal_month_count_mean,structured_missing_or_history_availability,possible_absence_of_history_or_unknown_record,structured_missing_handling_candidate_later,feature_engineering_and_modeling,no
bureau_bal_month_count_max,structured_missing_or_history_availability,possible_absence_of_history_or_unknown_record,structured_missing_handling_candidate_later,feature_engineering_and_modeling,no
bureau_bal_unique_status_count_sum,structured_missing_or_history_availability,possible_absence_of_history_or_unknown_record,structured_missing_handling_candidate_later,feature_engineering_and_modeling,no
bureau_bal_unique_status_count_mean,structured_missing_or_history_availability,possible_absence_of_history_or_unknown_record,structured_missing_handling_candidate_later,feature_engineering_and_modeling,no
bureau_bal_unique_status_count_max,structured_missing_or_history_availability,possible_absence_of_history_or_unknown_record,structured_missing_handling_candidate_later,feature_engineering_and_modeling,no
bureau_bal_late_count_sum,structured_missing_or_history_availability,possible_absence_of_history_or_unknown_record,structured_missing_handling_candidate_later,feature_engineering_and_modeling,no
bureau_bal_late_count_mean,structured_missing_or_history_availability,possible_absence_of_history_or_unknown_record,structured_missing_handling_candidate_later,feature_engineering_and_modeling,no
bureau_bal_late_count_max,structured_missing_or_history_availability,possible_absence_of_history_or_unknown_record,structured_missing_handling_candidate_later,feature_engineering_and_modeling,no
bureau_bal_severe_late_count_sum,structured_missing_or_history_availability,possible_absence_of_history_or_unknown_record,structured_missing_handling_candidate_later,feature_engineering_and_modeling,no
bureau_bal_severe_late_count_mean,structured_missing_or_history_availability,possible_absence_of_history_or_unknown_record,structured_missing_handling_candidate_later,feature_engineering_and_modeling,no
bureau_bal_severe_late_count_max,structured_missing_or_history_availability,possible_absence_of_history_or_unknown_record,structured_missing_handling_candidate_later,feature_engineering_and_modeling,no
bureau_bal_status_0_count_sum,structured_missing_or_history_availability,possible_absence_of_history_or_unknown_record,structured_missing_handling_candidate_later,feature_engineering_and_modeling,no
bureau_bal_status_0_count_mean,structured_missing_or_history_availability,possible_absence_of_history_or_unknown_record,structured_missing_handling_candidate_later,feature_engineering_and_modeling,no
bureau_bal_status_0_count_max,structured_missing_or_history_availability,possible_absence_of_history_or_unknown_record,structured_missing_handling_candidate_later,feature_engineering_and_modeling,no
bureau_bal_status_1_count_sum,structured_missing_or_history_availability,possible_absence_of_history_or_unknown_record,structured_missing_handling_candidate_later,feature_engineering_and_modeling,no
bureau_bal_status_1_count_mean,structured_missing_or_history_availability,possible_absence_of_history_or_unknown_record,structured_missing_handling_candidate_later,feature_engineering_and_modeling,no
bureau_bal_status_1_count_max,structured_missing_or_history_availability,possible_absence_of_history_or_unknown_record,structured_missing_handling_candidate_later,feature_engineering_and_modeling,no
bureau_bal_status_2_count_sum,structured_missing_or_history_availability,possible_absence_of_history_or_unknown_record,structured_missing_handling_candidate_later,feature_engineering_and_modeling,no
bureau_bal_status_2_count_mean,structured_missing_or_history_availability,possible_absence_of_history_or_unknown_record,structured_missing_handling_candidate_later,feature_engineering_and_modeling,no
bureau_bal_status_2_count_max,structured_missing_or_history_availability,possible_absence_of_history_or_unknown_record,structured_missing_handling_candidate_later,feature_engineering_and_modeling,no
bureau_bal_status_3_count_sum,structured_missing_or_history_availability,possible_absence_of_history_or_unknown_record,structured_missing_handling_candidate_later,feature_engineering_and_modeling,no
bureau_bal_status_3_count_mean,structured_missing_or_history_availability,possible_absence_of_history_or_unknown_record,structured_missing_handling_candidate_later,feature_engineering_and_modeling,no
bureau_bal_status_3_count_max,structured_missing_or_history_availability,possible_absence_of_history_or_unknown_record,structured_missing_handling_candidate_later,feature_engineering_and_modeling,no
bureau_bal_status_4_count_sum,structured_missing_or_history_availability,possible_absence_of_history_or_unknown_record,structured_missing_handling_candidate_later,feature_engineering_and_modeling,no
bureau_bal_status_4_count_mean,structured_missing_or_history_availability,possible_absence_of_history_or_unknown_record,structured_missing_handling_candidate_later,feature_engineering_and_modeling,no
bureau_bal_status_4_count_max,structured_missing_or_history_availability,possible_absence_of_history_or_unknown_record,structured_missing_handling_candidate_later,feature_engineering_and_modeling,no
bureau_bal_status_5_count_sum,structured_missing_or_history_availability,possible_absence_of_history_or_unknown_record,structured_missing_handling_candidate_later,feature_engineering_and_modeling,no
bureau_bal_status_5_count_mean,structured_missing_or_history_availability,possible_absence_of_history_or_unknown_record,structured_missing_handling_candidate_later,feature_engineering_and_modeling,no
bureau_bal_status_5_count_max,structured_missing_or_history_availability,possible_absence_of_history_or_unknown_record,structured_missing_handling_candidate_later,feature_engineering_and_modeling,no
bureau_bal_status_C_count_sum,structured_missing_or_history_availability,possible_absence_of_history_or_unknown_record,structured_missing_handling_candidate_later,feature_engineering_and_modeling,no
bureau_bal_status_C_count_mean,structured_missing_or_history_availability,possible_absence_of_history_or_unknown_record,structured_missing_handling_candidate_later,feature_engineering_and_modeling,no
bureau_bal_status_C_count_max,structured_missing_or_history_availability,possible_absence_of_history_or_unknown_record,structured_missing_handling_candidate_later,feature_engineering_and_modeling,no
bureau_bal_status_X_count_sum,structured_missing_or_history_availability,possible_absence_of_history_or_unknown_record,structured_missing_handling_candidate_later,feature_engineering_and_modeling,no
bureau_bal_status_X_count_mean,structured_missing_or_history_availability,possible_absence_of_history_or_unknown_record,structured_missing_handling_candidate_later,feature_engineering_and_modeling,no
bureau_bal_status_X_count_max,structured_missing_or_history_availability,possible_absence_of_history_or_unknown_record,structured_missing_handling_candidate_later,feature_engineering_and_modeling,no
bureau_bal_recent_6m_count_sum,structured_missing_or_history_availability,possible_absence_of_history_or_unknown_record,structured_missing_handling_candidate_later,feature_engineering_and_modeling,no
bureau_bal_recent_6m_count_mean,structured_missing_or_history_availability,possible_absence_of_history_or_unknown_record,structured_missing_handling_candidate_later,feature_engineering_and_modeling,no
bureau_bal_recent_6m_count_max,structured_missing_or_history_availability,possible_absence_of_history_or_unknown_record,structured_missing_handling_candidate_later,feature_engineering_and_modeling,no
bureau_bal_recent_6m_late_count_sum,structured_missing_or_history_availability,possible_absence_of_history_or_unknown_record,structured_missing_handling_candidate_later,feature_engineering_and_modeling,no
bureau_bal_recent_6m_late_count_mean,structured_missing_or_history_availability,possible_absence_of_history_or_unknown_record,structured_missing_handling_candidate_later,feature_engineering_and_modeling,no
bureau_bal_recent_6m_late_count_max,structured_missing_or_history_availability,possible_absence_of_history_or_unknown_record,structured_missing_handling_candidate_later,feature_engineering_and_modeling,no
bureau_bal_recent_6m_severe_late_count_sum,structured_missing_or_history_availability,possible_absence_of_history_or_unknown_record,structured_missing_handling_candidate_later,feature_engineering_and_modeling,no
bureau_bal_recent_6m_severe_late_count_mean,structured_missing_or_history_availability,possible_absence_of_history_or_unknown_record,structured_missing_handling_candidate_later,feature_engineering_and_modeling,no
bureau_bal_recent_6m_severe_late_count_max,structured_missing_or_history_availability,possible_absence_of_history_or_unknown_record,structured_missing_handling_candidate_later,feature_engineering_and_modeling,no
bureau_bal_recent_12m_count_sum,structured_missing_or_history_availability,possible_absence_of_history_or_unknown_record,structured_missing_handling_candidate_later,feature_engineering_and_modeling,no
bureau_bal_recent_12m_count_mean,structured_missing_or_history_availability,possible_absence_of_history_or_unknown_record,structured_missing_handling_candidate_later,feature_engineering_and_modeling,no
bureau_bal_recent_12m_count_max,structured_missing_or_history_availability,possible_absence_of_history_or_unknown_record,structured_missing_handling_candidate_later,feature_engineering_and_modeling,no
bureau_bal_recent_12m_late_count_sum,structured_missing_or_history_availability,possible_absence_of_history_or_unknown_record,structured_missing_handling_candidate_later,feature_engineering_and_modeling,no
bureau_bal_recent_12m_late_count_mean,structured_missing_or_history_availability,possible_absence_of_history_or_unknown_record,structured_missing_handling_candidate_later,feature_engineering_and_modeling,no
bureau_bal_recent_12m_late_count_max,structured_missing_or_history_availability,possible_absence_of_history_or_unknown_record,structured_missing_handling_candidate_later,feature_engineering_and_modeling,no
bureau_bal_recent_12m_severe_late_count_sum,structured_missing_or_history_availability,possible_absence_of_history_or_unknown_record,structured_missing_handling_candidate_later,feature_engineering_and_modeling,no
bureau_bal_recent_12m_severe_late_count_mean,structured_missing_or_history_availability,possible_absence_of_history_or_unknown_record,structured_missing_handling_candidate_later,feature_engineering_and_modeling,no
bureau_bal_recent_12m_severe_late_count_max,structured_missing_or_history_availability,possible_absence_of_history_or_unknown_record,structured_missing_handling_candidate_later,feature_engineering_and_modeling,no
bureau_bal_old_count_sum,structured_missing_or_history_availability,possible_absence_of_history_or_unknown_record,structured_missing_handling_candidate_later,feature_engineering_and_modeling,no
bureau_bal_old_count_mean,structured_missing_or_history_availability,possible_absence_of_history_or_unknown_record,structured_missing_handling_candidate_later,feature_engineering_and_modeling,no
bureau_bal_old_count_max,structured_missing_or_history_availability,possible_absence_of_history_or_unknown_record,structured_missing_handling_candidate_later,feature_engineering_and_modeling,no
bureau_bal_old_late_count_sum,structured_missing_or_history_availability,possible_absence_of_history_or_unknown_record,structured_missing_handling_candidate_later,feature_engineering_and_modeling,no
bureau_bal_old_late_count_mean,structured_missing_or_history_availability,possible_absence_of_history_or_unknown_record,structured_missing_handling_candidate_later,feature_engineering_and_modeling,no
bureau_bal_old_late_count_max,structured_missing_or_history_availability,possible_absence_of_history_or_unknown_record,structured_missing_handling_candidate_later,feature_engineering_and_modeling,no
bureau_bal_late_ratio_mean,structured_missing_or_history_availability,possible_absence_of_history_or_unknown_record,structured_missing_handling_candidate_later,feature_engineering_and_modeling,no
bureau_bal_late_ratio_max,structured_missing_or_history_availability,possible_absence_of_history_or_unknown_record,structured_missing_handling_candidate_later,feature_engineering_and_modeling,no
bureau_bal_late_ratio_min,structured_missing_or_history_availability,possible_absence_of_history_or_unknown_record,structured_missing_handling_candidate_later,feature_engineering_and_modeling,no
bureau_bal_severe_late_ratio_mean,structured_missing_or_history_availability,possible_absence_of_history_or_unknown_record,structured_missing_handling_candidate_later,feature_engineering_and_modeling,no
bureau_bal_severe_late_ratio_max,structured_missing_or_history_availability,possible_absence_of_history_or_unknown_record,structured_missing_handling_candidate_later,feature_engineering_and_modeling,no
bureau_bal_severe_late_ratio_min,structured_missing_or_history_availability,possible_absence_of_history_or_unknown_record,structured_missing_handling_candidate_later,feature_engineering_and_modeling,no
bureau_bal_status_0_ratio_mean,structured_missing_or_history_availability,possible_absence_of_history_or_unknown_record,structured_missing_handling_candidate_later,feature_engineering_and_modeling,no
bureau_bal_status_0_ratio_max,structured_missing_or_history_availability,possible_absence_of_history_or_unknown_record,structured_missing_handling_candidate_later,feature_engineering_and_modeling,no
bureau_bal_status_0_ratio_min,structured_missing_or_history_availability,possible_absence_of_history_or_unknown_record,structured_missing_handling_candidate_later,feature_engineering_and_modeling,no
bureau_bal_status_1_ratio_mean,structured_missing_or_history_availability,possible_absence_of_history_or_unknown_record,structured_missing_handling_candidate_later,feature_engineering_and_modeling,no
bureau_bal_status_1_ratio_max,structured_missing_or_history_availability,possible_absence_of_history_or_unknown_record,structured_missing_handling_candidate_later,feature_engineering_and_modeling,no
bureau_bal_status_1_ratio_min,structured_missing_or_history_availability,possible_absence_of_history_or_unknown_record,structured_missing_handling_candidate_later,feature_engineering_and_modeling,no
bureau_bal_status_2_ratio_mean,structured_missing_or_history_availability,possible_absence_of_history_or_unknown_record,structured_missing_handling_candidate_later,feature_engineering_and_modeling,no
bureau_bal_status_2_ratio_max,structured_missing_or_history_availability,possible_absence_of_history_or_unknown_record,structured_missing_handling_candidate_later,feature_engineering_and_modeling,no
bureau_bal_status_2_ratio_min,structured_missing_or_history_availability,possible_absence_of_history_or_unknown_record,structured_missing_handling_candidate_later,feature_engineering_and_modeling,no
bureau_bal_status_3_ratio_mean,structured_missing_or_history_availability,possible_absence_of_history_or_unknown_record,structured_missing_handling_candidate_later,feature_engineering_and_modeling,no
bureau_bal_status_3_ratio_max,structured_missing_or_history_availability,possible_absence_of_history_or_unknown_record,structured_missing_handling_candidate_later,feature_engineering_and_modeling,no
bureau_bal_status_3_ratio_min,structured_missing_or_history_availability,possible_absence_of_history_or_unknown_record,structured_missing_handling_candidate_later,feature_engineering_and_modeling,no
bureau_bal_status_4_ratio_mean,structured_missing_or_history_availability,possible_absence_of_history_or_unknown_record,structured_missing_handling_candidate_later,feature_engineering_and_modeling,no
bureau_bal_status_4_ratio_max,structured_missing_or_history_availability,possible_absence_of_history_or_unknown_record,structured_missing_handling_candidate_later,feature_engineering_and_modeling,no
bureau_bal_status_4_ratio_min,structured_missing_or_history_availability,possible_absence_of_history_or_unknown_record,structured_missing_handling_candidate_later,feature_engineering_and_modeling,no
bureau_bal_status_5_ratio_mean,structured_missing_or_history_availability,possible_absence_of_history_or_unknown_record,structured_missing_handling_candidate_later,feature_engineering_and_modeling,no
bureau_bal_status_5_ratio_max,structured_missing_or_history_availability,possible_absence_of_history_or_unknown_record,structured_missing_handling_candidate_later,feature_engineering_and_modeling,no
bureau_bal_status_5_ratio_min,structured_missing_or_history_availability,possible_absence_of_history_or_unknown_record,structured_missing_handling_candidate_later,feature_engineering_and_modeling,no
bureau_bal_status_C_ratio_mean,structured_missing_or_history_availability,possible_absence_of_history_or_unknown_record,structured_missing_handling_candidate_later,feature_engineering_and_modeling,no
bureau_bal_status_C_ratio_max,structured_missing_or_history_availability,possible_absence_of_history_or_unknown_record,structured_missing_handling_candidate_later,feature_engineering_and_modeling,no
bureau_bal_status_C_ratio_min,structured_missing_or_history_availability,possible_absence_of_history_or_unknown_record,structured_missing_handling_candidate_later,feature_engineering_and_modeling,no
bureau_bal_status_X_ratio_mean,structured_missing_or_history_availability,possible_absence_of_history_or_unknown_record,structured_missing_handling_candidate_later,feature_engineering_and_modeling,no
bureau_bal_status_X_ratio_max,structured_missing_or_history_availability,possible_absence_of_history_or_unknown_record,structured_missing_handling_candidate_later,feature_engineering_and_modeling,no
bureau_bal_status_X_ratio_min,structured_missing_or_history_availability,possible_absence_of_history_or_unknown_record,structured_missing_handling_candidate_later,feature_engineering_and_modeling,no
bureau_bal_recent_6m_late_ratio_mean,structured_missing_or_history_availability,possible_absence_of_history_or_unknown_record,structured_missing_handling_candidate_later,feature_engineering_and_modeling,no
bureau_bal_recent_6m_late_ratio_max,structured_missing_or_history_availability,possible_absence_of_history_or_unknown_record,structured_missing_handling_candidate_later,feature_engineering_and_modeling,no
bureau_bal_recent_6m_late_ratio_min,structured_missing_or_history_availability,possible_absence_of_history_or_unknown_record,structured_missing_handling_candidate_later,feature_engineering_and_modeling,no
bureau_bal_recent_12m_late_ratio_mean,structured_missing_or_history_availability,possible_absence_of_history_or_unknown_record,structured_missing_handling_candidate_later,feature_engineering_and_modeling,no
bureau_bal_recent_12m_late_ratio_max,structured_missing_or_history_availability,possible_absence_of_history_or_unknown_record,structured_missing_handling_candidate_later,feature_engineering_and_modeling,no
bureau_bal_recent_12m_late_ratio_min,structured_missing_or_history_availability,possible_absence_of_history_or_unknown_record,structured_missing_handling_candidate_later,feature_engineering_and_modeling,no
bureau_bal_recent_12m_severe_late_ratio_mean,structured_missing_or_history_availability,possible_absence_of_history_or_unknown_record,structured_missing_handling_candidate_later,feature_engineering_and_modeling,no
bureau_bal_recent_12m_severe_late_ratio_max,structured_missing_or_history_availability,possible_absence_of_history_or_unknown_record,structured_missing_handling_candidate_later,feature_engineering_and_modeling,no
bureau_bal_recent_12m_severe_late_ratio_min,structured_missing_or_history_availability,possible_absence_of_history_or_unknown_record,structured_missing_handling_candidate_later,feature_engineering_and_modeling,no
bureau_bal_old_late_ratio_mean,structured_missing_or_history_availability,possible_absence_of_history_or_unknown_record,structured_missing_handling_candidate_later,feature_engineering_and_modeling,no
bureau_bal_old_late_ratio_max,structured_missing_or_history_availability,possible_absence_of_history_or_unknown_record,structured_missing_handling_candidate_later,feature_engineering_and_modeling,no
bureau_bal_old_late_ratio_min,structured_missing_or_history_availability,possible_absence_of_history_or_unknown_record,structured_missing_handling_candidate_later,feature_engineering_and_modeling,no
bureau_bal_late_trend_12m_vs_old_mean,structured_missing_or_history_availability,possible_absence_of_history_or_unknown_record,structured_missing_handling_candidate_later,feature_engineering_and_modeling,no
bureau_bal_late_trend_12m_vs_old_max,structured_missing_or_history_availability,possible_absence_of_history_or_unknown_record,structured_missing_handling_candidate_later,feature_engineering_and_modeling,no
bureau_bal_late_trend_12m_vs_old_min,structured_missing_or_history_availability,possible_absence_of_history_or_unknown_record,structured_missing_handling_candidate_later,feature_engineering_and_modeling,no
bureau_bal_month_min_mean,structured_missing_or_history_availability,possible_absence_of_history_or_unknown_record,structured_missing_handling_candidate_later,feature_engineering_and_modeling,no
bureau_bal_month_min_max,structured_missing_or_history_availability,possible_absence_of_history_or_unknown_record,structured_missing_handling_candidate_later,feature_engineering_and_modeling,no
bureau_bal_month_min_min,structured_missing_or_history_availability,possible_absence_of_history_or_unknown_record,structured_missing_handling_candidate_later,feature_engineering_and_modeling,no
bureau_bal_month_max_mean,structured_missing_or_history_availability,possible_absence_of_history_or_unknown_record,structured_missing_handling_candidate_later,feature_engineering_and_modeling,no
bureau_bal_month_max_max,structured_missing_or_history_availability,possible_absence_of_history_or_unknown_record,structured_missing_handling_candidate_later,feature_engineering_and_modeling,no
bureau_bal_month_max_min,structured_missing_or_history_availability,possible_absence_of_history_or_unknown_record,structured_missing_handling_candidate_later,feature_engineering_and_modeling,no
bureau_bal_month_mean_mean,structured_missing_or_history_availability,possible_absence_of_history_or_unknown_record,structured_missing_handling_candidate_later,feature_engineering_and_modeling,no
bureau_bal_month_mean_max,structured_missing_or_history_availability,possible_absence_of_history_or_unknown_record,structured_missing_handling_candidate_later,feature_engineering_and_modeling,no
bureau_bal_month_mean_min,structured_missing_or_history_availability,possible_absence_of_history_or_unknown_record,structured_missing_handling_candidate_later,feature_engineering_and_modeling,no
bureau_bal_month_span_mean,structured_missing_or_history_availability,possible_absence_of_history_or_unknown_record,structured_missing_handling_candidate_later,feature_engineering_and_modeling,no
bureau_bal_month_span_max,structured_missing_or_history_availability,possible_absence_of_history_or_unknown_record,structured_missing_handling_candidate_later,feature_engineering_and_modeling,no
bureau_bal_month_span_min,structured_missing_or_history_availability,possible_absence_of_history_or_unknown_record,structured_missing_handling_candidate_later,feature_engineering_and_modeling,no
bureau_bal_max_late_status_mean,structured_missing_or_history_availability,possible_absence_of_history_or_unknown_record,structured_missing_handling_candidate_later,feature_engineering_and_modeling,no
bureau_bal_max_late_status_max,structured_missing_or_history_availability,possible_absence_of_history_or_unknown_record,structured_missing_handling_candidate_later,feature_engineering_and_modeling,no
bureau_bal_max_late_status_min,structured_missing_or_history_availability,possible_absence_of_history_or_unknown_record,structured_missing_handling_candidate_later,feature_engineering_and_modeling,no
bureau_without_balance_count,structured_missing_or_history_availability,possible_absence_of_history_or_unknown_record,structured_missing_handling_candidate_later,feature_engineering_and_modeling,no
bureau_without_balance_ratio,structured_missing_or_history_availability,possible_absence_of_history_or_unknown_record,structured_missing_handling_candidate_later,feature_engineering_and_modeling,no
bureau_latest_credit_active_flag,structured_missing_or_history_availability,possible_absence_of_history_or_unknown_record,structured_missing_handling_candidate_later,feature_engineering_and_modeling,no
bureau_latest_credit_closed_flag,structured_missing_or_history_availability,possible_absence_of_history_or_unknown_record,structured_missing_handling_candidate_later,feature_engineering_and_modeling,no
bureau_latest_credit_amount,structured_missing_or_history_availability,possible_absence_of_history_or_unknown_record,structured_missing_handling_candidate_later,feature_engineering_and_modeling,no
bureau_latest_debt_amount,structured_missing_or_history_availability,possible_absence_of_history_or_unknown_record,structured_missing_handling_candidate_later,feature_engineering_and_modeling,no
bureau_latest_limit_amount,structured_missing_or_history_availability,possible_absence_of_history_or_unknown_record,structured_missing_handling_candidate_later,feature_engineering_and_modeling,no
bureau_latest_annuity_amount,structured_missing_or_history_availability,possible_absence_of_history_or_unknown_record,structured_missing_handling_candidate_later,feature_engineering_and_modeling,no
bureau_latest_overdue_days,structured_missing_or_history_availability,possible_absence_of_history_or_unknown_record,structured_missing_handling_candidate_later,feature_engineering_and_modeling,no
bureau_latest_overdue_amount,structured_missing_or_history_availability,possible_absence_of_history_or_unknown_record,structured_missing_handling_candidate_later,feature_engineering_and_modeling,no
bureau_latest_debt_to_credit,structured_missing_or_history_availability,possible_absence_of_history_or_unknown_record,structured_missing_handling_candidate_later,feature_engineering_and_modeling,no
bureau_latest_overdue_to_credit,structured_missing_or_history_availability,possible_absence_of_history_or_unknown_record,structured_missing_handling_candidate_later,feature_engineering_and_modeling,no
bureau_latest_days_credit,structured_missing_or_history_availability,possible_absence_of_history_or_unknown_record,structured_missing_handling_candidate_later,feature_engineering_and_modeling,no
bureau_latest_days_enddate,structured_missing_or_history_availability,possible_absence_of_history_or_unknown_record,structured_missing_handling_candidate_later,feature_engineering_and_modeling,no
bureau_latest_days_update,structured_missing_or_history_availability,possible_absence_of_history_or_unknown_record,structured_missing_handling_candidate_later,feature_engineering_and_modeling,no
bureau_latest_type_consumer_credit_flag,structured_missing_or_history_availability,possible_absence_of_history_or_unknown_record,structured_missing_handling_candidate_later,feature_engineering_and_modeling,no
bureau_latest_type_credit_card_flag,structured_missing_or_history_availability,possible_absence_of_history_or_unknown_record,structured_missing_handling_candidate_later,feature_engineering_and_modeling,no
bureau_latest_type_car_loan_flag,structured_missing_or_history_availability,possible_absence_of_history_or_unknown_record,structured_missing_handling_candidate_later,feature_engineering_and_modeling,no
bureau_latest_type_mortgage_flag,structured_missing_or_history_availability,possible_absence_of_history_or_unknown_record,structured_missing_handling_candidate_later,feature_engineering_and_modeling,no
bureau_latest_type_microloan_flag,structured_missing_or_history_availability,possible_absence_of_history_or_unknown_record,structured_missing_handling_candidate_later,feature_engineering_and_modeling,no
bureau_latest_type_business_loan_flag,structured_missing_or_history_availability,possible_absence_of_history_or_unknown_record,structured_missing_handling_candidate_later,feature_engineering_and_modeling,no
bureau_latest_type_working_capital_loan_flag,structured_missing_or_history_availability,possible_absence_of_history_or_unknown_record,structured_missing_handling_candidate_later,feature_engineering_and_modeling,no
bureau_latest_bal_late_ratio,structured_missing_or_history_availability,possible_absence_of_history_or_unknown_record,structured_missing_handling_candidate_later,feature_engineering_and_modeling,no
bureau_latest_bal_severe_late_ratio,structured_missing_or_history_availability,possible_absence_of_history_or_unknown_record,structured_missing_handling_candidate_later,feature_engineering_and_modeling,no
bureau_latest_bal_max_late_status,structured_missing_or_history_availability,possible_absence_of_history_or_unknown_record,structured_missing_handling_candidate_later,feature_engineering_and_modeling,no
has_previous_application_history,structured_missing_or_history_availability,possible_absence_of_history_or_unknown_record,structured_missing_handling_candidate_later,feature_engineering_and_modeling,no
prev_application_count,structured_missing_or_history_availability,possible_absence_of_history_or_unknown_record,structured_missing_handling_candidate_later,feature_engineering_and_modeling,no
prev_unique_contract_type_count,structured_missing_or_history_availability,possible_absence_of_history_or_unknown_record,structured_missing_handling_candidate_later,feature_engineering_and_modeling,no
prev_unique_contract_status_count,structured_missing_or_history_availability,possible_absence_of_history_or_unknown_record,structured_missing_handling_candidate_later,feature_engineering_and_modeling,no
prev_unique_client_type_count,structured_missing_or_history_availability,possible_absence_of_history_or_unknown_record,structured_missing_handling_candidate_later,feature_engineering_and_modeling,no
prev_unique_portfolio_count,structured_missing_or_history_availability,possible_absence_of_history_or_unknown_record,structured_missing_handling_candidate_later,feature_engineering_and_modeling,no
prev_unique_channel_count,structured_missing_or_history_availability,possible_absence_of_history_or_unknown_record,structured_missing_handling_candidate_later,feature_engineering_and_modeling,no
prev_unique_product_combination_count,structured_missing_or_history_availability,possible_absence_of_history_or_unknown_record,structured_missing_handling_candidate_later,feature_engineering_and_modeling,no
prev_approved_count,structured_missing_or_history_availability,possible_absence_of_history_or_unknown_record,structured_missing_handling_candidate_later,feature_engineering_and_modeling,no
prev_approved_ratio,structured_missing_or_history_availability,possible_absence_of_history_or_unknown_record,structured_missing_handling_candidate_later,feature_engineering_and_modeling,no
prev_refused_count,structured_missing_or_history_availability,possible_absence_of_history_or_unknown_record,structured_missing_handling_candidate_later,feature_engineering_and_modeling,no
prev_refused_ratio,structured_missing_or_history_availability,possible_absence_of_history_or_unknown_record,structured_missing_handling_candidate_later,feature_engineering_and_modeling,no
prev_canceled_count,structured_missing_or_history_availability,possible_absence_of_history_or_unknown_record,structured_missing_handling_candidate_later,feature_engineering_and_modeling,no
prev_canceled_ratio,structured_missing_or_history_availability,possible_absence_of_history_or_unknown_record,structured_missing_handling_candidate_later,feature_engineering_and_modeling,no
prev_unused_offer_count,structured_missing_or_history_availability,possible_absence_of_history_or_unknown_record,structured_missing_handling_candidate_later,feature_engineering_and_modeling,no
prev_unused_offer_ratio,structured_missing_or_history_availability,possible_absence_of_history_or_unknown_record,structured_missing_handling_candidate_later,feature_engineering_and_modeling,no
prev_cash_loan_count,structured_missing_or_history_availability,possible_absence_of_history_or_unknown_record,structured_missing_handling_candidate_later,feature_engineering_and_modeling,no
prev_cash_loan_ratio,structured_missing_or_history_availability,possible_absence_of_history_or_unknown_record,structured_missing_handling_candidate_later,feature_engineering_and_modeling,no
prev_consumer_loan_count,structured_missing_or_history_availability,possible_absence_of_history_or_unknown_record,structured_missing_handling_candidate_later,feature_engineering_and_modeling,no
prev_consumer_loan_ratio,structured_missing_or_history_availability,possible_absence_of_history_or_unknown_record,structured_missing_handling_candidate_later,feature_engineering_and_modeling,no
prev_revolving_loan_count,structured_missing_or_history_availability,possible_absence_of_history_or_unknown_record,structured_missing_handling_candidate_later,feature_engineering_and_modeling,no
prev_revolving_loan_ratio,structured_missing_or_history_availability,possible_absence_of_history_or_unknown_record,structured_missing_handling_candidate_later,feature_engineering_and_modeling,no
prev_contract_xna_count,structured_missing_or_history_availability,possible_absence_of_history_or_unknown_record,structured_missing_handling_candidate_later,feature_engineering_and_modeling,no
prev_contract_xna_ratio,structured_missing_or_history_availability,possible_absence_of_history_or_unknown_record,structured_missing_handling_candidate_later,feature_engineering_and_modeling,no
prev_recent_6m_count,structured_missing_or_history_availability,possible_absence_of_history_or_unknown_record,structured_missing_handling_candidate_later,feature_engineering_and_modeling,no
prev_recent_6m_ratio,structured_missing_or_history_availability,possible_absence_of_history_or_unknown_record,structured_missing_handling_candidate_later,feature_engineering_and_modeling,no
prev_recent_12m_count,structured_missing_or_history_availability,possible_absence_of_history_or_unknown_record,structured_missing_handling_candidate_later,feature_engineering_and_modeling,no
prev_recent_12m_ratio,structured_missing_or_history_availability,possible_absence_of_history_or_unknown_record,structured_missing_handling_candidate_later,feature_engineering_and_modeling,no
prev_recent_24m_count,structured_missing_or_history_availability,possible_absence_of_history_or_unknown_record,structured_missing_handling_candidate_later,feature_engineering_and_modeling,no
prev_recent_24m_ratio,structured_missing_or_history_availability,possible_absence_of_history_or_unknown_record,structured_missing_handling_candidate_later,feature_engineering_and_modeling,no
prev_short_term_count,structured_missing_or_history_availability,possible_absence_of_history_or_unknown_record,structured_missing_handling_candidate_later,feature_engineering_and_modeling,no
prev_short_term_ratio,structured_missing_or_history_availability,possible_absence_of_history_or_unknown_record,structured_missing_handling_candidate_later,feature_engineering_and_modeling,no
prev_medium_term_count,structured_missing_or_history_availability,possible_absence_of_history_or_unknown_record,structured_missing_handling_candidate_later,feature_engineering_and_modeling,no
prev_medium_term_ratio,structured_missing_or_history_availability,possible_absence_of_history_or_unknown_record,structured_missing_handling_candidate_later,feature_engineering_and_modeling,no
prev_long_term_count,structured_missing_or_history_availability,possible_absence_of_history_or_unknown_record,structured_missing_handling_candidate_later,feature_engineering_and_modeling,no
prev_long_term_ratio,structured_missing_or_history_availability,possible_absence_of_history_or_unknown_record,structured_missing_handling_candidate_later,feature_engineering_and_modeling,no
prev_repeater_client_count,structured_missing_or_history_availability,possible_absence_of_history_or_unknown_record,structured_missing_handling_candidate_later,feature_engineering_and_modeling,no
prev_repeater_client_ratio,structured_missing_or_history_availability,possible_absence_of_history_or_unknown_record,structured_missing_handling_candidate_later,feature_engineering_and_modeling,no
prev_new_client_count,structured_missing_or_history_availability,possible_absence_of_history_or_unknown_record,structured_missing_handling_candidate_later,feature_engineering_and_modeling,no
prev_new_client_ratio,structured_missing_or_history_availability,possible_absence_of_history_or_unknown_record,structured_missing_handling_candidate_later,feature_engineering_and_modeling,no
prev_refreshed_client_count,structured_missing_or_history_availability,possible_absence_of_history_or_unknown_record,structured_missing_handling_candidate_later,feature_engineering_and_modeling,no
prev_refreshed_client_ratio,structured_missing_or_history_availability,possible_absence_of_history_or_unknown_record,structured_missing_handling_candidate_later,feature_engineering_and_modeling,no
prev_portfolio_cash_count,structured_missing_or_history_availability,possible_absence_of_history_or_unknown_record,structured_missing_handling_candidate_later,feature_engineering_and_modeling,no
prev_portfolio_cash_ratio,structured_missing_or_history_availability,possible_absence_of_history_or_unknown_record,structured_missing_handling_candidate_later,feature_engineering_and_modeling,no
prev_portfolio_cards_count,structured_missing_or_history_availability,possible_absence_of_history_or_unknown_record,structured_missing_handling_candidate_later,feature_engineering_and_modeling,no
prev_portfolio_cards_ratio,structured_missing_or_history_availability,possible_absence_of_history_or_unknown_record,structured_missing_handling_candidate_later,feature_engineering_and_modeling,no
prev_portfolio_pos_count,structured_missing_or_history_availability,possible_absence_of_history_or_unknown_record,structured_missing_handling_candidate_later,feature_engineering_and_modeling,no
prev_portfolio_pos_ratio,structured_missing_or_history_availability,possible_absence_of_history_or_unknown_record,structured_missing_handling_candidate_later,feature_engineering_and_modeling,no
prev_portfolio_cars_count,structured_missing_or_history_availability,possible_absence_of_history_or_unknown_record,structured_missing_handling_candidate_later,feature_engineering_and_modeling,no
prev_portfolio_cars_ratio,structured_missing_or_history_availability,possible_absence_of_history_or_unknown_record,structured_missing_handling_candidate_later,feature_engineering_and_modeling,no
prev_portfolio_xna_count,structured_missing_or_history_availability,possible_absence_of_history_or_unknown_record,structured_missing_handling_candidate_later,feature_engineering_and_modeling,no
prev_portfolio_xna_ratio,structured_missing_or_history_availability,possible_absence_of_history_or_unknown_record,structured_missing_handling_candidate_later,feature_engineering_and_modeling,no
prev_channel_credit_cash_office_count,structured_missing_or_history_availability,possible_absence_of_history_or_unknown_record,structured_missing_handling_candidate_later,feature_engineering_and_modeling,no
prev_channel_credit_cash_office_ratio,structured_missing_or_history_availability,possible_absence_of_history_or_unknown_record,structured_missing_handling_candidate_later,feature_engineering_and_modeling,no
prev_channel_country_wide_count,structured_missing_or_history_availability,possible_absence_of_history_or_unknown_record,structured_missing_handling_candidate_later,feature_engineering_and_modeling,no
prev_channel_country_wide_ratio,structured_missing_or_history_availability,possible_absence_of_history_or_unknown_record,structured_missing_handling_candidate_later,feature_engineering_and_modeling,no
prev_channel_contact_center_count,structured_missing_or_history_availability,possible_absence_of_history_or_unknown_record,structured_missing_handling_candidate_later,feature_engineering_and_modeling,no
prev_channel_contact_center_ratio,structured_missing_or_history_availability,possible_absence_of_history_or_unknown_record,structured_missing_handling_candidate_later,feature_engineering_and_modeling,no
prev_channel_ap_cash_loan_count,structured_missing_or_history_availability,possible_absence_of_history_or_unknown_record,structured_missing_handling_candidate_later,feature_engineering_and_modeling,no
prev_channel_ap_cash_loan_ratio,structured_missing_or_history_availability,possible_absence_of_history_or_unknown_record,structured_missing_handling_candidate_later,feature_engineering_and_modeling,no
prev_channel_regional_local_count,structured_missing_or_history_availability,possible_absence_of_history_or_unknown_record,structured_missing_handling_candidate_later,feature_engineering_and_modeling,no
prev_channel_regional_local_ratio,structured_missing_or_history_availability,possible_absence_of_history_or_unknown_record,structured_missing_handling_candidate_later,feature_engineering_and_modeling,no
prev_channel_corporate_sales_count,structured_missing_or_history_availability,possible_absence_of_history_or_unknown_record,structured_missing_handling_candidate_later,feature_engineering_and_modeling,no
prev_channel_corporate_sales_ratio,structured_missing_or_history_availability,possible_absence_of_history_or_unknown_record,structured_missing_handling_candidate_later,feature_engineering_and_modeling,no
prev_yield_high_count,structured_missing_or_history_availability,possible_absence_of_history_or_unknown_record,structured_missing_handling_candidate_later,feature_engineering_and_modeling,no
prev_yield_high_ratio,structured_missing_or_history_availability,possible_absence_of_history_or_unknown_record,structured_missing_handling_candidate_later,feature_engineering_and_modeling,no
prev_yield_middle_count,structured_missing_or_history_availability,possible_absence_of_history_or_unknown_record,structured_missing_handling_candidate_later,feature_engineering_and_modeling,no
prev_yield_middle_ratio,structured_missing_or_history_availability,possible_absence_of_history_or_unknown_record,structured_missing_handling_candidate_later,feature_engineering_and_modeling,no
prev_yield_low_normal_count,structured_missing_or_history_availability,possible_absence_of_history_or_unknown_record,structured_missing_handling_candidate_later,feature_engineering_and_modeling,no
prev_yield_low_normal_ratio,structured_missing_or_history_availability,possible_absence_of_history_or_unknown_record,structured_missing_handling_candidate_later,feature_engineering_and_modeling,no
prev_yield_low_action_count,structured_missing_or_history_availability,possible_absence_of_history_or_unknown_record,structured_missing_handling_candidate_later,feature_engineering_and_modeling,no
prev_yield_low_action_ratio,structured_missing_or_history_availability,possible_absence_of_history_or_unknown_record,structured_missing_handling_candidate_later,feature_engineering_and_modeling,no
prev_yield_xna_count,structured_missing_or_history_availability,possible_absence_of_history_or_unknown_record,structured_missing_handling_candidate_later,feature_engineering_and_modeling,no
prev_yield_xna_ratio,structured_missing_or_history_availability,possible_absence_of_history_or_unknown_record,structured_missing_handling_candidate_later,feature_engineering_and_modeling,no
prev_last_appl_in_day_count,structured_missing_or_history_availability,possible_absence_of_history_or_unknown_record,structured_missing_handling_candidate_later,feature_engineering_and_modeling,no
prev_last_appl_in_day_ratio,structured_missing_or_history_availability,possible_absence_of_history_or_unknown_record,structured_missing_handling_candidate_later,feature_engineering_and_modeling,no
prev_insured_on_approval_count,structured_missing_or_history_availability,possible_absence_of_history_or_unknown_record,structured_missing_handling_candidate_later,feature_engineering_and_modeling,no
prev_insured_on_approval_ratio,structured_missing_or_history_availability,possible_absence_of_history_or_unknown_record,structured_missing_handling_candidate_later,feature_engineering_and_modeling,no
prev_has_down_payment_count,structured_missing_or_history_availability,possible_absence_of_history_or_unknown_record,structured_missing_handling_candidate_later,feature_engineering_and_modeling,no
prev_has_down_payment_ratio,structured_missing_or_history_availability,possible_absence_of_history_or_unknown_record,structured_missing_handling_candidate_later,feature_engineering_and_modeling,no
prev_has_interest_rate_count,structured_missing_or_history_availability,possible_absence_of_history_or_unknown_record,structured_missing_handling_candidate_later,feature_engineering_and_modeling,no
prev_has_interest_rate_ratio,structured_missing_or_history_availability,possible_absence_of_history_or_unknown_record,structured_missing_handling_candidate_later,feature_engineering_and_modeling,no
prev_refused_to_approved_ratio,structured_missing_or_history_availability,possible_absence_of_history_or_unknown_record,structured_missing_handling_candidate_later,feature_engineering_and_modeling,no
prev_approved_application_count,structured_missing_or_history_availability,possible_absence_of_history_or_unknown_record,structured_missing_handling_candidate_later,feature_engineering_and_modeling,no
prev_approved_application_amount_sum,structured_missing_or_history_availability,possible_absence_of_history_or_unknown_record,structured_missing_handling_candidate_later,feature_engineering_and_modeling,no
prev_approved_application_amount_mean,structured_missing_or_history_availability,possible_absence_of_history_or_unknown_record,structured_missing_handling_candidate_later,feature_engineering_and_modeling,no
prev_approved_application_amount_max,structured_missing_or_history_availability,possible_absence_of_history_or_unknown_record,structured_missing_handling_candidate_later,feature_engineering_and_modeling,no
prev_approved_credit_amount_sum,structured_missing_or_history_availability,possible_absence_of_history_or_unknown_record,structured_missing_handling_candidate_later,feature_engineering_and_modeling,no
prev_approved_credit_amount_mean,structured_missing_or_history_availability,possible_absence_of_history_or_unknown_record,structured_missing_handling_candidate_later,feature_engineering_and_modeling,no
prev_approved_credit_amount_max,structured_missing_or_history_availability,possible_absence_of_history_or_unknown_record,structured_missing_handling_candidate_later,feature_engineering_and_modeling,no
prev_approved_annuity_amount_sum,structured_missing_or_history_availability,possible_absence_of_history_or_unknown_record,structured_missing_handling_candidate_later,feature_engineering_and_modeling,no
prev_approved_annuity_amount_mean,structured_missing_or_history_availability,possible_absence_of_history_or_unknown_record,structured_missing_handling_candidate_later,feature_engineering_and_modeling,no
prev_approved_annuity_amount_max,structured_missing_or_history_availability,possible_absence_of_history_or_unknown_record,structured_missing_handling_candidate_later,feature_engineering_and_modeling,no
prev_approved_goods_price_sum,structured_missing_or_history_availability,possible_absence_of_history_or_unknown_record,structured_missing_handling_candidate_later,feature_engineering_and_modeling,no
prev_approved_goods_price_mean,structured_missing_or_history_availability,possible_absence_of_history_or_unknown_record,structured_missing_handling_candidate_later,feature_engineering_and_modeling,no
prev_approved_goods_price_max,structured_missing_or_history_availability,possible_absence_of_history_or_unknown_record,structured_missing_handling_candidate_later,feature_engineering_and_modeling,no
prev_approved_down_payment_sum,structured_missing_or_history_availability,possible_absence_of_history_or_unknown_record,structured_missing_handling_candidate_later,feature_engineering_and_modeling,no
prev_approved_down_payment_mean,structured_missing_or_history_availability,possible_absence_of_history_or_unknown_record,structured_missing_handling_candidate_later,feature_engineering_and_modeling,no
prev_approved_down_payment_max,structured_missing_or_history_availability,possible_absence_of_history_or_unknown_record,structured_missing_handling_candidate_later,feature_engineering_and_modeling,no
prev_approved_cnt_payment_sum,structured_missing_or_history_availability,possible_absence_of_history_or_unknown_record,structured_missing_handling_candidate_later,feature_engineering_and_modeling,no
prev_approved_cnt_payment_mean,structured_missing_or_history_availability,possible_absence_of_history_or_unknown_record,structured_missing_handling_candidate_later,feature_engineering_and_modeling,no
prev_approved_cnt_payment_max,structured_missing_or_history_availability,possible_absence_of_history_or_unknown_record,structured_missing_handling_candidate_later,feature_engineering_and_modeling,no
prev_approved_credit_to_application_ratio_sum,structured_missing_or_history_availability,possible_absence_of_history_or_unknown_record,structured_missing_handling_candidate_later,feature_engineering_and_modeling,no
prev_approved_credit_to_application_ratio_mean,structured_missing_or_history_availability,possible_absence_of_history_or_unknown_record,structured_missing_handling_candidate_later,feature_engineering_and_modeling,no
prev_approved_credit_to_application_ratio_max,structured_missing_or_history_availability,possible_absence_of_history_or_unknown_record,structured_missing_handling_candidate_later,feature_engineering_and_modeling,no
prev_approved_annuity_to_credit_ratio_sum,structured_missing_or_history_availability,possible_absence_of_history_or_unknown_record,structured_missing_handling_candidate_later,feature_engineering_and_modeling,no
prev_approved_annuity_to_credit_ratio_mean,structured_missing_or_history_availability,possible_absence_of_history_or_unknown_record,structured_missing_handling_candidate_later,feature_engineering_and_modeling,no
prev_approved_annuity_to_credit_ratio_max,structured_missing_or_history_availability,possible_absence_of_history_or_unknown_record,structured_missing_handling_candidate_later,feature_engineering_and_modeling,no
prev_approved_application_credit_diff_sum,structured_missing_or_history_availability,possible_absence_of_history_or_unknown_record,structured_missing_handling_candidate_later,feature_engineering_and_modeling,no
prev_approved_application_credit_diff_mean,structured_missing_or_history_availability,possible_absence_of_history_or_unknown_record,structured_missing_handling_candidate_later,feature_engineering_and_modeling,no
prev_approved_application_credit_diff_max,structured_missing_or_history_availability,possible_absence_of_history_or_unknown_record,structured_missing_handling_candidate_later,feature_engineering_and_modeling,no
prev_approved_recent_12m_count,structured_missing_or_history_availability,possible_absence_of_history_or_unknown_record,structured_missing_handling_candidate_later,feature_engineering_and_modeling,no
prev_approved_recent_24m_count,structured_missing_or_history_availability,possible_absence_of_history_or_unknown_record,structured_missing_handling_candidate_later,feature_engineering_and_modeling,no
prev_refused_application_count,structured_missing_or_history_availability,possible_absence_of_history_or_unknown_record,structured_missing_handling_candidate_later,feature_engineering_and_modeling,no
prev_refused_application_amount_sum,structured_missing_or_history_availability,possible_absence_of_history_or_unknown_record,structured_missing_handling_candidate_later,feature_engineering_and_modeling,no
prev_refused_application_amount_mean,structured_missing_or_history_availability,possible_absence_of_history_or_unknown_record,structured_missing_handling_candidate_later,feature_engineering_and_modeling,no
prev_refused_application_amount_max,structured_missing_or_history_availability,possible_absence_of_history_or_unknown_record,structured_missing_handling_candidate_later,feature_engineering_and_modeling,no
prev_refused_credit_amount_sum,structured_missing_or_history_availability,possible_absence_of_history_or_unknown_record,structured_missing_handling_candidate_later,feature_engineering_and_modeling,no
prev_refused_credit_amount_mean,structured_missing_or_history_availability,possible_absence_of_history_or_unknown_record,structured_missing_handling_candidate_later,feature_engineering_and_modeling,no
prev_refused_credit_amount_max,structured_missing_or_history_availability,possible_absence_of_history_or_unknown_record,structured_missing_handling_candidate_later,feature_engineering_and_modeling,no
prev_refused_annuity_amount_sum,structured_missing_or_history_availability,possible_absence_of_history_or_unknown_record,structured_missing_handling_candidate_later,feature_engineering_and_modeling,no
prev_refused_annuity_amount_mean,structured_missing_or_history_availability,possible_absence_of_history_or_unknown_record,structured_missing_handling_candidate_later,feature_engineering_and_modeling,no
prev_refused_annuity_amount_max,structured_missing_or_history_availability,possible_absence_of_history_or_unknown_record,structured_missing_handling_candidate_later,feature_engineering_and_modeling,no
prev_refused_goods_price_sum,structured_missing_or_history_availability,possible_absence_of_history_or_unknown_record,structured_missing_handling_candidate_later,feature_engineering_and_modeling,no
prev_refused_goods_price_mean,structured_missing_or_history_availability,possible_absence_of_history_or_unknown_record,structured_missing_handling_candidate_later,feature_engineering_and_modeling,no
prev_refused_goods_price_max,structured_missing_or_history_availability,possible_absence_of_history_or_unknown_record,structured_missing_handling_candidate_later,feature_engineering_and_modeling,no
prev_refused_down_payment_sum,structured_missing_or_history_availability,possible_absence_of_history_or_unknown_record,structured_missing_handling_candidate_later,feature_engineering_and_modeling,no
prev_refused_down_payment_mean,structured_missing_or_history_availability,possible_absence_of_history_or_unknown_record,structured_missing_handling_candidate_later,feature_engineering_and_modeling,no
prev_refused_down_payment_max,structured_missing_or_history_availability,possible_absence_of_history_or_unknown_record,structured_missing_handling_candidate_later,feature_engineering_and_modeling,no
prev_refused_cnt_payment_sum,structured_missing_or_history_availability,possible_absence_of_history_or_unknown_record,structured_missing_handling_candidate_later,feature_engineering_and_modeling,no
prev_refused_cnt_payment_mean,structured_missing_or_history_availability,possible_absence_of_history_or_unknown_record,structured_missing_handling_candidate_later,feature_engineering_and_modeling,no
prev_refused_cnt_payment_max,structured_missing_or_history_availability,possible_absence_of_history_or_unknown_record,structured_missing_handling_candidate_later,feature_engineering_and_modeling,no
prev_refused_credit_to_application_ratio_sum,structured_missing_or_history_availability,possible_absence_of_history_or_unknown_record,structured_missing_handling_candidate_later,feature_engineering_and_modeling,no
prev_refused_credit_to_application_ratio_mean,structured_missing_or_history_availability,possible_absence_of_history_or_unknown_record,structured_missing_handling_candidate_later,feature_engineering_and_modeling,no
prev_refused_credit_to_application_ratio_max,structured_missing_or_history_availability,possible_absence_of_history_or_unknown_record,structured_missing_handling_candidate_later,feature_engineering_and_modeling,no
prev_refused_annuity_to_credit_ratio_sum,structured_missing_or_history_availability,possible_absence_of_history_or_unknown_record,structured_missing_handling_candidate_later,feature_engineering_and_modeling,no
prev_refused_annuity_to_credit_ratio_mean,structured_missing_or_history_availability,possible_absence_of_history_or_unknown_record,structured_missing_handling_candidate_later,feature_engineering_and_modeling,no
prev_refused_annuity_to_credit_ratio_max,structured_missing_or_history_availability,possible_absence_of_history_or_unknown_record,structured_missing_handling_candidate_later,feature_engineering_and_modeling,no
prev_refused_application_credit_diff_sum,structured_missing_or_history_availability,possible_absence_of_history_or_unknown_record,structured_missing_handling_candidate_later,feature_engineering_and_modeling,no
prev_refused_application_credit_diff_mean,structured_missing_or_history_availability,possible_absence_of_history_or_unknown_record,structured_missing_handling_candidate_later,feature_engineering_and_modeling,no
prev_refused_application_credit_diff_max,structured_missing_or_history_availability,possible_absence_of_history_or_unknown_record,structured_missing_handling_candidate_later,feature_engineering_and_modeling,no
prev_refused_recent_12m_count,structured_missing_or_history_availability,possible_absence_of_history_or_unknown_record,structured_missing_handling_candidate_later,feature_engineering_and_modeling,no
prev_refused_recent_24m_count,structured_missing_or_history_availability,possible_absence_of_history_or_unknown_record,structured_missing_handling_candidate_later,feature_engineering_and_modeling,no
prev_canceled_application_count,structured_missing_or_history_availability,possible_absence_of_history_or_unknown_record,structured_missing_handling_candidate_later,feature_engineering_and_modeling,no
prev_canceled_application_amount_sum,structured_missing_or_history_availability,possible_absence_of_history_or_unknown_record,structured_missing_handling_candidate_later,feature_engineering_and_modeling,no
prev_canceled_application_amount_mean,structured_missing_or_history_availability,possible_absence_of_history_or_unknown_record,structured_missing_handling_candidate_later,feature_engineering_and_modeling,no
prev_canceled_application_amount_max,structured_missing_or_history_availability,possible_absence_of_history_or_unknown_record,structured_missing_handling_candidate_later,feature_engineering_and_modeling,no
prev_canceled_credit_amount_sum,structured_missing_or_history_availability,possible_absence_of_history_or_unknown_record,structured_missing_handling_candidate_later,feature_engineering_and_modeling,no
prev_canceled_credit_amount_mean,structured_missing_or_history_availability,possible_absence_of_history_or_unknown_record,structured_missing_handling_candidate_later,feature_engineering_and_modeling,no
prev_canceled_credit_amount_max,structured_missing_or_history_availability,possible_absence_of_history_or_unknown_record,structured_missing_handling_candidate_later,feature_engineering_and_modeling,no
prev_canceled_annuity_amount_sum,structured_missing_or_history_availability,possible_absence_of_history_or_unknown_record,structured_missing_handling_candidate_later,feature_engineering_and_modeling,no
prev_canceled_annuity_amount_mean,structured_missing_or_history_availability,possible_absence_of_history_or_unknown_record,structured_missing_handling_candidate_later,feature_engineering_and_modeling,no
prev_canceled_annuity_amount_max,structured_missing_or_history_availability,possible_absence_of_history_or_unknown_record,structured_missing_handling_candidate_later,feature_engineering_and_modeling,no
prev_canceled_goods_price_sum,structured_missing_or_history_availability,possible_absence_of_history_or_unknown_record,structured_missing_handling_candidate_later,feature_engineering_and_modeling,no
prev_canceled_goods_price_mean,structured_missing_or_history_availability,possible_absence_of_history_or_unknown_record,structured_missing_handling_candidate_later,feature_engineering_and_modeling,no
prev_canceled_goods_price_max,structured_missing_or_history_availability,possible_absence_of_history_or_unknown_record,structured_missing_handling_candidate_later,feature_engineering_and_modeling,no
prev_canceled_down_payment_sum,structured_missing_or_history_availability,possible_absence_of_history_or_unknown_record,structured_missing_handling_candidate_later,feature_engineering_and_modeling,no
prev_canceled_down_payment_mean,structured_missing_or_history_availability,possible_absence_of_history_or_unknown_record,structured_missing_handling_candidate_later,feature_engineering_and_modeling,no
prev_canceled_down_payment_max,structured_missing_or_history_availability,possible_absence_of_history_or_unknown_record,structured_missing_handling_candidate_later,feature_engineering_and_modeling,no
prev_canceled_cnt_payment_sum,structured_missing_or_history_availability,possible_absence_of_history_or_unknown_record,structured_missing_handling_candidate_later,feature_engineering_and_modeling,no
prev_canceled_cnt_payment_mean,structured_missing_or_history_availability,possible_absence_of_history_or_unknown_record,structured_missing_handling_candidate_later,feature_engineering_and_modeling,no
prev_canceled_cnt_payment_max,structured_missing_or_history_availability,possible_absence_of_history_or_unknown_record,structured_missing_handling_candidate_later,feature_engineering_and_modeling,no
prev_canceled_credit_to_application_ratio_sum,structured_missing_or_history_availability,possible_absence_of_history_or_unknown_record,structured_missing_handling_candidate_later,feature_engineering_and_modeling,no
prev_canceled_credit_to_application_ratio_mean,structured_missing_or_history_availability,possible_absence_of_history_or_unknown_record,structured_missing_handling_candidate_later,feature_engineering_and_modeling,no
prev_canceled_credit_to_application_ratio_max,structured_missing_or_history_availability,possible_absence_of_history_or_unknown_record,structured_missing_handling_candidate_later,feature_engineering_and_modeling,no
prev_canceled_annuity_to_credit_ratio_sum,structured_missing_or_history_availability,possible_absence_of_history_or_unknown_record,structured_missing_handling_candidate_later,feature_engineering_and_modeling,no
prev_canceled_annuity_to_credit_ratio_mean,structured_missing_or_history_availability,possible_absence_of_history_or_unknown_record,structured_missing_handling_candidate_later,feature_engineering_and_modeling,no
prev_canceled_annuity_to_credit_ratio_max,structured_missing_or_history_availability,possible_absence_of_history_or_unknown_record,structured_missing_handling_candidate_later,feature_engineering_and_modeling,no
prev_canceled_application_credit_diff_sum,structured_missing_or_history_availability,possible_absence_of_history_or_unknown_record,structured_missing_handling_candidate_later,feature_engineering_and_modeling,no
prev_canceled_application_credit_diff_mean,structured_missing_or_history_availability,possible_absence_of_history_or_unknown_record,structured_missing_handling_candidate_later,feature_engineering_and_modeling,no
prev_canceled_application_credit_diff_max,structured_missing_or_history_availability,possible_absence_of_history_or_unknown_record,structured_missing_handling_candidate_later,feature_engineering_and_modeling,no
prev_canceled_recent_12m_count,structured_missing_or_history_availability,possible_absence_of_history_or_unknown_record,structured_missing_handling_candidate_later,feature_engineering_and_modeling,no
prev_canceled_recent_24m_count,structured_missing_or_history_availability,possible_absence_of_history_or_unknown_record,structured_missing_handling_candidate_later,feature_engineering_and_modeling,no
prev_unused_offer_application_count,structured_missing_or_history_availability,possible_absence_of_history_or_unknown_record,structured_missing_handling_candidate_later,feature_engineering_and_modeling,no
prev_unused_offer_application_amount_sum,structured_missing_or_history_availability,possible_absence_of_history_or_unknown_record,structured_missing_handling_candidate_later,feature_engineering_and_modeling,no
prev_unused_offer_application_amount_mean,structured_missing_or_history_availability,possible_absence_of_history_or_unknown_record,structured_missing_handling_candidate_later,feature_engineering_and_modeling,no
prev_unused_offer_application_amount_max,structured_missing_or_history_availability,possible_absence_of_history_or_unknown_record,structured_missing_handling_candidate_later,feature_engineering_and_modeling,no
prev_unused_offer_credit_amount_sum,structured_missing_or_history_availability,possible_absence_of_history_or_unknown_record,structured_missing_handling_candidate_later,feature_engineering_and_modeling,no
prev_unused_offer_credit_amount_mean,structured_missing_or_history_availability,possible_absence_of_history_or_unknown_record,structured_missing_handling_candidate_later,feature_engineering_and_modeling,no
prev_unused_offer_credit_amount_max,structured_missing_or_history_availability,possible_absence_of_history_or_unknown_record,structured_missing_handling_candidate_later,feature_engineering_and_modeling,no
prev_unused_offer_annuity_amount_sum,structured_missing_or_history_availability,possible_absence_of_history_or_unknown_record,structured_missing_handling_candidate_later,feature_engineering_and_modeling,no
prev_unused_offer_annuity_amount_mean,structured_missing_or_history_availability,possible_absence_of_history_or_unknown_record,structured_missing_handling_candidate_later,feature_engineering_and_modeling,no
prev_unused_offer_annuity_amount_max,structured_missing_or_history_availability,possible_absence_of_history_or_unknown_record,structured_missing_handling_candidate_later,feature_engineering_and_modeling,no
prev_unused_offer_goods_price_sum,structured_missing_or_history_availability,possible_absence_of_history_or_unknown_record,structured_missing_handling_candidate_later,feature_engineering_and_modeling,no
prev_unused_offer_goods_price_mean,structured_missing_or_history_availability,possible_absence_of_history_or_unknown_record,structured_missing_handling_candidate_later,feature_engineering_and_modeling,no
prev_unused_offer_goods_price_max,structured_missing_or_history_availability,possible_absence_of_history_or_unknown_record,structured_missing_handling_candidate_later,feature_engineering_and_modeling,no
prev_unused_offer_down_payment_sum,structured_missing_or_history_availability,possible_absence_of_history_or_unknown_record,structured_missing_handling_candidate_later,feature_engineering_and_modeling,no
prev_unused_offer_down_payment_mean,structured_missing_or_history_availability,possible_absence_of_history_or_unknown_record,structured_missing_handling_candidate_later,feature_engineering_and_modeling,no
prev_unused_offer_down_payment_max,structured_missing_or_history_availability,possible_absence_of_history_or_unknown_record,structured_missing_handling_candidate_later,feature_engineering_and_modeling,no
prev_unused_offer_cnt_payment_sum,structured_missing_or_history_availability,possible_absence_of_history_or_unknown_record,structured_missing_handling_candidate_later,feature_engineering_and_modeling,no
prev_unused_offer_cnt_payment_mean,structured_missing_or_history_availability,possible_absence_of_history_or_unknown_record,structured_missing_handling_candidate_later,feature_engineering_and_modeling,no
prev_unused_offer_cnt_payment_max,structured_missing_or_history_availability,possible_absence_of_history_or_unknown_record,structured_missing_handling_candidate_later,feature_engineering_and_modeling,no
prev_unused_offer_credit_to_application_ratio_sum,structured_missing_or_history_availability,possible_absence_of_history_or_unknown_record,structured_missing_handling_candidate_later,feature_engineering_and_modeling,no
prev_unused_offer_credit_to_application_ratio_mean,structured_missing_or_history_availability,possible_absence_of_history_or_unknown_record,structured_missing_handling_candidate_later,feature_engineering_and_modeling,no
prev_unused_offer_credit_to_application_ratio_max,structured_missing_or_history_availability,possible_absence_of_history_or_unknown_record,structured_missing_handling_candidate_later,feature_engineering_and_modeling,no
prev_unused_offer_annuity_to_credit_ratio_sum,structured_missing_or_history_availability,possible_absence_of_history_or_unknown_record,structured_missing_handling_candidate_later,feature_engineering_and_modeling,no
prev_unused_offer_annuity_to_credit_ratio_mean,structured_missing_or_history_availability,possible_absence_of_history_or_unknown_record,structured_missing_handling_candidate_later,feature_engineering_and_modeling,no
prev_unused_offer_annuity_to_credit_ratio_max,structured_missing_or_history_availability,possible_absence_of_history_or_unknown_record,structured_missing_handling_candidate_later,feature_engineering_and_modeling,no
prev_unused_offer_application_credit_diff_sum,structured_missing_or_history_availability,possible_absence_of_history_or_unknown_record,structured_missing_handling_candidate_later,feature_engineering_and_modeling,no
prev_unused_offer_application_credit_diff_mean,structured_missing_or_history_availability,possible_absence_of_history_or_unknown_record,structured_missing_handling_candidate_later,feature_engineering_and_modeling,no
prev_unused_offer_application_credit_diff_max,structured_missing_or_history_availability,possible_absence_of_history_or_unknown_record,structured_missing_handling_candidate_later,feature_engineering_and_modeling,no
prev_unused_offer_recent_12m_count,structured_missing_or_history_availability,possible_absence_of_history_or_unknown_record,structured_missing_handling_candidate_later,feature_engineering_and_modeling,no
prev_unused_offer_recent_24m_count,structured_missing_or_history_availability,possible_absence_of_history_or_unknown_record,structured_missing_handling_candidate_later,feature_engineering_and_modeling,no
prev_latest_approved_flag,structured_missing_or_history_availability,possible_absence_of_history_or_unknown_record,structured_missing_handling_candidate_later,feature_engineering_and_modeling,no
prev_latest_refused_flag,structured_missing_or_history_availability,possible_absence_of_history_or_unknown_record,structured_missing_handling_candidate_later,feature_engineering_and_modeling,no
prev_latest_canceled_flag,structured_missing_or_history_availability,possible_absence_of_history_or_unknown_record,structured_missing_handling_candidate_later,feature_engineering_and_modeling,no
prev_latest_unused_offer_flag,structured_missing_or_history_availability,possible_absence_of_history_or_unknown_record,structured_missing_handling_candidate_later,feature_engineering_and_modeling,no
prev_latest_cash_loan_flag,structured_missing_or_history_availability,possible_absence_of_history_or_unknown_record,structured_missing_handling_candidate_later,feature_engineering_and_modeling,no
prev_latest_consumer_loan_flag,structured_missing_or_history_availability,possible_absence_of_history_or_unknown_record,structured_missing_handling_candidate_later,feature_engineering_and_modeling,no
prev_latest_revolving_loan_flag,structured_missing_or_history_availability,possible_absence_of_history_or_unknown_record,structured_missing_handling_candidate_later,feature_engineering_and_modeling,no
prev_latest_application_amount,structured_missing_or_history_availability,possible_absence_of_history_or_unknown_record,structured_missing_handling_candidate_later,feature_engineering_and_modeling,no
prev_latest_credit_amount,structured_missing_or_history_availability,possible_absence_of_history_or_unknown_record,structured_missing_handling_candidate_later,feature_engineering_and_modeling,no
prev_latest_annuity_amount,structured_missing_or_history_availability,possible_absence_of_history_or_unknown_record,structured_missing_handling_candidate_later,feature_engineering_and_modeling,no
prev_latest_goods_price,structured_missing_or_history_availability,possible_absence_of_history_or_unknown_record,structured_missing_handling_candidate_later,feature_engineering_and_modeling,no
prev_latest_down_payment,structured_missing_or_history_availability,possible_absence_of_history_or_unknown_record,structured_missing_handling_candidate_later,feature_engineering_and_modeling,no
prev_latest_credit_to_application_ratio,structured_missing_or_history_availability,possible_absence_of_history_or_unknown_record,structured_missing_handling_candidate_later,feature_engineering_and_modeling,no
prev_latest_annuity_to_credit_ratio,structured_missing_or_history_availability,possible_absence_of_history_or_unknown_record,structured_missing_handling_candidate_later,feature_engineering_and_modeling,no
prev_latest_down_payment_ratio,structured_missing_or_history_availability,possible_absence_of_history_or_unknown_record,structured_missing_handling_candidate_later,feature_engineering_and_modeling,no
prev_latest_application_credit_diff,structured_missing_or_history_availability,possible_absence_of_history_or_unknown_record,structured_missing_handling_candidate_later,feature_engineering_and_modeling,no
prev_latest_days_decision,structured_missing_or_history_availability,possible_absence_of_history_or_unknown_record,structured_missing_handling_candidate_later,feature_engineering_and_modeling,no
prev_latest_cnt_payment,structured_missing_or_history_availability,possible_absence_of_history_or_unknown_record,structured_missing_handling_candidate_later,feature_engineering_and_modeling,no
prev_latest_hour_process,structured_missing_or_history_availability,possible_absence_of_history_or_unknown_record,structured_missing_handling_candidate_later,feature_engineering_and_modeling,no
prev_latest_sellerplace_area,structured_missing_or_history_availability,possible_absence_of_history_or_unknown_record,structured_missing_handling_candidate_later,feature_engineering_and_modeling,no
prev_latest_last_appl_in_day,structured_missing_or_history_availability,possible_absence_of_history_or_unknown_record,structured_missing_handling_candidate_later,feature_engineering_and_modeling,no
prev_latest_insured_on_approval,structured_missing_or_history_availability,possible_absence_of_history_or_unknown_record,structured_missing_handling_candidate_later,feature_engineering_and_modeling,no
prev_latest_has_down_payment,structured_missing_or_history_availability,possible_absence_of_history_or_unknown_record,structured_missing_handling_candidate_later,feature_engineering_and_modeling,no
prev_latest_has_interest_rate,structured_missing_or_history_availability,possible_absence_of_history_or_unknown_record,structured_missing_handling_candidate_later,feature_engineering_and_modeling,no
has_pos_cash_history,structured_missing_or_history_availability,possible_absence_of_history_or_unknown_record,structured_missing_handling_candidate_later,feature_engineering_and_modeling,no
pos_contract_count,structured_missing_or_history_availability,possible_absence_of_history_or_unknown_record,structured_missing_handling_candidate_later,feature_engineering_and_modeling,no
pos_month_record_count_sum,structured_missing_or_history_availability,possible_absence_of_history_or_unknown_record,structured_missing_handling_candidate_later,feature_engineering_and_modeling,no
pos_month_record_count_mean,structured_missing_or_history_availability,possible_absence_of_history_or_unknown_record,structured_missing_handling_candidate_later,feature_engineering_and_modeling,no
pos_month_record_count_max,structured_missing_or_history_availability,possible_absence_of_history_or_unknown_record,structured_missing_handling_candidate_later,feature_engineering_and_modeling,no
pos_month_min,structured_missing_or_history_availability,possible_absence_of_history_or_unknown_record,structured_missing_handling_candidate_later,feature_engineering_and_modeling,no
pos_month_max,structured_missing_or_history_availability,possible_absence_of_history_or_unknown_record,structured_missing_handling_candidate_later,feature_engineering_and_modeling,no
pos_month_span_mean,structured_missing_or_history_availability,possible_absence_of_history_or_unknown_record,structured_missing_handling_candidate_later,feature_engineering_and_modeling,no
pos_month_span_max,structured_missing_or_history_availability,possible_absence_of_history_or_unknown_record,structured_missing_handling_candidate_later,feature_engineering_and_modeling,no
pos_month_count_sum,structured_missing_or_history_availability,possible_absence_of_history_or_unknown_record,structured_missing_handling_candidate_later,feature_engineering_and_modeling,no
pos_month_count_mean,structured_missing_or_history_availability,possible_absence_of_history_or_unknown_record,structured_missing_handling_candidate_later,feature_engineering_and_modeling,no
pos_month_count_max,structured_missing_or_history_availability,possible_absence_of_history_or_unknown_record,structured_missing_handling_candidate_later,feature_engineering_and_modeling,no
pos_status_active_count_sum,structured_missing_or_history_availability,possible_absence_of_history_or_unknown_record,structured_missing_handling_candidate_later,feature_engineering_and_modeling,no
pos_status_active_count_mean,structured_missing_or_history_availability,possible_absence_of_history_or_unknown_record,structured_missing_handling_candidate_later,feature_engineering_and_modeling,no
pos_status_active_count_max,structured_missing_or_history_availability,possible_absence_of_history_or_unknown_record,structured_missing_handling_candidate_later,feature_engineering_and_modeling,no
pos_status_completed_count_sum,structured_missing_or_history_availability,possible_absence_of_history_or_unknown_record,structured_missing_handling_candidate_later,feature_engineering_and_modeling,no
pos_status_completed_count_mean,structured_missing_or_history_availability,possible_absence_of_history_or_unknown_record,structured_missing_handling_candidate_later,feature_engineering_and_modeling,no
pos_status_completed_count_max,structured_missing_or_history_availability,possible_absence_of_history_or_unknown_record,structured_missing_handling_candidate_later,feature_engineering_and_modeling,no
pos_status_signed_count_sum,structured_missing_or_history_availability,possible_absence_of_history_or_unknown_record,structured_missing_handling_candidate_later,feature_engineering_and_modeling,no
pos_status_signed_count_mean,structured_missing_or_history_availability,possible_absence_of_history_or_unknown_record,structured_missing_handling_candidate_later,feature_engineering_and_modeling,no
pos_status_signed_count_max,structured_missing_or_history_availability,possible_absence_of_history_or_unknown_record,structured_missing_handling_candidate_later,feature_engineering_and_modeling,no
pos_status_demand_count_sum,structured_missing_or_history_availability,possible_absence_of_history_or_unknown_record,structured_missing_handling_candidate_later,feature_engineering_and_modeling,no
pos_status_demand_count_mean,structured_missing_or_history_availability,possible_absence_of_history_or_unknown_record,structured_missing_handling_candidate_later,feature_engineering_and_modeling,no
pos_status_demand_count_max,structured_missing_or_history_availability,possible_absence_of_history_or_unknown_record,structured_missing_handling_candidate_later,feature_engineering_and_modeling,no
pos_status_returned_to_store_count_sum,structured_missing_or_history_availability,possible_absence_of_history_or_unknown_record,structured_missing_handling_candidate_later,feature_engineering_and_modeling,no
pos_status_returned_to_store_count_mean,structured_missing_or_history_availability,possible_absence_of_history_or_unknown_record,structured_missing_handling_candidate_later,feature_engineering_and_modeling,no
pos_status_returned_to_store_count_max,structured_missing_or_history_availability,possible_absence_of_history_or_unknown_record,structured_missing_handling_candidate_later,feature_engineering_and_modeling,no
pos_status_approved_count_sum,structured_missing_or_history_availability,possible_absence_of_history_or_unknown_record,structured_missing_handling_candidate_later,feature_engineering_and_modeling,no
pos_status_approved_count_mean,structured_missing_or_history_availability,possible_absence_of_history_or_unknown_record,structured_missing_handling_candidate_later,feature_engineering_and_modeling,no
pos_status_approved_count_max,structured_missing_or_history_availability,possible_absence_of_history_or_unknown_record,structured_missing_handling_candidate_later,feature_engineering_and_modeling,no
pos_status_canceled_count_sum,structured_missing_or_history_availability,possible_absence_of_history_or_unknown_record,structured_missing_handling_candidate_later,feature_engineering_and_modeling,no
pos_status_canceled_count_mean,structured_missing_or_history_availability,possible_absence_of_history_or_unknown_record,structured_missing_handling_candidate_later,feature_engineering_and_modeling,no
pos_status_canceled_count_max,structured_missing_or_history_availability,possible_absence_of_history_or_unknown_record,structured_missing_handling_candidate_later,feature_engineering_and_modeling,no
pos_status_amortized_debt_count_sum,structured_missing_or_history_availability,possible_absence_of_history_or_unknown_record,structured_missing_handling_candidate_later,feature_engineering_and_modeling,no
pos_status_amortized_debt_count_mean,structured_missing_or_history_availability,possible_absence_of_history_or_unknown_record,structured_missing_handling_candidate_later,feature_engineering_and_modeling,no
pos_status_amortized_debt_count_max,structured_missing_or_history_availability,possible_absence_of_history_or_unknown_record,structured_missing_handling_candidate_later,feature_engineering_and_modeling,no
pos_has_dpd_count_sum,structured_missing_or_history_availability,possible_absence_of_history_or_unknown_record,structured_missing_handling_candidate_later,feature_engineering_and_modeling,no
pos_has_dpd_count_mean,structured_missing_or_history_availability,possible_absence_of_history_or_unknown_record,structured_missing_handling_candidate_later,feature_engineering_and_modeling,no
pos_has_dpd_count_max,structured_missing_or_history_availability,possible_absence_of_history_or_unknown_record,structured_missing_handling_candidate_later,feature_engineering_and_modeling,no
pos_dpd_30plus_count_sum,structured_missing_or_history_availability,possible_absence_of_history_or_unknown_record,structured_missing_handling_candidate_later,feature_engineering_and_modeling,no
pos_dpd_30plus_count_mean,structured_missing_or_history_availability,possible_absence_of_history_or_unknown_record,structured_missing_handling_candidate_later,feature_engineering_and_modeling,no
pos_dpd_30plus_count_max,structured_missing_or_history_availability,possible_absence_of_history_or_unknown_record,structured_missing_handling_candidate_later,feature_engineering_and_modeling,no
pos_dpd_60plus_count_sum,structured_missing_or_history_availability,possible_absence_of_history_or_unknown_record,structured_missing_handling_candidate_later,feature_engineering_and_modeling,no
pos_dpd_60plus_count_mean,structured_missing_or_history_availability,possible_absence_of_history_or_unknown_record,structured_missing_handling_candidate_later,feature_engineering_and_modeling,no
pos_dpd_60plus_count_max,structured_missing_or_history_availability,possible_absence_of_history_or_unknown_record,structured_missing_handling_candidate_later,feature_engineering_and_modeling,no
pos_dpd_90plus_count_sum,structured_missing_or_history_availability,possible_absence_of_history_or_unknown_record,structured_missing_handling_candidate_later,feature_engineering_and_modeling,no
pos_dpd_90plus_count_mean,structured_missing_or_history_availability,possible_absence_of_history_or_unknown_record,structured_missing_handling_candidate_later,feature_engineering_and_modeling,no
pos_dpd_90plus_count_max,structured_missing_or_history_availability,possible_absence_of_history_or_unknown_record,structured_missing_handling_candidate_later,feature_engineering_and_modeling,no
pos_has_dpd_def_count_sum,structured_missing_or_history_availability,possible_absence_of_history_or_unknown_record,structured_missing_handling_candidate_later,feature_engineering_and_modeling,no
pos_has_dpd_def_count_mean,structured_missing_or_history_availability,possible_absence_of_history_or_unknown_record,structured_missing_handling_candidate_later,feature_engineering_and_modeling,no
pos_has_dpd_def_count_max,structured_missing_or_history_availability,possible_absence_of_history_or_unknown_record,structured_missing_handling_candidate_later,feature_engineering_and_modeling,no
pos_dpd_def_30plus_count_sum,structured_missing_or_history_availability,possible_absence_of_history_or_unknown_record,structured_missing_handling_candidate_later,feature_engineering_and_modeling,no
pos_dpd_def_30plus_count_mean,structured_missing_or_history_availability,possible_absence_of_history_or_unknown_record,structured_missing_handling_candidate_later,feature_engineering_and_modeling,no
pos_dpd_def_30plus_count_max,structured_missing_or_history_availability,possible_absence_of_history_or_unknown_record,structured_missing_handling_candidate_later,feature_engineering_and_modeling,no
pos_dpd_def_60plus_count_sum,structured_missing_or_history_availability,possible_absence_of_history_or_unknown_record,structured_missing_handling_candidate_later,feature_engineering_and_modeling,no
pos_dpd_def_60plus_count_mean,structured_missing_or_history_availability,possible_absence_of_history_or_unknown_record,structured_missing_handling_candidate_later,feature_engineering_and_modeling,no
pos_dpd_def_60plus_count_max,structured_missing_or_history_availability,possible_absence_of_history_or_unknown_record,structured_missing_handling_candidate_later,feature_engineering_and_modeling,no
pos_dpd_def_90plus_count_sum,structured_missing_or_history_availability,possible_absence_of_history_or_unknown_record,structured_missing_handling_candidate_later,feature_engineering_and_modeling,no
pos_dpd_def_90plus_count_mean,structured_missing_or_history_availability,possible_absence_of_history_or_unknown_record,structured_missing_handling_candidate_later,feature_engineering_and_modeling,no
pos_dpd_def_90plus_count_max,structured_missing_or_history_availability,possible_absence_of_history_or_unknown_record,structured_missing_handling_candidate_later,feature_engineering_and_modeling,no
pos_is_recent_6m_count_sum,structured_missing_or_history_availability,possible_absence_of_history_or_unknown_record,structured_missing_handling_candidate_later,feature_engineering_and_modeling,no
pos_is_recent_6m_count_mean,structured_missing_or_history_availability,possible_absence_of_history_or_unknown_record,structured_missing_handling_candidate_later,feature_engineering_and_modeling,no
pos_is_recent_6m_count_max,structured_missing_or_history_availability,possible_absence_of_history_or_unknown_record,structured_missing_handling_candidate_later,feature_engineering_and_modeling,no
pos_is_recent_12m_count_sum,structured_missing_or_history_availability,possible_absence_of_history_or_unknown_record,structured_missing_handling_candidate_later,feature_engineering_and_modeling,no
pos_is_recent_12m_count_mean,structured_missing_or_history_availability,possible_absence_of_history_or_unknown_record,structured_missing_handling_candidate_later,feature_engineering_and_modeling,no
pos_is_recent_12m_count_max,structured_missing_or_history_availability,possible_absence_of_history_or_unknown_record,structured_missing_handling_candidate_later,feature_engineering_and_modeling,no
pos_is_recent_24m_count_sum,structured_missing_or_history_availability,possible_absence_of_history_or_unknown_record,structured_missing_handling_candidate_later,feature_engineering_and_modeling,no
pos_is_recent_24m_count_mean,structured_missing_or_history_availability,possible_absence_of_history_or_unknown_record,structured_missing_handling_candidate_later,feature_engineering_and_modeling,no
pos_is_recent_24m_count_max,structured_missing_or_history_availability,possible_absence_of_history_or_unknown_record,structured_missing_handling_candidate_later,feature_engineering_and_modeling,no
pos_recent_6m_has_dpd_count_sum,structured_missing_or_history_availability,possible_absence_of_history_or_unknown_record,structured_missing_handling_candidate_later,feature_engineering_and_modeling,no
pos_recent_6m_has_dpd_count_mean,structured_missing_or_history_availability,possible_absence_of_history_or_unknown_record,structured_missing_handling_candidate_later,feature_engineering_and_modeling,no
pos_recent_6m_has_dpd_count_max,structured_missing_or_history_availability,possible_absence_of_history_or_unknown_record,structured_missing_handling_candidate_later,feature_engineering_and_modeling,no
pos_recent_12m_has_dpd_count_sum,structured_missing_or_history_availability,possible_absence_of_history_or_unknown_record,structured_missing_handling_candidate_later,feature_engineering_and_modeling,no
pos_recent_12m_has_dpd_count_mean,structured_missing_or_history_availability,possible_absence_of_history_or_unknown_record,structured_missing_handling_candidate_later,feature_engineering_and_modeling,no
pos_recent_12m_has_dpd_count_max,structured_missing_or_history_availability,possible_absence_of_history_or_unknown_record,structured_missing_handling_candidate_later,feature_engineering_and_modeling,no
pos_recent_24m_has_dpd_count_sum,structured_missing_or_history_availability,possible_absence_of_history_or_unknown_record,structured_missing_handling_candidate_later,feature_engineering_and_modeling,no
pos_recent_24m_has_dpd_count_mean,structured_missing_or_history_availability,possible_absence_of_history_or_unknown_record,structured_missing_handling_candidate_later,feature_engineering_and_modeling,no
pos_recent_24m_has_dpd_count_max,structured_missing_or_history_availability,possible_absence_of_history_or_unknown_record,structured_missing_handling_candidate_later,feature_engineering_and_modeling,no
pos_recent_6m_has_dpd_def_count_sum,structured_missing_or_history_availability,possible_absence_of_history_or_unknown_record,structured_missing_handling_candidate_later,feature_engineering_and_modeling,no
pos_recent_6m_has_dpd_def_count_mean,structured_missing_or_history_availability,possible_absence_of_history_or_unknown_record,structured_missing_handling_candidate_later,feature_engineering_and_modeling,no
pos_recent_6m_has_dpd_def_count_max,structured_missing_or_history_availability,possible_absence_of_history_or_unknown_record,structured_missing_handling_candidate_later,feature_engineering_and_modeling,no
pos_recent_12m_has_dpd_def_count_sum,structured_missing_or_history_availability,possible_absence_of_history_or_unknown_record,structured_missing_handling_candidate_later,feature_engineering_and_modeling,no
pos_recent_12m_has_dpd_def_count_mean,structured_missing_or_history_availability,possible_absence_of_history_or_unknown_record,structured_missing_handling_candidate_later,feature_engineering_and_modeling,no
pos_recent_12m_has_dpd_def_count_max,structured_missing_or_history_availability,possible_absence_of_history_or_unknown_record,structured_missing_handling_candidate_later,feature_engineering_and_modeling,no
pos_recent_24m_has_dpd_def_count_sum,structured_missing_or_history_availability,possible_absence_of_history_or_unknown_record,structured_missing_handling_candidate_later,feature_engineering_and_modeling,no
pos_recent_24m_has_dpd_def_count_mean,structured_missing_or_history_availability,possible_absence_of_history_or_unknown_record,structured_missing_handling_candidate_later,feature_engineering_and_modeling,no
pos_recent_24m_has_dpd_def_count_max,structured_missing_or_history_availability,possible_absence_of_history_or_unknown_record,structured_missing_handling_candidate_later,feature_engineering_and_modeling,no
pos_missing_cnt_instalment_count_sum,structured_missing_or_history_availability,possible_absence_of_history_or_unknown_record,structured_missing_handling_candidate_later,feature_engineering_and_modeling,no
pos_missing_cnt_instalment_count_mean,structured_missing_or_history_availability,possible_absence_of_history_or_unknown_record,structured_missing_handling_candidate_later,feature_engineering_and_modeling,no
pos_missing_cnt_instalment_count_max,structured_missing_or_history_availability,possible_absence_of_history_or_unknown_record,structured_missing_handling_candidate_later,feature_engineering_and_modeling,no
pos_missing_cnt_instalment_future_count_sum,structured_missing_or_history_availability,possible_absence_of_history_or_unknown_record,structured_missing_handling_candidate_later,feature_engineering_and_modeling,no
pos_missing_cnt_instalment_future_count_mean,structured_missing_or_history_availability,possible_absence_of_history_or_unknown_record,structured_missing_handling_candidate_later,feature_engineering_and_modeling,no
pos_missing_cnt_instalment_future_count_max,structured_missing_or_history_availability,possible_absence_of_history_or_unknown_record,structured_missing_handling_candidate_later,feature_engineering_and_modeling,no
pos_is_near_completion_count_sum,structured_missing_or_history_availability,possible_absence_of_history_or_unknown_record,structured_missing_handling_candidate_later,feature_engineering_and_modeling,no
pos_is_near_completion_count_mean,structured_missing_or_history_availability,possible_absence_of_history_or_unknown_record,structured_missing_handling_candidate_later,feature_engineering_and_modeling,no
pos_is_near_completion_count_max,structured_missing_or_history_availability,possible_absence_of_history_or_unknown_record,structured_missing_handling_candidate_later,feature_engineering_and_modeling,no
pos_is_completed_by_future_count_sum,structured_missing_or_history_availability,possible_absence_of_history_or_unknown_record,structured_missing_handling_candidate_later,feature_engineering_and_modeling,no
pos_is_completed_by_future_count_mean,structured_missing_or_history_availability,possible_absence_of_history_or_unknown_record,structured_missing_handling_candidate_later,feature_engineering_and_modeling,no
pos_is_completed_by_future_count_max,structured_missing_or_history_availability,possible_absence_of_history_or_unknown_record,structured_missing_handling_candidate_later,feature_engineering_and_modeling,no
pos_has_future_installment_count_sum,structured_missing_or_history_availability,possible_absence_of_history_or_unknown_record,structured_missing_handling_candidate_later,feature_engineering_and_modeling,no
pos_has_future_installment_count_mean,structured_missing_or_history_availability,possible_absence_of_history_or_unknown_record,structured_missing_handling_candidate_later,feature_engineering_and_modeling,no
pos_has_future_installment_count_max,structured_missing_or_history_availability,possible_absence_of_history_or_unknown_record,structured_missing_handling_candidate_later,feature_engineering_and_modeling,no
pos_cnt_instalment_unique_count_sum_x,structured_missing_or_history_availability,possible_absence_of_history_or_unknown_record,structured_missing_handling_candidate_later,feature_engineering_and_modeling,no
pos_cnt_instalment_unique_count_mean_x,structured_missing_or_history_availability,possible_absence_of_history_or_unknown_record,structured_missing_handling_candidate_later,feature_engineering_and_modeling,no
pos_cnt_instalment_unique_count_max_x,structured_missing_or_history_availability,possible_absence_of_history_or_unknown_record,structured_missing_handling_candidate_later,feature_engineering_and_modeling,no
pos_latest_paid_installment_count_sum,structured_missing_or_history_availability,possible_absence_of_history_or_unknown_record,structured_missing_handling_candidate_later,feature_engineering_and_modeling,no
pos_latest_paid_installment_count_mean,structured_missing_or_history_availability,possible_absence_of_history_or_unknown_record,structured_missing_handling_candidate_later,feature_engineering_and_modeling,no
pos_latest_paid_installment_count_max,structured_missing_or_history_availability,possible_absence_of_history_or_unknown_record,structured_missing_handling_candidate_later,feature_engineering_and_modeling,no
pos_status_active_ratio_mean,structured_missing_or_history_availability,possible_absence_of_history_or_unknown_record,structured_missing_handling_candidate_later,feature_engineering_and_modeling,no
pos_status_active_ratio_max,structured_missing_or_history_availability,possible_absence_of_history_or_unknown_record,structured_missing_handling_candidate_later,feature_engineering_and_modeling,no
pos_status_active_ratio_min,structured_missing_or_history_availability,possible_absence_of_history_or_unknown_record,structured_missing_handling_candidate_later,feature_engineering_and_modeling,no
pos_status_completed_ratio_mean,structured_missing_or_history_availability,possible_absence_of_history_or_unknown_record,structured_missing_handling_candidate_later,feature_engineering_and_modeling,no
pos_status_completed_ratio_max,structured_missing_or_history_availability,possible_absence_of_history_or_unknown_record,structured_missing_handling_candidate_later,feature_engineering_and_modeling,no
pos_status_completed_ratio_min,structured_missing_or_history_availability,possible_absence_of_history_or_unknown_record,structured_missing_handling_candidate_later,feature_engineering_and_modeling,no
pos_status_signed_ratio_mean,structured_missing_or_history_availability,possible_absence_of_history_or_unknown_record,structured_missing_handling_candidate_later,feature_engineering_and_modeling,no
pos_status_signed_ratio_max,structured_missing_or_history_availability,possible_absence_of_history_or_unknown_record,structured_missing_handling_candidate_later,feature_engineering_and_modeling,no
pos_status_signed_ratio_min,structured_missing_or_history_availability,possible_absence_of_history_or_unknown_record,structured_missing_handling_candidate_later,feature_engineering_and_modeling,no
pos_status_demand_ratio_mean,structured_missing_or_history_availability,possible_absence_of_history_or_unknown_record,structured_missing_handling_candidate_later,feature_engineering_and_modeling,no
pos_status_demand_ratio_max,structured_missing_or_history_availability,possible_absence_of_history_or_unknown_record,structured_missing_handling_candidate_later,feature_engineering_and_modeling,no
pos_status_demand_ratio_min,structured_missing_or_history_availability,possible_absence_of_history_or_unknown_record,structured_missing_handling_candidate_later,feature_engineering_and_modeling,no
pos_status_returned_to_store_ratio_mean,structured_missing_or_history_availability,possible_absence_of_history_or_unknown_record,structured_missing_handling_candidate_later,feature_engineering_and_modeling,no
pos_status_returned_to_store_ratio_max,structured_missing_or_history_availability,possible_absence_of_history_or_unknown_record,structured_missing_handling_candidate_later,feature_engineering_and_modeling,no
pos_status_returned_to_store_ratio_min,structured_missing_or_history_availability,possible_absence_of_history_or_unknown_record,structured_missing_handling_candidate_later,feature_engineering_and_modeling,no
pos_status_approved_ratio_mean,structured_missing_or_history_availability,possible_absence_of_history_or_unknown_record,structured_missing_handling_candidate_later,feature_engineering_and_modeling,no
pos_status_approved_ratio_max,structured_missing_or_history_availability,possible_absence_of_history_or_unknown_record,structured_missing_handling_candidate_later,feature_engineering_and_modeling,no
pos_status_approved_ratio_min,structured_missing_or_history_availability,possible_absence_of_history_or_unknown_record,structured_missing_handling_candidate_later,feature_engineering_and_modeling,no
pos_status_canceled_ratio_mean,structured_missing_or_history_availability,possible_absence_of_history_or_unknown_record,structured_missing_handling_candidate_later,feature_engineering_and_modeling,no
pos_status_canceled_ratio_max,structured_missing_or_history_availability,possible_absence_of_history_or_unknown_record,structured_missing_handling_candidate_later,feature_engineering_and_modeling,no
pos_status_canceled_ratio_min,structured_missing_or_history_availability,possible_absence_of_history_or_unknown_record,structured_missing_handling_candidate_later,feature_engineering_and_modeling,no
pos_status_amortized_debt_ratio_mean,structured_missing_or_history_availability,possible_absence_of_history_or_unknown_record,structured_missing_handling_candidate_later,feature_engineering_and_modeling,no
pos_status_amortized_debt_ratio_max,structured_missing_or_history_availability,possible_absence_of_history_or_unknown_record,structured_missing_handling_candidate_later,feature_engineering_and_modeling,no
pos_status_amortized_debt_ratio_min,structured_missing_or_history_availability,possible_absence_of_history_or_unknown_record,structured_missing_handling_candidate_later,feature_engineering_and_modeling,no
pos_has_dpd_ratio_mean,structured_missing_or_history_availability,possible_absence_of_history_or_unknown_record,structured_missing_handling_candidate_later,feature_engineering_and_modeling,no
pos_has_dpd_ratio_max,structured_missing_or_history_availability,possible_absence_of_history_or_unknown_record,structured_missing_handling_candidate_later,feature_engineering_and_modeling,no
pos_has_dpd_ratio_min,structured_missing_or_history_availability,possible_absence_of_history_or_unknown_record,structured_missing_handling_candidate_later,feature_engineering_and_modeling,no
pos_dpd_30plus_ratio_mean,structured_missing_or_history_availability,possible_absence_of_history_or_unknown_record,structured_missing_handling_candidate_later,feature_engineering_and_modeling,no
pos_dpd_30plus_ratio_max,structured_missing_or_history_availability,possible_absence_of_history_or_unknown_record,structured_missing_handling_candidate_later,feature_engineering_and_modeling,no
pos_dpd_30plus_ratio_min,structured_missing_or_history_availability,possible_absence_of_history_or_unknown_record,structured_missing_handling_candidate_later,feature_engineering_and_modeling,no
pos_dpd_60plus_ratio_mean,structured_missing_or_history_availability,possible_absence_of_history_or_unknown_record,structured_missing_handling_candidate_later,feature_engineering_and_modeling,no
pos_dpd_60plus_ratio_max,structured_missing_or_history_availability,possible_absence_of_history_or_unknown_record,structured_missing_handling_candidate_later,feature_engineering_and_modeling,no
pos_dpd_60plus_ratio_min,structured_missing_or_history_availability,possible_absence_of_history_or_unknown_record,structured_missing_handling_candidate_later,feature_engineering_and_modeling,no
pos_dpd_90plus_ratio_mean,structured_missing_or_history_availability,possible_absence_of_history_or_unknown_record,structured_missing_handling_candidate_later,feature_engineering_and_modeling,no
pos_dpd_90plus_ratio_max,structured_missing_or_history_availability,possible_absence_of_history_or_unknown_record,structured_missing_handling_candidate_later,feature_engineering_and_modeling,no
pos_dpd_90plus_ratio_min,structured_missing_or_history_availability,possible_absence_of_history_or_unknown_record,structured_missing_handling_candidate_later,feature_engineering_and_modeling,no
pos_has_dpd_def_ratio_mean,structured_missing_or_history_availability,possible_absence_of_history_or_unknown_record,structured_missing_handling_candidate_later,feature_engineering_and_modeling,no
pos_has_dpd_def_ratio_max,structured_missing_or_history_availability,possible_absence_of_history_or_unknown_record,structured_missing_handling_candidate_later,feature_engineering_and_modeling,no
pos_has_dpd_def_ratio_min,structured_missing_or_history_availability,possible_absence_of_history_or_unknown_record,structured_missing_handling_candidate_later,feature_engineering_and_modeling,no
pos_dpd_def_30plus_ratio_mean,structured_missing_or_history_availability,possible_absence_of_history_or_unknown_record,structured_missing_handling_candidate_later,feature_engineering_and_modeling,no
pos_dpd_def_30plus_ratio_max,structured_missing_or_history_availability,possible_absence_of_history_or_unknown_record,structured_missing_handling_candidate_later,feature_engineering_and_modeling,no
pos_dpd_def_30plus_ratio_min,structured_missing_or_history_availability,possible_absence_of_history_or_unknown_record,structured_missing_handling_candidate_later,feature_engineering_and_modeling,no
pos_dpd_def_60plus_ratio_mean,structured_missing_or_history_availability,possible_absence_of_history_or_unknown_record,structured_missing_handling_candidate_later,feature_engineering_and_modeling,no
pos_dpd_def_60plus_ratio_max,structured_missing_or_history_availability,possible_absence_of_history_or_unknown_record,structured_missing_handling_candidate_later,feature_engineering_and_modeling,no
pos_dpd_def_60plus_ratio_min,structured_missing_or_history_availability,possible_absence_of_history_or_unknown_record,structured_missing_handling_candidate_later,feature_engineering_and_modeling,no
pos_dpd_def_90plus_ratio_mean,structured_missing_or_history_availability,possible_absence_of_history_or_unknown_record,structured_missing_handling_candidate_later,feature_engineering_and_modeling,no
pos_dpd_def_90plus_ratio_max,structured_missing_or_history_availability,possible_absence_of_history_or_unknown_record,structured_missing_handling_candidate_later,feature_engineering_and_modeling,no
pos_dpd_def_90plus_ratio_min,structured_missing_or_history_availability,possible_absence_of_history_or_unknown_record,structured_missing_handling_candidate_later,feature_engineering_and_modeling,no
pos_is_recent_6m_ratio_mean,structured_missing_or_history_availability,possible_absence_of_history_or_unknown_record,structured_missing_handling_candidate_later,feature_engineering_and_modeling,no
pos_is_recent_6m_ratio_max,structured_missing_or_history_availability,possible_absence_of_history_or_unknown_record,structured_missing_handling_candidate_later,feature_engineering_and_modeling,no
pos_is_recent_6m_ratio_min,structured_missing_or_history_availability,possible_absence_of_history_or_unknown_record,structured_missing_handling_candidate_later,feature_engineering_and_modeling,no
pos_is_recent_12m_ratio_mean,structured_missing_or_history_availability,possible_absence_of_history_or_unknown_record,structured_missing_handling_candidate_later,feature_engineering_and_modeling,no
pos_is_recent_12m_ratio_max,structured_missing_or_history_availability,possible_absence_of_history_or_unknown_record,structured_missing_handling_candidate_later,feature_engineering_and_modeling,no
pos_is_recent_12m_ratio_min,structured_missing_or_history_availability,possible_absence_of_history_or_unknown_record,structured_missing_handling_candidate_later,feature_engineering_and_modeling,no
pos_is_recent_24m_ratio_mean,structured_missing_or_history_availability,possible_absence_of_history_or_unknown_record,structured_missing_handling_candidate_later,feature_engineering_and_modeling,no
pos_is_recent_24m_ratio_max,structured_missing_or_history_availability,possible_absence_of_history_or_unknown_record,structured_missing_handling_candidate_later,feature_engineering_and_modeling,no
pos_is_recent_24m_ratio_min,structured_missing_or_history_availability,possible_absence_of_history_or_unknown_record,structured_missing_handling_candidate_later,feature_engineering_and_modeling,no
pos_recent_6m_has_dpd_ratio_mean,structured_missing_or_history_availability,possible_absence_of_history_or_unknown_record,structured_missing_handling_candidate_later,feature_engineering_and_modeling,no
pos_recent_6m_has_dpd_ratio_max,structured_missing_or_history_availability,possible_absence_of_history_or_unknown_record,structured_missing_handling_candidate_later,feature_engineering_and_modeling,no
pos_recent_6m_has_dpd_ratio_min,structured_missing_or_history_availability,possible_absence_of_history_or_unknown_record,structured_missing_handling_candidate_later,feature_engineering_and_modeling,no
pos_recent_12m_has_dpd_ratio_mean,structured_missing_or_history_availability,possible_absence_of_history_or_unknown_record,structured_missing_handling_candidate_later,feature_engineering_and_modeling,no
pos_recent_12m_has_dpd_ratio_max,structured_missing_or_history_availability,possible_absence_of_history_or_unknown_record,structured_missing_handling_candidate_later,feature_engineering_and_modeling,no
pos_recent_12m_has_dpd_ratio_min,structured_missing_or_history_availability,possible_absence_of_history_or_unknown_record,structured_missing_handling_candidate_later,feature_engineering_and_modeling,no
pos_recent_24m_has_dpd_ratio_mean,structured_missing_or_history_availability,possible_absence_of_history_or_unknown_record,structured_missing_handling_candidate_later,feature_engineering_and_modeling,no
pos_recent_24m_has_dpd_ratio_max,structured_missing_or_history_availability,possible_absence_of_history_or_unknown_record,structured_missing_handling_candidate_later,feature_engineering_and_modeling,no
pos_recent_24m_has_dpd_ratio_min,structured_missing_or_history_availability,possible_absence_of_history_or_unknown_record,structured_missing_handling_candidate_later,feature_engineering_and_modeling,no
pos_recent_6m_has_dpd_def_ratio_mean,structured_missing_or_history_availability,possible_absence_of_history_or_unknown_record,structured_missing_handling_candidate_later,feature_engineering_and_modeling,no
pos_recent_6m_has_dpd_def_ratio_max,structured_missing_or_history_availability,possible_absence_of_history_or_unknown_record,structured_missing_handling_candidate_later,feature_engineering_and_modeling,no
pos_recent_6m_has_dpd_def_ratio_min,structured_missing_or_history_availability,possible_absence_of_history_or_unknown_record,structured_missing_handling_candidate_later,feature_engineering_and_modeling,no
pos_recent_12m_has_dpd_def_ratio_mean,structured_missing_or_history_availability,possible_absence_of_history_or_unknown_record,structured_missing_handling_candidate_later,feature_engineering_and_modeling,no
pos_recent_12m_has_dpd_def_ratio_max,structured_missing_or_history_availability,possible_absence_of_history_or_unknown_record,structured_missing_handling_candidate_later,feature_engineering_and_modeling,no
pos_recent_12m_has_dpd_def_ratio_min,structured_missing_or_history_availability,possible_absence_of_history_or_unknown_record,structured_missing_handling_candidate_later,feature_engineering_and_modeling,no
pos_recent_24m_has_dpd_def_ratio_mean,structured_missing_or_history_availability,possible_absence_of_history_or_unknown_record,structured_missing_handling_candidate_later,feature_engineering_and_modeling,no
pos_recent_24m_has_dpd_def_ratio_max,structured_missing_or_history_availability,possible_absence_of_history_or_unknown_record,structured_missing_handling_candidate_later,feature_engineering_and_modeling,no
pos_recent_24m_has_dpd_def_ratio_min,structured_missing_or_history_availability,possible_absence_of_history_or_unknown_record,structured_missing_handling_candidate_later,feature_engineering_and_modeling,no
pos_missing_cnt_instalment_ratio_mean,structured_missing_or_history_availability,possible_absence_of_history_or_unknown_record,structured_missing_handling_candidate_later,feature_engineering_and_modeling,no
pos_missing_cnt_instalment_ratio_max,structured_missing_or_history_availability,possible_absence_of_history_or_unknown_record,structured_missing_handling_candidate_later,feature_engineering_and_modeling,no
pos_missing_cnt_instalment_ratio_min,structured_missing_or_history_availability,possible_absence_of_history_or_unknown_record,structured_missing_handling_candidate_later,feature_engineering_and_modeling,no
pos_missing_cnt_instalment_future_ratio_mean,structured_missing_or_history_availability,possible_absence_of_history_or_unknown_record,structured_missing_handling_candidate_later,feature_engineering_and_modeling,no
pos_missing_cnt_instalment_future_ratio_max,structured_missing_or_history_availability,possible_absence_of_history_or_unknown_record,structured_missing_handling_candidate_later,feature_engineering_and_modeling,no
pos_missing_cnt_instalment_future_ratio_min,structured_missing_or_history_availability,possible_absence_of_history_or_unknown_record,structured_missing_handling_candidate_later,feature_engineering_and_modeling,no
pos_is_near_completion_ratio_mean,structured_missing_or_history_availability,possible_absence_of_history_or_unknown_record,structured_missing_handling_candidate_later,feature_engineering_and_modeling,no
pos_is_near_completion_ratio_max,structured_missing_or_history_availability,possible_absence_of_history_or_unknown_record,structured_missing_handling_candidate_later,feature_engineering_and_modeling,no
pos_is_near_completion_ratio_min,structured_missing_or_history_availability,possible_absence_of_history_or_unknown_record,structured_missing_handling_candidate_later,feature_engineering_and_modeling,no
pos_is_completed_by_future_ratio_mean,structured_missing_or_history_availability,possible_absence_of_history_or_unknown_record,structured_missing_handling_candidate_later,feature_engineering_and_modeling,no
pos_is_completed_by_future_ratio_max,structured_missing_or_history_availability,possible_absence_of_history_or_unknown_record,structured_missing_handling_candidate_later,feature_engineering_and_modeling,no
pos_is_completed_by_future_ratio_min,structured_missing_or_history_availability,possible_absence_of_history_or_unknown_record,structured_missing_handling_candidate_later,feature_engineering_and_modeling,no
pos_has_future_installment_ratio_mean,structured_missing_or_history_availability,possible_absence_of_history_or_unknown_record,structured_missing_handling_candidate_later,feature_engineering_and_modeling,no
pos_has_future_installment_ratio_max,structured_missing_or_history_availability,possible_absence_of_history_or_unknown_record,structured_missing_handling_candidate_later,feature_engineering_and_modeling,no
pos_has_future_installment_ratio_min,structured_missing_or_history_availability,possible_absence_of_history_or_unknown_record,structured_missing_handling_candidate_later,feature_engineering_and_modeling,no
pos_latest_progress_ratio_mean,structured_missing_or_history_availability,possible_absence_of_history_or_unknown_record,structured_missing_handling_candidate_later,feature_engineering_and_modeling,no
pos_latest_progress_ratio_max,structured_missing_or_history_availability,possible_absence_of_history_or_unknown_record,structured_missing_handling_candidate_later,feature_engineering_and_modeling,no
pos_latest_progress_ratio_min,structured_missing_or_history_availability,possible_absence_of_history_or_unknown_record,structured_missing_handling_candidate_later,feature_engineering_and_modeling,no
pos_latest_future_ratio_mean,structured_missing_or_history_availability,possible_absence_of_history_or_unknown_record,structured_missing_handling_candidate_later,feature_engineering_and_modeling,no
pos_latest_future_ratio_max,structured_missing_or_history_availability,possible_absence_of_history_or_unknown_record,structured_missing_handling_candidate_later,feature_engineering_and_modeling,no
pos_latest_future_ratio_min,structured_missing_or_history_availability,possible_absence_of_history_or_unknown_record,structured_missing_handling_candidate_later,feature_engineering_and_modeling,no
pos_dpd_sum_mean,structured_missing_or_history_availability,possible_absence_of_history_or_unknown_record,structured_missing_handling_candidate_later,feature_engineering_and_modeling,no
pos_dpd_sum_max,structured_missing_or_history_availability,possible_absence_of_history_or_unknown_record,structured_missing_handling_candidate_later,feature_engineering_and_modeling,no
pos_dpd_sum_min,structured_missing_or_history_availability,possible_absence_of_history_or_unknown_record,structured_missing_handling_candidate_later,feature_engineering_and_modeling,no
pos_dpd_sum_sum,structured_missing_or_history_availability,possible_absence_of_history_or_unknown_record,structured_missing_handling_candidate_later,feature_engineering_and_modeling,no
pos_dpd_mean_mean,structured_missing_or_history_availability,possible_absence_of_history_or_unknown_record,structured_missing_handling_candidate_later,feature_engineering_and_modeling,no
pos_dpd_mean_max,structured_missing_or_history_availability,possible_absence_of_history_or_unknown_record,structured_missing_handling_candidate_later,feature_engineering_and_modeling,no
pos_dpd_mean_min,structured_missing_or_history_availability,possible_absence_of_history_or_unknown_record,structured_missing_handling_candidate_later,feature_engineering_and_modeling,no
pos_dpd_mean_sum,structured_missing_or_history_availability,possible_absence_of_history_or_unknown_record,structured_missing_handling_candidate_later,feature_engineering_and_modeling,no
pos_dpd_max_mean,structured_missing_or_history_availability,possible_absence_of_history_or_unknown_record,structured_missing_handling_candidate_later,feature_engineering_and_modeling,no
pos_dpd_max_max,structured_missing_or_history_availability,possible_absence_of_history_or_unknown_record,structured_missing_handling_candidate_later,feature_engineering_and_modeling,no
pos_dpd_max_min,structured_missing_or_history_availability,possible_absence_of_history_or_unknown_record,structured_missing_handling_candidate_later,feature_engineering_and_modeling,no
pos_dpd_max_sum,structured_missing_or_history_availability,possible_absence_of_history_or_unknown_record,structured_missing_handling_candidate_later,feature_engineering_and_modeling,no
pos_dpd_def_sum_mean,structured_missing_or_history_availability,possible_absence_of_history_or_unknown_record,structured_missing_handling_candidate_later,feature_engineering_and_modeling,no
pos_dpd_def_sum_max,structured_missing_or_history_availability,possible_absence_of_history_or_unknown_record,structured_missing_handling_candidate_later,feature_engineering_and_modeling,no
pos_dpd_def_sum_min,structured_missing_or_history_availability,possible_absence_of_history_or_unknown_record,structured_missing_handling_candidate_later,feature_engineering_and_modeling,no
pos_dpd_def_sum_sum,structured_missing_or_history_availability,possible_absence_of_history_or_unknown_record,structured_missing_handling_candidate_later,feature_engineering_and_modeling,no
pos_dpd_def_mean_mean,structured_missing_or_history_availability,possible_absence_of_history_or_unknown_record,structured_missing_handling_candidate_later,feature_engineering_and_modeling,no
pos_dpd_def_mean_max,structured_missing_or_history_availability,possible_absence_of_history_or_unknown_record,structured_missing_handling_candidate_later,feature_engineering_and_modeling,no
pos_dpd_def_mean_min,structured_missing_or_history_availability,possible_absence_of_history_or_unknown_record,structured_missing_handling_candidate_later,feature_engineering_and_modeling,no
pos_dpd_def_mean_sum,structured_missing_or_history_availability,possible_absence_of_history_or_unknown_record,structured_missing_handling_candidate_later,feature_engineering_and_modeling,no
pos_dpd_def_max_mean,structured_missing_or_history_availability,possible_absence_of_history_or_unknown_record,structured_missing_handling_candidate_later,feature_engineering_and_modeling,no
pos_dpd_def_max_max,structured_missing_or_history_availability,possible_absence_of_history_or_unknown_record,structured_missing_handling_candidate_later,feature_engineering_and_modeling,no
pos_dpd_def_max_min,structured_missing_or_history_availability,possible_absence_of_history_or_unknown_record,structured_missing_handling_candidate_later,feature_engineering_and_modeling,no
pos_dpd_def_max_sum,structured_missing_or_history_availability,possible_absence_of_history_or_unknown_record,structured_missing_handling_candidate_later,feature_engineering_and_modeling,no
pos_cnt_instalment_mean_mean,structured_missing_or_history_availability,possible_absence_of_history_or_unknown_record,structured_missing_handling_candidate_later,feature_engineering_and_modeling,no
pos_cnt_instalment_mean_max,structured_missing_or_history_availability,possible_absence_of_history_or_unknown_record,structured_missing_handling_candidate_later,feature_engineering_and_modeling,no
pos_cnt_instalment_mean_min,structured_missing_or_history_availability,possible_absence_of_history_or_unknown_record,structured_missing_handling_candidate_later,feature_engineering_and_modeling,no
pos_cnt_instalment_mean_sum,structured_missing_or_history_availability,possible_absence_of_history_or_unknown_record,structured_missing_handling_candidate_later,feature_engineering_and_modeling,no
pos_cnt_instalment_max_mean,structured_missing_or_history_availability,possible_absence_of_history_or_unknown_record,structured_missing_handling_candidate_later,feature_engineering_and_modeling,no
pos_cnt_instalment_max_max,structured_missing_or_history_availability,possible_absence_of_history_or_unknown_record,structured_missing_handling_candidate_later,feature_engineering_and_modeling,no
pos_cnt_instalment_max_min,structured_missing_or_history_availability,possible_absence_of_history_or_unknown_record,structured_missing_handling_candidate_later,feature_engineering_and_modeling,no
pos_cnt_instalment_max_sum,structured_missing_or_history_availability,possible_absence_of_history_or_unknown_record,structured_missing_handling_candidate_later,feature_engineering_and_modeling,no
pos_cnt_instalment_future_mean_mean,structured_missing_or_history_availability,possible_absence_of_history_or_unknown_record,structured_missing_handling_candidate_later,feature_engineering_and_modeling,no
pos_cnt_instalment_future_mean_max,structured_missing_or_history_availability,possible_absence_of_history_or_unknown_record,structured_missing_handling_candidate_later,feature_engineering_and_modeling,no
pos_cnt_instalment_future_mean_min,structured_missing_or_history_availability,possible_absence_of_history_or_unknown_record,structured_missing_handling_candidate_later,feature_engineering_and_modeling,no
pos_cnt_instalment_future_mean_sum,structured_missing_or_history_availability,possible_absence_of_history_or_unknown_record,structured_missing_handling_candidate_later,feature_engineering_and_modeling,no
pos_cnt_instalment_future_max_mean,structured_missing_or_history_availability,possible_absence_of_history_or_unknown_record,structured_missing_handling_candidate_later,feature_engineering_and_modeling,no
pos_cnt_instalment_future_max_max,structured_missing_or_history_availability,possible_absence_of_history_or_unknown_record,structured_missing_handling_candidate_later,feature_engineering_and_modeling,no
pos_cnt_instalment_future_max_min,structured_missing_or_history_availability,possible_absence_of_history_or_unknown_record,structured_missing_handling_candidate_later,feature_engineering_and_modeling,no
pos_cnt_instalment_future_max_sum,structured_missing_or_history_availability,possible_absence_of_history_or_unknown_record,structured_missing_handling_candidate_later,feature_engineering_and_modeling,no
pos_paid_installment_mean_mean,structured_missing_or_history_availability,possible_absence_of_history_or_unknown_record,structured_missing_handling_candidate_later,feature_engineering_and_modeling,no
pos_paid_installment_mean_max,structured_missing_or_history_availability,possible_absence_of_history_or_unknown_record,structured_missing_handling_candidate_later,feature_engineering_and_modeling,no
pos_paid_installment_mean_min,structured_missing_or_history_availability,possible_absence_of_history_or_unknown_record,structured_missing_handling_candidate_later,feature_engineering_and_modeling,no
pos_paid_installment_mean_sum,structured_missing_or_history_availability,possible_absence_of_history_or_unknown_record,structured_missing_handling_candidate_later,feature_engineering_and_modeling,no
pos_paid_installment_max_mean,structured_missing_or_history_availability,possible_absence_of_history_or_unknown_record,structured_missing_handling_candidate_later,feature_engineering_and_modeling,no
pos_paid_installment_max_max,structured_missing_or_history_availability,possible_absence_of_history_or_unknown_record,structured_missing_handling_candidate_later,feature_engineering_and_modeling,no
pos_paid_installment_max_min,structured_missing_or_history_availability,possible_absence_of_history_or_unknown_record,structured_missing_handling_candidate_later,feature_engineering_and_modeling,no
pos_paid_installment_max_sum,structured_missing_or_history_availability,possible_absence_of_history_or_unknown_record,structured_missing_handling_candidate_later,feature_engineering_and_modeling,no
pos_progress_ratio_mean_mean,structured_missing_or_history_availability,possible_absence_of_history_or_unknown_record,structured_missing_handling_candidate_later,feature_engineering_and_modeling,no
pos_progress_ratio_mean_max,structured_missing_or_history_availability,possible_absence_of_history_or_unknown_record,structured_missing_handling_candidate_later,feature_engineering_and_modeling,no
pos_progress_ratio_mean_min,structured_missing_or_history_availability,possible_absence_of_history_or_unknown_record,structured_missing_handling_candidate_later,feature_engineering_and_modeling,no
pos_progress_ratio_mean_sum,structured_missing_or_history_availability,possible_absence_of_history_or_unknown_record,structured_missing_handling_candidate_later,feature_engineering_and_modeling,no
pos_progress_ratio_max_mean,structured_missing_or_history_availability,possible_absence_of_history_or_unknown_record,structured_missing_handling_candidate_later,feature_engineering_and_modeling,no
pos_progress_ratio_max_max,structured_missing_or_history_availability,possible_absence_of_history_or_unknown_record,structured_missing_handling_candidate_later,feature_engineering_and_modeling,no
pos_progress_ratio_max_min,structured_missing_or_history_availability,possible_absence_of_history_or_unknown_record,structured_missing_handling_candidate_later,feature_engineering_and_modeling,no
pos_progress_ratio_max_sum,structured_missing_or_history_availability,possible_absence_of_history_or_unknown_record,structured_missing_handling_candidate_later,feature_engineering_and_modeling,no
pos_future_ratio_mean_mean,structured_missing_or_history_availability,possible_absence_of_history_or_unknown_record,structured_missing_handling_candidate_later,feature_engineering_and_modeling,no
pos_future_ratio_mean_max,structured_missing_or_history_availability,possible_absence_of_history_or_unknown_record,structured_missing_handling_candidate_later,feature_engineering_and_modeling,no
pos_future_ratio_mean_min,structured_missing_or_history_availability,possible_absence_of_history_or_unknown_record,structured_missing_handling_candidate_later,feature_engineering_and_modeling,no
pos_future_ratio_mean_sum,structured_missing_or_history_availability,possible_absence_of_history_or_unknown_record,structured_missing_handling_candidate_later,feature_engineering_and_modeling,no
pos_future_ratio_max_mean,structured_missing_or_history_availability,possible_absence_of_history_or_unknown_record,structured_missing_handling_candidate_later,feature_engineering_and_modeling,no
pos_future_ratio_max_max,structured_missing_or_history_availability,possible_absence_of_history_or_unknown_record,structured_missing_handling_candidate_later,feature_engineering_and_modeling,no
pos_future_ratio_max_min,structured_missing_or_history_availability,possible_absence_of_history_or_unknown_record,structured_missing_handling_candidate_later,feature_engineering_and_modeling,no
pos_future_ratio_max_sum,structured_missing_or_history_availability,possible_absence_of_history_or_unknown_record,structured_missing_handling_candidate_later,feature_engineering_and_modeling,no
pos_cnt_instalment_unique_count_mean_y,structured_missing_or_history_availability,possible_absence_of_history_or_unknown_record,structured_missing_handling_candidate_later,feature_engineering_and_modeling,no
pos_cnt_instalment_unique_count_max_y,structured_missing_or_history_availability,possible_absence_of_history_or_unknown_record,structured_missing_handling_candidate_later,feature_engineering_and_modeling,no
pos_cnt_instalment_unique_count_min,structured_missing_or_history_availability,possible_absence_of_history_or_unknown_record,structured_missing_handling_candidate_later,feature_engineering_and_modeling,no
pos_cnt_instalment_unique_count_sum_y,structured_missing_or_history_availability,possible_absence_of_history_or_unknown_record,structured_missing_handling_candidate_later,feature_engineering_and_modeling,no
pos_cnt_instalment_range_mean,structured_missing_or_history_availability,possible_absence_of_history_or_unknown_record,structured_missing_handling_candidate_later,feature_engineering_and_modeling,no
pos_cnt_instalment_range_max,structured_missing_or_history_availability,possible_absence_of_history_or_unknown_record,structured_missing_handling_candidate_later,feature_engineering_and_modeling,no
pos_cnt_instalment_range_min,structured_missing_or_history_availability,possible_absence_of_history_or_unknown_record,structured_missing_handling_candidate_later,feature_engineering_and_modeling,no
pos_cnt_instalment_range_sum,structured_missing_or_history_availability,possible_absence_of_history_or_unknown_record,structured_missing_handling_candidate_later,feature_engineering_and_modeling,no
pos_cnt_future_range_mean,structured_missing_or_history_availability,possible_absence_of_history_or_unknown_record,structured_missing_handling_candidate_later,feature_engineering_and_modeling,no
pos_cnt_future_range_max,structured_missing_or_history_availability,possible_absence_of_history_or_unknown_record,structured_missing_handling_candidate_later,feature_engineering_and_modeling,no
pos_cnt_future_range_min,structured_missing_or_history_availability,possible_absence_of_history_or_unknown_record,structured_missing_handling_candidate_later,feature_engineering_and_modeling,no
pos_cnt_future_range_sum,structured_missing_or_history_availability,possible_absence_of_history_or_unknown_record,structured_missing_handling_candidate_later,feature_engineering_and_modeling,no
pos_instalment_change_flag_mean,structured_missing_or_history_availability,possible_absence_of_history_or_unknown_record,structured_missing_handling_candidate_later,feature_engineering_and_modeling,no
pos_instalment_change_flag_max,structured_missing_or_history_availability,possible_absence_of_history_or_unknown_record,structured_missing_handling_candidate_later,feature_engineering_and_modeling,no
pos_instalment_change_flag_min,structured_missing_or_history_availability,possible_absence_of_history_or_unknown_record,structured_missing_handling_candidate_later,feature_engineering_and_modeling,no
pos_instalment_change_flag_sum,structured_missing_or_history_availability,possible_absence_of_history_or_unknown_record,structured_missing_handling_candidate_later,feature_engineering_and_modeling,no
pos_contract_with_dpd_count,structured_missing_or_history_availability,possible_absence_of_history_or_unknown_record,structured_missing_handling_candidate_later,feature_engineering_and_modeling,no
pos_contract_with_dpd_ratio,structured_missing_or_history_availability,possible_absence_of_history_or_unknown_record,structured_missing_handling_candidate_later,feature_engineering_and_modeling,no
pos_contract_with_dpd_def_count,structured_missing_or_history_availability,possible_absence_of_history_or_unknown_record,structured_missing_handling_candidate_later,feature_engineering_and_modeling,no
pos_contract_with_dpd_def_ratio,structured_missing_or_history_availability,possible_absence_of_history_or_unknown_record,structured_missing_handling_candidate_later,feature_engineering_and_modeling,no
pos_contract_with_dpd_30plus_count,structured_missing_or_history_availability,possible_absence_of_history_or_unknown_record,structured_missing_handling_candidate_later,feature_engineering_and_modeling,no
pos_contract_with_dpd_30plus_ratio,structured_missing_or_history_availability,possible_absence_of_history_or_unknown_record,structured_missing_handling_candidate_later,feature_engineering_and_modeling,no
pos_contract_with_dpd_60plus_count,structured_missing_or_history_availability,possible_absence_of_history_or_unknown_record,structured_missing_handling_candidate_later,feature_engineering_and_modeling,no
pos_contract_with_dpd_60plus_ratio,structured_missing_or_history_availability,possible_absence_of_history_or_unknown_record,structured_missing_handling_candidate_later,feature_engineering_and_modeling,no
pos_contract_with_dpd_90plus_count,structured_missing_or_history_availability,possible_absence_of_history_or_unknown_record,structured_missing_handling_candidate_later,feature_engineering_and_modeling,no
pos_contract_with_dpd_90plus_ratio,structured_missing_or_history_availability,possible_absence_of_history_or_unknown_record,structured_missing_handling_candidate_later,feature_engineering_and_modeling,no
pos_contract_with_dpd_def_30plus_count,structured_missing_or_history_availability,possible_absence_of_history_or_unknown_record,structured_missing_handling_candidate_later,feature_engineering_and_modeling,no
pos_contract_with_dpd_def_30plus_ratio,structured_missing_or_history_availability,possible_absence_of_history_or_unknown_record,structured_missing_handling_candidate_later,feature_engineering_and_modeling,no
pos_contract_with_dpd_def_60plus_count,structured_missing_or_history_availability,possible_absence_of_history_or_unknown_record,structured_missing_handling_candidate_later,feature_engineering_and_modeling,no
pos_contract_with_dpd_def_60plus_ratio,structured_missing_or_history_availability,possible_absence_of_history_or_unknown_record,structured_missing_handling_candidate_later,feature_engineering_and_modeling,no
pos_contract_with_dpd_def_90plus_count,structured_missing_or_history_availability,possible_absence_of_history_or_unknown_record,structured_missing_handling_candidate_later,feature_engineering_and_modeling,no
pos_contract_with_dpd_def_90plus_ratio,structured_missing_or_history_availability,possible_absence_of_history_or_unknown_record,structured_missing_handling_candidate_later,feature_engineering_and_modeling,no
pos_contract_with_instalment_change_count,structured_missing_or_history_availability,possible_absence_of_history_or_unknown_record,structured_missing_handling_candidate_later,feature_engineering_and_modeling,no
pos_contract_with_instalment_change_ratio,structured_missing_or_history_availability,possible_absence_of_history_or_unknown_record,structured_missing_handling_candidate_later,feature_engineering_and_modeling,no
pos_latest_months_balance,structured_missing_or_history_availability,possible_absence_of_history_or_unknown_record,structured_missing_handling_candidate_later,feature_engineering_and_modeling,no
pos_latest_status_active_flag,structured_missing_or_history_availability,possible_absence_of_history_or_unknown_record,structured_missing_handling_candidate_later,feature_engineering_and_modeling,no
pos_latest_status_completed_flag,structured_missing_or_history_availability,possible_absence_of_history_or_unknown_record,structured_missing_handling_candidate_later,feature_engineering_and_modeling,no
pos_latest_status_signed_flag,structured_missing_or_history_availability,possible_absence_of_history_or_unknown_record,structured_missing_handling_candidate_later,feature_engineering_and_modeling,no
pos_latest_status_demand_flag,structured_missing_or_history_availability,possible_absence_of_history_or_unknown_record,structured_missing_handling_candidate_later,feature_engineering_and_modeling,no
pos_latest_status_returned_flag,structured_missing_or_history_availability,possible_absence_of_history_or_unknown_record,structured_missing_handling_candidate_later,feature_engineering_and_modeling,no
pos_latest_status_approved_flag,structured_missing_or_history_availability,possible_absence_of_history_or_unknown_record,structured_missing_handling_candidate_later,feature_engineering_and_modeling,no
pos_latest_status_canceled_flag,structured_missing_or_history_availability,possible_absence_of_history_or_unknown_record,structured_missing_handling_candidate_later,feature_engineering_and_modeling,no
pos_latest_status_amortized_debt_flag,structured_missing_or_history_availability,possible_absence_of_history_or_unknown_record,structured_missing_handling_candidate_later,feature_engineering_and_modeling,no
pos_latest_dpd,structured_missing_or_history_availability,possible_absence_of_history_or_unknown_record,structured_missing_handling_candidate_later,feature_engineering_and_modeling,no
pos_latest_dpd_def,structured_missing_or_history_availability,possible_absence_of_history_or_unknown_record,structured_missing_handling_candidate_later,feature_engineering_and_modeling,no
pos_latest_has_dpd,structured_missing_or_history_availability,possible_absence_of_history_or_unknown_record,structured_missing_handling_candidate_later,feature_engineering_and_modeling,no
pos_latest_has_dpd_def,structured_missing_or_history_availability,possible_absence_of_history_or_unknown_record,structured_missing_handling_candidate_later,feature_engineering_and_modeling,no
pos_latest_dpd_30plus_flag,structured_missing_or_history_availability,possible_absence_of_history_or_unknown_record,structured_missing_handling_candidate_later,feature_engineering_and_modeling,no
pos_latest_dpd_60plus_flag,structured_missing_or_history_availability,possible_absence_of_history_or_unknown_record,structured_missing_handling_candidate_later,feature_engineering_and_modeling,no
pos_latest_dpd_90plus_flag,structured_missing_or_history_availability,possible_absence_of_history_or_unknown_record,structured_missing_handling_candidate_later,feature_engineering_and_modeling,no
pos_latest_cnt_instalment,structured_missing_or_history_availability,possible_absence_of_history_or_unknown_record,structured_missing_handling_candidate_later,feature_engineering_and_modeling,no
pos_latest_cnt_instalment_future,structured_missing_or_history_availability,possible_absence_of_history_or_unknown_record,structured_missing_handling_candidate_later,feature_engineering_and_modeling,no
pos_latest_paid_installment_count,structured_missing_or_history_availability,possible_absence_of_history_or_unknown_record,structured_missing_handling_candidate_later,feature_engineering_and_modeling,no
pos_latest_progress_ratio,structured_missing_or_history_availability,possible_absence_of_history_or_unknown_record,structured_missing_handling_candidate_later,feature_engineering_and_modeling,no
pos_latest_future_ratio,structured_missing_or_history_availability,possible_absence_of_history_or_unknown_record,structured_missing_handling_candidate_later,feature_engineering_and_modeling,no
pos_latest_near_completion_flag,structured_missing_or_history_availability,possible_absence_of_history_or_unknown_record,structured_missing_handling_candidate_later,feature_engineering_and_modeling,no
pos_latest_completed_by_future_flag,structured_missing_or_history_availability,possible_absence_of_history_or_unknown_record,structured_missing_handling_candidate_later,feature_engineering_and_modeling,no
pos_latest_has_future_installment_flag,structured_missing_or_history_availability,possible_absence_of_history_or_unknown_record,structured_missing_handling_candidate_later,feature_engineering_and_modeling,no
has_installment_history,structured_missing_or_history_availability,possible_absence_of_history_or_unknown_record,structured_missing_handling_candidate_later,feature_engineering_and_modeling,no
inst_installment_count_sum_x,structured_missing_or_history_availability,possible_absence_of_history_or_unknown_record,structured_missing_handling_candidate_later,feature_engineering_and_modeling,no
inst_installment_count_mean_x,structured_missing_or_history_availability,possible_absence_of_history_or_unknown_record,structured_missing_handling_candidate_later,feature_engineering_and_modeling,no
inst_installment_count_max_x,structured_missing_or_history_availability,possible_absence_of_history_or_unknown_record,structured_missing_handling_candidate_later,feature_engineering_and_modeling,no
inst_installment_number_span_mean_x,structured_missing_or_history_availability,possible_absence_of_history_or_unknown_record,structured_missing_handling_candidate_later,feature_engineering_and_modeling,no
inst_installment_number_span_max_x,structured_missing_or_history_availability,possible_absence_of_history_or_unknown_record,structured_missing_handling_candidate_later,feature_engineering_and_modeling,no
inst_installment_count_sum_y,structured_missing_or_history_availability,possible_absence_of_history_or_unknown_record,structured_missing_handling_candidate_later,feature_engineering_and_modeling,no
inst_installment_count_mean_y,structured_missing_or_history_availability,possible_absence_of_history_or_unknown_record,structured_missing_handling_candidate_later,feature_engineering_and_modeling,no
inst_installment_count_max_y,structured_missing_or_history_availability,possible_absence_of_history_or_unknown_record,structured_missing_handling_candidate_later,feature_engineering_and_modeling,no
inst_installment_number_min_mean,structured_missing_or_history_availability,possible_absence_of_history_or_unknown_record,structured_missing_handling_candidate_later,feature_engineering_and_modeling,no
inst_installment_number_min_max,structured_missing_or_history_availability,possible_absence_of_history_or_unknown_record,structured_missing_handling_candidate_later,feature_engineering_and_modeling,no
inst_installment_number_min_min,structured_missing_or_history_availability,possible_absence_of_history_or_unknown_record,structured_missing_handling_candidate_later,feature_engineering_and_modeling,no
inst_installment_number_min_sum,structured_missing_or_history_availability,possible_absence_of_history_or_unknown_record,structured_missing_handling_candidate_later,feature_engineering_and_modeling,no
inst_installment_number_max_mean,structured_missing_or_history_availability,possible_absence_of_history_or_unknown_record,structured_missing_handling_candidate_later,feature_engineering_and_modeling,no
inst_installment_number_max_max,structured_missing_or_history_availability,possible_absence_of_history_or_unknown_record,structured_missing_handling_candidate_later,feature_engineering_and_modeling,no
inst_installment_number_max_min,structured_missing_or_history_availability,possible_absence_of_history_or_unknown_record,structured_missing_handling_candidate_later,feature_engineering_and_modeling,no
inst_installment_number_max_sum,structured_missing_or_history_availability,possible_absence_of_history_or_unknown_record,structured_missing_handling_candidate_later,feature_engineering_and_modeling,no
inst_installment_number_span_mean_y,structured_missing_or_history_availability,possible_absence_of_history_or_unknown_record,structured_missing_handling_candidate_later,feature_engineering_and_modeling,no
inst_installment_number_span_max_y,structured_missing_or_history_availability,possible_absence_of_history_or_unknown_record,structured_missing_handling_candidate_later,feature_engineering_and_modeling,no
inst_installment_number_span_min,structured_missing_or_history_availability,possible_absence_of_history_or_unknown_record,structured_missing_handling_candidate_later,feature_engineering_and_modeling,no
inst_installment_number_span_sum,structured_missing_or_history_availability,possible_absence_of_history_or_unknown_record,structured_missing_handling_candidate_later,feature_engineering_and_modeling,no
has_credit_card_history,structured_missing_or_history_availability,possible_absence_of_history_or_unknown_record,structured_missing_handling_candidate_later,feature_engineering_and_modeling,no
cc_contract_count,structured_missing_or_history_availability,possible_absence_of_history_or_unknown_record,structured_missing_handling_candidate_later,feature_engineering_and_modeling,no
cc_month_record_count_sum,structured_missing_or_history_availability,possible_absence_of_history_or_unknown_record,structured_missing_handling_candidate_later,feature_engineering_and_modeling,no
cc_month_record_count_mean,structured_missing_or_history_availability,possible_absence_of_history_or_unknown_record,structured_missing_handling_candidate_later,feature_engineering_and_modeling,no
cc_month_record_count_max,structured_missing_or_history_availability,possible_absence_of_history_or_unknown_record,structured_missing_handling_candidate_later,feature_engineering_and_modeling,no
cc_month_min,structured_missing_or_history_availability,possible_absence_of_history_or_unknown_record,structured_missing_handling_candidate_later,feature_engineering_and_modeling,no
cc_month_max,structured_missing_or_history_availability,possible_absence_of_history_or_unknown_record,structured_missing_handling_candidate_later,feature_engineering_and_modeling,no
cc_month_span_mean_x,structured_missing_or_history_availability,possible_absence_of_history_or_unknown_record,structured_missing_handling_candidate_later,feature_engineering_and_modeling,no
cc_month_span_max_x,structured_missing_or_history_availability,possible_absence_of_history_or_unknown_record,structured_missing_handling_candidate_later,feature_engineering_and_modeling,no
cc_month_count_sum,structured_missing_or_history_availability,possible_absence_of_history_or_unknown_record,structured_missing_handling_candidate_later,feature_engineering_and_modeling,no
cc_month_count_mean,structured_missing_or_history_availability,possible_absence_of_history_or_unknown_record,structured_missing_handling_candidate_later,feature_engineering_and_modeling,no
cc_month_count_max,structured_missing_or_history_availability,possible_absence_of_history_or_unknown_record,structured_missing_handling_candidate_later,feature_engineering_and_modeling,no
cc_status_active_count_sum,structured_missing_or_history_availability,possible_absence_of_history_or_unknown_record,structured_missing_handling_candidate_later,feature_engineering_and_modeling,no
cc_status_active_count_mean,structured_missing_or_history_availability,possible_absence_of_history_or_unknown_record,structured_missing_handling_candidate_later,feature_engineering_and_modeling,no
cc_status_active_count_max,structured_missing_or_history_availability,possible_absence_of_history_or_unknown_record,structured_missing_handling_candidate_later,feature_engineering_and_modeling,no
cc_status_completed_count_sum,structured_missing_or_history_availability,possible_absence_of_history_or_unknown_record,structured_missing_handling_candidate_later,feature_engineering_and_modeling,no
cc_status_completed_count_mean,structured_missing_or_history_availability,possible_absence_of_history_or_unknown_record,structured_missing_handling_candidate_later,feature_engineering_and_modeling,no
cc_status_completed_count_max,structured_missing_or_history_availability,possible_absence_of_history_or_unknown_record,structured_missing_handling_candidate_later,feature_engineering_and_modeling,no
cc_status_signed_count_sum,structured_missing_or_history_availability,possible_absence_of_history_or_unknown_record,structured_missing_handling_candidate_later,feature_engineering_and_modeling,no
cc_status_signed_count_mean,structured_missing_or_history_availability,possible_absence_of_history_or_unknown_record,structured_missing_handling_candidate_later,feature_engineering_and_modeling,no
cc_status_signed_count_max,structured_missing_or_history_availability,possible_absence_of_history_or_unknown_record,structured_missing_handling_candidate_later,feature_engineering_and_modeling,no
cc_status_demand_count_sum,structured_missing_or_history_availability,possible_absence_of_history_or_unknown_record,structured_missing_handling_candidate_later,feature_engineering_and_modeling,no
cc_status_demand_count_mean,structured_missing_or_history_availability,possible_absence_of_history_or_unknown_record,structured_missing_handling_candidate_later,feature_engineering_and_modeling,no
cc_status_demand_count_max,structured_missing_or_history_availability,possible_absence_of_history_or_unknown_record,structured_missing_handling_candidate_later,feature_engineering_and_modeling,no
cc_status_sent_proposal_count_sum,structured_missing_or_history_availability,possible_absence_of_history_or_unknown_record,structured_missing_handling_candidate_later,feature_engineering_and_modeling,no
cc_status_sent_proposal_count_mean,structured_missing_or_history_availability,possible_absence_of_history_or_unknown_record,structured_missing_handling_candidate_later,feature_engineering_and_modeling,no
cc_status_sent_proposal_count_max,structured_missing_or_history_availability,possible_absence_of_history_or_unknown_record,structured_missing_handling_candidate_later,feature_engineering_and_modeling,no
cc_status_refused_count_sum,structured_missing_or_history_availability,possible_absence_of_history_or_unknown_record,structured_missing_handling_candidate_later,feature_engineering_and_modeling,no
cc_status_refused_count_mean,structured_missing_or_history_availability,possible_absence_of_history_or_unknown_record,structured_missing_handling_candidate_later,feature_engineering_and_modeling,no
cc_status_refused_count_max,structured_missing_or_history_availability,possible_absence_of_history_or_unknown_record,structured_missing_handling_candidate_later,feature_engineering_and_modeling,no
cc_status_approved_count_sum,structured_missing_or_history_availability,possible_absence_of_history_or_unknown_record,structured_missing_handling_candidate_later,feature_engineering_and_modeling,no
cc_status_approved_count_mean,structured_missing_or_history_availability,possible_absence_of_history_or_unknown_record,structured_missing_handling_candidate_later,feature_engineering_and_modeling,no
cc_status_approved_count_max,structured_missing_or_history_availability,possible_absence_of_history_or_unknown_record,structured_missing_handling_candidate_later,feature_engineering_and_modeling,no
cc_status_canceled_count_sum,structured_missing_or_history_availability,possible_absence_of_history_or_unknown_record,structured_missing_handling_candidate_later,feature_engineering_and_modeling,no
cc_status_canceled_count_mean,structured_missing_or_history_availability,possible_absence_of_history_or_unknown_record,structured_missing_handling_candidate_later,feature_engineering_and_modeling,no
cc_status_canceled_count_max,structured_missing_or_history_availability,possible_absence_of_history_or_unknown_record,structured_missing_handling_candidate_later,feature_engineering_and_modeling,no
cc_has_dpd_count_sum,structured_missing_or_history_availability,possible_absence_of_history_or_unknown_record,structured_missing_handling_candidate_later,feature_engineering_and_modeling,no
cc_has_dpd_count_mean,structured_missing_or_history_availability,possible_absence_of_history_or_unknown_record,structured_missing_handling_candidate_later,feature_engineering_and_modeling,no
cc_has_dpd_count_max,structured_missing_or_history_availability,possible_absence_of_history_or_unknown_record,structured_missing_handling_candidate_later,feature_engineering_and_modeling,no
cc_has_dpd_def_count_sum,structured_missing_or_history_availability,possible_absence_of_history_or_unknown_record,structured_missing_handling_candidate_later,feature_engineering_and_modeling,no
cc_has_dpd_def_count_mean,structured_missing_or_history_availability,possible_absence_of_history_or_unknown_record,structured_missing_handling_candidate_later,feature_engineering_and_modeling,no
cc_has_dpd_def_count_max,structured_missing_or_history_availability,possible_absence_of_history_or_unknown_record,structured_missing_handling_candidate_later,feature_engineering_and_modeling,no
cc_dpd_30plus_count_sum,structured_missing_or_history_availability,possible_absence_of_history_or_unknown_record,structured_missing_handling_candidate_later,feature_engineering_and_modeling,no
cc_dpd_30plus_count_mean,structured_missing_or_history_availability,possible_absence_of_history_or_unknown_record,structured_missing_handling_candidate_later,feature_engineering_and_modeling,no
cc_dpd_30plus_count_max,structured_missing_or_history_availability,possible_absence_of_history_or_unknown_record,structured_missing_handling_candidate_later,feature_engineering_and_modeling,no
cc_dpd_60plus_count_sum,structured_missing_or_history_availability,possible_absence_of_history_or_unknown_record,structured_missing_handling_candidate_later,feature_engineering_and_modeling,no
cc_dpd_60plus_count_mean,structured_missing_or_history_availability,possible_absence_of_history_or_unknown_record,structured_missing_handling_candidate_later,feature_engineering_and_modeling,no
cc_dpd_60plus_count_max,structured_missing_or_history_availability,possible_absence_of_history_or_unknown_record,structured_missing_handling_candidate_later,feature_engineering_and_modeling,no
cc_dpd_90plus_count_sum,structured_missing_or_history_availability,possible_absence_of_history_or_unknown_record,structured_missing_handling_candidate_later,feature_engineering_and_modeling,no
cc_dpd_90plus_count_mean,structured_missing_or_history_availability,possible_absence_of_history_or_unknown_record,structured_missing_handling_candidate_later,feature_engineering_and_modeling,no
cc_dpd_90plus_count_max,structured_missing_or_history_availability,possible_absence_of_history_or_unknown_record,structured_missing_handling_candidate_later,feature_engineering_and_modeling,no
cc_dpd_def_30plus_count_sum,structured_missing_or_history_availability,possible_absence_of_history_or_unknown_record,structured_missing_handling_candidate_later,feature_engineering_and_modeling,no
cc_dpd_def_30plus_count_mean,structured_missing_or_history_availability,possible_absence_of_history_or_unknown_record,structured_missing_handling_candidate_later,feature_engineering_and_modeling,no
cc_dpd_def_30plus_count_max,structured_missing_or_history_availability,possible_absence_of_history_or_unknown_record,structured_missing_handling_candidate_later,feature_engineering_and_modeling,no
cc_dpd_def_60plus_count_sum,structured_missing_or_history_availability,possible_absence_of_history_or_unknown_record,structured_missing_handling_candidate_later,feature_engineering_and_modeling,no
cc_dpd_def_60plus_count_mean,structured_missing_or_history_availability,possible_absence_of_history_or_unknown_record,structured_missing_handling_candidate_later,feature_engineering_and_modeling,no
cc_dpd_def_60plus_count_max,structured_missing_or_history_availability,possible_absence_of_history_or_unknown_record,structured_missing_handling_candidate_later,feature_engineering_and_modeling,no
cc_dpd_def_90plus_count_sum,structured_missing_or_history_availability,possible_absence_of_history_or_unknown_record,structured_missing_handling_candidate_later,feature_engineering_and_modeling,no
cc_dpd_def_90plus_count_mean,structured_missing_or_history_availability,possible_absence_of_history_or_unknown_record,structured_missing_handling_candidate_later,feature_engineering_and_modeling,no
cc_dpd_def_90plus_count_max,structured_missing_or_history_availability,possible_absence_of_history_or_unknown_record,structured_missing_handling_candidate_later,feature_engineering_and_modeling,no
cc_is_recent_6m_count_sum,structured_missing_or_history_availability,possible_absence_of_history_or_unknown_record,structured_missing_handling_candidate_later,feature_engineering_and_modeling,no
cc_is_recent_6m_count_mean,structured_missing_or_history_availability,possible_absence_of_history_or_unknown_record,structured_missing_handling_candidate_later,feature_engineering_and_modeling,no
cc_is_recent_6m_count_max,structured_missing_or_history_availability,possible_absence_of_history_or_unknown_record,structured_missing_handling_candidate_later,feature_engineering_and_modeling,no
cc_is_recent_12m_count_sum,structured_missing_or_history_availability,possible_absence_of_history_or_unknown_record,structured_missing_handling_candidate_later,feature_engineering_and_modeling,no
cc_is_recent_12m_count_mean,structured_missing_or_history_availability,possible_absence_of_history_or_unknown_record,structured_missing_handling_candidate_later,feature_engineering_and_modeling,no
cc_is_recent_12m_count_max,structured_missing_or_history_availability,possible_absence_of_history_or_unknown_record,structured_missing_handling_candidate_later,feature_engineering_and_modeling,no
cc_is_recent_24m_count_sum,structured_missing_or_history_availability,possible_absence_of_history_or_unknown_record,structured_missing_handling_candidate_later,feature_engineering_and_modeling,no
cc_is_recent_24m_count_mean,structured_missing_or_history_availability,possible_absence_of_history_or_unknown_record,structured_missing_handling_candidate_later,feature_engineering_and_modeling,no
cc_is_recent_24m_count_max,structured_missing_or_history_availability,possible_absence_of_history_or_unknown_record,structured_missing_handling_candidate_later,feature_engineering_and_modeling,no
cc_invalid_credit_limit_count_sum,structured_missing_or_history_availability,possible_absence_of_history_or_unknown_record,structured_missing_handling_candidate_later,feature_engineering_and_modeling,no
cc_invalid_credit_limit_count_mean,structured_missing_or_history_availability,possible_absence_of_history_or_unknown_record,structured_missing_handling_candidate_later,feature_engineering_and_modeling,no
cc_invalid_credit_limit_count_max,structured_missing_or_history_availability,possible_absence_of_history_or_unknown_record,structured_missing_handling_candidate_later,feature_engineering_and_modeling,no
cc_has_balance_count_sum,structured_missing_or_history_availability,possible_absence_of_history_or_unknown_record,structured_missing_handling_candidate_later,feature_engineering_and_modeling,no
cc_has_balance_count_mean,structured_missing_or_history_availability,possible_absence_of_history_or_unknown_record,structured_missing_handling_candidate_later,feature_engineering_and_modeling,no
cc_has_balance_count_max,structured_missing_or_history_availability,possible_absence_of_history_or_unknown_record,structured_missing_handling_candidate_later,feature_engineering_and_modeling,no
cc_has_total_receivable_count_sum,structured_missing_or_history_availability,possible_absence_of_history_or_unknown_record,structured_missing_handling_candidate_later,feature_engineering_and_modeling,no
cc_has_total_receivable_count_mean,structured_missing_or_history_availability,possible_absence_of_history_or_unknown_record,structured_missing_handling_candidate_later,feature_engineering_and_modeling,no
cc_has_total_receivable_count_max,structured_missing_or_history_availability,possible_absence_of_history_or_unknown_record,structured_missing_handling_candidate_later,feature_engineering_and_modeling,no
cc_high_utilization_30plus_count_sum,structured_missing_or_history_availability,possible_absence_of_history_or_unknown_record,structured_missing_handling_candidate_later,feature_engineering_and_modeling,no
cc_high_utilization_30plus_count_mean,structured_missing_or_history_availability,possible_absence_of_history_or_unknown_record,structured_missing_handling_candidate_later,feature_engineering_and_modeling,no
cc_high_utilization_30plus_count_max,structured_missing_or_history_availability,possible_absence_of_history_or_unknown_record,structured_missing_handling_candidate_later,feature_engineering_and_modeling,no
cc_high_utilization_50plus_count_sum,structured_missing_or_history_availability,possible_absence_of_history_or_unknown_record,structured_missing_handling_candidate_later,feature_engineering_and_modeling,no
cc_high_utilization_50plus_count_mean,structured_missing_or_history_availability,possible_absence_of_history_or_unknown_record,structured_missing_handling_candidate_later,feature_engineering_and_modeling,no
cc_high_utilization_50plus_count_max,structured_missing_or_history_availability,possible_absence_of_history_or_unknown_record,structured_missing_handling_candidate_later,feature_engineering_and_modeling,no
cc_high_utilization_80plus_count_sum,structured_missing_or_history_availability,possible_absence_of_history_or_unknown_record,structured_missing_handling_candidate_later,feature_engineering_and_modeling,no
cc_high_utilization_80plus_count_mean,structured_missing_or_history_availability,possible_absence_of_history_or_unknown_record,structured_missing_handling_candidate_later,feature_engineering_and_modeling,no
cc_high_utilization_80plus_count_max,structured_missing_or_history_availability,possible_absence_of_history_or_unknown_record,structured_missing_handling_candidate_later,feature_engineering_and_modeling,no
cc_high_utilization_100plus_count_sum,structured_missing_or_history_availability,possible_absence_of_history_or_unknown_record,structured_missing_handling_candidate_later,feature_engineering_and_modeling,no
cc_high_utilization_100plus_count_mean,structured_missing_or_history_availability,possible_absence_of_history_or_unknown_record,structured_missing_handling_candidate_later,feature_engineering_and_modeling,no
cc_high_utilization_100plus_count_max,structured_missing_or_history_availability,possible_absence_of_history_or_unknown_record,structured_missing_handling_candidate_later,feature_engineering_and_modeling,no
cc_over_limit_flag_count_sum,structured_missing_or_history_availability,possible_absence_of_history_or_unknown_record,structured_missing_handling_candidate_later,feature_engineering_and_modeling,no
cc_over_limit_flag_count_mean,structured_missing_or_history_availability,possible_absence_of_history_or_unknown_record,structured_missing_handling_candidate_later,feature_engineering_and_modeling,no
cc_over_limit_flag_count_max,structured_missing_or_history_availability,possible_absence_of_history_or_unknown_record,structured_missing_handling_candidate_later,feature_engineering_and_modeling,no
cc_has_payment_current_count_sum,structured_missing_or_history_availability,possible_absence_of_history_or_unknown_record,structured_missing_handling_candidate_later,feature_engineering_and_modeling,no
cc_has_payment_current_count_mean,structured_missing_or_history_availability,possible_absence_of_history_or_unknown_record,structured_missing_handling_candidate_later,feature_engineering_and_modeling,no
cc_has_payment_current_count_max,structured_missing_or_history_availability,possible_absence_of_history_or_unknown_record,structured_missing_handling_candidate_later,feature_engineering_and_modeling,no
cc_has_payment_total_count_sum,structured_missing_or_history_availability,possible_absence_of_history_or_unknown_record,structured_missing_handling_candidate_later,feature_engineering_and_modeling,no
cc_has_payment_total_count_mean,structured_missing_or_history_availability,possible_absence_of_history_or_unknown_record,structured_missing_handling_candidate_later,feature_engineering_and_modeling,no
cc_has_payment_total_count_max,structured_missing_or_history_availability,possible_absence_of_history_or_unknown_record,structured_missing_handling_candidate_later,feature_engineering_and_modeling,no
cc_has_min_instalment_count_sum,structured_missing_or_history_availability,possible_absence_of_history_or_unknown_record,structured_missing_handling_candidate_later,feature_engineering_and_modeling,no
cc_has_min_instalment_count_mean,structured_missing_or_history_availability,possible_absence_of_history_or_unknown_record,structured_missing_handling_candidate_later,feature_engineering_and_modeling,no
cc_has_min_instalment_count_max,structured_missing_or_history_availability,possible_absence_of_history_or_unknown_record,structured_missing_handling_candidate_later,feature_engineering_and_modeling,no
cc_payment_less_than_min_instalment_count_sum,structured_missing_or_history_availability,possible_absence_of_history_or_unknown_record,structured_missing_handling_candidate_later,feature_engineering_and_modeling,no
cc_payment_less_than_min_instalment_count_mean,structured_missing_or_history_availability,possible_absence_of_history_or_unknown_record,structured_missing_handling_candidate_later,feature_engineering_and_modeling,no
cc_payment_less_than_min_instalment_count_max,structured_missing_or_history_availability,possible_absence_of_history_or_unknown_record,structured_missing_handling_candidate_later,feature_engineering_and_modeling,no
cc_payment_near_min_instalment_count_sum,structured_missing_or_history_availability,possible_absence_of_history_or_unknown_record,structured_missing_handling_candidate_later,feature_engineering_and_modeling,no
cc_payment_near_min_instalment_count_mean,structured_missing_or_history_availability,possible_absence_of_history_or_unknown_record,structured_missing_handling_candidate_later,feature_engineering_and_modeling,no
cc_payment_near_min_instalment_count_max,structured_missing_or_history_availability,possible_absence_of_history_or_unknown_record,structured_missing_handling_candidate_later,feature_engineering_and_modeling,no
cc_no_payment_with_balance_count_sum,structured_missing_or_history_availability,possible_absence_of_history_or_unknown_record,structured_missing_handling_candidate_later,feature_engineering_and_modeling,no
cc_no_payment_with_balance_count_mean,structured_missing_or_history_availability,possible_absence_of_history_or_unknown_record,structured_missing_handling_candidate_later,feature_engineering_and_modeling,no
cc_no_payment_with_balance_count_max,structured_missing_or_history_availability,possible_absence_of_history_or_unknown_record,structured_missing_handling_candidate_later,feature_engineering_and_modeling,no
cc_has_drawing_count_sum,structured_missing_or_history_availability,possible_absence_of_history_or_unknown_record,structured_missing_handling_candidate_later,feature_engineering_and_modeling,no
cc_has_drawing_count_mean,structured_missing_or_history_availability,possible_absence_of_history_or_unknown_record,structured_missing_handling_candidate_later,feature_engineering_and_modeling,no
cc_has_drawing_count_max,structured_missing_or_history_availability,possible_absence_of_history_or_unknown_record,structured_missing_handling_candidate_later,feature_engineering_and_modeling,no
cc_has_atm_drawing_count_sum,structured_missing_or_history_availability,possible_absence_of_history_or_unknown_record,structured_missing_handling_candidate_later,feature_engineering_and_modeling,no
cc_has_atm_drawing_count_mean,structured_missing_or_history_availability,possible_absence_of_history_or_unknown_record,structured_missing_handling_candidate_later,feature_engineering_and_modeling,no
cc_has_atm_drawing_count_max,structured_missing_or_history_availability,possible_absence_of_history_or_unknown_record,structured_missing_handling_candidate_later,feature_engineering_and_modeling,no
cc_has_pos_drawing_count_sum,structured_missing_or_history_availability,possible_absence_of_history_or_unknown_record,structured_missing_handling_candidate_later,feature_engineering_and_modeling,no
cc_has_pos_drawing_count_mean,structured_missing_or_history_availability,possible_absence_of_history_or_unknown_record,structured_missing_handling_candidate_later,feature_engineering_and_modeling,no
cc_has_pos_drawing_count_max,structured_missing_or_history_availability,possible_absence_of_history_or_unknown_record,structured_missing_handling_candidate_later,feature_engineering_and_modeling,no
cc_has_other_drawing_count_sum,structured_missing_or_history_availability,possible_absence_of_history_or_unknown_record,structured_missing_handling_candidate_later,feature_engineering_and_modeling,no
cc_has_other_drawing_count_mean,structured_missing_or_history_availability,possible_absence_of_history_or_unknown_record,structured_missing_handling_candidate_later,feature_engineering_and_modeling,no
cc_has_other_drawing_count_max,structured_missing_or_history_availability,possible_absence_of_history_or_unknown_record,structured_missing_handling_candidate_later,feature_engineering_and_modeling,no
cc_has_drawing_count_count_sum,structured_missing_or_history_availability,possible_absence_of_history_or_unknown_record,structured_missing_handling_candidate_later,feature_engineering_and_modeling,no
cc_has_drawing_count_count_mean,structured_missing_or_history_availability,possible_absence_of_history_or_unknown_record,structured_missing_handling_candidate_later,feature_engineering_and_modeling,no
cc_has_drawing_count_count_max,structured_missing_or_history_availability,possible_absence_of_history_or_unknown_record,structured_missing_handling_candidate_later,feature_engineering_and_modeling,no
cc_has_atm_drawing_count_count_sum,structured_missing_or_history_availability,possible_absence_of_history_or_unknown_record,structured_missing_handling_candidate_later,feature_engineering_and_modeling,no
cc_has_atm_drawing_count_count_mean,structured_missing_or_history_availability,possible_absence_of_history_or_unknown_record,structured_missing_handling_candidate_later,feature_engineering_and_modeling,no
cc_has_atm_drawing_count_count_max,structured_missing_or_history_availability,possible_absence_of_history_or_unknown_record,structured_missing_handling_candidate_later,feature_engineering_and_modeling,no
cc_has_pos_drawing_count_count_sum,structured_missing_or_history_availability,possible_absence_of_history_or_unknown_record,structured_missing_handling_candidate_later,feature_engineering_and_modeling,no
cc_has_pos_drawing_count_count_mean,structured_missing_or_history_availability,possible_absence_of_history_or_unknown_record,structured_missing_handling_candidate_later,feature_engineering_and_modeling,no
cc_has_pos_drawing_count_count_max,structured_missing_or_history_availability,possible_absence_of_history_or_unknown_record,structured_missing_handling_candidate_later,feature_engineering_and_modeling,no
cc_has_other_drawing_count_count_sum,structured_missing_or_history_availability,possible_absence_of_history_or_unknown_record,structured_missing_handling_candidate_later,feature_engineering_and_modeling,no
cc_has_other_drawing_count_count_mean,structured_missing_or_history_availability,possible_absence_of_history_or_unknown_record,structured_missing_handling_candidate_later,feature_engineering_and_modeling,no
cc_has_other_drawing_count_count_max,structured_missing_or_history_availability,possible_absence_of_history_or_unknown_record,structured_missing_handling_candidate_later,feature_engineering_and_modeling,no
cc_recent_6m_has_dpd_count_sum,structured_missing_or_history_availability,possible_absence_of_history_or_unknown_record,structured_missing_handling_candidate_later,feature_engineering_and_modeling,no
cc_recent_6m_has_dpd_count_mean,structured_missing_or_history_availability,possible_absence_of_history_or_unknown_record,structured_missing_handling_candidate_later,feature_engineering_and_modeling,no
cc_recent_6m_has_dpd_count_max,structured_missing_or_history_availability,possible_absence_of_history_or_unknown_record,structured_missing_handling_candidate_later,feature_engineering_and_modeling,no
cc_recent_12m_has_dpd_count_sum,structured_missing_or_history_availability,possible_absence_of_history_or_unknown_record,structured_missing_handling_candidate_later,feature_engineering_and_modeling,no
cc_recent_12m_has_dpd_count_mean,structured_missing_or_history_availability,possible_absence_of_history_or_unknown_record,structured_missing_handling_candidate_later,feature_engineering_and_modeling,no
cc_recent_12m_has_dpd_count_max,structured_missing_or_history_availability,possible_absence_of_history_or_unknown_record,structured_missing_handling_candidate_later,feature_engineering_and_modeling,no
cc_recent_24m_has_dpd_count_sum,structured_missing_or_history_availability,possible_absence_of_history_or_unknown_record,structured_missing_handling_candidate_later,feature_engineering_and_modeling,no
cc_recent_24m_has_dpd_count_mean,structured_missing_or_history_availability,possible_absence_of_history_or_unknown_record,structured_missing_handling_candidate_later,feature_engineering_and_modeling,no
cc_recent_24m_has_dpd_count_max,structured_missing_or_history_availability,possible_absence_of_history_or_unknown_record,structured_missing_handling_candidate_later,feature_engineering_and_modeling,no
cc_recent_6m_has_dpd_def_count_sum,structured_missing_or_history_availability,possible_absence_of_history_or_unknown_record,structured_missing_handling_candidate_later,feature_engineering_and_modeling,no
cc_recent_6m_has_dpd_def_count_mean,structured_missing_or_history_availability,possible_absence_of_history_or_unknown_record,structured_missing_handling_candidate_later,feature_engineering_and_modeling,no
cc_recent_6m_has_dpd_def_count_max,structured_missing_or_history_availability,possible_absence_of_history_or_unknown_record,structured_missing_handling_candidate_later,feature_engineering_and_modeling,no
cc_recent_12m_has_dpd_def_count_sum,structured_missing_or_history_availability,possible_absence_of_history_or_unknown_record,structured_missing_handling_candidate_later,feature_engineering_and_modeling,no
cc_recent_12m_has_dpd_def_count_mean,structured_missing_or_history_availability,possible_absence_of_history_or_unknown_record,structured_missing_handling_candidate_later,feature_engineering_and_modeling,no
cc_recent_12m_has_dpd_def_count_max,structured_missing_or_history_availability,possible_absence_of_history_or_unknown_record,structured_missing_handling_candidate_later,feature_engineering_and_modeling,no
cc_recent_24m_has_dpd_def_count_sum,structured_missing_or_history_availability,possible_absence_of_history_or_unknown_record,structured_missing_handling_candidate_later,feature_engineering_and_modeling,no
cc_recent_24m_has_dpd_def_count_mean,structured_missing_or_history_availability,possible_absence_of_history_or_unknown_record,structured_missing_handling_candidate_later,feature_engineering_and_modeling,no
cc_recent_24m_has_dpd_def_count_max,structured_missing_or_history_availability,possible_absence_of_history_or_unknown_record,structured_missing_handling_candidate_later,feature_engineering_and_modeling,no
cc_recent_6m_high_utilization_80plus_count_sum,structured_missing_or_history_availability,possible_absence_of_history_or_unknown_record,structured_missing_handling_candidate_later,feature_engineering_and_modeling,no
cc_recent_6m_high_utilization_80plus_count_mean,structured_missing_or_history_availability,possible_absence_of_history_or_unknown_record,structured_missing_handling_candidate_later,feature_engineering_and_modeling,no
cc_recent_6m_high_utilization_80plus_count_max,structured_missing_or_history_availability,possible_absence_of_history_or_unknown_record,structured_missing_handling_candidate_later,feature_engineering_and_modeling,no
cc_recent_12m_high_utilization_80plus_count_sum,structured_missing_or_history_availability,possible_absence_of_history_or_unknown_record,structured_missing_handling_candidate_later,feature_engineering_and_modeling,no
cc_recent_12m_high_utilization_80plus_count_mean,structured_missing_or_history_availability,possible_absence_of_history_or_unknown_record,structured_missing_handling_candidate_later,feature_engineering_and_modeling,no
cc_recent_12m_high_utilization_80plus_count_max,structured_missing_or_history_availability,possible_absence_of_history_or_unknown_record,structured_missing_handling_candidate_later,feature_engineering_and_modeling,no
cc_recent_24m_high_utilization_80plus_count_sum,structured_missing_or_history_availability,possible_absence_of_history_or_unknown_record,structured_missing_handling_candidate_later,feature_engineering_and_modeling,no
cc_recent_24m_high_utilization_80plus_count_mean,structured_missing_or_history_availability,possible_absence_of_history_or_unknown_record,structured_missing_handling_candidate_later,feature_engineering_and_modeling,no
cc_recent_24m_high_utilization_80plus_count_max,structured_missing_or_history_availability,possible_absence_of_history_or_unknown_record,structured_missing_handling_candidate_later,feature_engineering_and_modeling,no
cc_recent_6m_payment_less_than_min_count_sum,structured_missing_or_history_availability,possible_absence_of_history_or_unknown_record,structured_missing_handling_candidate_later,feature_engineering_and_modeling,no
cc_recent_6m_payment_less_than_min_count_mean,structured_missing_or_history_availability,possible_absence_of_history_or_unknown_record,structured_missing_handling_candidate_later,feature_engineering_and_modeling,no
cc_recent_6m_payment_less_than_min_count_max,structured_missing_or_history_availability,possible_absence_of_history_or_unknown_record,structured_missing_handling_candidate_later,feature_engineering_and_modeling,no
cc_recent_12m_payment_less_than_min_count_sum,structured_missing_or_history_availability,possible_absence_of_history_or_unknown_record,structured_missing_handling_candidate_later,feature_engineering_and_modeling,no
cc_recent_12m_payment_less_than_min_count_mean,structured_missing_or_history_availability,possible_absence_of_history_or_unknown_record,structured_missing_handling_candidate_later,feature_engineering_and_modeling,no
cc_recent_12m_payment_less_than_min_count_max,structured_missing_or_history_availability,possible_absence_of_history_or_unknown_record,structured_missing_handling_candidate_later,feature_engineering_and_modeling,no
cc_recent_24m_payment_less_than_min_count_sum,structured_missing_or_history_availability,possible_absence_of_history_or_unknown_record,structured_missing_handling_candidate_later,feature_engineering_and_modeling,no
cc_recent_24m_payment_less_than_min_count_mean,structured_missing_or_history_availability,possible_absence_of_history_or_unknown_record,structured_missing_handling_candidate_later,feature_engineering_and_modeling,no
cc_recent_24m_payment_less_than_min_count_max,structured_missing_or_history_availability,possible_absence_of_history_or_unknown_record,structured_missing_handling_candidate_later,feature_engineering_and_modeling,no
cc_missing_payment_current_count_sum,structured_missing_or_history_availability,possible_absence_of_history_or_unknown_record,structured_missing_handling_candidate_later,feature_engineering_and_modeling,no
cc_missing_payment_current_count_mean,structured_missing_or_history_availability,possible_absence_of_history_or_unknown_record,structured_missing_handling_candidate_later,feature_engineering_and_modeling,no
cc_missing_payment_current_count_max,structured_missing_or_history_availability,possible_absence_of_history_or_unknown_record,structured_missing_handling_candidate_later,feature_engineering_and_modeling,no
cc_missing_min_instalment_count_sum,structured_missing_or_history_availability,possible_absence_of_history_or_unknown_record,structured_missing_handling_candidate_later,feature_engineering_and_modeling,no
cc_missing_min_instalment_count_mean,structured_missing_or_history_availability,possible_absence_of_history_or_unknown_record,structured_missing_handling_candidate_later,feature_engineering_and_modeling,no
cc_missing_min_instalment_count_max,structured_missing_or_history_availability,possible_absence_of_history_or_unknown_record,structured_missing_handling_candidate_later,feature_engineering_and_modeling,no
cc_missing_credit_limit_count_sum,structured_missing_or_history_availability,possible_absence_of_history_or_unknown_record,structured_missing_handling_candidate_later,feature_engineering_and_modeling,no
cc_missing_credit_limit_count_mean,structured_missing_or_history_availability,possible_absence_of_history_or_unknown_record,structured_missing_handling_candidate_later,feature_engineering_and_modeling,no
cc_missing_credit_limit_count_max,structured_missing_or_history_availability,possible_absence_of_history_or_unknown_record,structured_missing_handling_candidate_later,feature_engineering_and_modeling,no
cc_credit_limit_unique_count_sum,structured_missing_or_history_availability,possible_absence_of_history_or_unknown_record,structured_missing_handling_candidate_later,feature_engineering_and_modeling,no
cc_credit_limit_unique_count_mean,structured_missing_or_history_availability,possible_absence_of_history_or_unknown_record,structured_missing_handling_candidate_later,feature_engineering_and_modeling,no
cc_credit_limit_unique_count_max,structured_missing_or_history_availability,possible_absence_of_history_or_unknown_record,structured_missing_handling_candidate_later,feature_engineering_and_modeling,no
cc_latest_drawing_count_sum,structured_missing_or_history_availability,possible_absence_of_history_or_unknown_record,structured_missing_handling_candidate_later,feature_engineering_and_modeling,no
cc_latest_drawing_count_mean,structured_missing_or_history_availability,possible_absence_of_history_or_unknown_record,structured_missing_handling_candidate_later,feature_engineering_and_modeling,no
cc_latest_drawing_count_max,structured_missing_or_history_availability,possible_absence_of_history_or_unknown_record,structured_missing_handling_candidate_later,feature_engineering_and_modeling,no
cc_status_active_ratio_mean,structured_missing_or_history_availability,possible_absence_of_history_or_unknown_record,structured_missing_handling_candidate_later,feature_engineering_and_modeling,no
cc_status_active_ratio_max,structured_missing_or_history_availability,possible_absence_of_history_or_unknown_record,structured_missing_handling_candidate_later,feature_engineering_and_modeling,no
cc_status_active_ratio_min,structured_missing_or_history_availability,possible_absence_of_history_or_unknown_record,structured_missing_handling_candidate_later,feature_engineering_and_modeling,no
cc_status_completed_ratio_mean,structured_missing_or_history_availability,possible_absence_of_history_or_unknown_record,structured_missing_handling_candidate_later,feature_engineering_and_modeling,no
cc_status_completed_ratio_max,structured_missing_or_history_availability,possible_absence_of_history_or_unknown_record,structured_missing_handling_candidate_later,feature_engineering_and_modeling,no
cc_status_completed_ratio_min,structured_missing_or_history_availability,possible_absence_of_history_or_unknown_record,structured_missing_handling_candidate_later,feature_engineering_and_modeling,no
cc_status_signed_ratio_mean,structured_missing_or_history_availability,possible_absence_of_history_or_unknown_record,structured_missing_handling_candidate_later,feature_engineering_and_modeling,no
cc_status_signed_ratio_max,structured_missing_or_history_availability,possible_absence_of_history_or_unknown_record,structured_missing_handling_candidate_later,feature_engineering_and_modeling,no
cc_status_signed_ratio_min,structured_missing_or_history_availability,possible_absence_of_history_or_unknown_record,structured_missing_handling_candidate_later,feature_engineering_and_modeling,no
cc_status_demand_ratio_mean,structured_missing_or_history_availability,possible_absence_of_history_or_unknown_record,structured_missing_handling_candidate_later,feature_engineering_and_modeling,no
cc_status_demand_ratio_max,structured_missing_or_history_availability,possible_absence_of_history_or_unknown_record,structured_missing_handling_candidate_later,feature_engineering_and_modeling,no
cc_status_demand_ratio_min,structured_missing_or_history_availability,possible_absence_of_history_or_unknown_record,structured_missing_handling_candidate_later,feature_engineering_and_modeling,no
cc_status_sent_proposal_ratio_mean,structured_missing_or_history_availability,possible_absence_of_history_or_unknown_record,structured_missing_handling_candidate_later,feature_engineering_and_modeling,no
cc_status_sent_proposal_ratio_max,structured_missing_or_history_availability,possible_absence_of_history_or_unknown_record,structured_missing_handling_candidate_later,feature_engineering_and_modeling,no
cc_status_sent_proposal_ratio_min,structured_missing_or_history_availability,possible_absence_of_history_or_unknown_record,structured_missing_handling_candidate_later,feature_engineering_and_modeling,no
cc_status_refused_ratio_mean,structured_missing_or_history_availability,possible_absence_of_history_or_unknown_record,structured_missing_handling_candidate_later,feature_engineering_and_modeling,no
cc_status_refused_ratio_max,structured_missing_or_history_availability,possible_absence_of_history_or_unknown_record,structured_missing_handling_candidate_later,feature_engineering_and_modeling,no
cc_status_refused_ratio_min,structured_missing_or_history_availability,possible_absence_of_history_or_unknown_record,structured_missing_handling_candidate_later,feature_engineering_and_modeling,no
cc_status_approved_ratio_mean,structured_missing_or_history_availability,possible_absence_of_history_or_unknown_record,structured_missing_handling_candidate_later,feature_engineering_and_modeling,no
cc_status_approved_ratio_max,structured_missing_or_history_availability,possible_absence_of_history_or_unknown_record,structured_missing_handling_candidate_later,feature_engineering_and_modeling,no
cc_status_approved_ratio_min,structured_missing_or_history_availability,possible_absence_of_history_or_unknown_record,structured_missing_handling_candidate_later,feature_engineering_and_modeling,no
cc_status_canceled_ratio_mean,structured_missing_or_history_availability,possible_absence_of_history_or_unknown_record,structured_missing_handling_candidate_later,feature_engineering_and_modeling,no
cc_status_canceled_ratio_max,structured_missing_or_history_availability,possible_absence_of_history_or_unknown_record,structured_missing_handling_candidate_later,feature_engineering_and_modeling,no
cc_status_canceled_ratio_min,structured_missing_or_history_availability,possible_absence_of_history_or_unknown_record,structured_missing_handling_candidate_later,feature_engineering_and_modeling,no
cc_has_dpd_ratio_mean,structured_missing_or_history_availability,possible_absence_of_history_or_unknown_record,structured_missing_handling_candidate_later,feature_engineering_and_modeling,no
cc_has_dpd_ratio_max,structured_missing_or_history_availability,possible_absence_of_history_or_unknown_record,structured_missing_handling_candidate_later,feature_engineering_and_modeling,no
cc_has_dpd_ratio_min,structured_missing_or_history_availability,possible_absence_of_history_or_unknown_record,structured_missing_handling_candidate_later,feature_engineering_and_modeling,no
cc_has_dpd_def_ratio_mean,structured_missing_or_history_availability,possible_absence_of_history_or_unknown_record,structured_missing_handling_candidate_later,feature_engineering_and_modeling,no
cc_has_dpd_def_ratio_max,structured_missing_or_history_availability,possible_absence_of_history_or_unknown_record,structured_missing_handling_candidate_later,feature_engineering_and_modeling,no
cc_has_dpd_def_ratio_min,structured_missing_or_history_availability,possible_absence_of_history_or_unknown_record,structured_missing_handling_candidate_later,feature_engineering_and_modeling,no
cc_dpd_30plus_ratio_mean,structured_missing_or_history_availability,possible_absence_of_history_or_unknown_record,structured_missing_handling_candidate_later,feature_engineering_and_modeling,no
cc_dpd_30plus_ratio_max,structured_missing_or_history_availability,possible_absence_of_history_or_unknown_record,structured_missing_handling_candidate_later,feature_engineering_and_modeling,no
cc_dpd_30plus_ratio_min,structured_missing_or_history_availability,possible_absence_of_history_or_unknown_record,structured_missing_handling_candidate_later,feature_engineering_and_modeling,no
cc_dpd_60plus_ratio_mean,structured_missing_or_history_availability,possible_absence_of_history_or_unknown_record,structured_missing_handling_candidate_later,feature_engineering_and_modeling,no
cc_dpd_60plus_ratio_max,structured_missing_or_history_availability,possible_absence_of_history_or_unknown_record,structured_missing_handling_candidate_later,feature_engineering_and_modeling,no
cc_dpd_60plus_ratio_min,structured_missing_or_history_availability,possible_absence_of_history_or_unknown_record,structured_missing_handling_candidate_later,feature_engineering_and_modeling,no
cc_dpd_90plus_ratio_mean,structured_missing_or_history_availability,possible_absence_of_history_or_unknown_record,structured_missing_handling_candidate_later,feature_engineering_and_modeling,no
cc_dpd_90plus_ratio_max,structured_missing_or_history_availability,possible_absence_of_history_or_unknown_record,structured_missing_handling_candidate_later,feature_engineering_and_modeling,no
cc_dpd_90plus_ratio_min,structured_missing_or_history_availability,possible_absence_of_history_or_unknown_record,structured_missing_handling_candidate_later,feature_engineering_and_modeling,no
cc_dpd_def_30plus_ratio_mean,structured_missing_or_history_availability,possible_absence_of_history_or_unknown_record,structured_missing_handling_candidate_later,feature_engineering_and_modeling,no
cc_dpd_def_30plus_ratio_max,structured_missing_or_history_availability,possible_absence_of_history_or_unknown_record,structured_missing_handling_candidate_later,feature_engineering_and_modeling,no
cc_dpd_def_30plus_ratio_min,structured_missing_or_history_availability,possible_absence_of_history_or_unknown_record,structured_missing_handling_candidate_later,feature_engineering_and_modeling,no
cc_dpd_def_60plus_ratio_mean,structured_missing_or_history_availability,possible_absence_of_history_or_unknown_record,structured_missing_handling_candidate_later,feature_engineering_and_modeling,no
cc_dpd_def_60plus_ratio_max,structured_missing_or_history_availability,possible_absence_of_history_or_unknown_record,structured_missing_handling_candidate_later,feature_engineering_and_modeling,no
cc_dpd_def_60plus_ratio_min,structured_missing_or_history_availability,possible_absence_of_history_or_unknown_record,structured_missing_handling_candidate_later,feature_engineering_and_modeling,no
cc_dpd_def_90plus_ratio_mean,structured_missing_or_history_availability,possible_absence_of_history_or_unknown_record,structured_missing_handling_candidate_later,feature_engineering_and_modeling,no
cc_dpd_def_90plus_ratio_max,structured_missing_or_history_availability,possible_absence_of_history_or_unknown_record,structured_missing_handling_candidate_later,feature_engineering_and_modeling,no
cc_dpd_def_90plus_ratio_min,structured_missing_or_history_availability,possible_absence_of_history_or_unknown_record,structured_missing_handling_candidate_later,feature_engineering_and_modeling,no
cc_is_recent_6m_ratio_mean,structured_missing_or_history_availability,possible_absence_of_history_or_unknown_record,structured_missing_handling_candidate_later,feature_engineering_and_modeling,no
cc_is_recent_6m_ratio_max,structured_missing_or_history_availability,possible_absence_of_history_or_unknown_record,structured_missing_handling_candidate_later,feature_engineering_and_modeling,no
cc_is_recent_6m_ratio_min,structured_missing_or_history_availability,possible_absence_of_history_or_unknown_record,structured_missing_handling_candidate_later,feature_engineering_and_modeling,no
cc_is_recent_12m_ratio_mean,structured_missing_or_history_availability,possible_absence_of_history_or_unknown_record,structured_missing_handling_candidate_later,feature_engineering_and_modeling,no
cc_is_recent_12m_ratio_max,structured_missing_or_history_availability,possible_absence_of_history_or_unknown_record,structured_missing_handling_candidate_later,feature_engineering_and_modeling,no
cc_is_recent_12m_ratio_min,structured_missing_or_history_availability,possible_absence_of_history_or_unknown_record,structured_missing_handling_candidate_later,feature_engineering_and_modeling,no
cc_is_recent_24m_ratio_mean,structured_missing_or_history_availability,possible_absence_of_history_or_unknown_record,structured_missing_handling_candidate_later,feature_engineering_and_modeling,no
cc_is_recent_24m_ratio_max,structured_missing_or_history_availability,possible_absence_of_history_or_unknown_record,structured_missing_handling_candidate_later,feature_engineering_and_modeling,no
cc_is_recent_24m_ratio_min,structured_missing_or_history_availability,possible_absence_of_history_or_unknown_record,structured_missing_handling_candidate_later,feature_engineering_and_modeling,no
cc_invalid_credit_limit_ratio_mean,structured_missing_or_history_availability,possible_absence_of_history_or_unknown_record,structured_missing_handling_candidate_later,feature_engineering_and_modeling,no
cc_invalid_credit_limit_ratio_max,structured_missing_or_history_availability,possible_absence_of_history_or_unknown_record,structured_missing_handling_candidate_later,feature_engineering_and_modeling,no
cc_invalid_credit_limit_ratio_min,structured_missing_or_history_availability,possible_absence_of_history_or_unknown_record,structured_missing_handling_candidate_later,feature_engineering_and_modeling,no
cc_has_balance_ratio_mean,structured_missing_or_history_availability,possible_absence_of_history_or_unknown_record,structured_missing_handling_candidate_later,feature_engineering_and_modeling,no
cc_has_balance_ratio_max,structured_missing_or_history_availability,possible_absence_of_history_or_unknown_record,structured_missing_handling_candidate_later,feature_engineering_and_modeling,no
cc_has_balance_ratio_min,structured_missing_or_history_availability,possible_absence_of_history_or_unknown_record,structured_missing_handling_candidate_later,feature_engineering_and_modeling,no
cc_has_total_receivable_ratio_mean,structured_missing_or_history_availability,possible_absence_of_history_or_unknown_record,structured_missing_handling_candidate_later,feature_engineering_and_modeling,no
cc_has_total_receivable_ratio_max,structured_missing_or_history_availability,possible_absence_of_history_or_unknown_record,structured_missing_handling_candidate_later,feature_engineering_and_modeling,no
cc_has_total_receivable_ratio_min,structured_missing_or_history_availability,possible_absence_of_history_or_unknown_record,structured_missing_handling_candidate_later,feature_engineering_and_modeling,no
cc_high_utilization_30plus_ratio_mean,structured_missing_or_history_availability,possible_absence_of_history_or_unknown_record,structured_missing_handling_candidate_later,feature_engineering_and_modeling,no
cc_high_utilization_30plus_ratio_max,structured_missing_or_history_availability,possible_absence_of_history_or_unknown_record,structured_missing_handling_candidate_later,feature_engineering_and_modeling,no
cc_high_utilization_30plus_ratio_min,structured_missing_or_history_availability,possible_absence_of_history_or_unknown_record,structured_missing_handling_candidate_later,feature_engineering_and_modeling,no
cc_high_utilization_50plus_ratio_mean,structured_missing_or_history_availability,possible_absence_of_history_or_unknown_record,structured_missing_handling_candidate_later,feature_engineering_and_modeling,no
cc_high_utilization_50plus_ratio_max,structured_missing_or_history_availability,possible_absence_of_history_or_unknown_record,structured_missing_handling_candidate_later,feature_engineering_and_modeling,no
cc_high_utilization_50plus_ratio_min,structured_missing_or_history_availability,possible_absence_of_history_or_unknown_record,structured_missing_handling_candidate_later,feature_engineering_and_modeling,no
cc_high_utilization_80plus_ratio_mean,structured_missing_or_history_availability,possible_absence_of_history_or_unknown_record,structured_missing_handling_candidate_later,feature_engineering_and_modeling,no
cc_high_utilization_80plus_ratio_max,structured_missing_or_history_availability,possible_absence_of_history_or_unknown_record,structured_missing_handling_candidate_later,feature_engineering_and_modeling,no
cc_high_utilization_80plus_ratio_min,structured_missing_or_history_availability,possible_absence_of_history_or_unknown_record,structured_missing_handling_candidate_later,feature_engineering_and_modeling,no
cc_high_utilization_100plus_ratio_mean,structured_missing_or_history_availability,possible_absence_of_history_or_unknown_record,structured_missing_handling_candidate_later,feature_engineering_and_modeling,no
cc_high_utilization_100plus_ratio_max,structured_missing_or_history_availability,possible_absence_of_history_or_unknown_record,structured_missing_handling_candidate_later,feature_engineering_and_modeling,no
cc_high_utilization_100plus_ratio_min,structured_missing_or_history_availability,possible_absence_of_history_or_unknown_record,structured_missing_handling_candidate_later,feature_engineering_and_modeling,no
cc_over_limit_flag_ratio_mean,structured_missing_or_history_availability,possible_absence_of_history_or_unknown_record,structured_missing_handling_candidate_later,feature_engineering_and_modeling,no
cc_over_limit_flag_ratio_max,structured_missing_or_history_availability,possible_absence_of_history_or_unknown_record,structured_missing_handling_candidate_later,feature_engineering_and_modeling,no
cc_over_limit_flag_ratio_min,structured_missing_or_history_availability,possible_absence_of_history_or_unknown_record,structured_missing_handling_candidate_later,feature_engineering_and_modeling,no
cc_has_payment_current_ratio_mean,structured_missing_or_history_availability,possible_absence_of_history_or_unknown_record,structured_missing_handling_candidate_later,feature_engineering_and_modeling,no
cc_has_payment_current_ratio_max,structured_missing_or_history_availability,possible_absence_of_history_or_unknown_record,structured_missing_handling_candidate_later,feature_engineering_and_modeling,no
cc_has_payment_current_ratio_min,structured_missing_or_history_availability,possible_absence_of_history_or_unknown_record,structured_missing_handling_candidate_later,feature_engineering_and_modeling,no
cc_has_payment_total_ratio_mean,structured_missing_or_history_availability,possible_absence_of_history_or_unknown_record,structured_missing_handling_candidate_later,feature_engineering_and_modeling,no
cc_has_payment_total_ratio_max,structured_missing_or_history_availability,possible_absence_of_history_or_unknown_record,structured_missing_handling_candidate_later,feature_engineering_and_modeling,no
cc_has_payment_total_ratio_min,structured_missing_or_history_availability,possible_absence_of_history_or_unknown_record,structured_missing_handling_candidate_later,feature_engineering_and_modeling,no
cc_has_min_instalment_ratio_mean,structured_missing_or_history_availability,possible_absence_of_history_or_unknown_record,structured_missing_handling_candidate_later,feature_engineering_and_modeling,no
cc_has_min_instalment_ratio_max,structured_missing_or_history_availability,possible_absence_of_history_or_unknown_record,structured_missing_handling_candidate_later,feature_engineering_and_modeling,no
cc_has_min_instalment_ratio_min,structured_missing_or_history_availability,possible_absence_of_history_or_unknown_record,structured_missing_handling_candidate_later,feature_engineering_and_modeling,no
cc_payment_less_than_min_instalment_ratio_mean,structured_missing_or_history_availability,possible_absence_of_history_or_unknown_record,structured_missing_handling_candidate_later,feature_engineering_and_modeling,no
cc_payment_less_than_min_instalment_ratio_max,structured_missing_or_history_availability,possible_absence_of_history_or_unknown_record,structured_missing_handling_candidate_later,feature_engineering_and_modeling,no
cc_payment_less_than_min_instalment_ratio_min,structured_missing_or_history_availability,possible_absence_of_history_or_unknown_record,structured_missing_handling_candidate_later,feature_engineering_and_modeling,no
cc_payment_near_min_instalment_ratio_mean,structured_missing_or_history_availability,possible_absence_of_history_or_unknown_record,structured_missing_handling_candidate_later,feature_engineering_and_modeling,no
cc_payment_near_min_instalment_ratio_max,structured_missing_or_history_availability,possible_absence_of_history_or_unknown_record,structured_missing_handling_candidate_later,feature_engineering_and_modeling,no
cc_payment_near_min_instalment_ratio_min,structured_missing_or_history_availability,possible_absence_of_history_or_unknown_record,structured_missing_handling_candidate_later,feature_engineering_and_modeling,no
cc_no_payment_with_balance_ratio_mean,structured_missing_or_history_availability,possible_absence_of_history_or_unknown_record,structured_missing_handling_candidate_later,feature_engineering_and_modeling,no
cc_no_payment_with_balance_ratio_max,structured_missing_or_history_availability,possible_absence_of_history_or_unknown_record,structured_missing_handling_candidate_later,feature_engineering_and_modeling,no
cc_no_payment_with_balance_ratio_min,structured_missing_or_history_availability,possible_absence_of_history_or_unknown_record,structured_missing_handling_candidate_later,feature_engineering_and_modeling,no
cc_has_drawing_ratio_mean,structured_missing_or_history_availability,possible_absence_of_history_or_unknown_record,structured_missing_handling_candidate_later,feature_engineering_and_modeling,no
cc_has_drawing_ratio_max,structured_missing_or_history_availability,possible_absence_of_history_or_unknown_record,structured_missing_handling_candidate_later,feature_engineering_and_modeling,no
cc_has_drawing_ratio_min,structured_missing_or_history_availability,possible_absence_of_history_or_unknown_record,structured_missing_handling_candidate_later,feature_engineering_and_modeling,no
cc_has_atm_drawing_ratio_mean,structured_missing_or_history_availability,possible_absence_of_history_or_unknown_record,structured_missing_handling_candidate_later,feature_engineering_and_modeling,no
cc_has_atm_drawing_ratio_max,structured_missing_or_history_availability,possible_absence_of_history_or_unknown_record,structured_missing_handling_candidate_later,feature_engineering_and_modeling,no
cc_has_atm_drawing_ratio_min,structured_missing_or_history_availability,possible_absence_of_history_or_unknown_record,structured_missing_handling_candidate_later,feature_engineering_and_modeling,no
cc_has_pos_drawing_ratio_mean,structured_missing_or_history_availability,possible_absence_of_history_or_unknown_record,structured_missing_handling_candidate_later,feature_engineering_and_modeling,no
cc_has_pos_drawing_ratio_max,structured_missing_or_history_availability,possible_absence_of_history_or_unknown_record,structured_missing_handling_candidate_later,feature_engineering_and_modeling,no
cc_has_pos_drawing_ratio_min,structured_missing_or_history_availability,possible_absence_of_history_or_unknown_record,structured_missing_handling_candidate_later,feature_engineering_and_modeling,no
cc_has_other_drawing_ratio_mean,structured_missing_or_history_availability,possible_absence_of_history_or_unknown_record,structured_missing_handling_candidate_later,feature_engineering_and_modeling,no
cc_has_other_drawing_ratio_max,structured_missing_or_history_availability,possible_absence_of_history_or_unknown_record,structured_missing_handling_candidate_later,feature_engineering_and_modeling,no
cc_has_other_drawing_ratio_min,structured_missing_or_history_availability,possible_absence_of_history_or_unknown_record,structured_missing_handling_candidate_later,feature_engineering_and_modeling,no
cc_has_drawing_count_ratio_mean,structured_missing_or_history_availability,possible_absence_of_history_or_unknown_record,structured_missing_handling_candidate_later,feature_engineering_and_modeling,no
cc_has_drawing_count_ratio_max,structured_missing_or_history_availability,possible_absence_of_history_or_unknown_record,structured_missing_handling_candidate_later,feature_engineering_and_modeling,no
cc_has_drawing_count_ratio_min,structured_missing_or_history_availability,possible_absence_of_history_or_unknown_record,structured_missing_handling_candidate_later,feature_engineering_and_modeling,no
cc_has_atm_drawing_count_ratio_mean,structured_missing_or_history_availability,possible_absence_of_history_or_unknown_record,structured_missing_handling_candidate_later,feature_engineering_and_modeling,no
cc_has_atm_drawing_count_ratio_max,structured_missing_or_history_availability,possible_absence_of_history_or_unknown_record,structured_missing_handling_candidate_later,feature_engineering_and_modeling,no
cc_has_atm_drawing_count_ratio_min,structured_missing_or_history_availability,possible_absence_of_history_or_unknown_record,structured_missing_handling_candidate_later,feature_engineering_and_modeling,no
cc_has_pos_drawing_count_ratio_mean,structured_missing_or_history_availability,possible_absence_of_history_or_unknown_record,structured_missing_handling_candidate_later,feature_engineering_and_modeling,no
cc_has_pos_drawing_count_ratio_max,structured_missing_or_history_availability,possible_absence_of_history_or_unknown_record,structured_missing_handling_candidate_later,feature_engineering_and_modeling,no
cc_has_pos_drawing_count_ratio_min,structured_missing_or_history_availability,possible_absence_of_history_or_unknown_record,structured_missing_handling_candidate_later,feature_engineering_and_modeling,no
cc_has_other_drawing_count_ratio_mean,structured_missing_or_history_availability,possible_absence_of_history_or_unknown_record,structured_missing_handling_candidate_later,feature_engineering_and_modeling,no
cc_has_other_drawing_count_ratio_max,structured_missing_or_history_availability,possible_absence_of_history_or_unknown_record,structured_missing_handling_candidate_later,feature_engineering_and_modeling,no
cc_has_other_drawing_count_ratio_min,structured_missing_or_history_availability,possible_absence_of_history_or_unknown_record,structured_missing_handling_candidate_later,feature_engineering_and_modeling,no
cc_recent_6m_has_dpd_ratio_mean,structured_missing_or_history_availability,possible_absence_of_history_or_unknown_record,structured_missing_handling_candidate_later,feature_engineering_and_modeling,no
cc_recent_6m_has_dpd_ratio_max,structured_missing_or_history_availability,possible_absence_of_history_or_unknown_record,structured_missing_handling_candidate_later,feature_engineering_and_modeling,no
cc_recent_6m_has_dpd_ratio_min,structured_missing_or_history_availability,possible_absence_of_history_or_unknown_record,structured_missing_handling_candidate_later,feature_engineering_and_modeling,no
cc_recent_12m_has_dpd_ratio_mean,structured_missing_or_history_availability,possible_absence_of_history_or_unknown_record,structured_missing_handling_candidate_later,feature_engineering_and_modeling,no
cc_recent_12m_has_dpd_ratio_max,structured_missing_or_history_availability,possible_absence_of_history_or_unknown_record,structured_missing_handling_candidate_later,feature_engineering_and_modeling,no
cc_recent_12m_has_dpd_ratio_min,structured_missing_or_history_availability,possible_absence_of_history_or_unknown_record,structured_missing_handling_candidate_later,feature_engineering_and_modeling,no
cc_recent_24m_has_dpd_ratio_mean,structured_missing_or_history_availability,possible_absence_of_history_or_unknown_record,structured_missing_handling_candidate_later,feature_engineering_and_modeling,no
cc_recent_24m_has_dpd_ratio_max,structured_missing_or_history_availability,possible_absence_of_history_or_unknown_record,structured_missing_handling_candidate_later,feature_engineering_and_modeling,no
cc_recent_24m_has_dpd_ratio_min,structured_missing_or_history_availability,possible_absence_of_history_or_unknown_record,structured_missing_handling_candidate_later,feature_engineering_and_modeling,no
cc_recent_6m_has_dpd_def_ratio_mean,structured_missing_or_history_availability,possible_absence_of_history_or_unknown_record,structured_missing_handling_candidate_later,feature_engineering_and_modeling,no
cc_recent_6m_has_dpd_def_ratio_max,structured_missing_or_history_availability,possible_absence_of_history_or_unknown_record,structured_missing_handling_candidate_later,feature_engineering_and_modeling,no
cc_recent_6m_has_dpd_def_ratio_min,structured_missing_or_history_availability,possible_absence_of_history_or_unknown_record,structured_missing_handling_candidate_later,feature_engineering_and_modeling,no
cc_recent_12m_has_dpd_def_ratio_mean,structured_missing_or_history_availability,possible_absence_of_history_or_unknown_record,structured_missing_handling_candidate_later,feature_engineering_and_modeling,no
cc_recent_12m_has_dpd_def_ratio_max,structured_missing_or_history_availability,possible_absence_of_history_or_unknown_record,structured_missing_handling_candidate_later,feature_engineering_and_modeling,no
cc_recent_12m_has_dpd_def_ratio_min,structured_missing_or_history_availability,possible_absence_of_history_or_unknown_record,structured_missing_handling_candidate_later,feature_engineering_and_modeling,no
cc_recent_24m_has_dpd_def_ratio_mean,structured_missing_or_history_availability,possible_absence_of_history_or_unknown_record,structured_missing_handling_candidate_later,feature_engineering_and_modeling,no
cc_recent_24m_has_dpd_def_ratio_max,structured_missing_or_history_availability,possible_absence_of_history_or_unknown_record,structured_missing_handling_candidate_later,feature_engineering_and_modeling,no
cc_recent_24m_has_dpd_def_ratio_min,structured_missing_or_history_availability,possible_absence_of_history_or_unknown_record,structured_missing_handling_candidate_later,feature_engineering_and_modeling,no
cc_recent_6m_high_utilization_80plus_ratio_mean,structured_missing_or_history_availability,possible_absence_of_history_or_unknown_record,structured_missing_handling_candidate_later,feature_engineering_and_modeling,no
cc_recent_6m_high_utilization_80plus_ratio_max,structured_missing_or_history_availability,possible_absence_of_history_or_unknown_record,structured_missing_handling_candidate_later,feature_engineering_and_modeling,no
cc_recent_6m_high_utilization_80plus_ratio_min,structured_missing_or_history_availability,possible_absence_of_history_or_unknown_record,structured_missing_handling_candidate_later,feature_engineering_and_modeling,no
cc_recent_12m_high_utilization_80plus_ratio_mean,structured_missing_or_history_availability,possible_absence_of_history_or_unknown_record,structured_missing_handling_candidate_later,feature_engineering_and_modeling,no
cc_recent_12m_high_utilization_80plus_ratio_max,structured_missing_or_history_availability,possible_absence_of_history_or_unknown_record,structured_missing_handling_candidate_later,feature_engineering_and_modeling,no
cc_recent_12m_high_utilization_80plus_ratio_min,structured_missing_or_history_availability,possible_absence_of_history_or_unknown_record,structured_missing_handling_candidate_later,feature_engineering_and_modeling,no
cc_recent_24m_high_utilization_80plus_ratio_mean,structured_missing_or_history_availability,possible_absence_of_history_or_unknown_record,structured_missing_handling_candidate_later,feature_engineering_and_modeling,no
cc_recent_24m_high_utilization_80plus_ratio_max,structured_missing_or_history_availability,possible_absence_of_history_or_unknown_record,structured_missing_handling_candidate_later,feature_engineering_and_modeling,no
cc_recent_24m_high_utilization_80plus_ratio_min,structured_missing_or_history_availability,possible_absence_of_history_or_unknown_record,structured_missing_handling_candidate_later,feature_engineering_and_modeling,no
cc_recent_6m_payment_less_than_min_ratio_mean,structured_missing_or_history_availability,possible_absence_of_history_or_unknown_record,structured_missing_handling_candidate_later,feature_engineering_and_modeling,no
cc_recent_6m_payment_less_than_min_ratio_max,structured_missing_or_history_availability,possible_absence_of_history_or_unknown_record,structured_missing_handling_candidate_later,feature_engineering_and_modeling,no
cc_recent_6m_payment_less_than_min_ratio_min,structured_missing_or_history_availability,possible_absence_of_history_or_unknown_record,structured_missing_handling_candidate_later,feature_engineering_and_modeling,no
cc_recent_12m_payment_less_than_min_ratio_mean,structured_missing_or_history_availability,possible_absence_of_history_or_unknown_record,structured_missing_handling_candidate_later,feature_engineering_and_modeling,no
cc_recent_12m_payment_less_than_min_ratio_max,structured_missing_or_history_availability,possible_absence_of_history_or_unknown_record,structured_missing_handling_candidate_later,feature_engineering_and_modeling,no
cc_recent_12m_payment_less_than_min_ratio_min,structured_missing_or_history_availability,possible_absence_of_history_or_unknown_record,structured_missing_handling_candidate_later,feature_engineering_and_modeling,no
cc_recent_24m_payment_less_than_min_ratio_mean,structured_missing_or_history_availability,possible_absence_of_history_or_unknown_record,structured_missing_handling_candidate_later,feature_engineering_and_modeling,no
cc_recent_24m_payment_less_than_min_ratio_max,structured_missing_or_history_availability,possible_absence_of_history_or_unknown_record,structured_missing_handling_candidate_later,feature_engineering_and_modeling,no
cc_recent_24m_payment_less_than_min_ratio_min,structured_missing_or_history_availability,possible_absence_of_history_or_unknown_record,structured_missing_handling_candidate_later,feature_engineering_and_modeling,no
cc_missing_payment_current_ratio_mean,structured_missing_or_history_availability,possible_absence_of_history_or_unknown_record,structured_missing_handling_candidate_later,feature_engineering_and_modeling,no
cc_missing_payment_current_ratio_max,structured_missing_or_history_availability,possible_absence_of_history_or_unknown_record,structured_missing_handling_candidate_later,feature_engineering_and_modeling,no
cc_missing_payment_current_ratio_min,structured_missing_or_history_availability,possible_absence_of_history_or_unknown_record,structured_missing_handling_candidate_later,feature_engineering_and_modeling,no
cc_missing_min_instalment_ratio_mean,structured_missing_or_history_availability,possible_absence_of_history_or_unknown_record,structured_missing_handling_candidate_later,feature_engineering_and_modeling,no
cc_missing_min_instalment_ratio_max,structured_missing_or_history_availability,possible_absence_of_history_or_unknown_record,structured_missing_handling_candidate_later,feature_engineering_and_modeling,no
cc_missing_min_instalment_ratio_min,structured_missing_or_history_availability,possible_absence_of_history_or_unknown_record,structured_missing_handling_candidate_later,feature_engineering_and_modeling,no
cc_missing_credit_limit_ratio_mean,structured_missing_or_history_availability,possible_absence_of_history_or_unknown_record,structured_missing_handling_candidate_later,feature_engineering_and_modeling,no
cc_missing_credit_limit_ratio_max,structured_missing_or_history_availability,possible_absence_of_history_or_unknown_record,structured_missing_handling_candidate_later,feature_engineering_and_modeling,no
cc_missing_credit_limit_ratio_min,structured_missing_or_history_availability,possible_absence_of_history_or_unknown_record,structured_missing_handling_candidate_later,feature_engineering_and_modeling,no
cc_latest_payment_to_balance_ratio_mean,structured_missing_or_history_availability,possible_absence_of_history_or_unknown_record,structured_missing_handling_candidate_later,feature_engineering_and_modeling,no
cc_latest_payment_to_balance_ratio_max,structured_missing_or_history_availability,possible_absence_of_history_or_unknown_record,structured_missing_handling_candidate_later,feature_engineering_and_modeling,no
cc_latest_payment_to_balance_ratio_min,structured_missing_or_history_availability,possible_absence_of_history_or_unknown_record,structured_missing_handling_candidate_later,feature_engineering_and_modeling,no
cc_latest_payment_to_min_inst_ratio_mean,structured_missing_or_history_availability,possible_absence_of_history_or_unknown_record,structured_missing_handling_candidate_later,feature_engineering_and_modeling,no
cc_latest_payment_to_min_inst_ratio_max,structured_missing_or_history_availability,possible_absence_of_history_or_unknown_record,structured_missing_handling_candidate_later,feature_engineering_and_modeling,no
cc_latest_payment_to_min_inst_ratio_min,structured_missing_or_history_availability,possible_absence_of_history_or_unknown_record,structured_missing_handling_candidate_later,feature_engineering_and_modeling,no
cc_month_min_mean,structured_missing_or_history_availability,possible_absence_of_history_or_unknown_record,structured_missing_handling_candidate_later,feature_engineering_and_modeling,no
cc_month_min_max,structured_missing_or_history_availability,possible_absence_of_history_or_unknown_record,structured_missing_handling_candidate_later,feature_engineering_and_modeling,no
cc_month_min_min,structured_missing_or_history_availability,possible_absence_of_history_or_unknown_record,structured_missing_handling_candidate_later,feature_engineering_and_modeling,no
cc_month_min_sum,structured_missing_or_history_availability,possible_absence_of_history_or_unknown_record,structured_missing_handling_candidate_later,feature_engineering_and_modeling,no
cc_month_max_mean,structured_missing_or_history_availability,possible_absence_of_history_or_unknown_record,structured_missing_handling_candidate_later,feature_engineering_and_modeling,no
cc_month_max_max,structured_missing_or_history_availability,possible_absence_of_history_or_unknown_record,structured_missing_handling_candidate_later,feature_engineering_and_modeling,no
cc_month_max_min,structured_missing_or_history_availability,possible_absence_of_history_or_unknown_record,structured_missing_handling_candidate_later,feature_engineering_and_modeling,no
cc_month_max_sum,structured_missing_or_history_availability,possible_absence_of_history_or_unknown_record,structured_missing_handling_candidate_later,feature_engineering_and_modeling,no
cc_month_mean_mean,structured_missing_or_history_availability,possible_absence_of_history_or_unknown_record,structured_missing_handling_candidate_later,feature_engineering_and_modeling,no
cc_month_mean_max,structured_missing_or_history_availability,possible_absence_of_history_or_unknown_record,structured_missing_handling_candidate_later,feature_engineering_and_modeling,no
cc_month_mean_min,structured_missing_or_history_availability,possible_absence_of_history_or_unknown_record,structured_missing_handling_candidate_later,feature_engineering_and_modeling,no
cc_month_mean_sum,structured_missing_or_history_availability,possible_absence_of_history_or_unknown_record,structured_missing_handling_candidate_later,feature_engineering_and_modeling,no
cc_month_span_mean_y,structured_missing_or_history_availability,possible_absence_of_history_or_unknown_record,structured_missing_handling_candidate_later,feature_engineering_and_modeling,no
cc_month_span_max_y,structured_missing_or_history_availability,possible_absence_of_history_or_unknown_record,structured_missing_handling_candidate_later,feature_engineering_and_modeling,no
cc_month_span_min,structured_missing_or_history_availability,possible_absence_of_history_or_unknown_record,structured_missing_handling_candidate_later,feature_engineering_and_modeling,no
cc_month_span_sum,structured_missing_or_history_availability,possible_absence_of_history_or_unknown_record,structured_missing_handling_candidate_later,feature_engineering_and_modeling,no
cc_balance_sum_mean,structured_missing_or_history_availability,possible_absence_of_history_or_unknown_record,structured_missing_handling_candidate_later,feature_engineering_and_modeling,no
cc_balance_sum_max,structured_missing_or_history_availability,possible_absence_of_history_or_unknown_record,structured_missing_handling_candidate_later,feature_engineering_and_modeling,no
cc_balance_sum_min,structured_missing_or_history_availability,possible_absence_of_history_or_unknown_record,structured_missing_handling_candidate_later,feature_engineering_and_modeling,no
cc_balance_sum_sum,structured_missing_or_history_availability,possible_absence_of_history_or_unknown_record,structured_missing_handling_candidate_later,feature_engineering_and_modeling,no
cc_balance_mean_mean,structured_missing_or_history_availability,possible_absence_of_history_or_unknown_record,structured_missing_handling_candidate_later,feature_engineering_and_modeling,no
cc_balance_mean_max,structured_missing_or_history_availability,possible_absence_of_history_or_unknown_record,structured_missing_handling_candidate_later,feature_engineering_and_modeling,no
cc_balance_mean_min,structured_missing_or_history_availability,possible_absence_of_history_or_unknown_record,structured_missing_handling_candidate_later,feature_engineering_and_modeling,no
cc_balance_mean_sum,structured_missing_or_history_availability,possible_absence_of_history_or_unknown_record,structured_missing_handling_candidate_later,feature_engineering_and_modeling,no
cc_balance_max_mean,structured_missing_or_history_availability,possible_absence_of_history_or_unknown_record,structured_missing_handling_candidate_later,feature_engineering_and_modeling,no
cc_balance_max_max,structured_missing_or_history_availability,possible_absence_of_history_or_unknown_record,structured_missing_handling_candidate_later,feature_engineering_and_modeling,no
cc_balance_max_min,structured_missing_or_history_availability,possible_absence_of_history_or_unknown_record,structured_missing_handling_candidate_later,feature_engineering_and_modeling,no
cc_balance_max_sum,structured_missing_or_history_availability,possible_absence_of_history_or_unknown_record,structured_missing_handling_candidate_later,feature_engineering_and_modeling,no
cc_balance_min_mean,structured_missing_or_history_availability,possible_absence_of_history_or_unknown_record,structured_missing_handling_candidate_later,feature_engineering_and_modeling,no
cc_balance_min_max,structured_missing_or_history_availability,possible_absence_of_history_or_unknown_record,structured_missing_handling_candidate_later,feature_engineering_and_modeling,no
cc_balance_min_min,structured_missing_or_history_availability,possible_absence_of_history_or_unknown_record,structured_missing_handling_candidate_later,feature_engineering_and_modeling,no
cc_balance_min_sum,structured_missing_or_history_availability,possible_absence_of_history_or_unknown_record,structured_missing_handling_candidate_later,feature_engineering_and_modeling,no
cc_balance_std_mean,structured_missing_or_history_availability,possible_absence_of_history_or_unknown_record,structured_missing_handling_candidate_later,feature_engineering_and_modeling,no
cc_balance_std_max,structured_missing_or_history_availability,possible_absence_of_history_or_unknown_record,structured_missing_handling_candidate_later,feature_engineering_and_modeling,no
cc_balance_std_min,structured_missing_or_history_availability,possible_absence_of_history_or_unknown_record,structured_missing_handling_candidate_later,feature_engineering_and_modeling,no
cc_balance_std_sum,structured_missing_or_history_availability,possible_absence_of_history_or_unknown_record,structured_missing_handling_candidate_later,feature_engineering_and_modeling,no
cc_credit_limit_mean_mean,structured_missing_or_history_availability,possible_absence_of_history_or_unknown_record,structured_missing_handling_candidate_later,feature_engineering_and_modeling,no
cc_credit_limit_mean_max,structured_missing_or_history_availability,possible_absence_of_history_or_unknown_record,structured_missing_handling_candidate_later,feature_engineering_and_modeling,no
cc_credit_limit_mean_min,structured_missing_or_history_availability,possible_absence_of_history_or_unknown_record,structured_missing_handling_candidate_later,feature_engineering_and_modeling,no
cc_credit_limit_mean_sum,structured_missing_or_history_availability,possible_absence_of_history_or_unknown_record,structured_missing_handling_candidate_later,feature_engineering_and_modeling,no
cc_credit_limit_max_mean,structured_missing_or_history_availability,possible_absence_of_history_or_unknown_record,structured_missing_handling_candidate_later,feature_engineering_and_modeling,no
cc_credit_limit_max_max,structured_missing_or_history_availability,possible_absence_of_history_or_unknown_record,structured_missing_handling_candidate_later,feature_engineering_and_modeling,no
cc_credit_limit_max_min,structured_missing_or_history_availability,possible_absence_of_history_or_unknown_record,structured_missing_handling_candidate_later,feature_engineering_and_modeling,no
cc_credit_limit_max_sum,structured_missing_or_history_availability,possible_absence_of_history_or_unknown_record,structured_missing_handling_candidate_later,feature_engineering_and_modeling,no
cc_credit_limit_min_mean,structured_missing_or_history_availability,possible_absence_of_history_or_unknown_record,structured_missing_handling_candidate_later,feature_engineering_and_modeling,no
cc_credit_limit_min_max,structured_missing_or_history_availability,possible_absence_of_history_or_unknown_record,structured_missing_handling_candidate_later,feature_engineering_and_modeling,no
cc_credit_limit_min_min,structured_missing_or_history_availability,possible_absence_of_history_or_unknown_record,structured_missing_handling_candidate_later,feature_engineering_and_modeling,no
cc_credit_limit_min_sum,structured_missing_or_history_availability,possible_absence_of_history_or_unknown_record,structured_missing_handling_candidate_later,feature_engineering_and_modeling,no
cc_credit_limit_std_mean,structured_missing_or_history_availability,possible_absence_of_history_or_unknown_record,structured_missing_handling_candidate_later,feature_engineering_and_modeling,no
cc_credit_limit_std_max,structured_missing_or_history_availability,possible_absence_of_history_or_unknown_record,structured_missing_handling_candidate_later,feature_engineering_and_modeling,no
cc_credit_limit_std_min,structured_missing_or_history_availability,possible_absence_of_history_or_unknown_record,structured_missing_handling_candidate_later,feature_engineering_and_modeling,no
cc_credit_limit_std_sum,structured_missing_or_history_availability,possible_absence_of_history_or_unknown_record,structured_missing_handling_candidate_later,feature_engineering_and_modeling,no
cc_drawing_amount_sum_mean,structured_missing_or_history_availability,possible_absence_of_history_or_unknown_record,structured_missing_handling_candidate_later,feature_engineering_and_modeling,no
cc_drawing_amount_sum_max,structured_missing_or_history_availability,possible_absence_of_history_or_unknown_record,structured_missing_handling_candidate_later,feature_engineering_and_modeling,no
cc_drawing_amount_sum_min,structured_missing_or_history_availability,possible_absence_of_history_or_unknown_record,structured_missing_handling_candidate_later,feature_engineering_and_modeling,no
cc_drawing_amount_sum_sum,structured_missing_or_history_availability,possible_absence_of_history_or_unknown_record,structured_missing_handling_candidate_later,feature_engineering_and_modeling,no
cc_drawing_amount_mean_mean,structured_missing_or_history_availability,possible_absence_of_history_or_unknown_record,structured_missing_handling_candidate_later,feature_engineering_and_modeling,no
cc_drawing_amount_mean_max,structured_missing_or_history_availability,possible_absence_of_history_or_unknown_record,structured_missing_handling_candidate_later,feature_engineering_and_modeling,no
cc_drawing_amount_mean_min,structured_missing_or_history_availability,possible_absence_of_history_or_unknown_record,structured_missing_handling_candidate_later,feature_engineering_and_modeling,no
cc_drawing_amount_mean_sum,structured_missing_or_history_availability,possible_absence_of_history_or_unknown_record,structured_missing_handling_candidate_later,feature_engineering_and_modeling,no
cc_drawing_amount_max_mean,structured_missing_or_history_availability,possible_absence_of_history_or_unknown_record,structured_missing_handling_candidate_later,feature_engineering_and_modeling,no
cc_drawing_amount_max_max,structured_missing_or_history_availability,possible_absence_of_history_or_unknown_record,structured_missing_handling_candidate_later,feature_engineering_and_modeling,no
cc_drawing_amount_max_min,structured_missing_or_history_availability,possible_absence_of_history_or_unknown_record,structured_missing_handling_candidate_later,feature_engineering_and_modeling,no
cc_drawing_amount_max_sum,structured_missing_or_history_availability,possible_absence_of_history_or_unknown_record,structured_missing_handling_candidate_later,feature_engineering_and_modeling,no
cc_drawing_amount_min_mean,structured_missing_or_history_availability,possible_absence_of_history_or_unknown_record,structured_missing_handling_candidate_later,feature_engineering_and_modeling,no
cc_drawing_amount_min_max,structured_missing_or_history_availability,possible_absence_of_history_or_unknown_record,structured_missing_handling_candidate_later,feature_engineering_and_modeling,no
cc_drawing_amount_min_min,structured_missing_or_history_availability,possible_absence_of_history_or_unknown_record,structured_missing_handling_candidate_later,feature_engineering_and_modeling,no
cc_drawing_amount_min_sum,structured_missing_or_history_availability,possible_absence_of_history_or_unknown_record,structured_missing_handling_candidate_later,feature_engineering_and_modeling,no
cc_drawing_amount_std_mean,structured_missing_or_history_availability,possible_absence_of_history_or_unknown_record,structured_missing_handling_candidate_later,feature_engineering_and_modeling,no
cc_drawing_amount_std_max,structured_missing_or_history_availability,possible_absence_of_history_or_unknown_record,structured_missing_handling_candidate_later,feature_engineering_and_modeling,no
cc_drawing_amount_std_min,structured_missing_or_history_availability,possible_absence_of_history_or_unknown_record,structured_missing_handling_candidate_later,feature_engineering_and_modeling,no
cc_drawing_amount_std_sum,structured_missing_or_history_availability,possible_absence_of_history_or_unknown_record,structured_missing_handling_candidate_later,feature_engineering_and_modeling,no
cc_atm_drawing_amount_sum_mean,structured_missing_or_history_availability,possible_absence_of_history_or_unknown_record,structured_missing_handling_candidate_later,feature_engineering_and_modeling,no
cc_atm_drawing_amount_sum_max,structured_missing_or_history_availability,possible_absence_of_history_or_unknown_record,structured_missing_handling_candidate_later,feature_engineering_and_modeling,no
cc_atm_drawing_amount_sum_min,structured_missing_or_history_availability,possible_absence_of_history_or_unknown_record,structured_missing_handling_candidate_later,feature_engineering_and_modeling,no
cc_atm_drawing_amount_sum_sum,structured_missing_or_history_availability,possible_absence_of_history_or_unknown_record,structured_missing_handling_candidate_later,feature_engineering_and_modeling,no
cc_atm_drawing_amount_mean_mean,structured_missing_or_history_availability,possible_absence_of_history_or_unknown_record,structured_missing_handling_candidate_later,feature_engineering_and_modeling,no
cc_atm_drawing_amount_mean_max,structured_missing_or_history_availability,possible_absence_of_history_or_unknown_record,structured_missing_handling_candidate_later,feature_engineering_and_modeling,no
cc_atm_drawing_amount_mean_min,structured_missing_or_history_availability,possible_absence_of_history_or_unknown_record,structured_missing_handling_candidate_later,feature_engineering_and_modeling,no
cc_atm_drawing_amount_mean_sum,structured_missing_or_history_availability,possible_absence_of_history_or_unknown_record,structured_missing_handling_candidate_later,feature_engineering_and_modeling,no
cc_atm_drawing_amount_max_mean,structured_missing_or_history_availability,possible_absence_of_history_or_unknown_record,structured_missing_handling_candidate_later,feature_engineering_and_modeling,no
cc_atm_drawing_amount_max_max,structured_missing_or_history_availability,possible_absence_of_history_or_unknown_record,structured_missing_handling_candidate_later,feature_engineering_and_modeling,no
cc_atm_drawing_amount_max_min,structured_missing_or_history_availability,possible_absence_of_history_or_unknown_record,structured_missing_handling_candidate_later,feature_engineering_and_modeling,no
cc_atm_drawing_amount_max_sum,structured_missing_or_history_availability,possible_absence_of_history_or_unknown_record,structured_missing_handling_candidate_later,feature_engineering_and_modeling,no
cc_pos_drawing_amount_sum_mean,structured_missing_or_history_availability,possible_absence_of_history_or_unknown_record,structured_missing_handling_candidate_later,feature_engineering_and_modeling,no
cc_pos_drawing_amount_sum_max,structured_missing_or_history_availability,possible_absence_of_history_or_unknown_record,structured_missing_handling_candidate_later,feature_engineering_and_modeling,no
cc_pos_drawing_amount_sum_min,structured_missing_or_history_availability,possible_absence_of_history_or_unknown_record,structured_missing_handling_candidate_later,feature_engineering_and_modeling,no
cc_pos_drawing_amount_sum_sum,structured_missing_or_history_availability,possible_absence_of_history_or_unknown_record,structured_missing_handling_candidate_later,feature_engineering_and_modeling,no
cc_pos_drawing_amount_mean_mean,structured_missing_or_history_availability,possible_absence_of_history_or_unknown_record,structured_missing_handling_candidate_later,feature_engineering_and_modeling,no
cc_pos_drawing_amount_mean_max,structured_missing_or_history_availability,possible_absence_of_history_or_unknown_record,structured_missing_handling_candidate_later,feature_engineering_and_modeling,no
cc_pos_drawing_amount_mean_min,structured_missing_or_history_availability,possible_absence_of_history_or_unknown_record,structured_missing_handling_candidate_later,feature_engineering_and_modeling,no
cc_pos_drawing_amount_mean_sum,structured_missing_or_history_availability,possible_absence_of_history_or_unknown_record,structured_missing_handling_candidate_later,feature_engineering_and_modeling,no
cc_pos_drawing_amount_max_mean,structured_missing_or_history_availability,possible_absence_of_history_or_unknown_record,structured_missing_handling_candidate_later,feature_engineering_and_modeling,no
cc_pos_drawing_amount_max_max,structured_missing_or_history_availability,possible_absence_of_history_or_unknown_record,structured_missing_handling_candidate_later,feature_engineering_and_modeling,no
cc_pos_drawing_amount_max_min,structured_missing_or_history_availability,possible_absence_of_history_or_unknown_record,structured_missing_handling_candidate_later,feature_engineering_and_modeling,no
cc_pos_drawing_amount_max_sum,structured_missing_or_history_availability,possible_absence_of_history_or_unknown_record,structured_missing_handling_candidate_later,feature_engineering_and_modeling,no
cc_other_drawing_amount_sum_mean,structured_missing_or_history_availability,possible_absence_of_history_or_unknown_record,structured_missing_handling_candidate_later,feature_engineering_and_modeling,no
cc_other_drawing_amount_sum_max,structured_missing_or_history_availability,possible_absence_of_history_or_unknown_record,structured_missing_handling_candidate_later,feature_engineering_and_modeling,no
cc_other_drawing_amount_sum_min,structured_missing_or_history_availability,possible_absence_of_history_or_unknown_record,structured_missing_handling_candidate_later,feature_engineering_and_modeling,no
cc_other_drawing_amount_sum_sum,structured_missing_or_history_availability,possible_absence_of_history_or_unknown_record,structured_missing_handling_candidate_later,feature_engineering_and_modeling,no
cc_other_drawing_amount_mean_mean,structured_missing_or_history_availability,possible_absence_of_history_or_unknown_record,structured_missing_handling_candidate_later,feature_engineering_and_modeling,no
cc_other_drawing_amount_mean_max,structured_missing_or_history_availability,possible_absence_of_history_or_unknown_record,structured_missing_handling_candidate_later,feature_engineering_and_modeling,no
cc_other_drawing_amount_mean_min,structured_missing_or_history_availability,possible_absence_of_history_or_unknown_record,structured_missing_handling_candidate_later,feature_engineering_and_modeling,no
cc_other_drawing_amount_mean_sum,structured_missing_or_history_availability,possible_absence_of_history_or_unknown_record,structured_missing_handling_candidate_later,feature_engineering_and_modeling,no
cc_other_drawing_amount_max_mean,structured_missing_or_history_availability,possible_absence_of_history_or_unknown_record,structured_missing_handling_candidate_later,feature_engineering_and_modeling,no
cc_other_drawing_amount_max_max,structured_missing_or_history_availability,possible_absence_of_history_or_unknown_record,structured_missing_handling_candidate_later,feature_engineering_and_modeling,no
cc_other_drawing_amount_max_min,structured_missing_or_history_availability,possible_absence_of_history_or_unknown_record,structured_missing_handling_candidate_later,feature_engineering_and_modeling,no
cc_other_drawing_amount_max_sum,structured_missing_or_history_availability,possible_absence_of_history_or_unknown_record,structured_missing_handling_candidate_later,feature_engineering_and_modeling,no
cc_drawing_count_sum_mean,structured_missing_or_history_availability,possible_absence_of_history_or_unknown_record,structured_missing_handling_candidate_later,feature_engineering_and_modeling,no
cc_drawing_count_sum_max,structured_missing_or_history_availability,possible_absence_of_history_or_unknown_record,structured_missing_handling_candidate_later,feature_engineering_and_modeling,no
cc_drawing_count_sum_min,structured_missing_or_history_availability,possible_absence_of_history_or_unknown_record,structured_missing_handling_candidate_later,feature_engineering_and_modeling,no
cc_drawing_count_sum_sum,structured_missing_or_history_availability,possible_absence_of_history_or_unknown_record,structured_missing_handling_candidate_later,feature_engineering_and_modeling,no
cc_drawing_count_mean_mean,structured_missing_or_history_availability,possible_absence_of_history_or_unknown_record,structured_missing_handling_candidate_later,feature_engineering_and_modeling,no
cc_drawing_count_mean_max,structured_missing_or_history_availability,possible_absence_of_history_or_unknown_record,structured_missing_handling_candidate_later,feature_engineering_and_modeling,no
cc_drawing_count_mean_min,structured_missing_or_history_availability,possible_absence_of_history_or_unknown_record,structured_missing_handling_candidate_later,feature_engineering_and_modeling,no
cc_drawing_count_mean_sum,structured_missing_or_history_availability,possible_absence_of_history_or_unknown_record,structured_missing_handling_candidate_later,feature_engineering_and_modeling,no
cc_drawing_count_max_mean,structured_missing_or_history_availability,possible_absence_of_history_or_unknown_record,structured_missing_handling_candidate_later,feature_engineering_and_modeling,no
cc_drawing_count_max_max,structured_missing_or_history_availability,possible_absence_of_history_or_unknown_record,structured_missing_handling_candidate_later,feature_engineering_and_modeling,no
cc_drawing_count_max_min,structured_missing_or_history_availability,possible_absence_of_history_or_unknown_record,structured_missing_handling_candidate_later,feature_engineering_and_modeling,no
cc_drawing_count_max_sum,structured_missing_or_history_availability,possible_absence_of_history_or_unknown_record,structured_missing_handling_candidate_later,feature_engineering_and_modeling,no
cc_atm_drawing_count_sum_mean,structured_missing_or_history_availability,possible_absence_of_history_or_unknown_record,structured_missing_handling_candidate_later,feature_engineering_and_modeling,no
cc_atm_drawing_count_sum_max,structured_missing_or_history_availability,possible_absence_of_history_or_unknown_record,structured_missing_handling_candidate_later,feature_engineering_and_modeling,no
cc_atm_drawing_count_sum_min,structured_missing_or_history_availability,possible_absence_of_history_or_unknown_record,structured_missing_handling_candidate_later,feature_engineering_and_modeling,no
cc_atm_drawing_count_sum_sum,structured_missing_or_history_availability,possible_absence_of_history_or_unknown_record,structured_missing_handling_candidate_later,feature_engineering_and_modeling,no
cc_atm_drawing_count_mean_mean,structured_missing_or_history_availability,possible_absence_of_history_or_unknown_record,structured_missing_handling_candidate_later,feature_engineering_and_modeling,no
cc_atm_drawing_count_mean_max,structured_missing_or_history_availability,possible_absence_of_history_or_unknown_record,structured_missing_handling_candidate_later,feature_engineering_and_modeling,no
cc_atm_drawing_count_mean_min,structured_missing_or_history_availability,possible_absence_of_history_or_unknown_record,structured_missing_handling_candidate_later,feature_engineering_and_modeling,no
cc_atm_drawing_count_mean_sum,structured_missing_or_history_availability,possible_absence_of_history_or_unknown_record,structured_missing_handling_candidate_later,feature_engineering_and_modeling,no
cc_atm_drawing_count_max_mean,structured_missing_or_history_availability,possible_absence_of_history_or_unknown_record,structured_missing_handling_candidate_later,feature_engineering_and_modeling,no
cc_atm_drawing_count_max_max,structured_missing_or_history_availability,possible_absence_of_history_or_unknown_record,structured_missing_handling_candidate_later,feature_engineering_and_modeling,no
cc_atm_drawing_count_max_min,structured_missing_or_history_availability,possible_absence_of_history_or_unknown_record,structured_missing_handling_candidate_later,feature_engineering_and_modeling,no
cc_atm_drawing_count_max_sum,structured_missing_or_history_availability,possible_absence_of_history_or_unknown_record,structured_missing_handling_candidate_later,feature_engineering_and_modeling,no
cc_pos_drawing_count_sum_mean,structured_missing_or_history_availability,possible_absence_of_history_or_unknown_record,structured_missing_handling_candidate_later,feature_engineering_and_modeling,no
cc_pos_drawing_count_sum_max,structured_missing_or_history_availability,possible_absence_of_history_or_unknown_record,structured_missing_handling_candidate_later,feature_engineering_and_modeling,no
cc_pos_drawing_count_sum_min,structured_missing_or_history_availability,possible_absence_of_history_or_unknown_record,structured_missing_handling_candidate_later,feature_engineering_and_modeling,no
cc_pos_drawing_count_sum_sum,structured_missing_or_history_availability,possible_absence_of_history_or_unknown_record,structured_missing_handling_candidate_later,feature_engineering_and_modeling,no
cc_pos_drawing_count_mean_mean,structured_missing_or_history_availability,possible_absence_of_history_or_unknown_record,structured_missing_handling_candidate_later,feature_engineering_and_modeling,no
cc_pos_drawing_count_mean_max,structured_missing_or_history_availability,possible_absence_of_history_or_unknown_record,structured_missing_handling_candidate_later,feature_engineering_and_modeling,no
cc_pos_drawing_count_mean_min,structured_missing_or_history_availability,possible_absence_of_history_or_unknown_record,structured_missing_handling_candidate_later,feature_engineering_and_modeling,no
cc_pos_drawing_count_mean_sum,structured_missing_or_history_availability,possible_absence_of_history_or_unknown_record,structured_missing_handling_candidate_later,feature_engineering_and_modeling,no
cc_pos_drawing_count_max_mean,structured_missing_or_history_availability,possible_absence_of_history_or_unknown_record,structured_missing_handling_candidate_later,feature_engineering_and_modeling,no
cc_pos_drawing_count_max_max,structured_missing_or_history_availability,possible_absence_of_history_or_unknown_record,structured_missing_handling_candidate_later,feature_engineering_and_modeling,no
cc_pos_drawing_count_max_min,structured_missing_or_history_availability,possible_absence_of_history_or_unknown_record,structured_missing_handling_candidate_later,feature_engineering_and_modeling,no
cc_pos_drawing_count_max_sum,structured_missing_or_history_availability,possible_absence_of_history_or_unknown_record,structured_missing_handling_candidate_later,feature_engineering_and_modeling,no
cc_other_drawing_count_sum_mean,structured_missing_or_history_availability,possible_absence_of_history_or_unknown_record,structured_missing_handling_candidate_later,feature_engineering_and_modeling,no
cc_other_drawing_count_sum_max,structured_missing_or_history_availability,possible_absence_of_history_or_unknown_record,structured_missing_handling_candidate_later,feature_engineering_and_modeling,no
cc_other_drawing_count_sum_min,structured_missing_or_history_availability,possible_absence_of_history_or_unknown_record,structured_missing_handling_candidate_later,feature_engineering_and_modeling,no
cc_other_drawing_count_sum_sum,structured_missing_or_history_availability,possible_absence_of_history_or_unknown_record,structured_missing_handling_candidate_later,feature_engineering_and_modeling,no
cc_other_drawing_count_mean_mean,structured_missing_or_history_availability,possible_absence_of_history_or_unknown_record,structured_missing_handling_candidate_later,feature_engineering_and_modeling,no
cc_other_drawing_count_mean_max,structured_missing_or_history_availability,possible_absence_of_history_or_unknown_record,structured_missing_handling_candidate_later,feature_engineering_and_modeling,no
cc_other_drawing_count_mean_min,structured_missing_or_history_availability,possible_absence_of_history_or_unknown_record,structured_missing_handling_candidate_later,feature_engineering_and_modeling,no
cc_other_drawing_count_mean_sum,structured_missing_or_history_availability,possible_absence_of_history_or_unknown_record,structured_missing_handling_candidate_later,feature_engineering_and_modeling,no
cc_other_drawing_count_max_mean,structured_missing_or_history_availability,possible_absence_of_history_or_unknown_record,structured_missing_handling_candidate_later,feature_engineering_and_modeling,no
cc_other_drawing_count_max_max,structured_missing_or_history_availability,possible_absence_of_history_or_unknown_record,structured_missing_handling_candidate_later,feature_engineering_and_modeling,no
cc_other_drawing_count_max_min,structured_missing_or_history_availability,possible_absence_of_history_or_unknown_record,structured_missing_handling_candidate_later,feature_engineering_and_modeling,no
cc_other_drawing_count_max_sum,structured_missing_or_history_availability,possible_absence_of_history_or_unknown_record,structured_missing_handling_candidate_later,feature_engineering_and_modeling,no
cc_payment_current_sum_mean,structured_missing_or_history_availability,possible_absence_of_history_or_unknown_record,structured_missing_handling_candidate_later,feature_engineering_and_modeling,no
cc_payment_current_sum_max,structured_missing_or_history_availability,possible_absence_of_history_or_unknown_record,structured_missing_handling_candidate_later,feature_engineering_and_modeling,no
cc_payment_current_sum_min,structured_missing_or_history_availability,possible_absence_of_history_or_unknown_record,structured_missing_handling_candidate_later,feature_engineering_and_modeling,no
cc_payment_current_sum_sum,structured_missing_or_history_availability,possible_absence_of_history_or_unknown_record,structured_missing_handling_candidate_later,feature_engineering_and_modeling,no
cc_payment_current_mean_mean,structured_missing_or_history_availability,possible_absence_of_history_or_unknown_record,structured_missing_handling_candidate_later,feature_engineering_and_modeling,no
cc_payment_current_mean_max,structured_missing_or_history_availability,possible_absence_of_history_or_unknown_record,structured_missing_handling_candidate_later,feature_engineering_and_modeling,no
cc_payment_current_mean_min,structured_missing_or_history_availability,possible_absence_of_history_or_unknown_record,structured_missing_handling_candidate_later,feature_engineering_and_modeling,no
cc_payment_current_mean_sum,structured_missing_or_history_availability,possible_absence_of_history_or_unknown_record,structured_missing_handling_candidate_later,feature_engineering_and_modeling,no
cc_payment_current_max_mean,structured_missing_or_history_availability,possible_absence_of_history_or_unknown_record,structured_missing_handling_candidate_later,feature_engineering_and_modeling,no
cc_payment_current_max_max,structured_missing_or_history_availability,possible_absence_of_history_or_unknown_record,structured_missing_handling_candidate_later,feature_engineering_and_modeling,no
cc_payment_current_max_min,structured_missing_or_history_availability,possible_absence_of_history_or_unknown_record,structured_missing_handling_candidate_later,feature_engineering_and_modeling,no
cc_payment_current_max_sum,structured_missing_or_history_availability,possible_absence_of_history_or_unknown_record,structured_missing_handling_candidate_later,feature_engineering_and_modeling,no
cc_payment_current_min_mean,structured_missing_or_history_availability,possible_absence_of_history_or_unknown_record,structured_missing_handling_candidate_later,feature_engineering_and_modeling,no
cc_payment_current_min_max,structured_missing_or_history_availability,possible_absence_of_history_or_unknown_record,structured_missing_handling_candidate_later,feature_engineering_and_modeling,no
cc_payment_current_min_min,structured_missing_or_history_availability,possible_absence_of_history_or_unknown_record,structured_missing_handling_candidate_later,feature_engineering_and_modeling,no
cc_payment_current_min_sum,structured_missing_or_history_availability,possible_absence_of_history_or_unknown_record,structured_missing_handling_candidate_later,feature_engineering_and_modeling,no
cc_payment_current_std_mean,structured_missing_or_history_availability,possible_absence_of_history_or_unknown_record,structured_missing_handling_candidate_later,feature_engineering_and_modeling,no
cc_payment_current_std_max,structured_missing_or_history_availability,possible_absence_of_history_or_unknown_record,structured_missing_handling_candidate_later,feature_engineering_and_modeling,no
cc_payment_current_std_min,structured_missing_or_history_availability,possible_absence_of_history_or_unknown_record,structured_missing_handling_candidate_later,feature_engineering_and_modeling,no
cc_payment_current_std_sum,structured_missing_or_history_availability,possible_absence_of_history_or_unknown_record,structured_missing_handling_candidate_later,feature_engineering_and_modeling,no
cc_payment_total_sum_mean,structured_missing_or_history_availability,possible_absence_of_history_or_unknown_record,structured_missing_handling_candidate_later,feature_engineering_and_modeling,no
cc_payment_total_sum_max,structured_missing_or_history_availability,possible_absence_of_history_or_unknown_record,structured_missing_handling_candidate_later,feature_engineering_and_modeling,no
cc_payment_total_sum_min,structured_missing_or_history_availability,possible_absence_of_history_or_unknown_record,structured_missing_handling_candidate_later,feature_engineering_and_modeling,no
cc_payment_total_sum_sum,structured_missing_or_history_availability,possible_absence_of_history_or_unknown_record,structured_missing_handling_candidate_later,feature_engineering_and_modeling,no
cc_payment_total_mean_mean,structured_missing_or_history_availability,possible_absence_of_history_or_unknown_record,structured_missing_handling_candidate_later,feature_engineering_and_modeling,no
cc_payment_total_mean_max,structured_missing_or_history_availability,possible_absence_of_history_or_unknown_record,structured_missing_handling_candidate_later,feature_engineering_and_modeling,no
cc_payment_total_mean_min,structured_missing_or_history_availability,possible_absence_of_history_or_unknown_record,structured_missing_handling_candidate_later,feature_engineering_and_modeling,no
cc_payment_total_mean_sum,structured_missing_or_history_availability,possible_absence_of_history_or_unknown_record,structured_missing_handling_candidate_later,feature_engineering_and_modeling,no
cc_payment_total_max_mean,structured_missing_or_history_availability,possible_absence_of_history_or_unknown_record,structured_missing_handling_candidate_later,feature_engineering_and_modeling,no
cc_payment_total_max_max,structured_missing_or_history_availability,possible_absence_of_history_or_unknown_record,structured_missing_handling_candidate_later,feature_engineering_and_modeling,no
cc_payment_total_max_min,structured_missing_or_history_availability,possible_absence_of_history_or_unknown_record,structured_missing_handling_candidate_later,feature_engineering_and_modeling,no
cc_payment_total_max_sum,structured_missing_or_history_availability,possible_absence_of_history_or_unknown_record,structured_missing_handling_candidate_later,feature_engineering_and_modeling,no
cc_payment_total_min_mean,structured_missing_or_history_availability,possible_absence_of_history_or_unknown_record,structured_missing_handling_candidate_later,feature_engineering_and_modeling,no
cc_payment_total_min_max,structured_missing_or_history_availability,possible_absence_of_history_or_unknown_record,structured_missing_handling_candidate_later,feature_engineering_and_modeling,no
cc_payment_total_min_min,structured_missing_or_history_availability,possible_absence_of_history_or_unknown_record,structured_missing_handling_candidate_later,feature_engineering_and_modeling,no
cc_payment_total_min_sum,structured_missing_or_history_availability,possible_absence_of_history_or_unknown_record,structured_missing_handling_candidate_later,feature_engineering_and_modeling,no
cc_payment_total_std_mean,structured_missing_or_history_availability,possible_absence_of_history_or_unknown_record,structured_missing_handling_candidate_later,feature_engineering_and_modeling,no
cc_payment_total_std_max,structured_missing_or_history_availability,possible_absence_of_history_or_unknown_record,structured_missing_handling_candidate_later,feature_engineering_and_modeling,no
cc_payment_total_std_min,structured_missing_or_history_availability,possible_absence_of_history_or_unknown_record,structured_missing_handling_candidate_later,feature_engineering_and_modeling,no
cc_payment_total_std_sum,structured_missing_or_history_availability,possible_absence_of_history_or_unknown_record,structured_missing_handling_candidate_later,feature_engineering_and_modeling,no
cc_min_instalment_sum_mean,structured_missing_or_history_availability,possible_absence_of_history_or_unknown_record,structured_missing_handling_candidate_later,feature_engineering_and_modeling,no
cc_min_instalment_sum_max,structured_missing_or_history_availability,possible_absence_of_history_or_unknown_record,structured_missing_handling_candidate_later,feature_engineering_and_modeling,no
cc_min_instalment_sum_min,structured_missing_or_history_availability,possible_absence_of_history_or_unknown_record,structured_missing_handling_candidate_later,feature_engineering_and_modeling,no
cc_min_instalment_sum_sum,structured_missing_or_history_availability,possible_absence_of_history_or_unknown_record,structured_missing_handling_candidate_later,feature_engineering_and_modeling,no
cc_min_instalment_mean_mean,structured_missing_or_history_availability,possible_absence_of_history_or_unknown_record,structured_missing_handling_candidate_later,feature_engineering_and_modeling,no
cc_min_instalment_mean_max,structured_missing_or_history_availability,possible_absence_of_history_or_unknown_record,structured_missing_handling_candidate_later,feature_engineering_and_modeling,no
cc_min_instalment_mean_min,structured_missing_or_history_availability,possible_absence_of_history_or_unknown_record,structured_missing_handling_candidate_later,feature_engineering_and_modeling,no
cc_min_instalment_mean_sum,structured_missing_or_history_availability,possible_absence_of_history_or_unknown_record,structured_missing_handling_candidate_later,feature_engineering_and_modeling,no
cc_min_instalment_max_mean,structured_missing_or_history_availability,possible_absence_of_history_or_unknown_record,structured_missing_handling_candidate_later,feature_engineering_and_modeling,no
cc_min_instalment_max_max,structured_missing_or_history_availability,possible_absence_of_history_or_unknown_record,structured_missing_handling_candidate_later,feature_engineering_and_modeling,no
cc_min_instalment_max_min,structured_missing_or_history_availability,possible_absence_of_history_or_unknown_record,structured_missing_handling_candidate_later,feature_engineering_and_modeling,no
cc_min_instalment_max_sum,structured_missing_or_history_availability,possible_absence_of_history_or_unknown_record,structured_missing_handling_candidate_later,feature_engineering_and_modeling,no
cc_min_instalment_min_mean,structured_missing_or_history_availability,possible_absence_of_history_or_unknown_record,structured_missing_handling_candidate_later,feature_engineering_and_modeling,no
cc_min_instalment_min_max,structured_missing_or_history_availability,possible_absence_of_history_or_unknown_record,structured_missing_handling_candidate_later,feature_engineering_and_modeling,no
cc_min_instalment_min_min,structured_missing_or_history_availability,possible_absence_of_history_or_unknown_record,structured_missing_handling_candidate_later,feature_engineering_and_modeling,no
cc_min_instalment_min_sum,structured_missing_or_history_availability,possible_absence_of_history_or_unknown_record,structured_missing_handling_candidate_later,feature_engineering_and_modeling,no
cc_min_instalment_std_mean,structured_missing_or_history_availability,possible_absence_of_history_or_unknown_record,structured_missing_handling_candidate_later,feature_engineering_and_modeling,no
cc_min_instalment_std_max,structured_missing_or_history_availability,possible_absence_of_history_or_unknown_record,structured_missing_handling_candidate_later,feature_engineering_and_modeling,no
cc_min_instalment_std_min,structured_missing_or_history_availability,possible_absence_of_history_or_unknown_record,structured_missing_handling_candidate_later,feature_engineering_and_modeling,no
cc_min_instalment_std_sum,structured_missing_or_history_availability,possible_absence_of_history_or_unknown_record,structured_missing_handling_candidate_later,feature_engineering_and_modeling,no
cc_total_receivable_sum_mean,structured_missing_or_history_availability,possible_absence_of_history_or_unknown_record,structured_missing_handling_candidate_later,feature_engineering_and_modeling,no
cc_total_receivable_sum_max,structured_missing_or_history_availability,possible_absence_of_history_or_unknown_record,structured_missing_handling_candidate_later,feature_engineering_and_modeling,no
cc_total_receivable_sum_min,structured_missing_or_history_availability,possible_absence_of_history_or_unknown_record,structured_missing_handling_candidate_later,feature_engineering_and_modeling,no
cc_total_receivable_sum_sum,structured_missing_or_history_availability,possible_absence_of_history_or_unknown_record,structured_missing_handling_candidate_later,feature_engineering_and_modeling,no
cc_total_receivable_mean_mean,structured_missing_or_history_availability,possible_absence_of_history_or_unknown_record,structured_missing_handling_candidate_later,feature_engineering_and_modeling,no
cc_total_receivable_mean_max,structured_missing_or_history_availability,possible_absence_of_history_or_unknown_record,structured_missing_handling_candidate_later,feature_engineering_and_modeling,no
cc_total_receivable_mean_min,structured_missing_or_history_availability,possible_absence_of_history_or_unknown_record,structured_missing_handling_candidate_later,feature_engineering_and_modeling,no
cc_total_receivable_mean_sum,structured_missing_or_history_availability,possible_absence_of_history_or_unknown_record,structured_missing_handling_candidate_later,feature_engineering_and_modeling,no
cc_total_receivable_max_mean,structured_missing_or_history_availability,possible_absence_of_history_or_unknown_record,structured_missing_handling_candidate_later,feature_engineering_and_modeling,no
cc_total_receivable_max_max,structured_missing_or_history_availability,possible_absence_of_history_or_unknown_record,structured_missing_handling_candidate_later,feature_engineering_and_modeling,no
cc_total_receivable_max_min,structured_missing_or_history_availability,possible_absence_of_history_or_unknown_record,structured_missing_handling_candidate_later,feature_engineering_and_modeling,no
cc_total_receivable_max_sum,structured_missing_or_history_availability,possible_absence_of_history_or_unknown_record,structured_missing_handling_candidate_later,feature_engineering_and_modeling,no
cc_total_receivable_min_mean,structured_missing_or_history_availability,possible_absence_of_history_or_unknown_record,structured_missing_handling_candidate_later,feature_engineering_and_modeling,no
cc_total_receivable_min_max,structured_missing_or_history_availability,possible_absence_of_history_or_unknown_record,structured_missing_handling_candidate_later,feature_engineering_and_modeling,no
cc_total_receivable_min_min,structured_missing_or_history_availability,possible_absence_of_history_or_unknown_record,structured_missing_handling_candidate_later,feature_engineering_and_modeling,no
cc_total_receivable_min_sum,structured_missing_or_history_availability,possible_absence_of_history_or_unknown_record,structured_missing_handling_candidate_later,feature_engineering_and_modeling,no
cc_total_receivable_std_mean,structured_missing_or_history_availability,possible_absence_of_history_or_unknown_record,structured_missing_handling_candidate_later,feature_engineering_and_modeling,no
cc_total_receivable_std_max,structured_missing_or_history_availability,possible_absence_of_history_or_unknown_record,structured_missing_handling_candidate_later,feature_engineering_and_modeling,no
cc_total_receivable_std_min,structured_missing_or_history_availability,possible_absence_of_history_or_unknown_record,structured_missing_handling_candidate_later,feature_engineering_and_modeling,no
cc_total_receivable_std_sum,structured_missing_or_history_availability,possible_absence_of_history_or_unknown_record,structured_missing_handling_candidate_later,feature_engineering_and_modeling,no
cc_principal_receivable_sum_mean,structured_missing_or_history_availability,possible_absence_of_history_or_unknown_record,structured_missing_handling_candidate_later,feature_engineering_and_modeling,no
cc_principal_receivable_sum_max,structured_missing_or_history_availability,possible_absence_of_history_or_unknown_record,structured_missing_handling_candidate_later,feature_engineering_and_modeling,no
cc_principal_receivable_sum_min,structured_missing_or_history_availability,possible_absence_of_history_or_unknown_record,structured_missing_handling_candidate_later,feature_engineering_and_modeling,no
cc_principal_receivable_sum_sum,structured_missing_or_history_availability,possible_absence_of_history_or_unknown_record,structured_missing_handling_candidate_later,feature_engineering_and_modeling,no
cc_principal_receivable_mean_mean,structured_missing_or_history_availability,possible_absence_of_history_or_unknown_record,structured_missing_handling_candidate_later,feature_engineering_and_modeling,no
cc_principal_receivable_mean_max,structured_missing_or_history_availability,possible_absence_of_history_or_unknown_record,structured_missing_handling_candidate_later,feature_engineering_and_modeling,no
cc_principal_receivable_mean_min,structured_missing_or_history_availability,possible_absence_of_history_or_unknown_record,structured_missing_handling_candidate_later,feature_engineering_and_modeling,no
cc_principal_receivable_mean_sum,structured_missing_or_history_availability,possible_absence_of_history_or_unknown_record,structured_missing_handling_candidate_later,feature_engineering_and_modeling,no
cc_principal_receivable_max_mean,structured_missing_or_history_availability,possible_absence_of_history_or_unknown_record,structured_missing_handling_candidate_later,feature_engineering_and_modeling,no
cc_principal_receivable_max_max,structured_missing_or_history_availability,possible_absence_of_history_or_unknown_record,structured_missing_handling_candidate_later,feature_engineering_and_modeling,no
cc_principal_receivable_max_min,structured_missing_or_history_availability,possible_absence_of_history_or_unknown_record,structured_missing_handling_candidate_later,feature_engineering_and_modeling,no
cc_principal_receivable_max_sum,structured_missing_or_history_availability,possible_absence_of_history_or_unknown_record,structured_missing_handling_candidate_later,feature_engineering_and_modeling,no
cc_recivable_sum_mean,structured_missing_or_history_availability,possible_absence_of_history_or_unknown_record,structured_missing_handling_candidate_later,feature_engineering_and_modeling,no
cc_recivable_sum_max,structured_missing_or_history_availability,possible_absence_of_history_or_unknown_record,structured_missing_handling_candidate_later,feature_engineering_and_modeling,no
cc_recivable_sum_min,structured_missing_or_history_availability,possible_absence_of_history_or_unknown_record,structured_missing_handling_candidate_later,feature_engineering_and_modeling,no
cc_recivable_sum_sum,structured_missing_or_history_availability,possible_absence_of_history_or_unknown_record,structured_missing_handling_candidate_later,feature_engineering_and_modeling,no
cc_recivable_mean_mean,structured_missing_or_history_availability,possible_absence_of_history_or_unknown_record,structured_missing_handling_candidate_later,feature_engineering_and_modeling,no
cc_recivable_mean_max,structured_missing_or_history_availability,possible_absence_of_history_or_unknown_record,structured_missing_handling_candidate_later,feature_engineering_and_modeling,no
cc_recivable_mean_min,structured_missing_or_history_availability,possible_absence_of_history_or_unknown_record,structured_missing_handling_candidate_later,feature_engineering_and_modeling,no
cc_recivable_mean_sum,structured_missing_or_history_availability,possible_absence_of_history_or_unknown_record,structured_missing_handling_candidate_later,feature_engineering_and_modeling,no
cc_recivable_max_mean,structured_missing_or_history_availability,possible_absence_of_history_or_unknown_record,structured_missing_handling_candidate_later,feature_engineering_and_modeling,no
cc_recivable_max_max,structured_missing_or_history_availability,possible_absence_of_history_or_unknown_record,structured_missing_handling_candidate_later,feature_engineering_and_modeling,no
cc_recivable_max_min,structured_missing_or_history_availability,possible_absence_of_history_or_unknown_record,structured_missing_handling_candidate_later,feature_engineering_and_modeling,no
cc_recivable_max_sum,structured_missing_or_history_availability,possible_absence_of_history_or_unknown_record,structured_missing_handling_candidate_later,feature_engineering_and_modeling,no
cc_mature_instalment_mean_mean,structured_missing_or_history_availability,possible_absence_of_history_or_unknown_record,structured_missing_handling_candidate_later,feature_engineering_and_modeling,no
cc_mature_instalment_mean_max,structured_missing_or_history_availability,possible_absence_of_history_or_unknown_record,structured_missing_handling_candidate_later,feature_engineering_and_modeling,no
cc_mature_instalment_mean_min,structured_missing_or_history_availability,possible_absence_of_history_or_unknown_record,structured_missing_handling_candidate_later,feature_engineering_and_modeling,no
cc_mature_instalment_mean_sum,structured_missing_or_history_availability,possible_absence_of_history_or_unknown_record,structured_missing_handling_candidate_later,feature_engineering_and_modeling,no
cc_mature_instalment_max_mean,structured_missing_or_history_availability,possible_absence_of_history_or_unknown_record,structured_missing_handling_candidate_later,feature_engineering_and_modeling,no
cc_mature_instalment_max_max,structured_missing_or_history_availability,possible_absence_of_history_or_unknown_record,structured_missing_handling_candidate_later,feature_engineering_and_modeling,no
cc_mature_instalment_max_min,structured_missing_or_history_availability,possible_absence_of_history_or_unknown_record,structured_missing_handling_candidate_later,feature_engineering_and_modeling,no
cc_mature_instalment_max_sum,structured_missing_or_history_availability,possible_absence_of_history_or_unknown_record,structured_missing_handling_candidate_later,feature_engineering_and_modeling,no
cc_mature_instalment_min_mean,structured_missing_or_history_availability,possible_absence_of_history_or_unknown_record,structured_missing_handling_candidate_later,feature_engineering_and_modeling,no
cc_mature_instalment_min_max,structured_missing_or_history_availability,possible_absence_of_history_or_unknown_record,structured_missing_handling_candidate_later,feature_engineering_and_modeling,no
cc_mature_instalment_min_min,structured_missing_or_history_availability,possible_absence_of_history_or_unknown_record,structured_missing_handling_candidate_later,feature_engineering_and_modeling,no
cc_mature_instalment_min_sum,structured_missing_or_history_availability,possible_absence_of_history_or_unknown_record,structured_missing_handling_candidate_later,feature_engineering_and_modeling,no
cc_mature_instalment_std_mean,structured_missing_or_history_availability,possible_absence_of_history_or_unknown_record,structured_missing_handling_candidate_later,feature_engineering_and_modeling,no
cc_mature_instalment_std_max,structured_missing_or_history_availability,possible_absence_of_history_or_unknown_record,structured_missing_handling_candidate_later,feature_engineering_and_modeling,no
cc_mature_instalment_std_min,structured_missing_or_history_availability,possible_absence_of_history_or_unknown_record,structured_missing_handling_candidate_later,feature_engineering_and_modeling,no
cc_mature_instalment_std_sum,structured_missing_or_history_availability,possible_absence_of_history_or_unknown_record,structured_missing_handling_candidate_later,feature_engineering_and_modeling,no
cc_dpd_sum_mean,structured_missing_or_history_availability,possible_absence_of_history_or_unknown_record,structured_missing_handling_candidate_later,feature_engineering_and_modeling,no
cc_dpd_sum_max,structured_missing_or_history_availability,possible_absence_of_history_or_unknown_record,structured_missing_handling_candidate_later,feature_engineering_and_modeling,no
cc_dpd_sum_min,structured_missing_or_history_availability,possible_absence_of_history_or_unknown_record,structured_missing_handling_candidate_later,feature_engineering_and_modeling,no
cc_dpd_sum_sum,structured_missing_or_history_availability,possible_absence_of_history_or_unknown_record,structured_missing_handling_candidate_later,feature_engineering_and_modeling,no
cc_dpd_mean_mean,structured_missing_or_history_availability,possible_absence_of_history_or_unknown_record,structured_missing_handling_candidate_later,feature_engineering_and_modeling,no
cc_dpd_mean_max,structured_missing_or_history_availability,possible_absence_of_history_or_unknown_record,structured_missing_handling_candidate_later,feature_engineering_and_modeling,no
cc_dpd_mean_min,structured_missing_or_history_availability,possible_absence_of_history_or_unknown_record,structured_missing_handling_candidate_later,feature_engineering_and_modeling,no
cc_dpd_mean_sum,structured_missing_or_history_availability,possible_absence_of_history_or_unknown_record,structured_missing_handling_candidate_later,feature_engineering_and_modeling,no
cc_dpd_max_mean,structured_missing_or_history_availability,possible_absence_of_history_or_unknown_record,structured_missing_handling_candidate_later,feature_engineering_and_modeling,no
cc_dpd_max_max,structured_missing_or_history_availability,possible_absence_of_history_or_unknown_record,structured_missing_handling_candidate_later,feature_engineering_and_modeling,no
cc_dpd_max_min,structured_missing_or_history_availability,possible_absence_of_history_or_unknown_record,structured_missing_handling_candidate_later,feature_engineering_and_modeling,no
cc_dpd_max_sum,structured_missing_or_history_availability,possible_absence_of_history_or_unknown_record,structured_missing_handling_candidate_later,feature_engineering_and_modeling,no
cc_dpd_std_mean,structured_missing_or_history_availability,possible_absence_of_history_or_unknown_record,structured_missing_handling_candidate_later,feature_engineering_and_modeling,no
cc_dpd_std_max,structured_missing_or_history_availability,possible_absence_of_history_or_unknown_record,structured_missing_handling_candidate_later,feature_engineering_and_modeling,no
cc_dpd_std_min,structured_missing_or_history_availability,possible_absence_of_history_or_unknown_record,structured_missing_handling_candidate_later,feature_engineering_and_modeling,no
cc_dpd_std_sum,structured_missing_or_history_availability,possible_absence_of_history_or_unknown_record,structured_missing_handling_candidate_later,feature_engineering_and_modeling,no
cc_dpd_def_sum_mean,structured_missing_or_history_availability,possible_absence_of_history_or_unknown_record,structured_missing_handling_candidate_later,feature_engineering_and_modeling,no
cc_dpd_def_sum_max,structured_missing_or_history_availability,possible_absence_of_history_or_unknown_record,structured_missing_handling_candidate_later,feature_engineering_and_modeling,no
cc_dpd_def_sum_min,structured_missing_or_history_availability,possible_absence_of_history_or_unknown_record,structured_missing_handling_candidate_later,feature_engineering_and_modeling,no
cc_dpd_def_sum_sum,structured_missing_or_history_availability,possible_absence_of_history_or_unknown_record,structured_missing_handling_candidate_later,feature_engineering_and_modeling,no
cc_dpd_def_mean_mean,structured_missing_or_history_availability,possible_absence_of_history_or_unknown_record,structured_missing_handling_candidate_later,feature_engineering_and_modeling,no
cc_dpd_def_mean_max,structured_missing_or_history_availability,possible_absence_of_history_or_unknown_record,structured_missing_handling_candidate_later,feature_engineering_and_modeling,no
cc_dpd_def_mean_min,structured_missing_or_history_availability,possible_absence_of_history_or_unknown_record,structured_missing_handling_candidate_later,feature_engineering_and_modeling,no
cc_dpd_def_mean_sum,structured_missing_or_history_availability,possible_absence_of_history_or_unknown_record,structured_missing_handling_candidate_later,feature_engineering_and_modeling,no
cc_dpd_def_max_mean,structured_missing_or_history_availability,possible_absence_of_history_or_unknown_record,structured_missing_handling_candidate_later,feature_engineering_and_modeling,no
cc_dpd_def_max_max,structured_missing_or_history_availability,possible_absence_of_history_or_unknown_record,structured_missing_handling_candidate_later,feature_engineering_and_modeling,no
cc_dpd_def_max_min,structured_missing_or_history_availability,possible_absence_of_history_or_unknown_record,structured_missing_handling_candidate_later,feature_engineering_and_modeling,no
cc_dpd_def_max_sum,structured_missing_or_history_availability,possible_absence_of_history_or_unknown_record,structured_missing_handling_candidate_later,feature_engineering_and_modeling,no
cc_dpd_def_std_mean,structured_missing_or_history_availability,possible_absence_of_history_or_unknown_record,structured_missing_handling_candidate_later,feature_engineering_and_modeling,no
cc_dpd_def_std_max,structured_missing_or_history_availability,possible_absence_of_history_or_unknown_record,structured_missing_handling_candidate_later,feature_engineering_and_modeling,no
cc_dpd_def_std_min,structured_missing_or_history_availability,possible_absence_of_history_or_unknown_record,structured_missing_handling_candidate_later,feature_engineering_and_modeling,no
cc_dpd_def_std_sum,structured_missing_or_history_availability,possible_absence_of_history_or_unknown_record,structured_missing_handling_candidate_later,feature_engineering_and_modeling,no
cc_credit_utilization_mean_mean,structured_missing_or_history_availability,possible_absence_of_history_or_unknown_record,structured_missing_handling_candidate_later,feature_engineering_and_modeling,no
cc_credit_utilization_mean_max,structured_missing_or_history_availability,possible_absence_of_history_or_unknown_record,structured_missing_handling_candidate_later,feature_engineering_and_modeling,no
cc_credit_utilization_mean_min,structured_missing_or_history_availability,possible_absence_of_history_or_unknown_record,structured_missing_handling_candidate_later,feature_engineering_and_modeling,no
cc_credit_utilization_mean_sum,structured_missing_or_history_availability,possible_absence_of_history_or_unknown_record,structured_missing_handling_candidate_later,feature_engineering_and_modeling,no
cc_credit_utilization_max_mean,structured_missing_or_history_availability,possible_absence_of_history_or_unknown_record,structured_missing_handling_candidate_later,feature_engineering_and_modeling,no
cc_credit_utilization_max_max,structured_missing_or_history_availability,possible_absence_of_history_or_unknown_record,structured_missing_handling_candidate_later,feature_engineering_and_modeling,no
cc_credit_utilization_max_min,structured_missing_or_history_availability,possible_absence_of_history_or_unknown_record,structured_missing_handling_candidate_later,feature_engineering_and_modeling,no
cc_credit_utilization_max_sum,structured_missing_or_history_availability,possible_absence_of_history_or_unknown_record,structured_missing_handling_candidate_later,feature_engineering_and_modeling,no
cc_credit_utilization_min_mean,structured_missing_or_history_availability,possible_absence_of_history_or_unknown_record,structured_missing_handling_candidate_later,feature_engineering_and_modeling,no
cc_credit_utilization_min_max,structured_missing_or_history_availability,possible_absence_of_history_or_unknown_record,structured_missing_handling_candidate_later,feature_engineering_and_modeling,no
cc_credit_utilization_min_min,structured_missing_or_history_availability,possible_absence_of_history_or_unknown_record,structured_missing_handling_candidate_later,feature_engineering_and_modeling,no
cc_credit_utilization_min_sum,structured_missing_or_history_availability,possible_absence_of_history_or_unknown_record,structured_missing_handling_candidate_later,feature_engineering_and_modeling,no
cc_credit_utilization_std_mean,structured_missing_or_history_availability,possible_absence_of_history_or_unknown_record,structured_missing_handling_candidate_later,feature_engineering_and_modeling,no
cc_credit_utilization_std_max,structured_missing_or_history_availability,possible_absence_of_history_or_unknown_record,structured_missing_handling_candidate_later,feature_engineering_and_modeling,no
cc_credit_utilization_std_min,structured_missing_or_history_availability,possible_absence_of_history_or_unknown_record,structured_missing_handling_candidate_later,feature_engineering_and_modeling,no
cc_credit_utilization_std_sum,structured_missing_or_history_availability,possible_absence_of_history_or_unknown_record,structured_missing_handling_candidate_later,feature_engineering_and_modeling,no
cc_credit_utilization_capped_mean_mean,structured_missing_or_history_availability,possible_absence_of_history_or_unknown_record,structured_missing_handling_candidate_later,feature_engineering_and_modeling,no
cc_credit_utilization_capped_mean_max,structured_missing_or_history_availability,possible_absence_of_history_or_unknown_record,structured_missing_handling_candidate_later,feature_engineering_and_modeling,no
cc_credit_utilization_capped_mean_min,structured_missing_or_history_availability,possible_absence_of_history_or_unknown_record,structured_missing_handling_candidate_later,feature_engineering_and_modeling,no
cc_credit_utilization_capped_mean_sum,structured_missing_or_history_availability,possible_absence_of_history_or_unknown_record,structured_missing_handling_candidate_later,feature_engineering_and_modeling,no
cc_credit_utilization_capped_max_mean,structured_missing_or_history_availability,possible_absence_of_history_or_unknown_record,structured_missing_handling_candidate_later,feature_engineering_and_modeling,no
cc_credit_utilization_capped_max_max,structured_missing_or_history_availability,possible_absence_of_history_or_unknown_record,structured_missing_handling_candidate_later,feature_engineering_and_modeling,no
cc_credit_utilization_capped_max_min,structured_missing_or_history_availability,possible_absence_of_history_or_unknown_record,structured_missing_handling_candidate_later,feature_engineering_and_modeling,no
cc_credit_utilization_capped_max_sum,structured_missing_or_history_availability,possible_absence_of_history_or_unknown_record,structured_missing_handling_candidate_later,feature_engineering_and_modeling,no
cc_credit_utilization_capped_min_mean,structured_missing_or_history_availability,possible_absence_of_history_or_unknown_record,structured_missing_handling_candidate_later,feature_engineering_and_modeling,no
cc_credit_utilization_capped_min_max,structured_missing_or_history_availability,possible_absence_of_history_or_unknown_record,structured_missing_handling_candidate_later,feature_engineering_and_modeling,no
cc_credit_utilization_capped_min_min,structured_missing_or_history_availability,possible_absence_of_history_or_unknown_record,structured_missing_handling_candidate_later,feature_engineering_and_modeling,no
cc_credit_utilization_capped_min_sum,structured_missing_or_history_availability,possible_absence_of_history_or_unknown_record,structured_missing_handling_candidate_later,feature_engineering_and_modeling,no
cc_credit_utilization_capped_std_mean,structured_missing_or_history_availability,possible_absence_of_history_or_unknown_record,structured_missing_handling_candidate_later,feature_engineering_and_modeling,no
cc_credit_utilization_capped_std_max,structured_missing_or_history_availability,possible_absence_of_history_or_unknown_record,structured_missing_handling_candidate_later,feature_engineering_and_modeling,no
cc_credit_utilization_capped_std_min,structured_missing_or_history_availability,possible_absence_of_history_or_unknown_record,structured_missing_handling_candidate_later,feature_engineering_and_modeling,no
cc_credit_utilization_capped_std_sum,structured_missing_or_history_availability,possible_absence_of_history_or_unknown_record,structured_missing_handling_candidate_later,feature_engineering_and_modeling,no
cc_total_receivable_to_limit_mean_mean,structured_missing_or_history_availability,possible_absence_of_history_or_unknown_record,structured_missing_handling_candidate_later,feature_engineering_and_modeling,no
cc_total_receivable_to_limit_mean_max,structured_missing_or_history_availability,possible_absence_of_history_or_unknown_record,structured_missing_handling_candidate_later,feature_engineering_and_modeling,no
cc_total_receivable_to_limit_mean_min,structured_missing_or_history_availability,possible_absence_of_history_or_unknown_record,structured_missing_handling_candidate_later,feature_engineering_and_modeling,no
cc_total_receivable_to_limit_mean_sum,structured_missing_or_history_availability,possible_absence_of_history_or_unknown_record,structured_missing_handling_candidate_later,feature_engineering_and_modeling,no
cc_total_receivable_to_limit_max_mean,structured_missing_or_history_availability,possible_absence_of_history_or_unknown_record,structured_missing_handling_candidate_later,feature_engineering_and_modeling,no
cc_total_receivable_to_limit_max_max,structured_missing_or_history_availability,possible_absence_of_history_or_unknown_record,structured_missing_handling_candidate_later,feature_engineering_and_modeling,no
cc_total_receivable_to_limit_max_min,structured_missing_or_history_availability,possible_absence_of_history_or_unknown_record,structured_missing_handling_candidate_later,feature_engineering_and_modeling,no
cc_total_receivable_to_limit_max_sum,structured_missing_or_history_availability,possible_absence_of_history_or_unknown_record,structured_missing_handling_candidate_later,feature_engineering_and_modeling,no
cc_total_receivable_to_limit_min_mean,structured_missing_or_history_availability,possible_absence_of_history_or_unknown_record,structured_missing_handling_candidate_later,feature_engineering_and_modeling,no
cc_total_receivable_to_limit_min_max,structured_missing_or_history_availability,possible_absence_of_history_or_unknown_record,structured_missing_handling_candidate_later,feature_engineering_and_modeling,no
cc_total_receivable_to_limit_min_min,structured_missing_or_history_availability,possible_absence_of_history_or_unknown_record,structured_missing_handling_candidate_later,feature_engineering_and_modeling,no
cc_total_receivable_to_limit_min_sum,structured_missing_or_history_availability,possible_absence_of_history_or_unknown_record,structured_missing_handling_candidate_later,feature_engineering_and_modeling,no
cc_total_receivable_to_limit_std_mean,structured_missing_or_history_availability,possible_absence_of_history_or_unknown_record,structured_missing_handling_candidate_later,feature_engineering_and_modeling,no
cc_total_receivable_to_limit_std_max,structured_missing_or_history_availability,possible_absence_of_history_or_unknown_record,structured_missing_handling_candidate_later,feature_engineering_and_modeling,no
cc_total_receivable_to_limit_std_min,structured_missing_or_history_availability,possible_absence_of_history_or_unknown_record,structured_missing_handling_candidate_later,feature_engineering_and_modeling,no
cc_total_receivable_to_limit_std_sum,structured_missing_or_history_availability,possible_absence_of_history_or_unknown_record,structured_missing_handling_candidate_later,feature_engineering_and_modeling,no
cc_principal_receivable_to_limit_mean_mean,structured_missing_or_history_availability,possible_absence_of_history_or_unknown_record,structured_missing_handling_candidate_later,feature_engineering_and_modeling,no
cc_principal_receivable_to_limit_mean_max,structured_missing_or_history_availability,possible_absence_of_history_or_unknown_record,structured_missing_handling_candidate_later,feature_engineering_and_modeling,no
cc_principal_receivable_to_limit_mean_min,structured_missing_or_history_availability,possible_absence_of_history_or_unknown_record,structured_missing_handling_candidate_later,feature_engineering_and_modeling,no
cc_principal_receivable_to_limit_mean_sum,structured_missing_or_history_availability,possible_absence_of_history_or_unknown_record,structured_missing_handling_candidate_later,feature_engineering_and_modeling,no
cc_principal_receivable_to_limit_max_mean,structured_missing_or_history_availability,possible_absence_of_history_or_unknown_record,structured_missing_handling_candidate_later,feature_engineering_and_modeling,no
cc_principal_receivable_to_limit_max_max,structured_missing_or_history_availability,possible_absence_of_history_or_unknown_record,structured_missing_handling_candidate_later,feature_engineering_and_modeling,no
cc_principal_receivable_to_limit_max_min,structured_missing_or_history_availability,possible_absence_of_history_or_unknown_record,structured_missing_handling_candidate_later,feature_engineering_and_modeling,no
cc_principal_receivable_to_limit_max_sum,structured_missing_or_history_availability,possible_absence_of_history_or_unknown_record,structured_missing_handling_candidate_later,feature_engineering_and_modeling,no
cc_principal_receivable_to_limit_min_mean,structured_missing_or_history_availability,possible_absence_of_history_or_unknown_record,structured_missing_handling_candidate_later,feature_engineering_and_modeling,no
cc_principal_receivable_to_limit_min_max,structured_missing_or_history_availability,possible_absence_of_history_or_unknown_record,structured_missing_handling_candidate_later,feature_engineering_and_modeling,no
cc_principal_receivable_to_limit_min_min,structured_missing_or_history_availability,possible_absence_of_history_or_unknown_record,structured_missing_handling_candidate_later,feature_engineering_and_modeling,no
cc_principal_receivable_to_limit_min_sum,structured_missing_or_history_availability,possible_absence_of_history_or_unknown_record,structured_missing_handling_candidate_later,feature_engineering_and_modeling,no
cc_recivable_to_limit_mean_mean,structured_missing_or_history_availability,possible_absence_of_history_or_unknown_record,structured_missing_handling_candidate_later,feature_engineering_and_modeling,no
cc_recivable_to_limit_mean_max,structured_missing_or_history_availability,possible_absence_of_history_or_unknown_record,structured_missing_handling_candidate_later,feature_engineering_and_modeling,no
cc_recivable_to_limit_mean_min,structured_missing_or_history_availability,possible_absence_of_history_or_unknown_record,structured_missing_handling_candidate_later,feature_engineering_and_modeling,no
cc_recivable_to_limit_mean_sum,structured_missing_or_history_availability,possible_absence_of_history_or_unknown_record,structured_missing_handling_candidate_later,feature_engineering_and_modeling,no
cc_recivable_to_limit_max_mean,structured_missing_or_history_availability,possible_absence_of_history_or_unknown_record,structured_missing_handling_candidate_later,feature_engineering_and_modeling,no
cc_recivable_to_limit_max_max,structured_missing_or_history_availability,possible_absence_of_history_or_unknown_record,structured_missing_handling_candidate_later,feature_engineering_and_modeling,no
cc_recivable_to_limit_max_min,structured_missing_or_history_availability,possible_absence_of_history_or_unknown_record,structured_missing_handling_candidate_later,feature_engineering_and_modeling,no
cc_recivable_to_limit_max_sum,structured_missing_or_history_availability,possible_absence_of_history_or_unknown_record,structured_missing_handling_candidate_later,feature_engineering_and_modeling,no
cc_recivable_to_limit_min_mean,structured_missing_or_history_availability,possible_absence_of_history_or_unknown_record,structured_missing_handling_candidate_later,feature_engineering_and_modeling,no
cc_recivable_to_limit_min_max,structured_missing_or_history_availability,possible_absence_of_history_or_unknown_record,structured_missing_handling_candidate_later,feature_engineering_and_modeling,no
cc_recivable_to_limit_min_min,structured_missing_or_history_availability,possible_absence_of_history_or_unknown_record,structured_missing_handling_candidate_later,feature_engineering_and_modeling,no
cc_recivable_to_limit_min_sum,structured_missing_or_history_availability,possible_absence_of_history_or_unknown_record,structured_missing_handling_candidate_later,feature_engineering_and_modeling,no
cc_payment_to_balance_ratio_mean_mean,structured_missing_or_history_availability,possible_absence_of_history_or_unknown_record,structured_missing_handling_candidate_later,feature_engineering_and_modeling,no
cc_payment_to_balance_ratio_mean_max,structured_missing_or_history_availability,possible_absence_of_history_or_unknown_record,structured_missing_handling_candidate_later,feature_engineering_and_modeling,no
cc_payment_to_balance_ratio_mean_min,structured_missing_or_history_availability,possible_absence_of_history_or_unknown_record,structured_missing_handling_candidate_later,feature_engineering_and_modeling,no
cc_payment_to_balance_ratio_mean_sum,structured_missing_or_history_availability,possible_absence_of_history_or_unknown_record,structured_missing_handling_candidate_later,feature_engineering_and_modeling,no
cc_payment_to_balance_ratio_max_mean,structured_missing_or_history_availability,possible_absence_of_history_or_unknown_record,structured_missing_handling_candidate_later,feature_engineering_and_modeling,no
cc_payment_to_balance_ratio_max_max,structured_missing_or_history_availability,possible_absence_of_history_or_unknown_record,structured_missing_handling_candidate_later,feature_engineering_and_modeling,no
cc_payment_to_balance_ratio_max_min,structured_missing_or_history_availability,possible_absence_of_history_or_unknown_record,structured_missing_handling_candidate_later,feature_engineering_and_modeling,no
cc_payment_to_balance_ratio_max_sum,structured_missing_or_history_availability,possible_absence_of_history_or_unknown_record,structured_missing_handling_candidate_later,feature_engineering_and_modeling,no
cc_payment_to_balance_ratio_min_mean,structured_missing_or_history_availability,possible_absence_of_history_or_unknown_record,structured_missing_handling_candidate_later,feature_engineering_and_modeling,no
cc_payment_to_balance_ratio_min_max,structured_missing_or_history_availability,possible_absence_of_history_or_unknown_record,structured_missing_handling_candidate_later,feature_engineering_and_modeling,no
cc_payment_to_balance_ratio_min_min,structured_missing_or_history_availability,possible_absence_of_history_or_unknown_record,structured_missing_handling_candidate_later,feature_engineering_and_modeling,no
cc_payment_to_balance_ratio_min_sum,structured_missing_or_history_availability,possible_absence_of_history_or_unknown_record,structured_missing_handling_candidate_later,feature_engineering_and_modeling,no
cc_payment_to_balance_ratio_std_mean,structured_missing_or_history_availability,possible_absence_of_history_or_unknown_record,structured_missing_handling_candidate_later,feature_engineering_and_modeling,no
cc_payment_to_balance_ratio_std_max,structured_missing_or_history_availability,possible_absence_of_history_or_unknown_record,structured_missing_handling_candidate_later,feature_engineering_and_modeling,no
cc_payment_to_balance_ratio_std_min,structured_missing_or_history_availability,possible_absence_of_history_or_unknown_record,structured_missing_handling_candidate_later,feature_engineering_and_modeling,no
cc_payment_to_balance_ratio_std_sum,structured_missing_or_history_availability,possible_absence_of_history_or_unknown_record,structured_missing_handling_candidate_later,feature_engineering_and_modeling,no
cc_total_payment_to_balance_ratio_mean_mean,structured_missing_or_history_availability,possible_absence_of_history_or_unknown_record,structured_missing_handling_candidate_later,feature_engineering_and_modeling,no
cc_total_payment_to_balance_ratio_mean_max,structured_missing_or_history_availability,possible_absence_of_history_or_unknown_record,structured_missing_handling_candidate_later,feature_engineering_and_modeling,no
cc_total_payment_to_balance_ratio_mean_min,structured_missing_or_history_availability,possible_absence_of_history_or_unknown_record,structured_missing_handling_candidate_later,feature_engineering_and_modeling,no
cc_total_payment_to_balance_ratio_mean_sum,structured_missing_or_history_availability,possible_absence_of_history_or_unknown_record,structured_missing_handling_candidate_later,feature_engineering_and_modeling,no
cc_total_payment_to_balance_ratio_max_mean,structured_missing_or_history_availability,possible_absence_of_history_or_unknown_record,structured_missing_handling_candidate_later,feature_engineering_and_modeling,no
cc_total_payment_to_balance_ratio_max_max,structured_missing_or_history_availability,possible_absence_of_history_or_unknown_record,structured_missing_handling_candidate_later,feature_engineering_and_modeling,no
cc_total_payment_to_balance_ratio_max_min,structured_missing_or_history_availability,possible_absence_of_history_or_unknown_record,structured_missing_handling_candidate_later,feature_engineering_and_modeling,no
cc_total_payment_to_balance_ratio_max_sum,structured_missing_or_history_availability,possible_absence_of_history_or_unknown_record,structured_missing_handling_candidate_later,feature_engineering_and_modeling,no
cc_total_payment_to_balance_ratio_min_mean,structured_missing_or_history_availability,possible_absence_of_history_or_unknown_record,structured_missing_handling_candidate_later,feature_engineering_and_modeling,no
cc_total_payment_to_balance_ratio_min_max,structured_missing_or_history_availability,possible_absence_of_history_or_unknown_record,structured_missing_handling_candidate_later,feature_engineering_and_modeling,no
cc_total_payment_to_balance_ratio_min_min,structured_missing_or_history_availability,possible_absence_of_history_or_unknown_record,structured_missing_handling_candidate_later,feature_engineering_and_modeling,no
cc_total_payment_to_balance_ratio_min_sum,structured_missing_or_history_availability,possible_absence_of_history_or_unknown_record,structured_missing_handling_candidate_later,feature_engineering_and_modeling,no
cc_total_payment_to_balance_ratio_std_mean,structured_missing_or_history_availability,possible_absence_of_history_or_unknown_record,structured_missing_handling_candidate_later,feature_engineering_and_modeling,no
cc_total_payment_to_balance_ratio_std_max,structured_missing_or_history_availability,possible_absence_of_history_or_unknown_record,structured_missing_handling_candidate_later,feature_engineering_and_modeling,no
cc_total_payment_to_balance_ratio_std_min,structured_missing_or_history_availability,possible_absence_of_history_or_unknown_record,structured_missing_handling_candidate_later,feature_engineering_and_modeling,no
cc_total_payment_to_balance_ratio_std_sum,structured_missing_or_history_availability,possible_absence_of_history_or_unknown_record,structured_missing_handling_candidate_later,feature_engineering_and_modeling,no
cc_payment_to_min_inst_ratio_mean_mean,structured_missing_or_history_availability,possible_absence_of_history_or_unknown_record,structured_missing_handling_candidate_later,feature_engineering_and_modeling,no
cc_payment_to_min_inst_ratio_mean_max,structured_missing_or_history_availability,possible_absence_of_history_or_unknown_record,structured_missing_handling_candidate_later,feature_engineering_and_modeling,no
cc_payment_to_min_inst_ratio_mean_min,structured_missing_or_history_availability,possible_absence_of_history_or_unknown_record,structured_missing_handling_candidate_later,feature_engineering_and_modeling,no
cc_payment_to_min_inst_ratio_mean_sum,structured_missing_or_history_availability,possible_absence_of_history_or_unknown_record,structured_missing_handling_candidate_later,feature_engineering_and_modeling,no
cc_payment_to_min_inst_ratio_max_mean,structured_missing_or_history_availability,possible_absence_of_history_or_unknown_record,structured_missing_handling_candidate_later,feature_engineering_and_modeling,no
cc_payment_to_min_inst_ratio_max_max,structured_missing_or_history_availability,possible_absence_of_history_or_unknown_record,structured_missing_handling_candidate_later,feature_engineering_and_modeling,no
cc_payment_to_min_inst_ratio_max_min,structured_missing_or_history_availability,possible_absence_of_history_or_unknown_record,structured_missing_handling_candidate_later,feature_engineering_and_modeling,no
cc_payment_to_min_inst_ratio_max_sum,structured_missing_or_history_availability,possible_absence_of_history_or_unknown_record,structured_missing_handling_candidate_later,feature_engineering_and_modeling,no
cc_payment_to_min_inst_ratio_min_mean,structured_missing_or_history_availability,possible_absence_of_history_or_unknown_record,structured_missing_handling_candidate_later,feature_engineering_and_modeling,no
cc_payment_to_min_inst_ratio_min_max,structured_missing_or_history_availability,possible_absence_of_history_or_unknown_record,structured_missing_handling_candidate_later,feature_engineering_and_modeling,no
cc_payment_to_min_inst_ratio_min_min,structured_missing_or_history_availability,possible_absence_of_history_or_unknown_record,structured_missing_handling_candidate_later,feature_engineering_and_modeling,no
cc_payment_to_min_inst_ratio_min_sum,structured_missing_or_history_availability,possible_absence_of_history_or_unknown_record,structured_missing_handling_candidate_later,feature_engineering_and_modeling,no
cc_payment_to_min_inst_ratio_std_mean,structured_missing_or_history_availability,possible_absence_of_history_or_unknown_record,structured_missing_handling_candidate_later,feature_engineering_and_modeling,no
cc_payment_to_min_inst_ratio_std_max,structured_missing_or_history_availability,possible_absence_of_history_or_unknown_record,structured_missing_handling_candidate_later,feature_engineering_and_modeling,no
cc_payment_to_min_inst_ratio_std_min,structured_missing_or_history_availability,possible_absence_of_history_or_unknown_record,structured_missing_handling_candidate_later,feature_engineering_and_modeling,no
cc_payment_to_min_inst_ratio_std_sum,structured_missing_or_history_availability,possible_absence_of_history_or_unknown_record,structured_missing_handling_candidate_later,feature_engineering_and_modeling,no
cc_total_payment_to_min_inst_ratio_mean_mean,structured_missing_or_history_availability,possible_absence_of_history_or_unknown_record,structured_missing_handling_candidate_later,feature_engineering_and_modeling,no
cc_total_payment_to_min_inst_ratio_mean_max,structured_missing_or_history_availability,possible_absence_of_history_or_unknown_record,structured_missing_handling_candidate_later,feature_engineering_and_modeling,no
cc_total_payment_to_min_inst_ratio_mean_min,structured_missing_or_history_availability,possible_absence_of_history_or_unknown_record,structured_missing_handling_candidate_later,feature_engineering_and_modeling,no
cc_total_payment_to_min_inst_ratio_mean_sum,structured_missing_or_history_availability,possible_absence_of_history_or_unknown_record,structured_missing_handling_candidate_later,feature_engineering_and_modeling,no
cc_total_payment_to_min_inst_ratio_max_mean,structured_missing_or_history_availability,possible_absence_of_history_or_unknown_record,structured_missing_handling_candidate_later,feature_engineering_and_modeling,no
cc_total_payment_to_min_inst_ratio_max_max,structured_missing_or_history_availability,possible_absence_of_history_or_unknown_record,structured_missing_handling_candidate_later,feature_engineering_and_modeling,no
cc_total_payment_to_min_inst_ratio_max_min,structured_missing_or_history_availability,possible_absence_of_history_or_unknown_record,structured_missing_handling_candidate_later,feature_engineering_and_modeling,no
cc_total_payment_to_min_inst_ratio_max_sum,structured_missing_or_history_availability,possible_absence_of_history_or_unknown_record,structured_missing_handling_candidate_later,feature_engineering_and_modeling,no
cc_total_payment_to_min_inst_ratio_min_mean,structured_missing_or_history_availability,possible_absence_of_history_or_unknown_record,structured_missing_handling_candidate_later,feature_engineering_and_modeling,no
cc_total_payment_to_min_inst_ratio_min_max,structured_missing_or_history_availability,possible_absence_of_history_or_unknown_record,structured_missing_handling_candidate_later,feature_engineering_and_modeling,no
cc_total_payment_to_min_inst_ratio_min_min,structured_missing_or_history_availability,possible_absence_of_history_or_unknown_record,structured_missing_handling_candidate_later,feature_engineering_and_modeling,no
cc_total_payment_to_min_inst_ratio_min_sum,structured_missing_or_history_availability,possible_absence_of_history_or_unknown_record,structured_missing_handling_candidate_later,feature_engineering_and_modeling,no
cc_total_payment_to_min_inst_ratio_std_mean,structured_missing_or_history_availability,possible_absence_of_history_or_unknown_record,structured_missing_handling_candidate_later,feature_engineering_and_modeling,no
cc_total_payment_to_min_inst_ratio_std_max,structured_missing_or_history_availability,possible_absence_of_history_or_unknown_record,structured_missing_handling_candidate_later,feature_engineering_and_modeling,no
cc_total_payment_to_min_inst_ratio_std_min,structured_missing_or_history_availability,possible_absence_of_history_or_unknown_record,structured_missing_handling_candidate_later,feature_engineering_and_modeling,no
cc_total_payment_to_min_inst_ratio_std_sum,structured_missing_or_history_availability,possible_absence_of_history_or_unknown_record,structured_missing_handling_candidate_later,feature_engineering_and_modeling,no
cc_atm_drawing_share_mean_mean,structured_missing_or_history_availability,possible_absence_of_history_or_unknown_record,structured_missing_handling_candidate_later,feature_engineering_and_modeling,no
cc_atm_drawing_share_mean_max,structured_missing_or_history_availability,possible_absence_of_history_or_unknown_record,structured_missing_handling_candidate_later,feature_engineering_and_modeling,no
cc_atm_drawing_share_mean_min,structured_missing_or_history_availability,possible_absence_of_history_or_unknown_record,structured_missing_handling_candidate_later,feature_engineering_and_modeling,no
cc_atm_drawing_share_mean_sum,structured_missing_or_history_availability,possible_absence_of_history_or_unknown_record,structured_missing_handling_candidate_later,feature_engineering_and_modeling,no
cc_atm_drawing_share_max_mean,structured_missing_or_history_availability,possible_absence_of_history_or_unknown_record,structured_missing_handling_candidate_later,feature_engineering_and_modeling,no
cc_atm_drawing_share_max_max,structured_missing_or_history_availability,possible_absence_of_history_or_unknown_record,structured_missing_handling_candidate_later,feature_engineering_and_modeling,no
cc_atm_drawing_share_max_min,structured_missing_or_history_availability,possible_absence_of_history_or_unknown_record,structured_missing_handling_candidate_later,feature_engineering_and_modeling,no
cc_atm_drawing_share_max_sum,structured_missing_or_history_availability,possible_absence_of_history_or_unknown_record,structured_missing_handling_candidate_later,feature_engineering_and_modeling,no
cc_atm_drawing_share_min_mean,structured_missing_or_history_availability,possible_absence_of_history_or_unknown_record,structured_missing_handling_candidate_later,feature_engineering_and_modeling,no
cc_atm_drawing_share_min_max,structured_missing_or_history_availability,possible_absence_of_history_or_unknown_record,structured_missing_handling_candidate_later,feature_engineering_and_modeling,no
cc_atm_drawing_share_min_min,structured_missing_or_history_availability,possible_absence_of_history_or_unknown_record,structured_missing_handling_candidate_later,feature_engineering_and_modeling,no
cc_atm_drawing_share_min_sum,structured_missing_or_history_availability,possible_absence_of_history_or_unknown_record,structured_missing_handling_candidate_later,feature_engineering_and_modeling,no
cc_pos_drawing_share_mean_mean,structured_missing_or_history_availability,possible_absence_of_history_or_unknown_record,structured_missing_handling_candidate_later,feature_engineering_and_modeling,no
cc_pos_drawing_share_mean_max,structured_missing_or_history_availability,possible_absence_of_history_or_unknown_record,structured_missing_handling_candidate_later,feature_engineering_and_modeling,no
cc_pos_drawing_share_mean_min,structured_missing_or_history_availability,possible_absence_of_history_or_unknown_record,structured_missing_handling_candidate_later,feature_engineering_and_modeling,no
cc_pos_drawing_share_mean_sum,structured_missing_or_history_availability,possible_absence_of_history_or_unknown_record,structured_missing_handling_candidate_later,feature_engineering_and_modeling,no
cc_pos_drawing_share_max_mean,structured_missing_or_history_availability,possible_absence_of_history_or_unknown_record,structured_missing_handling_candidate_later,feature_engineering_and_modeling,no
cc_pos_drawing_share_max_max,structured_missing_or_history_availability,possible_absence_of_history_or_unknown_record,structured_missing_handling_candidate_later,feature_engineering_and_modeling,no
cc_pos_drawing_share_max_min,structured_missing_or_history_availability,possible_absence_of_history_or_unknown_record,structured_missing_handling_candidate_later,feature_engineering_and_modeling,no
cc_pos_drawing_share_max_sum,structured_missing_or_history_availability,possible_absence_of_history_or_unknown_record,structured_missing_handling_candidate_later,feature_engineering_and_modeling,no
cc_pos_drawing_share_min_mean,structured_missing_or_history_availability,possible_absence_of_history_or_unknown_record,structured_missing_handling_candidate_later,feature_engineering_and_modeling,no
cc_pos_drawing_share_min_max,structured_missing_or_history_availability,possible_absence_of_history_or_unknown_record,structured_missing_handling_candidate_later,feature_engineering_and_modeling,no
cc_pos_drawing_share_min_min,structured_missing_or_history_availability,possible_absence_of_history_or_unknown_record,structured_missing_handling_candidate_later,feature_engineering_and_modeling,no
cc_pos_drawing_share_min_sum,structured_missing_or_history_availability,possible_absence_of_history_or_unknown_record,structured_missing_handling_candidate_later,feature_engineering_and_modeling,no
cc_other_drawing_share_mean_mean,structured_missing_or_history_availability,possible_absence_of_history_or_unknown_record,structured_missing_handling_candidate_later,feature_engineering_and_modeling,no
cc_other_drawing_share_mean_max,structured_missing_or_history_availability,possible_absence_of_history_or_unknown_record,structured_missing_handling_candidate_later,feature_engineering_and_modeling,no
cc_other_drawing_share_mean_min,structured_missing_or_history_availability,possible_absence_of_history_or_unknown_record,structured_missing_handling_candidate_later,feature_engineering_and_modeling,no
cc_other_drawing_share_mean_sum,structured_missing_or_history_availability,possible_absence_of_history_or_unknown_record,structured_missing_handling_candidate_later,feature_engineering_and_modeling,no
cc_other_drawing_share_max_mean,structured_missing_or_history_availability,possible_absence_of_history_or_unknown_record,structured_missing_handling_candidate_later,feature_engineering_and_modeling,no
cc_other_drawing_share_max_max,structured_missing_or_history_availability,possible_absence_of_history_or_unknown_record,structured_missing_handling_candidate_later,feature_engineering_and_modeling,no
cc_other_drawing_share_max_min,structured_missing_or_history_availability,possible_absence_of_history_or_unknown_record,structured_missing_handling_candidate_later,feature_engineering_and_modeling,no
cc_other_drawing_share_max_sum,structured_missing_or_history_availability,possible_absence_of_history_or_unknown_record,structured_missing_handling_candidate_later,feature_engineering_and_modeling,no
cc_other_drawing_share_min_mean,structured_missing_or_history_availability,possible_absence_of_history_or_unknown_record,structured_missing_handling_candidate_later,feature_engineering_and_modeling,no
cc_other_drawing_share_min_max,structured_missing_or_history_availability,possible_absence_of_history_or_unknown_record,structured_missing_handling_candidate_later,feature_engineering_and_modeling,no
cc_other_drawing_share_min_min,structured_missing_or_history_availability,possible_absence_of_history_or_unknown_record,structured_missing_handling_candidate_later,feature_engineering_and_modeling,no
cc_other_drawing_share_min_sum,structured_missing_or_history_availability,possible_absence_of_history_or_unknown_record,structured_missing_handling_candidate_later,feature_engineering_and_modeling,no
cc_credit_limit_range_mean,structured_missing_or_history_availability,possible_absence_of_history_or_unknown_record,structured_missing_handling_candidate_later,feature_engineering_and_modeling,no
cc_credit_limit_range_max,structured_missing_or_history_availability,possible_absence_of_history_or_unknown_record,structured_missing_handling_candidate_later,feature_engineering_and_modeling,no
cc_credit_limit_range_min,structured_missing_or_history_availability,possible_absence_of_history_or_unknown_record,structured_missing_handling_candidate_later,feature_engineering_and_modeling,no
cc_credit_limit_range_sum,structured_missing_or_history_availability,possible_absence_of_history_or_unknown_record,structured_missing_handling_candidate_later,feature_engineering_and_modeling,no
cc_balance_range_mean,structured_missing_or_history_availability,possible_absence_of_history_or_unknown_record,structured_missing_handling_candidate_later,feature_engineering_and_modeling,no
cc_balance_range_max,structured_missing_or_history_availability,possible_absence_of_history_or_unknown_record,structured_missing_handling_candidate_later,feature_engineering_and_modeling,no
cc_balance_range_min,structured_missing_or_history_availability,possible_absence_of_history_or_unknown_record,structured_missing_handling_candidate_later,feature_engineering_and_modeling,no
cc_balance_range_sum,structured_missing_or_history_availability,possible_absence_of_history_or_unknown_record,structured_missing_handling_candidate_later,feature_engineering_and_modeling,no
cc_utilization_range_mean,structured_missing_or_history_availability,possible_absence_of_history_or_unknown_record,structured_missing_handling_candidate_later,feature_engineering_and_modeling,no
cc_utilization_range_max,structured_missing_or_history_availability,possible_absence_of_history_or_unknown_record,structured_missing_handling_candidate_later,feature_engineering_and_modeling,no
cc_utilization_range_min,structured_missing_or_history_availability,possible_absence_of_history_or_unknown_record,structured_missing_handling_candidate_later,feature_engineering_and_modeling,no
cc_utilization_range_sum,structured_missing_or_history_availability,possible_absence_of_history_or_unknown_record,structured_missing_handling_candidate_later,feature_engineering_and_modeling,no
cc_limit_change_flag_mean,structured_missing_or_history_availability,possible_absence_of_history_or_unknown_record,structured_missing_handling_candidate_later,feature_engineering_and_modeling,no
cc_limit_change_flag_max,structured_missing_or_history_availability,possible_absence_of_history_or_unknown_record,structured_missing_handling_candidate_later,feature_engineering_and_modeling,no
cc_limit_change_flag_min,structured_missing_or_history_availability,possible_absence_of_history_or_unknown_record,structured_missing_handling_candidate_later,feature_engineering_and_modeling,no
cc_limit_change_flag_sum,structured_missing_or_history_availability,possible_absence_of_history_or_unknown_record,structured_missing_handling_candidate_later,feature_engineering_and_modeling,no
cc_recent_6m_utilization_mean_mean,structured_missing_or_history_availability,possible_absence_of_history_or_unknown_record,structured_missing_handling_candidate_later,feature_engineering_and_modeling,no
cc_recent_6m_utilization_mean_max,structured_missing_or_history_availability,possible_absence_of_history_or_unknown_record,structured_missing_handling_candidate_later,feature_engineering_and_modeling,no
cc_recent_6m_utilization_mean_min,structured_missing_or_history_availability,possible_absence_of_history_or_unknown_record,structured_missing_handling_candidate_later,feature_engineering_and_modeling,no
cc_recent_6m_utilization_mean_sum,structured_missing_or_history_availability,possible_absence_of_history_or_unknown_record,structured_missing_handling_candidate_later,feature_engineering_and_modeling,no
cc_old_utilization_mean_mean,structured_missing_or_history_availability,possible_absence_of_history_or_unknown_record,structured_missing_handling_candidate_later,feature_engineering_and_modeling,no
cc_old_utilization_mean_max,structured_missing_or_history_availability,possible_absence_of_history_or_unknown_record,structured_missing_handling_candidate_later,feature_engineering_and_modeling,no
cc_old_utilization_mean_min,structured_missing_or_history_availability,possible_absence_of_history_or_unknown_record,structured_missing_handling_candidate_later,feature_engineering_and_modeling,no
cc_old_utilization_mean_sum,structured_missing_or_history_availability,possible_absence_of_history_or_unknown_record,structured_missing_handling_candidate_later,feature_engineering_and_modeling,no
cc_utilization_trend_6m_vs_old_mean,structured_missing_or_history_availability,possible_absence_of_history_or_unknown_record,structured_missing_handling_candidate_later,feature_engineering_and_modeling,no
cc_utilization_trend_6m_vs_old_max,structured_missing_or_history_availability,possible_absence_of_history_or_unknown_record,structured_missing_handling_candidate_later,feature_engineering_and_modeling,no
cc_utilization_trend_6m_vs_old_min,structured_missing_or_history_availability,possible_absence_of_history_or_unknown_record,structured_missing_handling_candidate_later,feature_engineering_and_modeling,no
cc_utilization_trend_6m_vs_old_sum,structured_missing_or_history_availability,possible_absence_of_history_or_unknown_record,structured_missing_handling_candidate_later,feature_engineering_and_modeling,no
cc_recent_6m_dpd_mean_mean,structured_missing_or_history_availability,possible_absence_of_history_or_unknown_record,structured_missing_handling_candidate_later,feature_engineering_and_modeling,no
cc_recent_6m_dpd_mean_max,structured_missing_or_history_availability,possible_absence_of_history_or_unknown_record,structured_missing_handling_candidate_later,feature_engineering_and_modeling,no
cc_recent_6m_dpd_mean_min,structured_missing_or_history_availability,possible_absence_of_history_or_unknown_record,structured_missing_handling_candidate_later,feature_engineering_and_modeling,no
cc_recent_6m_dpd_mean_sum,structured_missing_or_history_availability,possible_absence_of_history_or_unknown_record,structured_missing_handling_candidate_later,feature_engineering_and_modeling,no
cc_old_dpd_mean_mean,structured_missing_or_history_availability,possible_absence_of_history_or_unknown_record,structured_missing_handling_candidate_later,feature_engineering_and_modeling,no
cc_old_dpd_mean_max,structured_missing_or_history_availability,possible_absence_of_history_or_unknown_record,structured_missing_handling_candidate_later,feature_engineering_and_modeling,no
cc_old_dpd_mean_min,structured_missing_or_history_availability,possible_absence_of_history_or_unknown_record,structured_missing_handling_candidate_later,feature_engineering_and_modeling,no
cc_old_dpd_mean_sum,structured_missing_or_history_availability,possible_absence_of_history_or_unknown_record,structured_missing_handling_candidate_later,feature_engineering_and_modeling,no
cc_dpd_trend_6m_vs_old_mean,structured_missing_or_history_availability,possible_absence_of_history_or_unknown_record,structured_missing_handling_candidate_later,feature_engineering_and_modeling,no
cc_dpd_trend_6m_vs_old_max,structured_missing_or_history_availability,possible_absence_of_history_or_unknown_record,structured_missing_handling_candidate_later,feature_engineering_and_modeling,no
cc_dpd_trend_6m_vs_old_min,structured_missing_or_history_availability,possible_absence_of_history_or_unknown_record,structured_missing_handling_candidate_later,feature_engineering_and_modeling,no
cc_dpd_trend_6m_vs_old_sum,structured_missing_or_history_availability,possible_absence_of_history_or_unknown_record,structured_missing_handling_candidate_later,feature_engineering_and_modeling,no
cc_recent_6m_payment_less_min_mean_mean,structured_missing_or_history_availability,possible_absence_of_history_or_unknown_record,structured_missing_handling_candidate_later,feature_engineering_and_modeling,no
cc_recent_6m_payment_less_min_mean_max,structured_missing_or_history_availability,possible_absence_of_history_or_unknown_record,structured_missing_handling_candidate_later,feature_engineering_and_modeling,no
cc_recent_6m_payment_less_min_mean_min,structured_missing_or_history_availability,possible_absence_of_history_or_unknown_record,structured_missing_handling_candidate_later,feature_engineering_and_modeling,no
cc_recent_6m_payment_less_min_mean_sum,structured_missing_or_history_availability,possible_absence_of_history_or_unknown_record,structured_missing_handling_candidate_later,feature_engineering_and_modeling,no
cc_old_payment_less_min_mean_mean,structured_missing_or_history_availability,possible_absence_of_history_or_unknown_record,structured_missing_handling_candidate_later,feature_engineering_and_modeling,no
cc_old_payment_less_min_mean_max,structured_missing_or_history_availability,possible_absence_of_history_or_unknown_record,structured_missing_handling_candidate_later,feature_engineering_and_modeling,no
cc_old_payment_less_min_mean_min,structured_missing_or_history_availability,possible_absence_of_history_or_unknown_record,structured_missing_handling_candidate_later,feature_engineering_and_modeling,no
cc_old_payment_less_min_mean_sum,structured_missing_or_history_availability,possible_absence_of_history_or_unknown_record,structured_missing_handling_candidate_later,feature_engineering_and_modeling,no
cc_payment_less_min_trend_6m_vs_old_mean,structured_missing_or_history_availability,possible_absence_of_history_or_unknown_record,structured_missing_handling_candidate_later,feature_engineering_and_modeling,no
cc_payment_less_min_trend_6m_vs_old_max,structured_missing_or_history_availability,possible_absence_of_history_or_unknown_record,structured_missing_handling_candidate_later,feature_engineering_and_modeling,no
cc_payment_less_min_trend_6m_vs_old_min,structured_missing_or_history_availability,possible_absence_of_history_or_unknown_record,structured_missing_handling_candidate_later,feature_engineering_and_modeling,no
cc_payment_less_min_trend_6m_vs_old_sum,structured_missing_or_history_availability,possible_absence_of_history_or_unknown_record,structured_missing_handling_candidate_later,feature_engineering_and_modeling,no
cc_recent_6m_high_util_80_mean_mean,structured_missing_or_history_availability,possible_absence_of_history_or_unknown_record,structured_missing_handling_candidate_later,feature_engineering_and_modeling,no
cc_recent_6m_high_util_80_mean_max,structured_missing_or_history_availability,possible_absence_of_history_or_unknown_record,structured_missing_handling_candidate_later,feature_engineering_and_modeling,no
cc_recent_6m_high_util_80_mean_min,structured_missing_or_history_availability,possible_absence_of_history_or_unknown_record,structured_missing_handling_candidate_later,feature_engineering_and_modeling,no
cc_recent_6m_high_util_80_mean_sum,structured_missing_or_history_availability,possible_absence_of_history_or_unknown_record,structured_missing_handling_candidate_later,feature_engineering_and_modeling,no
cc_old_high_util_80_mean_mean,structured_missing_or_history_availability,possible_absence_of_history_or_unknown_record,structured_missing_handling_candidate_later,feature_engineering_and_modeling,no
cc_old_high_util_80_mean_max,structured_missing_or_history_availability,possible_absence_of_history_or_unknown_record,structured_missing_handling_candidate_later,feature_engineering_and_modeling,no
cc_old_high_util_80_mean_min,structured_missing_or_history_availability,possible_absence_of_history_or_unknown_record,structured_missing_handling_candidate_later,feature_engineering_and_modeling,no
cc_old_high_util_80_mean_sum,structured_missing_or_history_availability,possible_absence_of_history_or_unknown_record,structured_missing_handling_candidate_later,feature_engineering_and_modeling,no
cc_high_util_80_trend_6m_vs_old_mean,structured_missing_or_history_availability,possible_absence_of_history_or_unknown_record,structured_missing_handling_candidate_later,feature_engineering_and_modeling,no
cc_high_util_80_trend_6m_vs_old_max,structured_missing_or_history_availability,possible_absence_of_history_or_unknown_record,structured_missing_handling_candidate_later,feature_engineering_and_modeling,no
cc_high_util_80_trend_6m_vs_old_min,structured_missing_or_history_availability,possible_absence_of_history_or_unknown_record,structured_missing_handling_candidate_later,feature_engineering_and_modeling,no
cc_high_util_80_trend_6m_vs_old_sum,structured_missing_or_history_availability,possible_absence_of_history_or_unknown_record,structured_missing_handling_candidate_later,feature_engineering_and_modeling,no
cc_latest_months_balance_mean,structured_missing_or_history_availability,possible_absence_of_history_or_unknown_record,structured_missing_handling_candidate_later,feature_engineering_and_modeling,no
cc_latest_months_balance_max,structured_missing_or_history_availability,possible_absence_of_history_or_unknown_record,structured_missing_handling_candidate_later,feature_engineering_and_modeling,no
cc_latest_months_balance_min,structured_missing_or_history_availability,possible_absence_of_history_or_unknown_record,structured_missing_handling_candidate_later,feature_engineering_and_modeling,no
cc_latest_months_balance_sum,structured_missing_or_history_availability,possible_absence_of_history_or_unknown_record,structured_missing_handling_candidate_later,feature_engineering_and_modeling,no
cc_latest_status_active_flag_mean,structured_missing_or_history_availability,possible_absence_of_history_or_unknown_record,structured_missing_handling_candidate_later,feature_engineering_and_modeling,no
cc_latest_status_active_flag_max,structured_missing_or_history_availability,possible_absence_of_history_or_unknown_record,structured_missing_handling_candidate_later,feature_engineering_and_modeling,no
cc_latest_status_active_flag_min,structured_missing_or_history_availability,possible_absence_of_history_or_unknown_record,structured_missing_handling_candidate_later,feature_engineering_and_modeling,no
cc_latest_status_active_flag_sum,structured_missing_or_history_availability,possible_absence_of_history_or_unknown_record,structured_missing_handling_candidate_later,feature_engineering_and_modeling,no
cc_latest_status_completed_flag_mean,structured_missing_or_history_availability,possible_absence_of_history_or_unknown_record,structured_missing_handling_candidate_later,feature_engineering_and_modeling,no
cc_latest_status_completed_flag_max,structured_missing_or_history_availability,possible_absence_of_history_or_unknown_record,structured_missing_handling_candidate_later,feature_engineering_and_modeling,no
cc_latest_status_completed_flag_min,structured_missing_or_history_availability,possible_absence_of_history_or_unknown_record,structured_missing_handling_candidate_later,feature_engineering_and_modeling,no
cc_latest_status_completed_flag_sum,structured_missing_or_history_availability,possible_absence_of_history_or_unknown_record,structured_missing_handling_candidate_later,feature_engineering_and_modeling,no
cc_latest_balance_mean,structured_missing_or_history_availability,possible_absence_of_history_or_unknown_record,structured_missing_handling_candidate_later,feature_engineering_and_modeling,no
cc_latest_balance_max,structured_missing_or_history_availability,possible_absence_of_history_or_unknown_record,structured_missing_handling_candidate_later,feature_engineering_and_modeling,no
cc_latest_balance_min,structured_missing_or_history_availability,possible_absence_of_history_or_unknown_record,structured_missing_handling_candidate_later,feature_engineering_and_modeling,no
cc_latest_balance_sum,structured_missing_or_history_availability,possible_absence_of_history_or_unknown_record,structured_missing_handling_candidate_later,feature_engineering_and_modeling,no
cc_latest_credit_limit_mean,structured_missing_or_history_availability,possible_absence_of_history_or_unknown_record,structured_missing_handling_candidate_later,feature_engineering_and_modeling,no
cc_latest_credit_limit_max,structured_missing_or_history_availability,possible_absence_of_history_or_unknown_record,structured_missing_handling_candidate_later,feature_engineering_and_modeling,no
cc_latest_credit_limit_min,structured_missing_or_history_availability,possible_absence_of_history_or_unknown_record,structured_missing_handling_candidate_later,feature_engineering_and_modeling,no
cc_latest_credit_limit_sum,structured_missing_or_history_availability,possible_absence_of_history_or_unknown_record,structured_missing_handling_candidate_later,feature_engineering_and_modeling,no
cc_latest_credit_utilization_mean,structured_missing_or_history_availability,possible_absence_of_history_or_unknown_record,structured_missing_handling_candidate_later,feature_engineering_and_modeling,no
cc_latest_credit_utilization_max,structured_missing_or_history_availability,possible_absence_of_history_or_unknown_record,structured_missing_handling_candidate_later,feature_engineering_and_modeling,no
cc_latest_credit_utilization_min,structured_missing_or_history_availability,possible_absence_of_history_or_unknown_record,structured_missing_handling_candidate_later,feature_engineering_and_modeling,no
cc_latest_credit_utilization_sum,structured_missing_or_history_availability,possible_absence_of_history_or_unknown_record,structured_missing_handling_candidate_later,feature_engineering_and_modeling,no
cc_latest_total_receivable_to_limit_mean,structured_missing_or_history_availability,possible_absence_of_history_or_unknown_record,structured_missing_handling_candidate_later,feature_engineering_and_modeling,no
cc_latest_total_receivable_to_limit_max,structured_missing_or_history_availability,possible_absence_of_history_or_unknown_record,structured_missing_handling_candidate_later,feature_engineering_and_modeling,no
cc_latest_total_receivable_to_limit_min,structured_missing_or_history_availability,possible_absence_of_history_or_unknown_record,structured_missing_handling_candidate_later,feature_engineering_and_modeling,no
cc_latest_total_receivable_to_limit_sum,structured_missing_or_history_availability,possible_absence_of_history_or_unknown_record,structured_missing_handling_candidate_later,feature_engineering_and_modeling,no
cc_latest_total_receivable_mean,structured_missing_or_history_availability,possible_absence_of_history_or_unknown_record,structured_missing_handling_candidate_later,feature_engineering_and_modeling,no
cc_latest_total_receivable_max,structured_missing_or_history_availability,possible_absence_of_history_or_unknown_record,structured_missing_handling_candidate_later,feature_engineering_and_modeling,no
cc_latest_total_receivable_min,structured_missing_or_history_availability,possible_absence_of_history_or_unknown_record,structured_missing_handling_candidate_later,feature_engineering_and_modeling,no
cc_latest_total_receivable_sum,structured_missing_or_history_availability,possible_absence_of_history_or_unknown_record,structured_missing_handling_candidate_later,feature_engineering_and_modeling,no
cc_latest_payment_current_mean,structured_missing_or_history_availability,possible_absence_of_history_or_unknown_record,structured_missing_handling_candidate_later,feature_engineering_and_modeling,no
cc_latest_payment_current_max,structured_missing_or_history_availability,possible_absence_of_history_or_unknown_record,structured_missing_handling_candidate_later,feature_engineering_and_modeling,no
cc_latest_payment_current_min,structured_missing_or_history_availability,possible_absence_of_history_or_unknown_record,structured_missing_handling_candidate_later,feature_engineering_and_modeling,no
cc_latest_payment_current_sum,structured_missing_or_history_availability,possible_absence_of_history_or_unknown_record,structured_missing_handling_candidate_later,feature_engineering_and_modeling,no
cc_latest_payment_total_mean,structured_missing_or_history_availability,possible_absence_of_history_or_unknown_record,structured_missing_handling_candidate_later,feature_engineering_and_modeling,no
cc_latest_payment_total_max,structured_missing_or_history_availability,possible_absence_of_history_or_unknown_record,structured_missing_handling_candidate_later,feature_engineering_and_modeling,no
cc_latest_payment_total_min,structured_missing_or_history_availability,possible_absence_of_history_or_unknown_record,structured_missing_handling_candidate_later,feature_engineering_and_modeling,no
cc_latest_payment_total_sum,structured_missing_or_history_availability,possible_absence_of_history_or_unknown_record,structured_missing_handling_candidate_later,feature_engineering_and_modeling,no
cc_latest_min_instalment_mean,structured_missing_or_history_availability,possible_absence_of_history_or_unknown_record,structured_missing_handling_candidate_later,feature_engineering_and_modeling,no
cc_latest_min_instalment_max,structured_missing_or_history_availability,possible_absence_of_history_or_unknown_record,structured_missing_handling_candidate_later,feature_engineering_and_modeling,no
cc_latest_min_instalment_min,structured_missing_or_history_availability,possible_absence_of_history_or_unknown_record,structured_missing_handling_candidate_later,feature_engineering_and_modeling,no
cc_latest_min_instalment_sum,structured_missing_or_history_availability,possible_absence_of_history_or_unknown_record,structured_missing_handling_candidate_later,feature_engineering_and_modeling,no
cc_latest_payment_less_than_min_flag_mean,structured_missing_or_history_availability,possible_absence_of_history_or_unknown_record,structured_missing_handling_candidate_later,feature_engineering_and_modeling,no
cc_latest_payment_less_than_min_flag_max,structured_missing_or_history_availability,possible_absence_of_history_or_unknown_record,structured_missing_handling_candidate_later,feature_engineering_and_modeling,no
cc_latest_payment_less_than_min_flag_min,structured_missing_or_history_availability,possible_absence_of_history_or_unknown_record,structured_missing_handling_candidate_later,feature_engineering_and_modeling,no
cc_latest_payment_less_than_min_flag_sum,structured_missing_or_history_availability,possible_absence_of_history_or_unknown_record,structured_missing_handling_candidate_later,feature_engineering_and_modeling,no
cc_latest_drawing_amount_mean,structured_missing_or_history_availability,possible_absence_of_history_or_unknown_record,structured_missing_handling_candidate_later,feature_engineering_and_modeling,no
cc_latest_drawing_amount_max,structured_missing_or_history_availability,possible_absence_of_history_or_unknown_record,structured_missing_handling_candidate_later,feature_engineering_and_modeling,no
cc_latest_drawing_amount_min,structured_missing_or_history_availability,possible_absence_of_history_or_unknown_record,structured_missing_handling_candidate_later,feature_engineering_and_modeling,no
cc_latest_drawing_amount_sum,structured_missing_or_history_availability,possible_absence_of_history_or_unknown_record,structured_missing_handling_candidate_later,feature_engineering_and_modeling,no
cc_latest_dpd_mean,structured_missing_or_history_availability,possible_absence_of_history_or_unknown_record,structured_missing_handling_candidate_later,feature_engineering_and_modeling,no
cc_latest_dpd_max,structured_missing_or_history_availability,possible_absence_of_history_or_unknown_record,structured_missing_handling_candidate_later,feature_engineering_and_modeling,no
cc_latest_dpd_min,structured_missing_or_history_availability,possible_absence_of_history_or_unknown_record,structured_missing_handling_candidate_later,feature_engineering_and_modeling,no
cc_latest_dpd_sum,structured_missing_or_history_availability,possible_absence_of_history_or_unknown_record,structured_missing_handling_candidate_later,feature_engineering_and_modeling,no
cc_latest_dpd_def_mean,structured_missing_or_history_availability,possible_absence_of_history_or_unknown_record,structured_missing_handling_candidate_later,feature_engineering_and_modeling,no
cc_latest_dpd_def_max,structured_missing_or_history_availability,possible_absence_of_history_or_unknown_record,structured_missing_handling_candidate_later,feature_engineering_and_modeling,no
cc_latest_dpd_def_min,structured_missing_or_history_availability,possible_absence_of_history_or_unknown_record,structured_missing_handling_candidate_later,feature_engineering_and_modeling,no
cc_latest_dpd_def_sum,structured_missing_or_history_availability,possible_absence_of_history_or_unknown_record,structured_missing_handling_candidate_later,feature_engineering_and_modeling,no
cc_latest_has_dpd_mean,structured_missing_or_history_availability,possible_absence_of_history_or_unknown_record,structured_missing_handling_candidate_later,feature_engineering_and_modeling,no
cc_latest_has_dpd_max,structured_missing_or_history_availability,possible_absence_of_history_or_unknown_record,structured_missing_handling_candidate_later,feature_engineering_and_modeling,no
cc_latest_has_dpd_min,structured_missing_or_history_availability,possible_absence_of_history_or_unknown_record,structured_missing_handling_candidate_later,feature_engineering_and_modeling,no
cc_latest_has_dpd_sum,structured_missing_or_history_availability,possible_absence_of_history_or_unknown_record,structured_missing_handling_candidate_later,feature_engineering_and_modeling,no
cc_latest_has_dpd_def_mean,structured_missing_or_history_availability,possible_absence_of_history_or_unknown_record,structured_missing_handling_candidate_later,feature_engineering_and_modeling,no
cc_latest_has_dpd_def_max,structured_missing_or_history_availability,possible_absence_of_history_or_unknown_record,structured_missing_handling_candidate_later,feature_engineering_and_modeling,no
cc_latest_has_dpd_def_min,structured_missing_or_history_availability,possible_absence_of_history_or_unknown_record,structured_missing_handling_candidate_later,feature_engineering_and_modeling,no
cc_latest_has_dpd_def_sum,structured_missing_or_history_availability,possible_absence_of_history_or_unknown_record,structured_missing_handling_candidate_later,feature_engineering_and_modeling,no
cc_latest_high_utilization_80plus_flag_mean,structured_missing_or_history_availability,possible_absence_of_history_or_unknown_record,structured_missing_handling_candidate_later,feature_engineering_and_modeling,no
cc_latest_high_utilization_80plus_flag_max,structured_missing_or_history_availability,possible_absence_of_history_or_unknown_record,structured_missing_handling_candidate_later,feature_engineering_and_modeling,no
cc_latest_high_utilization_80plus_flag_min,structured_missing_or_history_availability,possible_absence_of_history_or_unknown_record,structured_missing_handling_candidate_later,feature_engineering_and_modeling,no
cc_latest_high_utilization_80plus_flag_sum,structured_missing_or_history_availability,possible_absence_of_history_or_unknown_record,structured_missing_handling_candidate_later,feature_engineering_and_modeling,no
cc_latest_no_payment_with_balance_flag_mean,structured_missing_or_history_availability,possible_absence_of_history_or_unknown_record,structured_missing_handling_candidate_later,feature_engineering_and_modeling,no
cc_latest_no_payment_with_balance_flag_max,structured_missing_or_history_availability,possible_absence_of_history_or_unknown_record,structured_missing_handling_candidate_later,feature_engineering_and_modeling,no
cc_latest_no_payment_with_balance_flag_min,structured_missing_or_history_availability,possible_absence_of_history_or_unknown_record,structured_missing_handling_candidate_later,feature_engineering_and_modeling,no
cc_latest_no_payment_with_balance_flag_sum,structured_missing_or_history_availability,possible_absence_of_history_or_unknown_record,structured_missing_handling_candidate_later,feature_engineering_and_modeling,no
cc_contract_with_dpd_count,structured_missing_or_history_availability,possible_absence_of_history_or_unknown_record,structured_missing_handling_candidate_later,feature_engineering_and_modeling,no
cc_contract_with_dpd_ratio,structured_missing_or_history_availability,possible_absence_of_history_or_unknown_record,structured_missing_handling_candidate_later,feature_engineering_and_modeling,no
cc_contract_with_dpd_def_count,structured_missing_or_history_availability,possible_absence_of_history_or_unknown_record,structured_missing_handling_candidate_later,feature_engineering_and_modeling,no
cc_contract_with_dpd_def_ratio,structured_missing_or_history_availability,possible_absence_of_history_or_unknown_record,structured_missing_handling_candidate_later,feature_engineering_and_modeling,no
cc_contract_with_dpd_30plus_count,structured_missing_or_history_availability,possible_absence_of_history_or_unknown_record,structured_missing_handling_candidate_later,feature_engineering_and_modeling,no
cc_contract_with_dpd_30plus_ratio,structured_missing_or_history_availability,possible_absence_of_history_or_unknown_record,structured_missing_handling_candidate_later,feature_engineering_and_modeling,no
cc_contract_with_dpd_60plus_count,structured_missing_or_history_availability,possible_absence_of_history_or_unknown_record,structured_missing_handling_candidate_later,feature_engineering_and_modeling,no
cc_contract_with_dpd_60plus_ratio,structured_missing_or_history_availability,possible_absence_of_history_or_unknown_record,structured_missing_handling_candidate_later,feature_engineering_and_modeling,no
cc_contract_with_dpd_90plus_count,structured_missing_or_history_availability,possible_absence_of_history_or_unknown_record,structured_missing_handling_candidate_later,feature_engineering_and_modeling,no
cc_contract_with_dpd_90plus_ratio,structured_missing_or_history_availability,possible_absence_of_history_or_unknown_record,structured_missing_handling_candidate_later,feature_engineering_and_modeling,no
cc_contract_with_dpd_def_30plus_count,structured_missing_or_history_availability,possible_absence_of_history_or_unknown_record,structured_missing_handling_candidate_later,feature_engineering_and_modeling,no
cc_contract_with_dpd_def_30plus_ratio,structured_missing_or_history_availability,possible_absence_of_history_or_unknown_record,structured_missing_handling_candidate_later,feature_engineering_and_modeling,no
cc_contract_with_dpd_def_60plus_count,structured_missing_or_history_availability,possible_absence_of_history_or_unknown_record,structured_missing_handling_candidate_later,feature_engineering_and_modeling,no
cc_contract_with_dpd_def_60plus_ratio,structured_missing_or_history_availability,possible_absence_of_history_or_unknown_record,structured_missing_handling_candidate_later,feature_engineering_and_modeling,no
cc_contract_with_dpd_def_90plus_count,structured_missing_or_history_availability,possible_absence_of_history_or_unknown_record,structured_missing_handling_candidate_later,feature_engineering_and_modeling,no
cc_contract_with_dpd_def_90plus_ratio,structured_missing_or_history_availability,possible_absence_of_history_or_unknown_record,structured_missing_handling_candidate_later,feature_engineering_and_modeling,no
cc_contract_with_high_utilization_80plus_count,structured_missing_or_history_availability,possible_absence_of_history_or_unknown_record,structured_missing_handling_candidate_later,feature_engineering_and_modeling,no
cc_contract_with_high_utilization_80plus_ratio,structured_missing_or_history_availability,possible_absence_of_history_or_unknown_record,structured_missing_handling_candidate_later,feature_engineering_and_modeling,no
cc_contract_with_high_utilization_100plus_count,structured_missing_or_history_availability,possible_absence_of_history_or_unknown_record,structured_missing_handling_candidate_later,feature_engineering_and_modeling,no
cc_contract_with_high_utilization_100plus_ratio,structured_missing_or_history_availability,possible_absence_of_history_or_unknown_record,structured_missing_handling_candidate_later,feature_engineering_and_modeling,no
cc_contract_with_payment_less_than_min_count,structured_missing_or_history_availability,possible_absence_of_history_or_unknown_record,structured_missing_handling_candidate_later,feature_engineering_and_modeling,no
cc_contract_with_payment_less_than_min_ratio,structured_missing_or_history_availability,possible_absence_of_history_or_unknown_record,structured_missing_handling_candidate_later,feature_engineering_and_modeling,no
cc_contract_with_no_payment_with_balance_count,structured_missing_or_history_availability,possible_absence_of_history_or_unknown_record,structured_missing_handling_candidate_later,feature_engineering_and_modeling,no
cc_contract_with_no_payment_with_balance_ratio,structured_missing_or_history_availability,possible_absence_of_history_or_unknown_record,structured_missing_handling_candidate_later,feature_engineering_and_modeling,no
cc_contract_with_limit_change_count,structured_missing_or_history_availability,possible_absence_of_history_or_unknown_record,structured_missing_handling_candidate_later,feature_engineering_and_modeling,no
cc_contract_with_limit_change_ratio,structured_missing_or_history_availability,possible_absence_of_history_or_unknown_record,structured_missing_handling_candidate_later,feature_engineering_and_modeling,no
cc_latest_months_balance,structured_missing_or_history_availability,possible_absence_of_history_or_unknown_record,structured_missing_handling_candidate_later,feature_engineering_and_modeling,no
cc_latest_status_active_flag,structured_missing_or_history_availability,possible_absence_of_history_or_unknown_record,structured_missing_handling_candidate_later,feature_engineering_and_modeling,no
cc_latest_status_completed_flag,structured_missing_or_history_availability,possible_absence_of_history_or_unknown_record,structured_missing_handling_candidate_later,feature_engineering_and_modeling,no
cc_latest_status_signed_flag,structured_missing_or_history_availability,possible_absence_of_history_or_unknown_record,structured_missing_handling_candidate_later,feature_engineering_and_modeling,no
cc_latest_status_demand_flag,structured_missing_or_history_availability,possible_absence_of_history_or_unknown_record,structured_missing_handling_candidate_later,feature_engineering_and_modeling,no
cc_latest_status_refused_flag,structured_missing_or_history_availability,possible_absence_of_history_or_unknown_record,structured_missing_handling_candidate_later,feature_engineering_and_modeling,no
cc_latest_status_approved_flag,structured_missing_or_history_availability,possible_absence_of_history_or_unknown_record,structured_missing_handling_candidate_later,feature_engineering_and_modeling,no
cc_latest_status_canceled_flag,structured_missing_or_history_availability,possible_absence_of_history_or_unknown_record,structured_missing_handling_candidate_later,feature_engineering_and_modeling,no
cc_latest_balance,structured_missing_or_history_availability,possible_absence_of_history_or_unknown_record,structured_missing_handling_candidate_later,feature_engineering_and_modeling,no
cc_latest_credit_limit,structured_missing_or_history_availability,possible_absence_of_history_or_unknown_record,structured_missing_handling_candidate_later,feature_engineering_and_modeling,no
cc_latest_credit_utilization,structured_missing_or_history_availability,possible_absence_of_history_or_unknown_record,structured_missing_handling_candidate_later,feature_engineering_and_modeling,no
cc_latest_credit_utilization_capped,structured_missing_or_history_availability,possible_absence_of_history_or_unknown_record,structured_missing_handling_candidate_later,feature_engineering_and_modeling,no
cc_latest_total_receivable,structured_missing_or_history_availability,possible_absence_of_history_or_unknown_record,structured_missing_handling_candidate_later,feature_engineering_and_modeling,no
cc_latest_principal_receivable,structured_missing_or_history_availability,possible_absence_of_history_or_unknown_record,structured_missing_handling_candidate_later,feature_engineering_and_modeling,no
cc_latest_recivable,structured_missing_or_history_availability,possible_absence_of_history_or_unknown_record,structured_missing_handling_candidate_later,feature_engineering_and_modeling,no
cc_latest_total_receivable_to_limit,structured_missing_or_history_availability,possible_absence_of_history_or_unknown_record,structured_missing_handling_candidate_later,feature_engineering_and_modeling,no
cc_latest_payment_current,structured_missing_or_history_availability,possible_absence_of_history_or_unknown_record,structured_missing_handling_candidate_later,feature_engineering_and_modeling,no
cc_latest_payment_total,structured_missing_or_history_availability,possible_absence_of_history_or_unknown_record,structured_missing_handling_candidate_later,feature_engineering_and_modeling,no
cc_latest_min_instalment,structured_missing_or_history_availability,possible_absence_of_history_or_unknown_record,structured_missing_handling_candidate_later,feature_engineering_and_modeling,no
cc_latest_payment_to_balance_ratio,structured_missing_or_history_availability,possible_absence_of_history_or_unknown_record,structured_missing_handling_candidate_later,feature_engineering_and_modeling,no
cc_latest_payment_to_min_inst_ratio,structured_missing_or_history_availability,possible_absence_of_history_or_unknown_record,structured_missing_handling_candidate_later,feature_engineering_and_modeling,no
cc_latest_payment_less_than_min_flag,structured_missing_or_history_availability,possible_absence_of_history_or_unknown_record,structured_missing_handling_candidate_later,feature_engineering_and_modeling,no
cc_latest_no_payment_with_balance_flag,structured_missing_or_history_availability,possible_absence_of_history_or_unknown_record,structured_missing_handling_candidate_later,feature_engineering_and_modeling,no
cc_latest_drawing_amount,structured_missing_or_history_availability,possible_absence_of_history_or_unknown_record,structured_missing_handling_candidate_later,feature_engineering_and_modeling,no
cc_latest_drawing_count,structured_missing_or_history_availability,possible_absence_of_history_or_unknown_record,structured_missing_handling_candidate_later,feature_engineering_and_modeling,no
cc_latest_has_drawing_flag,structured_missing_or_history_availability,possible_absence_of_history_or_unknown_record,structured_missing_handling_candidate_later,feature_engineering_and_modeling,no
cc_latest_has_atm_drawing_flag,structured_missing_or_history_availability,possible_absence_of_history_or_unknown_record,structured_missing_handling_candidate_later,feature_engineering_and_modeling,no
cc_latest_has_pos_drawing_flag,structured_missing_or_history_availability,possible_absence_of_history_or_unknown_record,structured_missing_handling_candidate_later,feature_engineering_and_modeling,no
cc_latest_atm_drawing_share,structured_missing_or_history_availability,possible_absence_of_history_or_unknown_record,structured_missing_handling_candidate_later,feature_engineering_and_modeling,no
cc_latest_pos_drawing_share,structured_missing_or_history_availability,possible_absence_of_history_or_unknown_record,structured_missing_handling_candidate_later,feature_engineering_and_modeling,no
cc_latest_dpd,structured_missing_or_history_availability,possible_absence_of_history_or_unknown_record,structured_missing_handling_candidate_later,feature_engineering_and_modeling,no
cc_latest_dpd_def,structured_missing_or_history_availability,possible_absence_of_history_or_unknown_record,structured_missing_handling_candidate_later,feature_engineering_and_modeling,no
cc_latest_has_dpd,structured_missing_or_history_availability,possible_absence_of_history_or_unknown_record,structured_missing_handling_candidate_later,feature_engineering_and_modeling,no
cc_latest_has_dpd_def,structured_missing_or_history_availability,possible_absence_of_history_or_unknown_record,structured_missing_handling_candidate_later,feature_engineering_and_modeling,no
cc_latest_dpd_30plus_flag,structured_missing_or_history_availability,possible_absence_of_history_or_unknown_record,structured_missing_handling_candidate_later,feature_engineering_and_modeling,no
cc_latest_dpd_60plus_flag,structured_missing_or_history_availability,possible_absence_of_history_or_unknown_record,structured_missing_handling_candidate_later,feature_engineering_and_modeling,no
cc_latest_dpd_90plus_flag,structured_missing_or_history_availability,possible_absence_of_history_or_unknown_record,structured_missing_handling_candidate_later,feature_engineering_and_modeling,no
cc_latest_high_utilization_80plus_flag,structured_missing_or_history_availability,possible_absence_of_history_or_unknown_record,structured_missing_handling_candidate_later,feature_engineering_and_modeling,no
cc_latest_high_utilization_100plus_flag,structured_missing_or_history_availability,possible_absence_of_history_or_unknown_record,structured_missing_handling_candidate_later,feature_engineering_and_modeling,no
cc_latest_over_limit_flag,structured_missing_or_history_availability,possible_absence_of_history_or_unknown_record,structured_missing_handling_candidate_later,feature_engineering_and_modeling,no
cc_latest_invalid_credit_limit_flag,structured_missing_or_history_availability,possible_absence_of_history_or_unknown_record,structured_missing_handling_candidate_later,feature_engineering_and_modeling,no
FLAG_CONT_MOBILE,rare_or_near_constant_binary_flag,near_constant_binary_flag,keep_as_binary_candidate_and_validate_predictive_value_later,bivariate_multivariate_and_modeling,no
FLAG_DOCUMENT_10,rare_or_near_constant_binary_flag,test_constant_flag,keep_as_binary_candidate_and_validate_predictive_value_later,bivariate_multivariate_and_modeling,no
FLAG_DOCUMENT_11,rare_or_near_constant_binary_flag,near_constant_binary_flag,keep_as_binary_candidate_and_validate_predictive_value_later,bivariate_multivariate_and_modeling,no
FLAG_DOCUMENT_12,rare_or_near_constant_binary_flag,test_constant_flag,keep_as_binary_candidate_and_validate_predictive_value_later,bivariate_multivariate_and_modeling,no
FLAG_DOCUMENT_13,rare_or_near_constant_binary_flag,test_constant_flag,keep_as_binary_candidate_and_validate_predictive_value_later,bivariate_multivariate_and_modeling,no
FLAG_DOCUMENT_14,rare_or_near_constant_binary_flag,test_constant_flag,keep_as_binary_candidate_and_validate_predictive_value_later,bivariate_multivariate_and_modeling,no
FLAG_DOCUMENT_15,rare_or_near_constant_binary_flag,test_constant_flag,keep_as_binary_candidate_and_validate_predictive_value_later,bivariate_multivariate_and_modeling,no
FLAG_DOCUMENT_16,rare_or_near_constant_binary_flag,test_constant_flag,keep_as_binary_candidate_and_validate_predictive_value_later,bivariate_multivariate_and_modeling,no
FLAG_DOCUMENT_17,rare_or_near_constant_binary_flag,test_constant_flag,keep_as_binary_candidate_and_validate_predictive_value_later,bivariate_multivariate_and_modeling,no
FLAG_DOCUMENT_18,rare_or_near_constant_binary_flag,near_constant_binary_flag,keep_as_binary_candidate_and_validate_predictive_value_later,bivariate_multivariate_and_modeling,no
FLAG_DOCUMENT_19,rare_or_near_constant_binary_flag,test_constant_flag,keep_as_binary_candidate_and_validate_predictive_value_later,bivariate_multivariate_and_modeling,no
FLAG_DOCUMENT_2,rare_or_near_constant_binary_flag,test_constant_flag,keep_as_binary_candidate_and_validate_predictive_value_later,bivariate_multivariate_and_modeling,no
FLAG_DOCUMENT_20,rare_or_near_constant_binary_flag,test_constant_flag,keep_as_binary_candidate_and_validate_predictive_value_later,bivariate_multivariate_and_modeling,no
FLAG_DOCUMENT_21,rare_or_near_constant_binary_flag,test_constant_flag,keep_as_binary_candidate_and_validate_predictive_value_later,bivariate_multivariate_and_modeling,no
FLAG_DOCUMENT_3,rare_or_near_constant_binary_flag,rare_binary_flag,keep_as_binary_candidate_and_validate_predictive_value_later,bivariate_multivariate_and_modeling,no
FLAG_DOCUMENT_4,rare_or_near_constant_binary_flag,almost_constant_binary_flag,keep_as_binary_candidate_and_validate_predictive_value_later,bivariate_multivariate_and_modeling,no
FLAG_DOCUMENT_5,rare_or_near_constant_binary_flag,rare_binary_flag,keep_as_binary_candidate_and_validate_predictive_value_later,bivariate_multivariate_and_modeling,no
FLAG_DOCUMENT_6,rare_or_near_constant_binary_flag,rare_binary_flag,keep_as_binary_candidate_and_validate_predictive_value_later,bivariate_multivariate_and_modeling,no
FLAG_DOCUMENT_7,rare_or_near_constant_binary_flag,almost_constant_binary_flag,keep_as_binary_candidate_and_validate_predictive_value_later,bivariate_multivariate_and_modeling,no
FLAG_DOCUMENT_8,rare_or_near_constant_binary_flag,rare_binary_flag,keep_as_binary_candidate_and_validate_predictive_value_later,bivariate_multivariate_and_modeling,no
FLAG_DOCUMENT_9,rare_or_near_constant_binary_flag,near_constant_binary_flag,keep_as_binary_candidate_and_validate_predictive_value_later,bivariate_multivariate_and_modeling,no
FLAG_MOBIL,rare_or_near_constant_binary_flag,almost_constant_binary_flag,keep_as_binary_candidate_and_validate_predictive_value_later,bivariate_multivariate_and_modeling,no
bureau_bad_debt_count,rare_or_near_constant_binary_flag,almost_constant_binary_flag,keep_as_binary_candidate_and_validate_predictive_value_later,bivariate_multivariate_and_modeling,no
bureau_latest_type_business_loan_flag,rare_or_near_constant_binary_flag,almost_constant_binary_flag,keep_as_binary_candidate_and_validate_predictive_value_later,bivariate_multivariate_and_modeling,no
bureau_latest_type_microloan_flag,rare_or_near_constant_binary_flag,near_constant_binary_flag,keep_as_binary_candidate_and_validate_predictive_value_later,bivariate_multivariate_and_modeling,no
bureau_latest_type_working_capital_loan_flag,rare_or_near_constant_binary_flag,almost_constant_binary_flag,keep_as_binary_candidate_and_validate_predictive_value_later,bivariate_multivariate_and_modeling,no
cc_contract_with_dpd_def_30plus_count,rare_or_near_constant_binary_flag,near_constant_binary_flag,keep_as_binary_candidate_and_validate_predictive_value_later,bivariate_multivariate_and_modeling,no
cc_contract_with_dpd_def_60plus_count,rare_or_near_constant_binary_flag,near_constant_binary_flag,keep_as_binary_candidate_and_validate_predictive_value_later,bivariate_multivariate_and_modeling,no
cc_contract_with_dpd_def_90plus_count,rare_or_near_constant_binary_flag,almost_constant_binary_flag,keep_as_binary_candidate_and_validate_predictive_value_later,bivariate_multivariate_and_modeling,no
cc_latest_dpd_30plus_flag,rare_or_near_constant_binary_flag,near_constant_binary_flag,keep_as_binary_candidate_and_validate_predictive_value_later,bivariate_multivariate_and_modeling,no
cc_latest_dpd_60plus_flag,rare_or_near_constant_binary_flag,near_constant_binary_flag,keep_as_binary_candidate_and_validate_predictive_value_later,bivariate_multivariate_and_modeling,no
cc_latest_dpd_90plus_flag,rare_or_near_constant_binary_flag,near_constant_binary_flag,keep_as_binary_candidate_and_validate_predictive_value_later,bivariate_multivariate_and_modeling,no
cc_latest_has_dpd_def,rare_or_near_constant_binary_flag,near_constant_binary_flag,keep_as_binary_candidate_and_validate_predictive_value_later,bivariate_multivariate_and_modeling,no
cc_latest_has_dpd_def_max,rare_or_near_constant_binary_flag,near_constant_binary_flag,keep_as_binary_candidate_and_validate_predictive_value_later,bivariate_multivariate_and_modeling,no
cc_latest_has_dpd_def_min,rare_or_near_constant_binary_flag,near_constant_binary_flag,keep_as_binary_candidate_and_validate_predictive_value_later,bivariate_multivariate_and_modeling,no
cc_latest_has_dpd_def_sum,rare_or_near_constant_binary_flag,near_constant_binary_flag,keep_as_binary_candidate_and_validate_predictive_value_later,bivariate_multivariate_and_modeling,no
cc_latest_status_approved_flag,rare_or_near_constant_binary_flag,almost_constant_binary_flag,keep_as_binary_candidate_and_validate_predictive_value_later,bivariate_multivariate_and_modeling,no
cc_latest_status_canceled_flag,rare_or_near_constant_binary_flag,almost_constant_binary_flag,keep_as_binary_candidate_and_validate_predictive_value_later,bivariate_multivariate_and_modeling,no
cc_latest_status_demand_flag,rare_or_near_constant_binary_flag,almost_constant_binary_flag,keep_as_binary_candidate_and_validate_predictive_value_later,bivariate_multivariate_and_modeling,no
cc_latest_status_refused_flag,rare_or_near_constant_binary_flag,almost_constant_binary_flag,keep_as_binary_candidate_and_validate_predictive_value_later,bivariate_multivariate_and_modeling,no
cc_latest_status_signed_flag,rare_or_near_constant_binary_flag,almost_constant_binary_flag,keep_as_binary_candidate_and_validate_predictive_value_later,bivariate_multivariate_and_modeling,no
cc_missing_credit_limit_count_max,rare_or_near_constant_binary_flag,almost_constant_binary_flag,keep_as_binary_candidate_and_validate_predictive_value_later,bivariate_multivariate_and_modeling,no
cc_missing_credit_limit_count_mean,rare_or_near_constant_binary_flag,almost_constant_binary_flag,keep_as_binary_candidate_and_validate_predictive_value_later,bivariate_multivariate_and_modeling,no
cc_missing_credit_limit_count_sum,rare_or_near_constant_binary_flag,almost_constant_binary_flag,keep_as_binary_candidate_and_validate_predictive_value_later,bivariate_multivariate_and_modeling,no
cc_status_approved_count_max,rare_or_near_constant_binary_flag,almost_constant_binary_flag,keep_as_binary_candidate_and_validate_predictive_value_later,bivariate_multivariate_and_modeling,no
cc_status_approved_count_mean,rare_or_near_constant_binary_flag,almost_constant_binary_flag,keep_as_binary_candidate_and_validate_predictive_value_later,bivariate_multivariate_and_modeling,no
cc_status_approved_count_sum,rare_or_near_constant_binary_flag,almost_constant_binary_flag,keep_as_binary_candidate_and_validate_predictive_value_later,bivariate_multivariate_and_modeling,no
cc_status_canceled_count_max,rare_or_near_constant_binary_flag,almost_constant_binary_flag,keep_as_binary_candidate_and_validate_predictive_value_later,bivariate_multivariate_and_modeling,no
cc_status_canceled_count_mean,rare_or_near_constant_binary_flag,almost_constant_binary_flag,keep_as_binary_candidate_and_validate_predictive_value_later,bivariate_multivariate_and_modeling,no
cc_status_canceled_count_sum,rare_or_near_constant_binary_flag,almost_constant_binary_flag,keep_as_binary_candidate_and_validate_predictive_value_later,bivariate_multivariate_and_modeling,no
cc_status_canceled_ratio_max,rare_or_near_constant_binary_flag,almost_constant_binary_flag,keep_as_binary_candidate_and_validate_predictive_value_later,bivariate_multivariate_and_modeling,no
cc_status_canceled_ratio_mean,rare_or_near_constant_binary_flag,almost_constant_binary_flag,keep_as_binary_candidate_and_validate_predictive_value_later,bivariate_multivariate_and_modeling,no
cc_status_canceled_ratio_min,rare_or_near_constant_binary_flag,almost_constant_binary_flag,keep_as_binary_candidate_and_validate_predictive_value_later,bivariate_multivariate_and_modeling,no
cc_status_refused_count_max,rare_or_near_constant_binary_flag,almost_constant_binary_flag,keep_as_binary_candidate_and_validate_predictive_value_later,bivariate_multivariate_and_modeling,no
cc_status_refused_count_mean,rare_or_near_constant_binary_flag,almost_constant_binary_flag,keep_as_binary_candidate_and_validate_predictive_value_later,bivariate_multivariate_and_modeling,no
cc_status_refused_count_sum,rare_or_near_constant_binary_flag,almost_constant_binary_flag,keep_as_binary_candidate_and_validate_predictive_value_later,bivariate_multivariate_and_modeling,no
cc_status_sent_proposal_count_max,rare_or_near_constant_binary_flag,near_constant_binary_flag,keep_as_binary_candidate_and_validate_predictive_value_later,bivariate_multivariate_and_modeling,no
cc_status_sent_proposal_count_sum,rare_or_near_constant_binary_flag,near_constant_binary_flag,keep_as_binary_candidate_and_validate_predictive_value_later,bivariate_multivariate_and_modeling,no
inst_contract_with_due_day_shift_count,rare_or_near_constant_binary_flag,almost_constant_binary_flag,keep_as_binary_candidate_and_validate_predictive_value_later,bivariate_multivariate_and_modeling,no
inst_has_due_day_shift_count_max,rare_or_near_constant_binary_flag,almost_constant_binary_flag,keep_as_binary_candidate_and_validate_predictive_value_later,bivariate_multivariate_and_modeling,no
inst_has_due_day_shift_count_sum,rare_or_near_constant_binary_flag,almost_constant_binary_flag,keep_as_binary_candidate_and_validate_predictive_value_later,bivariate_multivariate_and_modeling,no
inst_latest_amount_shift_flag,rare_or_near_constant_binary_flag,near_constant_binary_flag,keep_as_binary_candidate_and_validate_predictive_value_later,bivariate_multivariate_and_modeling,no
inst_latest_due_day_shift_flag,rare_or_near_constant_binary_flag,almost_constant_binary_flag,keep_as_binary_candidate_and_validate_predictive_value_later,bivariate_multivariate_and_modeling,no
inst_latest_fully_paid_flag,rare_or_near_constant_binary_flag,near_constant_binary_flag,keep_as_binary_candidate_and_validate_predictive_value_later,bivariate_multivariate_and_modeling,no
inst_latest_fully_paid_flag_max,rare_or_near_constant_binary_flag,near_constant_binary_flag,keep_as_binary_candidate_and_validate_predictive_value_later,bivariate_multivariate_and_modeling,no
inst_latest_fully_paid_flag_min,rare_or_near_constant_binary_flag,near_constant_binary_flag,keep_as_binary_candidate_and_validate_predictive_value_later,bivariate_multivariate_and_modeling,no
inst_latest_late_15plus_flag,rare_or_near_constant_binary_flag,near_constant_binary_flag,keep_as_binary_candidate_and_validate_predictive_value_later,bivariate_multivariate_and_modeling,no
inst_latest_late_30plus_flag,rare_or_near_constant_binary_flag,near_constant_binary_flag,keep_as_binary_candidate_and_validate_predictive_value_later,bivariate_multivariate_and_modeling,no
inst_latest_late_30plus_flag_min,rare_or_near_constant_binary_flag,near_constant_binary_flag,keep_as_binary_candidate_and_validate_predictive_value_later,bivariate_multivariate_and_modeling,no
inst_latest_late_60plus_flag,rare_or_near_constant_binary_flag,near_constant_binary_flag,keep_as_binary_candidate_and_validate_predictive_value_later,bivariate_multivariate_and_modeling,no
inst_latest_late_90plus_flag,rare_or_near_constant_binary_flag,near_constant_binary_flag,keep_as_binary_candidate_and_validate_predictive_value_later,bivariate_multivariate_and_modeling,no
inst_latest_overpaid_flag,rare_or_near_constant_binary_flag,near_constant_binary_flag,keep_as_binary_candidate_and_validate_predictive_value_later,bivariate_multivariate_and_modeling,no
inst_latest_overpaid_flag_min,rare_or_near_constant_binary_flag,almost_constant_binary_flag,keep_as_binary_candidate_and_validate_predictive_value_later,bivariate_multivariate_and_modeling,no
inst_latest_underpaid_flag,rare_or_near_constant_binary_flag,near_constant_binary_flag,keep_as_binary_candidate_and_validate_predictive_value_later,bivariate_multivariate_and_modeling,no
inst_latest_underpaid_flag_max,rare_or_near_constant_binary_flag,near_constant_binary_flag,keep_as_binary_candidate_and_validate_predictive_value_later,bivariate_multivariate_and_modeling,no
inst_latest_underpaid_flag_min,rare_or_near_constant_binary_flag,near_constant_binary_flag,keep_as_binary_candidate_and_validate_predictive_value_later,bivariate_multivariate_and_modeling,no
inst_latest_version_change_flag,rare_or_near_constant_binary_flag,near_constant_binary_flag,keep_as_binary_candidate_and_validate_predictive_value_later,bivariate_multivariate_and_modeling,no
inst_latest_version_change_flag_min,rare_or_near_constant_binary_flag,almost_constant_binary_flag,keep_as_binary_candidate_and_validate_predictive_value_later,bivariate_multivariate_and_modeling,no
pos_latest_dpd_30plus_flag,rare_or_near_constant_binary_flag,near_constant_binary_flag,keep_as_binary_candidate_and_validate_predictive_value_later,bivariate_multivariate_and_modeling,no
pos_latest_dpd_60plus_flag,rare_or_near_constant_binary_flag,near_constant_binary_flag,keep_as_binary_candidate_and_validate_predictive_value_later,bivariate_multivariate_and_modeling,no
pos_latest_dpd_90plus_flag,rare_or_near_constant_binary_flag,near_constant_binary_flag,keep_as_binary_candidate_and_validate_predictive_value_later,bivariate_multivariate_and_modeling,no
pos_latest_has_dpd,rare_or_near_constant_binary_flag,near_constant_binary_flag,keep_as_binary_candidate_and_validate_predictive_value_later,bivariate_multivariate_and_modeling,no
pos_latest_has_dpd_def,rare_or_near_constant_binary_flag,near_constant_binary_flag,keep_as_binary_candidate_and_validate_predictive_value_later,bivariate_multivariate_and_modeling,no
pos_latest_status_amortized_debt_flag,rare_or_near_constant_binary_flag,almost_constant_binary_flag,keep_as_binary_candidate_and_validate_predictive_value_later,bivariate_multivariate_and_modeling,no
pos_latest_status_approved_flag,rare_or_near_constant_binary_flag,almost_constant_binary_flag,keep_as_binary_candidate_and_validate_predictive_value_later,bivariate_multivariate_and_modeling,no
pos_latest_status_canceled_flag,rare_or_near_constant_binary_flag,almost_constant_binary_flag,keep_as_binary_candidate_and_validate_predictive_value_later,bivariate_multivariate_and_modeling,no
pos_latest_status_demand_flag,rare_or_near_constant_binary_flag,almost_constant_binary_flag,keep_as_binary_candidate_and_validate_predictive_value_later,bivariate_multivariate_and_modeling,no
pos_latest_status_returned_flag,rare_or_near_constant_binary_flag,almost_constant_binary_flag,keep_as_binary_candidate_and_validate_predictive_value_later,bivariate_multivariate_and_modeling,no
pos_latest_status_signed_flag,rare_or_near_constant_binary_flag,near_constant_binary_flag,keep_as_binary_candidate_and_validate_predictive_value_later,bivariate_multivariate_and_modeling,no
pos_status_canceled_count_max,rare_or_near_constant_binary_flag,almost_constant_binary_flag,keep_as_binary_candidate_and_validate_predictive_value_later,bivariate_multivariate_and_modeling,no
pos_status_canceled_count_sum,rare_or_near_constant_binary_flag,almost_constant_binary_flag,keep_as_binary_candidate_and_validate_predictive_value_later,bivariate_multivariate_and_modeling,no
prev_latest_has_interest_rate,rare_or_near_constant_binary_flag,near_constant_binary_flag,keep_as_binary_candidate_and_validate_predictive_value_later,bivariate_multivariate_and_modeling,no
prev_latest_last_appl_in_day,rare_or_near_constant_binary_flag,near_constant_binary_flag,keep_as_binary_candidate_and_validate_predictive_value_later,bivariate_multivariate_and_modeling,no
CODE_GENDER,special_categorical_label,unknown_or_special_category_candidate,unknown_safe_or_special_label_encoding_candidate_later,feature_engineering,no
NAME_FAMILY_STATUS,special_categorical_label,unknown_or_special_category_candidate,unknown_safe_or_special_label_encoding_candidate_later,feature_engineering,no
ORGANIZATION_TYPE,special_categorical_label,unknown_or_special_category_candidate,unknown_safe_or_special_label_encoding_candidate_later,feature_engineering,no
REGION_RATING_CLIENT_W_CITY,special_categorical_label,unknown_or_special_category_candidate,unknown_safe_or_special_label_encoding_candidate_later,feature_engineering,no
document_flags,potential_group_redundancy,features in this family may carry overlapping information,multivariate_redundancy_validation_later,multivariate_and_modeling,no
external_scores,potential_group_redundancy,features in this family may carry overlapping information,multivariate_redundancy_validation_later,multivariate_and_modeling,no
bureau_features,potential_group_redundancy,features in this family may carry overlapping information,multivariate_redundancy_validation_later,multivariate_and_modeling,no
credit_card_features,potential_group_redundancy,features in this family may carry overlapping information,multivariate_redundancy_validation_later,multivariate_and_modeling,no
pos_cash_features,potential_group_redundancy,features in this family may carry overlapping information,multivariate_redundancy_validation_later,multivariate_and_modeling,no
installment_features,potential_group_redundancy,features in this family may carry overlapping information,multivariate_redundancy_validation_later,multivariate_and_modeling,no
previous_application_features,potential_group_redundancy,features in this family may carry overlapping information,multivariate_redundancy_validation_later,multivariate_and_modeling,no
application_contact_flags,potential_group_redundancy,features in this family may carry overlapping information,multivariate_redundancy_validation_later,multivariate_and_modeling,no
