feature,special_case_type,feature_category,source_group,missing_pct_train,missing_pct_test,missing_interpretation,recommended_next_action,validation_stage,drop_now
AMT_REQ_CREDIT_BUREAU_HOUR,structured_missing_or_history_availability,discrete_count_numeric,bureau_history,13.501630835970097,12.409732479894961,possible_absence_of_history_or_unknown_record,structured_missing_handling_candidate_later,feature_engineering_and_modeling,no
AMT_REQ_CREDIT_BUREAU_DAY,structured_missing_or_history_availability,discrete_count_numeric,bureau_history,13.501630835970097,12.409732479894961,possible_absence_of_history_or_unknown_record,structured_missing_handling_candidate_later,feature_engineering_and_modeling,no
AMT_REQ_CREDIT_BUREAU_WEEK,structured_missing_or_history_availability,discrete_count_numeric,bureau_history,13.501630835970097,12.409732479894961,possible_absence_of_history_or_unknown_record,structured_missing_handling_candidate_later,feature_engineering_and_modeling,no
AMT_REQ_CREDIT_BUREAU_MON,structured_missing_or_history_availability,discrete_count_numeric,bureau_history,13.501630835970097,12.409732479894961,possible_absence_of_history_or_unknown_record,structured_missing_handling_candidate_later,feature_engineering_and_modeling,no
AMT_REQ_CREDIT_BUREAU_QRT,structured_missing_or_history_availability,discrete_count_numeric,bureau_history,13.501630835970097,12.409732479894961,possible_absence_of_history_or_unknown_record,structured_missing_handling_candidate_later,feature_engineering_and_modeling,no
AMT_REQ_CREDIT_BUREAU_YEAR,structured_missing_or_history_availability,discrete_count_numeric,bureau_history,13.501630835970097,12.409732479894961,possible_absence_of_history_or_unknown_record,structured_missing_handling_candidate_later,feature_engineering_and_modeling,no
has_bureau_history,structured_missing_or_history_availability,binary_flag,bureau_history,0.0,0.0,possible_absence_of_history_or_unknown_record,structured_missing_handling_candidate_later,feature_engineering_and_modeling,no
bureau_record_count,structured_missing_or_history_availability,discrete_count_numeric,bureau_history,14.314935075493235,13.179057935335631,possible_absence_of_history_or_unknown_record,structured_missing_handling_candidate_later,feature_engineering_and_modeling,no
bureau_unique_credit_type_count,structured_missing_or_history_availability,discrete_count_numeric,bureau_history,14.314935075493235,13.179057935335631,possible_absence_of_history_or_unknown_record,structured_missing_handling_candidate_later,feature_engineering_and_modeling,no
bureau_unique_currency_count,structured_missing_or_history_availability,discrete_count_numeric,bureau_history,14.314935075493235,13.179057935335631,possible_absence_of_history_or_unknown_record,structured_missing_handling_candidate_later,feature_engineering_and_modeling,no
bureau_active_count,structured_missing_or_history_availability,discrete_count_numeric,bureau_history,14.314935075493235,13.179057935335631,possible_absence_of_history_or_unknown_record,structured_missing_handling_candidate_later,feature_engineering_and_modeling,no
bureau_active_ratio,structured_missing_or_history_availability,ratio_rate_numeric,bureau_history,14.314935075493235,13.179057935335631,possible_absence_of_history_or_unknown_record,structured_missing_handling_candidate_later,feature_engineering_and_modeling,no
bureau_closed_count,structured_missing_or_history_availability,discrete_count_numeric,bureau_history,14.314935075493235,13.179057935335631,possible_absence_of_history_or_unknown_record,structured_missing_handling_candidate_later,feature_engineering_and_modeling,no
bureau_closed_ratio,structured_missing_or_history_availability,ratio_rate_numeric,bureau_history,14.314935075493235,13.179057935335631,possible_absence_of_history_or_unknown_record,structured_missing_handling_candidate_later,feature_engineering_and_modeling,no
bureau_sold_count,structured_missing_or_history_availability,discrete_count_numeric,bureau_history,14.314935075493235,13.179057935335631,possible_absence_of_history_or_unknown_record,structured_missing_handling_candidate_later,feature_engineering_and_modeling,no
bureau_sold_ratio,structured_missing_or_history_availability,ratio_rate_numeric,bureau_history,14.314935075493235,13.179057935335631,possible_absence_of_history_or_unknown_record,structured_missing_handling_candidate_later,feature_engineering_and_modeling,no
bureau_bad_debt_count,structured_missing_or_history_availability,binary_flag,bureau_history,14.314935075493235,13.179057935335631,possible_absence_of_history_or_unknown_record,structured_missing_handling_candidate_later,feature_engineering_and_modeling,no
bureau_bad_debt_ratio,structured_missing_or_history_availability,ratio_rate_numeric,bureau_history,14.314935075493235,13.179057935335631,possible_absence_of_history_or_unknown_record,structured_missing_handling_candidate_later,feature_engineering_and_modeling,no
bureau_overdue_days_record_count,structured_missing_or_history_availability,discrete_count_numeric,bureau_history,14.314935075493235,13.179057935335631,possible_absence_of_history_or_unknown_record,structured_missing_handling_candidate_later,feature_engineering_and_modeling,no
bureau_overdue_days_record_ratio,structured_missing_or_history_availability,ratio_rate_numeric,bureau_history,14.314935075493235,13.179057935335631,possible_absence_of_history_or_unknown_record,structured_missing_handling_candidate_later,feature_engineering_and_modeling,no
bureau_overdue_amount_record_count,structured_missing_or_history_availability,discrete_count_numeric,bureau_history,14.314935075493235,13.179057935335631,possible_absence_of_history_or_unknown_record,structured_missing_handling_candidate_later,feature_engineering_and_modeling,no
bureau_overdue_amount_record_ratio,structured_missing_or_history_availability,ratio_rate_numeric,bureau_history,14.314935075493235,13.179057935335631,possible_absence_of_history_or_unknown_record,structured_missing_handling_candidate_later,feature_engineering_and_modeling,no
bureau_debt_record_count,structured_missing_or_history_availability,discrete_count_numeric,bureau_history,14.314935075493235,13.179057935335631,possible_absence_of_history_or_unknown_record,structured_missing_handling_candidate_later,feature_engineering_and_modeling,no
bureau_debt_record_ratio,structured_missing_or_history_availability,ratio_rate_numeric,bureau_history,14.314935075493235,13.179057935335631,possible_absence_of_history_or_unknown_record,structured_missing_handling_candidate_later,feature_engineering_and_modeling,no
bureau_future_enddate_count,structured_missing_or_history_availability,discrete_count_numeric,bureau_history,14.314935075493235,13.179057935335631,possible_absence_of_history_or_unknown_record,structured_missing_handling_candidate_later,feature_engineering_and_modeling,no
bureau_future_enddate_ratio,structured_missing_or_history_availability,ratio_rate_numeric,bureau_history,14.314935075493235,13.179057935335631,possible_absence_of_history_or_unknown_record,structured_missing_handling_candidate_later,feature_engineering_and_modeling,no
bureau_recent_6m_count,structured_missing_or_history_availability,discrete_count_numeric,bureau_history,14.314935075493235,13.179057935335631,possible_absence_of_history_or_unknown_record,structured_missing_handling_candidate_later,feature_engineering_and_modeling,no
bureau_recent_6m_ratio,structured_missing_or_history_availability,ratio_rate_numeric,bureau_history,14.314935075493235,13.179057935335631,possible_absence_of_history_or_unknown_record,structured_missing_handling_candidate_later,feature_engineering_and_modeling,no
bureau_recent_12m_count,structured_missing_or_history_availability,discrete_count_numeric,bureau_history,14.314935075493235,13.179057935335631,possible_absence_of_history_or_unknown_record,structured_missing_handling_candidate_later,feature_engineering_and_modeling,no
bureau_recent_12m_ratio,structured_missing_or_history_availability,ratio_rate_numeric,bureau_history,14.314935075493235,13.179057935335631,possible_absence_of_history_or_unknown_record,structured_missing_handling_candidate_later,feature_engineering_and_modeling,no
bureau_recent_24m_count,structured_missing_or_history_availability,discrete_count_numeric,bureau_history,14.314935075493235,13.179057935335631,possible_absence_of_history_or_unknown_record,structured_missing_handling_candidate_later,feature_engineering_and_modeling,no
bureau_recent_24m_ratio,structured_missing_or_history_availability,ratio_rate_numeric,bureau_history,14.314935075493235,13.179057935335631,possible_absence_of_history_or_unknown_record,structured_missing_handling_candidate_later,feature_engineering_and_modeling,no
bureau_recent_update_6m_count,structured_missing_or_history_availability,discrete_count_numeric,bureau_history,14.314935075493235,13.179057935335631,possible_absence_of_history_or_unknown_record,structured_missing_handling_candidate_later,feature_engineering_and_modeling,no
bureau_recent_update_6m_ratio,structured_missing_or_history_availability,ratio_rate_numeric,bureau_history,14.314935075493235,13.179057935335631,possible_absence_of_history_or_unknown_record,structured_missing_handling_candidate_later,feature_engineering_and_modeling,no
bureau_recent_update_12m_count,structured_missing_or_history_availability,discrete_count_numeric,bureau_history,14.314935075493235,13.179057935335631,possible_absence_of_history_or_unknown_record,structured_missing_handling_candidate_later,feature_engineering_and_modeling,no
bureau_recent_update_12m_ratio,structured_missing_or_history_availability,ratio_rate_numeric,bureau_history,14.314935075493235,13.179057935335631,possible_absence_of_history_or_unknown_record,structured_missing_handling_candidate_later,feature_engineering_and_modeling,no
bureau_with_balance_count,structured_missing_or_history_availability,discrete_count_numeric,bureau_history,14.314935075493235,13.179057935335631,possible_absence_of_history_or_unknown_record,structured_missing_handling_candidate_later,feature_engineering_and_modeling,no
bureau_with_balance_ratio,structured_missing_or_history_availability,ratio_rate_numeric,bureau_history,14.314935075493235,13.179057935335631,possible_absence_of_history_or_unknown_record,structured_missing_handling_candidate_later,feature_engineering_and_modeling,no
bureau_type_consumer_credit_count,structured_missing_or_history_availability,discrete_count_numeric,bureau_history,14.314935075493235,13.179057935335631,possible_absence_of_history_or_unknown_record,structured_missing_handling_candidate_later,feature_engineering_and_modeling,no
bureau_type_consumer_credit_ratio,structured_missing_or_history_availability,ratio_rate_numeric,bureau_history,14.314935075493235,13.179057935335631,possible_absence_of_history_or_unknown_record,structured_missing_handling_candidate_later,feature_engineering_and_modeling,no
bureau_type_credit_card_count,structured_missing_or_history_availability,discrete_count_numeric,credit_card_history,14.314935075493235,13.179057935335631,possible_absence_of_history_or_unknown_record,structured_missing_handling_candidate_later,feature_engineering_and_modeling,no
bureau_type_credit_card_ratio,structured_missing_or_history_availability,ratio_rate_numeric,credit_card_history,14.314935075493235,13.179057935335631,possible_absence_of_history_or_unknown_record,structured_missing_handling_candidate_later,feature_engineering_and_modeling,no
bureau_type_car_loan_count,structured_missing_or_history_availability,discrete_count_numeric,bureau_history,14.314935075493235,13.179057935335631,possible_absence_of_history_or_unknown_record,structured_missing_handling_candidate_later,feature_engineering_and_modeling,no
bureau_type_car_loan_ratio,structured_missing_or_history_availability,ratio_rate_numeric,bureau_history,14.314935075493235,13.179057935335631,possible_absence_of_history_or_unknown_record,structured_missing_handling_candidate_later,feature_engineering_and_modeling,no
bureau_type_mortgage_count,structured_missing_or_history_availability,discrete_count_numeric,bureau_history,14.314935075493235,13.179057935335631,possible_absence_of_history_or_unknown_record,structured_missing_handling_candidate_later,feature_engineering_and_modeling,no
bureau_type_mortgage_ratio,structured_missing_or_history_availability,ratio_rate_numeric,bureau_history,14.314935075493235,13.179057935335631,possible_absence_of_history_or_unknown_record,structured_missing_handling_candidate_later,feature_engineering_and_modeling,no
bureau_type_microloan_count,structured_missing_or_history_availability,discrete_count_numeric,bureau_history,14.314935075493235,13.179057935335631,possible_absence_of_history_or_unknown_record,structured_missing_handling_candidate_later,feature_engineering_and_modeling,no
bureau_type_microloan_ratio,structured_missing_or_history_availability,ratio_rate_numeric,bureau_history,14.314935075493235,13.179057935335631,possible_absence_of_history_or_unknown_record,structured_missing_handling_candidate_later,feature_engineering_and_modeling,no
bureau_type_business_loan_count,structured_missing_or_history_availability,discrete_count_numeric,bureau_history,14.314935075493235,13.179057935335631,possible_absence_of_history_or_unknown_record,structured_missing_handling_candidate_later,feature_engineering_and_modeling,no
bureau_type_business_loan_ratio,structured_missing_or_history_availability,ratio_rate_numeric,bureau_history,14.314935075493235,13.179057935335631,possible_absence_of_history_or_unknown_record,structured_missing_handling_candidate_later,feature_engineering_and_modeling,no
bureau_type_working_capital_loan_count,structured_missing_or_history_availability,discrete_count_numeric,bureau_history,14.314935075493235,13.179057935335631,possible_absence_of_history_or_unknown_record,structured_missing_handling_candidate_later,feature_engineering_and_modeling,no
bureau_type_working_capital_loan_ratio,structured_missing_or_history_availability,ratio_rate_numeric,bureau_history,14.314935075493235,13.179057935335631,possible_absence_of_history_or_unknown_record,structured_missing_handling_candidate_later,feature_engineering_and_modeling,no
bureau_type_other_count,structured_missing_or_history_availability,discrete_count_numeric,bureau_history,14.314935075493235,13.179057935335631,possible_absence_of_history_or_unknown_record,structured_missing_handling_candidate_later,feature_engineering_and_modeling,no
bureau_type_other_ratio,structured_missing_or_history_availability,ratio_rate_numeric,bureau_history,14.314935075493235,13.179057935335631,possible_absence_of_history_or_unknown_record,structured_missing_handling_candidate_later,feature_engineering_and_modeling,no
bureau_record_per_credit_type_avg,structured_missing_or_history_availability,continuous_amount_numeric,bureau_history,14.314935075493235,13.179057935335631,possible_absence_of_history_or_unknown_record,structured_missing_handling_candidate_later,feature_engineering_and_modeling,no
bureau_credit_amount_sum,structured_missing_or_history_availability,continuous_amount_numeric,bureau_history,14.314935075493235,13.179057935335631,possible_absence_of_history_or_unknown_record,structured_missing_handling_candidate_later,feature_engineering_and_modeling,no
bureau_credit_amount_mean,structured_missing_or_history_availability,continuous_amount_numeric,bureau_history,14.315260267112395,13.181109469883474,possible_absence_of_history_or_unknown_record,structured_missing_handling_candidate_later,feature_engineering_and_modeling,no
bureau_credit_amount_max,structured_missing_or_history_availability,continuous_amount_numeric,bureau_history,14.315260267112395,13.181109469883474,possible_absence_of_history_or_unknown_record,structured_missing_handling_candidate_later,feature_engineering_and_modeling,no
bureau_credit_amount_min,structured_missing_or_history_availability,continuous_amount_numeric,bureau_history,14.315260267112395,13.181109469883474,possible_absence_of_history_or_unknown_record,structured_missing_handling_candidate_later,feature_engineering_and_modeling,no
bureau_credit_amount_std,structured_missing_or_history_availability,continuous_stat_numeric,bureau_history,26.045247161890146,24.35786968652552,possible_absence_of_history_or_unknown_record,structured_missing_handling_candidate_later,feature_engineering_and_modeling,no
bureau_debt_amount_sum,structured_missing_or_history_availability,continuous_amount_numeric,bureau_history,14.314935075493235,13.179057935335631,possible_absence_of_history_or_unknown_record,structured_missing_handling_candidate_later,feature_engineering_and_modeling,no
bureau_debt_amount_mean,structured_missing_or_history_availability,continuous_amount_numeric,bureau_history,16.708345392522546,15.255210897751518,possible_absence_of_history_or_unknown_record,structured_missing_handling_candidate_later,feature_engineering_and_modeling,no
bureau_debt_amount_max,structured_missing_or_history_availability,continuous_amount_numeric,bureau_history,16.708345392522546,15.255210897751518,possible_absence_of_history_or_unknown_record,structured_missing_handling_candidate_later,feature_engineering_and_modeling,no
bureau_debt_amount_min,structured_missing_or_history_availability,continuous_amount_numeric,bureau_history,16.708345392522546,15.255210897751518,possible_absence_of_history_or_unknown_record,structured_missing_handling_candidate_later,feature_engineering_and_modeling,no
bureau_debt_amount_std,structured_missing_or_history_availability,continuous_stat_numeric,bureau_history,30.366068205690205,28.159363203676353,possible_absence_of_history_or_unknown_record,structured_missing_handling_candidate_later,feature_engineering_and_modeling,no
bureau_limit_amount_sum,structured_missing_or_history_availability,continuous_amount_numeric,bureau_history,14.314935075493235,13.179057935335631,possible_absence_of_history_or_unknown_record,structured_missing_handling_candidate_later,feature_engineering_and_modeling,no
bureau_limit_amount_mean,structured_missing_or_history_availability,continuous_amount_numeric,bureau_history,21.15989346722556,21.916543574593796,possible_absence_of_history_or_unknown_record,structured_missing_handling_candidate_later,feature_engineering_and_modeling,no
bureau_limit_amount_max,structured_missing_or_history_availability,continuous_amount_numeric,bureau_history,21.15989346722556,21.916543574593796,possible_absence_of_history_or_unknown_record,structured_missing_handling_candidate_later,feature_engineering_and_modeling,no
bureau_annuity_amount_sum,structured_missing_or_history_availability,continuous_amount_numeric,bureau_history,14.314935075493235,13.179057935335631,possible_absence_of_history_or_unknown_record,structured_missing_handling_candidate_later,feature_engineering_and_modeling,no
bureau_annuity_amount_mean,structured_missing_or_history_availability,continuous_amount_numeric,bureau_history,73.98174374250027,21.600607254226162,possible_absence_of_history_or_unknown_record,structured_missing_handling_candidate_later,feature_engineering_and_modeling,no
bureau_annuity_amount_max,structured_missing_or_history_availability,continuous_amount_numeric,bureau_history,73.98174374250027,21.600607254226162,possible_absence_of_history_or_unknown_record,structured_missing_handling_candidate_later,feature_engineering_and_modeling,no
bureau_overdue_amount_sum,structured_missing_or_history_availability,continuous_amount_numeric,bureau_history,14.314935075493235,13.179057935335631,possible_absence_of_history_or_unknown_record,structured_missing_handling_candidate_later,feature_engineering_and_modeling,no
bureau_overdue_amount_mean,structured_missing_or_history_availability,continuous_amount_numeric,bureau_history,14.314935075493235,13.179057935335631,possible_absence_of_history_or_unknown_record,structured_missing_handling_candidate_later,feature_engineering_and_modeling,no
bureau_overdue_amount_max,structured_missing_or_history_availability,continuous_amount_numeric,bureau_history,14.314935075493235,13.179057935335631,possible_absence_of_history_or_unknown_record,structured_missing_handling_candidate_later,feature_engineering_and_modeling,no
bureau_max_overdue_amount_sum,structured_missing_or_history_availability,continuous_amount_numeric,bureau_history,14.314935075493235,13.179057935335631,possible_absence_of_history_or_unknown_record,structured_missing_handling_candidate_later,feature_engineering_and_modeling,no
bureau_max_overdue_amount_mean,structured_missing_or_history_availability,continuous_amount_numeric,bureau_history,40.201813918851684,40.33111767602166,possible_absence_of_history_or_unknown_record,structured_missing_handling_candidate_later,feature_engineering_and_modeling,no
bureau_max_overdue_amount_max,structured_missing_or_history_availability,continuous_amount_numeric,bureau_history,40.201813918851684,40.33111767602166,possible_absence_of_history_or_unknown_record,structured_missing_handling_candidate_later,feature_engineering_and_modeling,no
bureau_overdue_days_sum,structured_missing_or_history_availability,overdue_delay_numeric,bureau_history,14.314935075493235,13.179057935335631,possible_absence_of_history_or_unknown_record,structured_missing_handling_candidate_later,feature_engineering_and_modeling,no
bureau_overdue_days_mean,structured_missing_or_history_availability,overdue_delay_numeric,bureau_history,14.314935075493235,13.179057935335631,possible_absence_of_history_or_unknown_record,structured_missing_handling_candidate_later,feature_engineering_and_modeling,no
bureau_overdue_days_max,structured_missing_or_history_availability,overdue_delay_numeric,bureau_history,14.314935075493235,13.179057935335631,possible_absence_of_history_or_unknown_record,structured_missing_handling_candidate_later,feature_engineering_and_modeling,no
bureau_prolong_sum,structured_missing_or_history_availability,discrete_count_numeric,bureau_history,14.314935075493235,13.179057935335631,possible_absence_of_history_or_unknown_record,structured_missing_handling_candidate_later,feature_engineering_and_modeling,no
bureau_prolong_mean,structured_missing_or_history_availability,discrete_count_numeric,bureau_history,14.314935075493235,13.179057935335631,possible_absence_of_history_or_unknown_record,structured_missing_handling_candidate_later,feature_engineering_and_modeling,no
bureau_prolong_max,structured_missing_or_history_availability,discrete_count_numeric,bureau_history,14.314935075493235,13.179057935335631,possible_absence_of_history_or_unknown_record,structured_missing_handling_candidate_later,feature_engineering_and_modeling,no
bureau_days_credit_min,structured_missing_or_history_availability,date_duration_numeric,bureau_history,14.314935075493235,13.179057935335631,possible_absence_of_history_or_unknown_record,structured_missing_handling_candidate_later,feature_engineering_and_modeling,no
bureau_days_credit_max,structured_missing_or_history_availability,date_duration_numeric,bureau_history,14.314935075493235,13.179057935335631,possible_absence_of_history_or_unknown_record,structured_missing_handling_candidate_later,feature_engineering_and_modeling,no
bureau_days_credit_mean,structured_missing_or_history_availability,date_duration_numeric,bureau_history,14.314935075493235,13.179057935335631,possible_absence_of_history_or_unknown_record,structured_missing_handling_candidate_later,feature_engineering_and_modeling,no
bureau_days_credit_std,structured_missing_or_history_availability,continuous_stat_numeric,bureau_history,26.045247161890146,24.35581815197768,possible_absence_of_history_or_unknown_record,structured_missing_handling_candidate_later,feature_engineering_and_modeling,no
bureau_days_enddate_min,structured_missing_or_history_availability,date_duration_numeric,bureau_history,15.046291026987651,13.86837354341047,possible_absence_of_history_or_unknown_record,structured_missing_handling_candidate_later,feature_engineering_and_modeling,no
bureau_days_enddate_max,structured_missing_or_history_availability,date_duration_numeric,bureau_history,15.046291026987651,13.86837354341047,possible_absence_of_history_or_unknown_record,structured_missing_handling_candidate_later,feature_engineering_and_modeling,no
bureau_days_enddate_mean,structured_missing_or_history_availability,date_duration_numeric,bureau_history,15.046291026987651,13.86837354341047,possible_absence_of_history_or_unknown_record,structured_missing_handling_candidate_later,feature_engineering_and_modeling,no
bureau_days_enddate_fact_min,structured_missing_or_history_availability,date_duration_numeric,bureau_history,25.090484568031712,22.451994091580502,possible_absence_of_history_or_unknown_record,structured_missing_handling_candidate_later,feature_engineering_and_modeling,no
bureau_days_enddate_fact_max,structured_missing_or_history_availability,date_duration_numeric,bureau_history,25.090484568031712,22.451994091580502,possible_absence_of_history_or_unknown_record,structured_missing_handling_candidate_later,feature_engineering_and_modeling,no
bureau_days_enddate_fact_mean,structured_missing_or_history_availability,date_duration_numeric,bureau_history,25.090484568031712,22.451994091580502,possible_absence_of_history_or_unknown_record,structured_missing_handling_candidate_later,feature_engineering_and_modeling,no
bureau_days_update_min,structured_missing_or_history_availability,date_duration_numeric,bureau_history,14.314935075493235,13.179057935335631,possible_absence_of_history_or_unknown_record,structured_missing_handling_candidate_later,feature_engineering_and_modeling,no
bureau_days_update_max,structured_missing_or_history_availability,date_duration_numeric,bureau_history,14.314935075493235,13.179057935335631,possible_absence_of_history_or_unknown_record,structured_missing_handling_candidate_later,feature_engineering_and_modeling,no
bureau_days_update_mean,structured_missing_or_history_availability,date_duration_numeric,bureau_history,14.314935075493235,13.179057935335631,possible_absence_of_history_or_unknown_record,structured_missing_handling_candidate_later,feature_engineering_and_modeling,no
bureau_days_update_std,structured_missing_or_history_availability,continuous_stat_numeric,bureau_history,26.045247161890146,24.35581815197768,possible_absence_of_history_or_unknown_record,structured_missing_handling_candidate_later,feature_engineering_and_modeling,no
bureau_debt_to_credit_mean,structured_missing_or_history_availability,ratio_rate_numeric,bureau_history,17.116135682951178,15.690136221893978,possible_absence_of_history_or_unknown_record,structured_missing_handling_candidate_later,feature_engineering_and_modeling,no
bureau_debt_to_credit_max,structured_missing_or_history_availability,ratio_rate_numeric,bureau_history,17.116135682951178,15.690136221893978,possible_absence_of_history_or_unknown_record,structured_missing_handling_candidate_later,feature_engineering_and_modeling,no
bureau_debt_to_credit_min,structured_missing_or_history_availability,ratio_rate_numeric,bureau_history,17.116135682951178,15.690136221893978,possible_absence_of_history_or_unknown_record,structured_missing_handling_candidate_later,feature_engineering_and_modeling,no
bureau_overdue_to_credit_mean,structured_missing_or_history_availability,ratio_rate_numeric,bureau_history,14.667117599045238,13.575004103069096,possible_absence_of_history_or_unknown_record,structured_missing_handling_candidate_later,feature_engineering_and_modeling,no
bureau_overdue_to_credit_max,structured_missing_or_history_availability,ratio_rate_numeric,bureau_history,14.667117599045238,13.575004103069096,possible_absence_of_history_or_unknown_record,structured_missing_handling_candidate_later,feature_engineering_and_modeling,no
bureau_annuity_to_credit_mean,structured_missing_or_history_availability,ratio_rate_numeric,bureau_history,74.16645258218405,21.924749712785164,possible_absence_of_history_or_unknown_record,structured_missing_handling_candidate_later,feature_engineering_and_modeling,no
bureau_annuity_to_credit_max,structured_missing_or_history_availability,ratio_rate_numeric,bureau_history,74.16645258218405,21.924749712785164,possible_absence_of_history_or_unknown_record,structured_missing_handling_candidate_later,feature_engineering_and_modeling,no
bureau_debt_to_limit_mean,structured_missing_or_history_availability,ratio_rate_numeric,bureau_history,84.13292532624848,84.32627605448876,possible_absence_of_history_or_unknown_record,structured_missing_handling_candidate_later,feature_engineering_and_modeling,no
bureau_debt_to_limit_max,structured_missing_or_history_availability,ratio_rate_numeric,bureau_history,84.13292532624848,84.32627605448876,possible_absence_of_history_or_unknown_record,structured_missing_handling_candidate_later,feature_engineering_and_modeling,no
bureau_enddate_gap_mean,structured_missing_or_history_availability,continuous_stat_numeric,bureau_history,25.583475062680684,22.925898572131956,possible_absence_of_history_or_unknown_record,structured_missing_handling_candidate_later,feature_engineering_and_modeling,no
bureau_enddate_gap_max,structured_missing_or_history_availability,continuous_stat_numeric,bureau_history,25.583475062680684,22.925898572131956,possible_absence_of_history_or_unknown_record,structured_missing_handling_candidate_later,feature_engineering_and_modeling,no
bureau_enddate_gap_min,structured_missing_or_history_availability,continuous_stat_numeric,bureau_history,25.583475062680684,22.925898572131956,possible_absence_of_history_or_unknown_record,structured_missing_handling_candidate_later,feature_engineering_and_modeling,no
bureau_credit_history_span,structured_missing_or_history_availability,date_duration_numeric,bureau_history,14.314935075493235,13.179057935335631,possible_absence_of_history_or_unknown_record,structured_missing_handling_candidate_later,feature_engineering_and_modeling,no
bureau_total_debt_to_credit_ratio,structured_missing_or_history_availability,ratio_rate_numeric,bureau_history,14.667117599045238,13.575004103069096,possible_absence_of_history_or_unknown_record,structured_missing_handling_candidate_later,feature_engineering_and_modeling,no
bureau_total_overdue_to_credit_ratio,structured_missing_or_history_availability,ratio_rate_numeric,bureau_history,14.667117599045238,13.575004103069096,possible_absence_of_history_or_unknown_record,structured_missing_handling_candidate_later,feature_engineering_and_modeling,no
bureau_total_annuity_to_credit_ratio,structured_missing_or_history_availability,ratio_rate_numeric,bureau_history,14.667117599045238,13.575004103069096,possible_absence_of_history_or_unknown_record,structured_missing_handling_candidate_later,feature_engineering_and_modeling,no
bureau_active_credit_amount_sum,structured_missing_or_history_availability,continuous_amount_numeric,bureau_history,29.38463989906052,28.8835548990645,possible_absence_of_history_or_unknown_record,structured_missing_handling_candidate_later,feature_engineering_and_modeling,no
bureau_active_credit_amount_mean,structured_missing_or_history_availability,continuous_amount_numeric,bureau_history,29.38496509067968,28.887657968160184,possible_absence_of_history_or_unknown_record,structured_missing_handling_candidate_later,feature_engineering_and_modeling,no
bureau_active_credit_amount_max,structured_missing_or_history_availability,continuous_amount_numeric,bureau_history,29.38496509067968,28.887657968160184,possible_absence_of_history_or_unknown_record,structured_missing_handling_candidate_later,feature_engineering_and_modeling,no
bureau_active_debt_amount_sum,structured_missing_or_history_availability,continuous_amount_numeric,bureau_history,29.38463989906052,28.8835548990645,possible_absence_of_history_or_unknown_record,structured_missing_handling_candidate_later,feature_engineering_and_modeling,no
bureau_active_debt_amount_mean,structured_missing_or_history_availability,continuous_amount_numeric,bureau_history,32.84337796046321,31.58132282947645,possible_absence_of_history_or_unknown_record,structured_missing_handling_candidate_later,feature_engineering_and_modeling,no
bureau_active_debt_amount_max,structured_missing_or_history_availability,continuous_amount_numeric,bureau_history,32.84337796046321,31.58132282947645,possible_absence_of_history_or_unknown_record,structured_missing_handling_candidate_later,feature_engineering_and_modeling,no
bureau_active_limit_amount_sum,structured_missing_or_history_availability,continuous_amount_numeric,bureau_history,29.38463989906052,28.8835548990645,possible_absence_of_history_or_unknown_record,structured_missing_handling_candidate_later,feature_engineering_and_modeling,no
bureau_active_limit_amount_mean,structured_missing_or_history_availability,continuous_amount_numeric,bureau_history,38.62723609887126,39.7341211225997,possible_absence_of_history_or_unknown_record,structured_missing_handling_candidate_later,feature_engineering_and_modeling,no
bureau_active_limit_amount_max,structured_missing_or_history_availability,continuous_amount_numeric,bureau_history,38.62723609887126,39.7341211225997,possible_absence_of_history_or_unknown_record,structured_missing_handling_candidate_later,feature_engineering_and_modeling,no
bureau_active_annuity_amount_sum,structured_missing_or_history_availability,continuous_amount_numeric,bureau_history,29.38463989906052,28.8835548990645,possible_absence_of_history_or_unknown_record,structured_missing_handling_candidate_later,feature_engineering_and_modeling,no
bureau_active_annuity_amount_mean,structured_missing_or_history_availability,continuous_amount_numeric,bureau_history,80.05079493091304,35.62284588872476,possible_absence_of_history_or_unknown_record,structured_missing_handling_candidate_later,feature_engineering_and_modeling,no
bureau_active_annuity_amount_max,structured_missing_or_history_availability,continuous_amount_numeric,bureau_history,80.05079493091304,35.62284588872476,possible_absence_of_history_or_unknown_record,structured_missing_handling_candidate_later,feature_engineering_and_modeling,no
bureau_active_overdue_amount_sum,structured_missing_or_history_availability,continuous_amount_numeric,bureau_history,29.38463989906052,28.8835548990645,possible_absence_of_history_or_unknown_record,structured_missing_handling_candidate_later,feature_engineering_and_modeling,no
bureau_active_overdue_amount_mean,structured_missing_or_history_availability,continuous_amount_numeric,bureau_history,29.38463989906052,28.8835548990645,possible_absence_of_history_or_unknown_record,structured_missing_handling_candidate_later,feature_engineering_and_modeling,no
bureau_active_overdue_amount_max,structured_missing_or_history_availability,continuous_amount_numeric,bureau_history,29.38463989906052,28.8835548990645,possible_absence_of_history_or_unknown_record,structured_missing_handling_candidate_later,feature_engineering_and_modeling,no
bureau_active_overdue_days_sum,structured_missing_or_history_availability,overdue_delay_numeric,bureau_history,29.38463989906052,28.8835548990645,possible_absence_of_history_or_unknown_record,structured_missing_handling_candidate_later,feature_engineering_and_modeling,no
bureau_active_overdue_days_mean,structured_missing_or_history_availability,overdue_delay_numeric,bureau_history,29.38463989906052,28.8835548990645,possible_absence_of_history_or_unknown_record,structured_missing_handling_candidate_later,feature_engineering_and_modeling,no
bureau_active_overdue_days_max,structured_missing_or_history_availability,overdue_delay_numeric,bureau_history,29.38463989906052,28.8835548990645,possible_absence_of_history_or_unknown_record,structured_missing_handling_candidate_later,feature_engineering_and_modeling,no
bureau_closed_credit_amount_sum,structured_missing_or_history_availability,continuous_amount_numeric,bureau_history,25.152270975672415,22.534055473494174,possible_absence_of_history_or_unknown_record,structured_missing_handling_candidate_later,feature_engineering_and_modeling,no
bureau_closed_credit_amount_mean,structured_missing_or_history_availability,continuous_amount_numeric,bureau_history,25.152270975672415,22.534055473494174,possible_absence_of_history_or_unknown_record,structured_missing_handling_candidate_later,feature_engineering_and_modeling,no
bureau_closed_credit_amount_max,structured_missing_or_history_availability,continuous_amount_numeric,bureau_history,25.152270975672415,22.534055473494174,possible_absence_of_history_or_unknown_record,structured_missing_handling_candidate_later,feature_engineering_and_modeling,no
bureau_closed_debt_amount_sum,structured_missing_or_history_availability,continuous_amount_numeric,bureau_history,25.152270975672415,22.534055473494174,possible_absence_of_history_or_unknown_record,structured_missing_handling_candidate_later,feature_engineering_and_modeling,no
bureau_closed_debt_amount_mean,structured_missing_or_history_availability,continuous_amount_numeric,bureau_history,28.99993821359236,26.138601674052193,possible_absence_of_history_or_unknown_record,structured_missing_handling_candidate_later,feature_engineering_and_modeling,no
bureau_closed_debt_amount_max,structured_missing_or_history_availability,continuous_amount_numeric,bureau_history,28.99993821359236,26.138601674052193,possible_absence_of_history_or_unknown_record,structured_missing_handling_candidate_later,feature_engineering_and_modeling,no
bureau_closed_limit_amount_sum,structured_missing_or_history_availability,continuous_amount_numeric,bureau_history,25.152270975672415,22.534055473494174,possible_absence_of_history_or_unknown_record,structured_missing_handling_candidate_later,feature_engineering_and_modeling,no
bureau_closed_limit_amount_mean,structured_missing_or_history_availability,continuous_amount_numeric,bureau_history,35.29597315217992,36.46602658788774,possible_absence_of_history_or_unknown_record,structured_missing_handling_candidate_later,feature_engineering_and_modeling,no
bureau_closed_limit_amount_max,structured_missing_or_history_availability,continuous_amount_numeric,bureau_history,35.29597315217992,36.46602658788774,possible_absence_of_history_or_unknown_record,structured_missing_handling_candidate_later,feature_engineering_and_modeling,no
bureau_closed_annuity_amount_sum,structured_missing_or_history_availability,continuous_amount_numeric,bureau_history,25.152270975672415,22.534055473494174,possible_absence_of_history_or_unknown_record,structured_missing_handling_candidate_later,feature_engineering_and_modeling,no
bureau_closed_annuity_amount_mean,structured_missing_or_history_availability,continuous_amount_numeric,bureau_history,78.53442641076253,40.11980961759396,possible_absence_of_history_or_unknown_record,structured_missing_handling_candidate_later,feature_engineering_and_modeling,no
bureau_closed_annuity_amount_max,structured_missing_or_history_availability,continuous_amount_numeric,bureau_history,78.53442641076253,40.11980961759396,possible_absence_of_history_or_unknown_record,structured_missing_handling_candidate_later,feature_engineering_and_modeling,no
bureau_closed_overdue_amount_sum,structured_missing_or_history_availability,continuous_amount_numeric,bureau_history,25.152270975672415,22.534055473494174,possible_absence_of_history_or_unknown_record,structured_missing_handling_candidate_later,feature_engineering_and_modeling,no
bureau_closed_overdue_amount_mean,structured_missing_or_history_availability,continuous_amount_numeric,bureau_history,25.152270975672415,22.534055473494174,possible_absence_of_history_or_unknown_record,structured_missing_handling_candidate_later,feature_engineering_and_modeling,no
bureau_closed_overdue_amount_max,structured_missing_or_history_availability,continuous_amount_numeric,bureau_history,25.152270975672415,22.534055473494174,possible_absence_of_history_or_unknown_record,structured_missing_handling_candidate_later,feature_engineering_and_modeling,no
bureau_closed_overdue_days_sum,structured_missing_or_history_availability,overdue_delay_numeric,bureau_history,25.152270975672415,22.534055473494174,possible_absence_of_history_or_unknown_record,structured_missing_handling_candidate_later,feature_engineering_and_modeling,no
bureau_closed_overdue_days_mean,structured_missing_or_history_availability,overdue_delay_numeric,bureau_history,25.152270975672415,22.534055473494174,possible_absence_of_history_or_unknown_record,structured_missing_handling_candidate_later,feature_engineering_and_modeling,no
bureau_closed_overdue_days_max,structured_missing_or_history_availability,overdue_delay_numeric,bureau_history,25.152270975672415,22.534055473494174,possible_absence_of_history_or_unknown_record,structured_missing_handling_candidate_later,feature_engineering_and_modeling,no
bureau_recent_12m_credit_amount_sum,structured_missing_or_history_availability,continuous_amount_numeric,bureau_history,50.64826949279863,52.168472017068765,possible_absence_of_history_or_unknown_record,structured_missing_handling_candidate_later,feature_engineering_and_modeling,no
bureau_recent_12m_credit_amount_mean,structured_missing_or_history_availability,continuous_amount_numeric,bureau_history,50.648919876036956,52.176678155260134,possible_absence_of_history_or_unknown_record,structured_missing_handling_candidate_later,feature_engineering_and_modeling,no
bureau_recent_12m_credit_amount_max,structured_missing_or_history_availability,continuous_amount_numeric,bureau_history,50.648919876036956,52.176678155260134,possible_absence_of_history_or_unknown_record,structured_missing_handling_candidate_later,feature_engineering_and_modeling,no
bureau_recent_12m_debt_amount_sum,structured_missing_or_history_availability,continuous_amount_numeric,bureau_history,50.64826949279863,52.168472017068765,possible_absence_of_history_or_unknown_record,structured_missing_handling_candidate_later,feature_engineering_and_modeling,no
bureau_recent_12m_debt_amount_mean,structured_missing_or_history_availability,continuous_amount_numeric,bureau_history,54.32391036418209,54.58928278352207,possible_absence_of_history_or_unknown_record,structured_missing_handling_candidate_later,feature_engineering_and_modeling,no
bureau_recent_12m_debt_amount_max,structured_missing_or_history_availability,continuous_amount_numeric,bureau_history,54.32391036418209,54.58928278352207,possible_absence_of_history_or_unknown_record,structured_missing_handling_candidate_later,feature_engineering_and_modeling,no
bureau_recent_12m_limit_amount_sum,structured_missing_or_history_availability,continuous_amount_numeric,bureau_history,50.64826949279863,52.168472017068765,possible_absence_of_history_or_unknown_record,structured_missing_handling_candidate_later,feature_engineering_and_modeling,no
bureau_recent_12m_limit_amount_mean,structured_missing_or_history_availability,continuous_amount_numeric,bureau_history,59.64729716985734,62.02199245035286,possible_absence_of_history_or_unknown_record,structured_missing_handling_candidate_later,feature_engineering_and_modeling,no
bureau_recent_12m_limit_amount_max,structured_missing_or_history_availability,continuous_amount_numeric,bureau_history,59.64729716985734,62.02199245035286,possible_absence_of_history_or_unknown_record,structured_missing_handling_candidate_later,feature_engineering_and_modeling,no
bureau_recent_12m_annuity_amount_sum,structured_missing_or_history_availability,continuous_amount_numeric,bureau_history,50.64826949279863,52.168472017068765,possible_absence_of_history_or_unknown_record,structured_missing_handling_candidate_later,feature_engineering_and_modeling,no
bureau_recent_12m_annuity_amount_mean,structured_missing_or_history_availability,continuous_amount_numeric,bureau_history,86.65608709932327,59.12727720334811,possible_absence_of_history_or_unknown_record,structured_missing_handling_candidate_later,feature_engineering_and_modeling,no
bureau_recent_12m_annuity_amount_max,structured_missing_or_history_availability,continuous_amount_numeric,bureau_history,86.65608709932327,59.12727720334811,possible_absence_of_history_or_unknown_record,structured_missing_handling_candidate_later,feature_engineering_and_modeling,no
bureau_recent_12m_overdue_amount_sum,structured_missing_or_history_availability,continuous_amount_numeric,bureau_history,50.64826949279863,52.168472017068765,possible_absence_of_history_or_unknown_record,structured_missing_handling_candidate_later,feature_engineering_and_modeling,no
bureau_recent_12m_overdue_amount_mean,structured_missing_or_history_availability,continuous_amount_numeric,bureau_history,50.64826949279863,52.168472017068765,possible_absence_of_history_or_unknown_record,structured_missing_handling_candidate_later,feature_engineering_and_modeling,no
bureau_recent_12m_overdue_amount_max,structured_missing_or_history_availability,continuous_amount_numeric,bureau_history,50.64826949279863,52.168472017068765,possible_absence_of_history_or_unknown_record,structured_missing_handling_candidate_later,feature_engineering_and_modeling,no
bureau_recent_12m_overdue_days_sum,structured_missing_or_history_availability,overdue_delay_numeric,bureau_history,50.64826949279863,52.168472017068765,possible_absence_of_history_or_unknown_record,structured_missing_handling_candidate_later,feature_engineering_and_modeling,no
bureau_recent_12m_overdue_days_mean,structured_missing_or_history_availability,overdue_delay_numeric,bureau_history,50.64826949279863,52.168472017068765,possible_absence_of_history_or_unknown_record,structured_missing_handling_candidate_later,feature_engineering_and_modeling,no
bureau_recent_12m_overdue_days_max,structured_missing_or_history_availability,overdue_delay_numeric,bureau_history,50.64826949279863,52.168472017068765,possible_absence_of_history_or_unknown_record,structured_missing_handling_candidate_later,feature_engineering_and_modeling,no
bureau_recent_24m_credit_amount_sum,structured_missing_or_history_availability,continuous_amount_numeric,bureau_history,31.83528394106227,31.056129985228953,possible_absence_of_history_or_unknown_record,structured_missing_handling_candidate_later,feature_engineering_and_modeling,no
bureau_recent_24m_credit_amount_mean,structured_missing_or_history_availability,continuous_amount_numeric,bureau_history,31.835934324300595,31.058181519776795,possible_absence_of_history_or_unknown_record,structured_missing_handling_candidate_later,feature_engineering_and_modeling,no
bureau_recent_24m_credit_amount_max,structured_missing_or_history_availability,continuous_amount_numeric,bureau_history,31.835934324300595,31.058181519776795,possible_absence_of_history_or_unknown_record,structured_missing_handling_candidate_later,feature_engineering_and_modeling,no
bureau_recent_24m_debt_amount_sum,structured_missing_or_history_availability,continuous_amount_numeric,bureau_history,31.83528394106227,31.056129985228953,possible_absence_of_history_or_unknown_record,structured_missing_handling_candidate_later,feature_engineering_and_modeling,no
bureau_recent_24m_debt_amount_mean,structured_missing_or_history_availability,continuous_amount_numeric,bureau_history,35.54572031569602,33.74569177744953,possible_absence_of_history_or_unknown_record,structured_missing_handling_candidate_later,feature_engineering_and_modeling,no
bureau_recent_24m_debt_amount_max,structured_missing_or_history_availability,continuous_amount_numeric,bureau_history,35.54572031569602,33.74569177744953,possible_absence_of_history_or_unknown_record,structured_missing_handling_candidate_later,feature_engineering_and_modeling,no
bureau_recent_24m_limit_amount_sum,structured_missing_or_history_availability,continuous_amount_numeric,bureau_history,31.83528394106227,31.056129985228953,possible_absence_of_history_or_unknown_record,structured_missing_handling_candidate_later,feature_engineering_and_modeling,no
bureau_recent_24m_limit_amount_mean,structured_missing_or_history_availability,continuous_amount_numeric,bureau_history,41.099993170976,41.7076973576235,possible_absence_of_history_or_unknown_record,structured_missing_handling_candidate_later,feature_engineering_and_modeling,no
bureau_recent_24m_limit_amount_max,structured_missing_or_history_availability,continuous_amount_numeric,bureau_history,41.099993170976,41.7076973576235,possible_absence_of_history_or_unknown_record,structured_missing_handling_candidate_later,feature_engineering_and_modeling,no
bureau_recent_24m_annuity_amount_sum,structured_missing_or_history_availability,continuous_amount_numeric,bureau_history,31.83528394106227,31.056129985228953,possible_absence_of_history_or_unknown_record,structured_missing_handling_candidate_later,feature_engineering_and_modeling,no
bureau_recent_24m_annuity_amount_mean,structured_missing_or_history_availability,continuous_amount_numeric,bureau_history,80.68426820503983,41.15378302970622,possible_absence_of_history_or_unknown_record,structured_missing_handling_candidate_later,feature_engineering_and_modeling,no
bureau_recent_24m_annuity_amount_max,structured_missing_or_history_availability,continuous_amount_numeric,bureau_history,80.68426820503983,41.15378302970622,possible_absence_of_history_or_unknown_record,structured_missing_handling_candidate_later,feature_engineering_and_modeling,no
bureau_recent_24m_overdue_amount_sum,structured_missing_or_history_availability,continuous_amount_numeric,bureau_history,31.83528394106227,31.056129985228953,possible_absence_of_history_or_unknown_record,structured_missing_handling_candidate_later,feature_engineering_and_modeling,no
bureau_recent_24m_overdue_amount_mean,structured_missing_or_history_availability,continuous_amount_numeric,bureau_history,31.83528394106227,31.056129985228953,possible_absence_of_history_or_unknown_record,structured_missing_handling_candidate_later,feature_engineering_and_modeling,no
bureau_recent_24m_overdue_amount_max,structured_missing_or_history_availability,continuous_amount_numeric,bureau_history,31.83528394106227,31.056129985228953,possible_absence_of_history_or_unknown_record,structured_missing_handling_candidate_later,feature_engineering_and_modeling,no
bureau_recent_24m_overdue_days_sum,structured_missing_or_history_availability,overdue_delay_numeric,bureau_history,31.83528394106227,31.056129985228953,possible_absence_of_history_or_unknown_record,structured_missing_handling_candidate_later,feature_engineering_and_modeling,no
bureau_recent_24m_overdue_days_mean,structured_missing_or_history_availability,overdue_delay_numeric,bureau_history,31.83528394106227,31.056129985228953,possible_absence_of_history_or_unknown_record,structured_missing_handling_candidate_later,feature_engineering_and_modeling,no
bureau_recent_24m_overdue_days_max,structured_missing_or_history_availability,overdue_delay_numeric,bureau_history,31.83528394106227,31.056129985228953,possible_absence_of_history_or_unknown_record,structured_missing_handling_candidate_later,feature_engineering_and_modeling,no
bureau_overdue_credit_amount_sum,structured_missing_or_history_availability,continuous_amount_numeric,bureau_history,98.91581114171527,99.04193336615789,possible_absence_of_history_or_unknown_record,structured_missing_handling_candidate_later,feature_engineering_and_modeling,no
bureau_overdue_credit_amount_mean,structured_missing_or_history_availability,continuous_amount_numeric,bureau_history,98.91581114171527,99.04193336615789,possible_absence_of_history_or_unknown_record,structured_missing_handling_candidate_later,feature_engineering_and_modeling,no
bureau_overdue_credit_amount_max,structured_missing_or_history_availability,continuous_amount_numeric,bureau_history,98.91581114171527,99.04193336615789,possible_absence_of_history_or_unknown_record,structured_missing_handling_candidate_later,feature_engineering_and_modeling,no
bureau_overdue_debt_amount_sum,structured_missing_or_history_availability,continuous_amount_numeric,bureau_history,98.91581114171527,99.04193336615789,possible_absence_of_history_or_unknown_record,structured_missing_handling_candidate_later,feature_engineering_and_modeling,no
bureau_overdue_debt_amount_mean,structured_missing_or_history_availability,continuous_amount_numeric,bureau_history,99.02735186708767,99.13630395535861,possible_absence_of_history_or_unknown_record,structured_missing_handling_candidate_later,feature_engineering_and_modeling,no
bureau_overdue_debt_amount_max,structured_missing_or_history_availability,continuous_amount_numeric,bureau_history,99.02735186708767,99.13630395535861,possible_absence_of_history_or_unknown_record,structured_missing_handling_candidate_later,feature_engineering_and_modeling,no
bureau_overdue_limit_amount_sum,structured_missing_or_history_availability,continuous_amount_numeric,bureau_history,98.91581114171527,99.04193336615789,possible_absence_of_history_or_unknown_record,structured_missing_handling_candidate_later,feature_engineering_and_modeling,no
bureau_overdue_limit_amount_mean,structured_missing_or_history_availability,continuous_amount_numeric,bureau_history,99.33205641424209,99.51994091580502,possible_absence_of_history_or_unknown_record,structured_missing_handling_candidate_later,feature_engineering_and_modeling,no
bureau_overdue_limit_amount_max,structured_missing_or_history_availability,continuous_amount_numeric,bureau_history,99.33205641424209,99.51994091580502,possible_absence_of_history_or_unknown_record,structured_missing_handling_candidate_later,feature_engineering_and_modeling,no
bureau_overdue_annuity_amount_sum,structured_missing_or_history_availability,continuous_amount_numeric,bureau_history,98.91581114171527,99.04193336615789,possible_absence_of_history_or_unknown_record,structured_missing_handling_candidate_later,feature_engineering_and_modeling,no
bureau_overdue_annuity_amount_mean,structured_missing_or_history_availability,continuous_amount_numeric,bureau_history,99.74895207000725,99.43787953389135,possible_absence_of_history_or_unknown_record,structured_missing_handling_candidate_later,feature_engineering_and_modeling,no
bureau_overdue_annuity_amount_max,structured_missing_or_history_availability,continuous_amount_numeric,bureau_history,99.74895207000725,99.43787953389135,possible_absence_of_history_or_unknown_record,structured_missing_handling_candidate_later,feature_engineering_and_modeling,no
bureau_overdue_overdue_amount_sum,structured_missing_or_history_availability,continuous_amount_numeric,bureau_history,98.91581114171527,99.04193336615789,possible_absence_of_history_or_unknown_record,structured_missing_handling_candidate_later,feature_engineering_and_modeling,no
bureau_overdue_overdue_amount_mean,structured_missing_or_history_availability,continuous_amount_numeric,bureau_history,98.91581114171527,99.04193336615789,possible_absence_of_history_or_unknown_record,structured_missing_handling_candidate_later,feature_engineering_and_modeling,no
bureau_overdue_overdue_amount_max,structured_missing_or_history_availability,continuous_amount_numeric,bureau_history,98.91581114171527,99.04193336615789,possible_absence_of_history_or_unknown_record,structured_missing_handling_candidate_later,feature_engineering_and_modeling,no
bureau_overdue_overdue_days_sum,structured_missing_or_history_availability,overdue_delay_numeric,bureau_history,98.91581114171527,99.04193336615789,possible_absence_of_history_or_unknown_record,structured_missing_handling_candidate_later,feature_engineering_and_modeling,no
bureau_overdue_overdue_days_mean,structured_missing_or_history_availability,overdue_delay_numeric,bureau_history,98.91581114171527,99.04193336615789,possible_absence_of_history_or_unknown_record,structured_missing_handling_candidate_later,feature_engineering_and_modeling,no
bureau_overdue_overdue_days_max,structured_missing_or_history_availability,overdue_delay_numeric,bureau_history,98.91581114171527,99.04193336615789,possible_absence_of_history_or_unknown_record,structured_missing_handling_candidate_later,feature_engineering_and_modeling,no
bureau_active_debt_to_credit_ratio,structured_missing_or_history_availability,ratio_rate_numeric,bureau_history,30.38590489445906,29.974971278516332,possible_absence_of_history_or_unknown_record,structured_missing_handling_candidate_later,feature_engineering_and_modeling,no
bureau_active_debt_share,structured_missing_or_history_availability,ratio_rate_numeric,bureau_history,39.5514306805285,37.877482356802886,possible_absence_of_history_or_unknown_record,structured_missing_handling_candidate_later,feature_engineering_and_modeling,no
bureau_bal_month_count_sum,structured_missing_or_history_availability,discrete_count_numeric,bureau_history,14.314935075493235,13.179057935335631,possible_absence_of_history_or_unknown_record,structured_missing_handling_candidate_later,feature_engineering_and_modeling,no
bureau_bal_month_count_mean,structured_missing_or_history_availability,discrete_count_numeric,bureau_history,70.0072517731073,13.197521746266208,possible_absence_of_history_or_unknown_record,structured_missing_handling_candidate_later,feature_engineering_and_modeling,no
bureau_bal_month_count_max,structured_missing_or_history_availability,discrete_count_numeric,bureau_history,70.0072517731073,13.197521746266208,possible_absence_of_history_or_unknown_record,structured_missing_handling_candidate_later,feature_engineering_and_modeling,no
bureau_bal_unique_status_count_sum,structured_missing_or_history_availability,discrete_count_numeric,bureau_history,14.314935075493235,13.179057935335631,possible_absence_of_history_or_unknown_record,structured_missing_handling_candidate_later,feature_engineering_and_modeling,no
bureau_bal_unique_status_count_mean,structured_missing_or_history_availability,ratio_rate_numeric,bureau_history,70.0072517731073,13.197521746266208,possible_absence_of_history_or_unknown_record,structured_missing_handling_candidate_later,feature_engineering_and_modeling,no
bureau_bal_unique_status_count_max,structured_missing_or_history_availability,discrete_count_numeric,bureau_history,70.0072517731073,13.197521746266208,possible_absence_of_history_or_unknown_record,structured_missing_handling_candidate_later,feature_engineering_and_modeling,no
bureau_bal_late_count_sum,structured_missing_or_history_availability,discrete_count_numeric,bureau_history,14.314935075493235,13.179057935335631,possible_absence_of_history_or_unknown_record,structured_missing_handling_candidate_later,feature_engineering_and_modeling,no
bureau_bal_late_count_mean,structured_missing_or_history_availability,discrete_count_numeric,bureau_history,70.0072517731073,13.197521746266208,possible_absence_of_history_or_unknown_record,structured_missing_handling_candidate_later,feature_engineering_and_modeling,no
bureau_bal_late_count_max,structured_missing_or_history_availability,discrete_count_numeric,bureau_history,70.0072517731073,13.197521746266208,possible_absence_of_history_or_unknown_record,structured_missing_handling_candidate_later,feature_engineering_and_modeling,no
bureau_bal_severe_late_count_sum,structured_missing_or_history_availability,discrete_count_numeric,bureau_history,14.314935075493235,13.179057935335631,possible_absence_of_history_or_unknown_record,structured_missing_handling_candidate_later,feature_engineering_and_modeling,no
bureau_bal_severe_late_count_mean,structured_missing_or_history_availability,discrete_count_numeric,bureau_history,70.0072517731073,13.197521746266208,possible_absence_of_history_or_unknown_record,structured_missing_handling_candidate_later,feature_engineering_and_modeling,no
bureau_bal_severe_late_count_max,structured_missing_or_history_availability,discrete_count_numeric,bureau_history,70.0072517731073,13.197521746266208,possible_absence_of_history_or_unknown_record,structured_missing_handling_candidate_later,feature_engineering_and_modeling,no
bureau_bal_status_0_count_sum,structured_missing_or_history_availability,discrete_count_numeric,bureau_history,14.314935075493235,13.179057935335631,possible_absence_of_history_or_unknown_record,structured_missing_handling_candidate_later,feature_engineering_and_modeling,no
bureau_bal_status_0_count_mean,structured_missing_or_history_availability,ratio_rate_numeric,bureau_history,70.0072517731073,13.197521746266208,possible_absence_of_history_or_unknown_record,structured_missing_handling_candidate_later,feature_engineering_and_modeling,no
bureau_bal_status_0_count_max,structured_missing_or_history_availability,discrete_count_numeric,bureau_history,70.0072517731073,13.197521746266208,possible_absence_of_history_or_unknown_record,structured_missing_handling_candidate_later,feature_engineering_and_modeling,no
bureau_bal_status_1_count_sum,structured_missing_or_history_availability,discrete_count_numeric,bureau_history,14.314935075493235,13.179057935335631,possible_absence_of_history_or_unknown_record,structured_missing_handling_candidate_later,feature_engineering_and_modeling,no
bureau_bal_status_1_count_mean,structured_missing_or_history_availability,ratio_rate_numeric,bureau_history,70.0072517731073,13.197521746266208,possible_absence_of_history_or_unknown_record,structured_missing_handling_candidate_later,feature_engineering_and_modeling,no
bureau_bal_status_1_count_max,structured_missing_or_history_availability,discrete_count_numeric,bureau_history,70.0072517731073,13.197521746266208,possible_absence_of_history_or_unknown_record,structured_missing_handling_candidate_later,feature_engineering_and_modeling,no
bureau_bal_status_2_count_sum,structured_missing_or_history_availability,discrete_count_numeric,bureau_history,14.314935075493235,13.179057935335631,possible_absence_of_history_or_unknown_record,structured_missing_handling_candidate_later,feature_engineering_and_modeling,no
bureau_bal_status_2_count_mean,structured_missing_or_history_availability,ratio_rate_numeric,bureau_history,70.0072517731073,13.197521746266208,possible_absence_of_history_or_unknown_record,structured_missing_handling_candidate_later,feature_engineering_and_modeling,no
bureau_bal_status_2_count_max,structured_missing_or_history_availability,discrete_count_numeric,bureau_history,70.0072517731073,13.197521746266208,possible_absence_of_history_or_unknown_record,structured_missing_handling_candidate_later,feature_engineering_and_modeling,no
bureau_bal_status_3_count_sum,structured_missing_or_history_availability,discrete_count_numeric,bureau_history,14.314935075493235,13.179057935335631,possible_absence_of_history_or_unknown_record,structured_missing_handling_candidate_later,feature_engineering_and_modeling,no
bureau_bal_status_3_count_mean,structured_missing_or_history_availability,ratio_rate_numeric,bureau_history,70.0072517731073,13.197521746266208,possible_absence_of_history_or_unknown_record,structured_missing_handling_candidate_later,feature_engineering_and_modeling,no
bureau_bal_status_3_count_max,structured_missing_or_history_availability,discrete_count_numeric,bureau_history,70.0072517731073,13.197521746266208,possible_absence_of_history_or_unknown_record,structured_missing_handling_candidate_later,feature_engineering_and_modeling,no
bureau_bal_status_4_count_sum,structured_missing_or_history_availability,discrete_count_numeric,bureau_history,14.314935075493235,13.179057935335631,possible_absence_of_history_or_unknown_record,structured_missing_handling_candidate_later,feature_engineering_and_modeling,no
bureau_bal_status_4_count_mean,structured_missing_or_history_availability,ratio_rate_numeric,bureau_history,70.0072517731073,13.197521746266208,possible_absence_of_history_or_unknown_record,structured_missing_handling_candidate_later,feature_engineering_and_modeling,no
bureau_bal_status_4_count_max,structured_missing_or_history_availability,discrete_count_numeric,bureau_history,70.0072517731073,13.197521746266208,possible_absence_of_history_or_unknown_record,structured_missing_handling_candidate_later,feature_engineering_and_modeling,no
bureau_bal_status_5_count_sum,structured_missing_or_history_availability,discrete_count_numeric,bureau_history,14.314935075493235,13.179057935335631,possible_absence_of_history_or_unknown_record,structured_missing_handling_candidate_later,feature_engineering_and_modeling,no
bureau_bal_status_5_count_mean,structured_missing_or_history_availability,ratio_rate_numeric,bureau_history,70.0072517731073,13.197521746266208,possible_absence_of_history_or_unknown_record,structured_missing_handling_candidate_later,feature_engineering_and_modeling,no
bureau_bal_status_5_count_max,structured_missing_or_history_availability,discrete_count_numeric,bureau_history,70.0072517731073,13.197521746266208,possible_absence_of_history_or_unknown_record,structured_missing_handling_candidate_later,feature_engineering_and_modeling,no
bureau_bal_status_C_count_sum,structured_missing_or_history_availability,discrete_count_numeric,bureau_history,14.314935075493235,13.179057935335631,possible_absence_of_history_or_unknown_record,structured_missing_handling_candidate_later,feature_engineering_and_modeling,no
bureau_bal_status_C_count_mean,structured_missing_or_history_availability,ratio_rate_numeric,bureau_history,70.0072517731073,13.197521746266208,possible_absence_of_history_or_unknown_record,structured_missing_handling_candidate_later,feature_engineering_and_modeling,no
bureau_bal_status_C_count_max,structured_missing_or_history_availability,discrete_count_numeric,bureau_history,70.0072517731073,13.197521746266208,possible_absence_of_history_or_unknown_record,structured_missing_handling_candidate_later,feature_engineering_and_modeling,no
bureau_bal_status_X_count_sum,structured_missing_or_history_availability,discrete_count_numeric,bureau_history,14.314935075493235,13.179057935335631,possible_absence_of_history_or_unknown_record,structured_missing_handling_candidate_later,feature_engineering_and_modeling,no
bureau_bal_status_X_count_mean,structured_missing_or_history_availability,ratio_rate_numeric,bureau_history,70.0072517731073,13.197521746266208,possible_absence_of_history_or_unknown_record,structured_missing_handling_candidate_later,feature_engineering_and_modeling,no
bureau_bal_status_X_count_max,structured_missing_or_history_availability,discrete_count_numeric,bureau_history,70.0072517731073,13.197521746266208,possible_absence_of_history_or_unknown_record,structured_missing_handling_candidate_later,feature_engineering_and_modeling,no
bureau_bal_recent_6m_count_sum,structured_missing_or_history_availability,discrete_count_numeric,bureau_history,14.314935075493235,13.179057935335631,possible_absence_of_history_or_unknown_record,structured_missing_handling_candidate_later,feature_engineering_and_modeling,no
bureau_bal_recent_6m_count_mean,structured_missing_or_history_availability,discrete_count_numeric,bureau_history,70.0072517731073,13.197521746266208,possible_absence_of_history_or_unknown_record,structured_missing_handling_candidate_later,feature_engineering_and_modeling,no
bureau_bal_recent_6m_count_max,structured_missing_or_history_availability,discrete_count_numeric,bureau_history,70.0072517731073,13.197521746266208,possible_absence_of_history_or_unknown_record,structured_missing_handling_candidate_later,feature_engineering_and_modeling,no
bureau_bal_recent_6m_late_count_sum,structured_missing_or_history_availability,discrete_count_numeric,bureau_history,14.314935075493235,13.179057935335631,possible_absence_of_history_or_unknown_record,structured_missing_handling_candidate_later,feature_engineering_and_modeling,no
bureau_bal_recent_6m_late_count_mean,structured_missing_or_history_availability,discrete_count_numeric,bureau_history,70.0072517731073,13.197521746266208,possible_absence_of_history_or_unknown_record,structured_missing_handling_candidate_later,feature_engineering_and_modeling,no
bureau_bal_recent_6m_late_count_max,structured_missing_or_history_availability,discrete_count_numeric,bureau_history,70.0072517731073,13.197521746266208,possible_absence_of_history_or_unknown_record,structured_missing_handling_candidate_later,feature_engineering_and_modeling,no
bureau_bal_recent_6m_severe_late_count_sum,structured_missing_or_history_availability,discrete_count_numeric,bureau_history,14.314935075493235,13.179057935335631,possible_absence_of_history_or_unknown_record,structured_missing_handling_candidate_later,feature_engineering_and_modeling,no
bureau_bal_recent_6m_severe_late_count_mean,structured_missing_or_history_availability,discrete_count_numeric,bureau_history,70.0072517731073,13.197521746266208,possible_absence_of_history_or_unknown_record,structured_missing_handling_candidate_later,feature_engineering_and_modeling,no
bureau_bal_recent_6m_severe_late_count_max,structured_missing_or_history_availability,discrete_count_numeric,bureau_history,70.0072517731073,13.197521746266208,possible_absence_of_history_or_unknown_record,structured_missing_handling_candidate_later,feature_engineering_and_modeling,no
bureau_bal_recent_12m_count_sum,structured_missing_or_history_availability,discrete_count_numeric,bureau_history,14.314935075493235,13.179057935335631,possible_absence_of_history_or_unknown_record,structured_missing_handling_candidate_later,feature_engineering_and_modeling,no
bureau_bal_recent_12m_count_mean,structured_missing_or_history_availability,discrete_count_numeric,bureau_history,70.0072517731073,13.197521746266208,possible_absence_of_history_or_unknown_record,structured_missing_handling_candidate_later,feature_engineering_and_modeling,no
bureau_bal_recent_12m_count_max,structured_missing_or_history_availability,discrete_count_numeric,bureau_history,70.0072517731073,13.197521746266208,possible_absence_of_history_or_unknown_record,structured_missing_handling_candidate_later,feature_engineering_and_modeling,no
bureau_bal_recent_12m_late_count_sum,structured_missing_or_history_availability,discrete_count_numeric,bureau_history,14.314935075493235,13.179057935335631,possible_absence_of_history_or_unknown_record,structured_missing_handling_candidate_later,feature_engineering_and_modeling,no
bureau_bal_recent_12m_late_count_mean,structured_missing_or_history_availability,discrete_count_numeric,bureau_history,70.0072517731073,13.197521746266208,possible_absence_of_history_or_unknown_record,structured_missing_handling_candidate_later,feature_engineering_and_modeling,no
bureau_bal_recent_12m_late_count_max,structured_missing_or_history_availability,discrete_count_numeric,bureau_history,70.0072517731073,13.197521746266208,possible_absence_of_history_or_unknown_record,structured_missing_handling_candidate_later,feature_engineering_and_modeling,no
bureau_bal_recent_12m_severe_late_count_sum,structured_missing_or_history_availability,discrete_count_numeric,bureau_history,14.314935075493235,13.179057935335631,possible_absence_of_history_or_unknown_record,structured_missing_handling_candidate_later,feature_engineering_and_modeling,no
bureau_bal_recent_12m_severe_late_count_mean,structured_missing_or_history_availability,discrete_count_numeric,bureau_history,70.0072517731073,13.197521746266208,possible_absence_of_history_or_unknown_record,structured_missing_handling_candidate_later,feature_engineering_and_modeling,no
bureau_bal_recent_12m_severe_late_count_max,structured_missing_or_history_availability,discrete_count_numeric,bureau_history,70.0072517731073,13.197521746266208,possible_absence_of_history_or_unknown_record,structured_missing_handling_candidate_later,feature_engineering_and_modeling,no
bureau_bal_old_count_sum,structured_missing_or_history_availability,discrete_count_numeric,bureau_history,14.314935075493235,13.179057935335631,possible_absence_of_history_or_unknown_record,structured_missing_handling_candidate_later,feature_engineering_and_modeling,no
bureau_bal_old_count_mean,structured_missing_or_history_availability,discrete_count_numeric,bureau_history,70.0072517731073,13.197521746266208,possible_absence_of_history_or_unknown_record,structured_missing_handling_candidate_later,feature_engineering_and_modeling,no
bureau_bal_old_count_max,structured_missing_or_history_availability,discrete_count_numeric,bureau_history,70.0072517731073,13.197521746266208,possible_absence_of_history_or_unknown_record,structured_missing_handling_candidate_later,feature_engineering_and_modeling,no
bureau_bal_old_late_count_sum,structured_missing_or_history_availability,discrete_count_numeric,bureau_history,14.314935075493235,13.179057935335631,possible_absence_of_history_or_unknown_record,structured_missing_handling_candidate_later,feature_engineering_and_modeling,no
bureau_bal_old_late_count_mean,structured_missing_or_history_availability,discrete_count_numeric,bureau_history,70.0072517731073,13.197521746266208,possible_absence_of_history_or_unknown_record,structured_missing_handling_candidate_later,feature_engineering_and_modeling,no
bureau_bal_old_late_count_max,structured_missing_or_history_availability,discrete_count_numeric,bureau_history,70.0072517731073,13.197521746266208,possible_absence_of_history_or_unknown_record,structured_missing_handling_candidate_later,feature_engineering_and_modeling,no
bureau_bal_late_ratio_mean,structured_missing_or_history_availability,ratio_rate_numeric,bureau_history,70.0072517731073,13.197521746266208,possible_absence_of_history_or_unknown_record,structured_missing_handling_candidate_later,feature_engineering_and_modeling,no
bureau_bal_late_ratio_max,structured_missing_or_history_availability,ratio_rate_numeric,bureau_history,70.0072517731073,13.197521746266208,possible_absence_of_history_or_unknown_record,structured_missing_handling_candidate_later,feature_engineering_and_modeling,no
bureau_bal_late_ratio_min,structured_missing_or_history_availability,ratio_rate_numeric,bureau_history,70.0072517731073,13.197521746266208,possible_absence_of_history_or_unknown_record,structured_missing_handling_candidate_later,feature_engineering_and_modeling,no
bureau_bal_severe_late_ratio_mean,structured_missing_or_history_availability,ratio_rate_numeric,bureau_history,70.0072517731073,13.197521746266208,possible_absence_of_history_or_unknown_record,structured_missing_handling_candidate_later,feature_engineering_and_modeling,no
bureau_bal_severe_late_ratio_max,structured_missing_or_history_availability,ratio_rate_numeric,bureau_history,70.0072517731073,13.197521746266208,possible_absence_of_history_or_unknown_record,structured_missing_handling_candidate_later,feature_engineering_and_modeling,no
bureau_bal_severe_late_ratio_min,structured_missing_or_history_availability,ratio_rate_numeric,bureau_history,70.0072517731073,13.197521746266208,possible_absence_of_history_or_unknown_record,structured_missing_handling_candidate_later,feature_engineering_and_modeling,no
bureau_bal_status_0_ratio_mean,structured_missing_or_history_availability,ratio_rate_numeric,bureau_history,70.0072517731073,13.197521746266208,possible_absence_of_history_or_unknown_record,structured_missing_handling_candidate_later,feature_engineering_and_modeling,no
bureau_bal_status_0_ratio_max,structured_missing_or_history_availability,ratio_rate_numeric,bureau_history,70.0072517731073,13.197521746266208,possible_absence_of_history_or_unknown_record,structured_missing_handling_candidate_later,feature_engineering_and_modeling,no
bureau_bal_status_0_ratio_min,structured_missing_or_history_availability,ratio_rate_numeric,bureau_history,70.0072517731073,13.197521746266208,possible_absence_of_history_or_unknown_record,structured_missing_handling_candidate_later,feature_engineering_and_modeling,no
bureau_bal_status_1_ratio_mean,structured_missing_or_history_availability,ratio_rate_numeric,bureau_history,70.0072517731073,13.197521746266208,possible_absence_of_history_or_unknown_record,structured_missing_handling_candidate_later,feature_engineering_and_modeling,no
bureau_bal_status_1_ratio_max,structured_missing_or_history_availability,ratio_rate_numeric,bureau_history,70.0072517731073,13.197521746266208,possible_absence_of_history_or_unknown_record,structured_missing_handling_candidate_later,feature_engineering_and_modeling,no
bureau_bal_status_1_ratio_min,structured_missing_or_history_availability,ratio_rate_numeric,bureau_history,70.0072517731073,13.197521746266208,possible_absence_of_history_or_unknown_record,structured_missing_handling_candidate_later,feature_engineering_and_modeling,no
bureau_bal_status_2_ratio_mean,structured_missing_or_history_availability,ratio_rate_numeric,bureau_history,70.0072517731073,13.197521746266208,possible_absence_of_history_or_unknown_record,structured_missing_handling_candidate_later,feature_engineering_and_modeling,no
bureau_bal_status_2_ratio_max,structured_missing_or_history_availability,ratio_rate_numeric,bureau_history,70.0072517731073,13.197521746266208,possible_absence_of_history_or_unknown_record,structured_missing_handling_candidate_later,feature_engineering_and_modeling,no
bureau_bal_status_2_ratio_min,structured_missing_or_history_availability,ratio_rate_numeric,bureau_history,70.0072517731073,13.197521746266208,possible_absence_of_history_or_unknown_record,structured_missing_handling_candidate_later,feature_engineering_and_modeling,no
bureau_bal_status_3_ratio_mean,structured_missing_or_history_availability,ratio_rate_numeric,bureau_history,70.0072517731073,13.197521746266208,possible_absence_of_history_or_unknown_record,structured_missing_handling_candidate_later,feature_engineering_and_modeling,no
bureau_bal_status_3_ratio_max,structured_missing_or_history_availability,ratio_rate_numeric,bureau_history,70.0072517731073,13.197521746266208,possible_absence_of_history_or_unknown_record,structured_missing_handling_candidate_later,feature_engineering_and_modeling,no
bureau_bal_status_3_ratio_min,structured_missing_or_history_availability,ratio_rate_numeric,bureau_history,70.0072517731073,13.197521746266208,possible_absence_of_history_or_unknown_record,structured_missing_handling_candidate_later,feature_engineering_and_modeling,no
bureau_bal_status_4_ratio_mean,structured_missing_or_history_availability,ratio_rate_numeric,bureau_history,70.0072517731073,13.197521746266208,possible_absence_of_history_or_unknown_record,structured_missing_handling_candidate_later,feature_engineering_and_modeling,no
bureau_bal_status_4_ratio_max,structured_missing_or_history_availability,ratio_rate_numeric,bureau_history,70.0072517731073,13.197521746266208,possible_absence_of_history_or_unknown_record,structured_missing_handling_candidate_later,feature_engineering_and_modeling,no
bureau_bal_status_4_ratio_min,structured_missing_or_history_availability,ratio_rate_numeric,bureau_history,70.0072517731073,13.197521746266208,possible_absence_of_history_or_unknown_record,structured_missing_handling_candidate_later,feature_engineering_and_modeling,no
bureau_bal_status_5_ratio_mean,structured_missing_or_history_availability,ratio_rate_numeric,bureau_history,70.0072517731073,13.197521746266208,possible_absence_of_history_or_unknown_record,structured_missing_handling_candidate_later,feature_engineering_and_modeling,no
bureau_bal_status_5_ratio_max,structured_missing_or_history_availability,ratio_rate_numeric,bureau_history,70.0072517731073,13.197521746266208,possible_absence_of_history_or_unknown_record,structured_missing_handling_candidate_later,feature_engineering_and_modeling,no
bureau_bal_status_5_ratio_min,structured_missing_or_history_availability,ratio_rate_numeric,bureau_history,70.0072517731073,13.197521746266208,possible_absence_of_history_or_unknown_record,structured_missing_handling_candidate_later,feature_engineering_and_modeling,no
bureau_bal_status_C_ratio_mean,structured_missing_or_history_availability,ratio_rate_numeric,bureau_history,70.0072517731073,13.197521746266208,possible_absence_of_history_or_unknown_record,structured_missing_handling_candidate_later,feature_engineering_and_modeling,no
bureau_bal_status_C_ratio_max,structured_missing_or_history_availability,ratio_rate_numeric,bureau_history,70.0072517731073,13.197521746266208,possible_absence_of_history_or_unknown_record,structured_missing_handling_candidate_later,feature_engineering_and_modeling,no
bureau_bal_status_C_ratio_min,structured_missing_or_history_availability,ratio_rate_numeric,bureau_history,70.0072517731073,13.197521746266208,possible_absence_of_history_or_unknown_record,structured_missing_handling_candidate_later,feature_engineering_and_modeling,no
bureau_bal_status_X_ratio_mean,structured_missing_or_history_availability,ratio_rate_numeric,bureau_history,70.0072517731073,13.197521746266208,possible_absence_of_history_or_unknown_record,structured_missing_handling_candidate_later,feature_engineering_and_modeling,no
bureau_bal_status_X_ratio_max,structured_missing_or_history_availability,ratio_rate_numeric,bureau_history,70.0072517731073,13.197521746266208,possible_absence_of_history_or_unknown_record,structured_missing_handling_candidate_later,feature_engineering_and_modeling,no
bureau_bal_status_X_ratio_min,structured_missing_or_history_availability,ratio_rate_numeric,bureau_history,70.0072517731073,13.197521746266208,possible_absence_of_history_or_unknown_record,structured_missing_handling_candidate_later,feature_engineering_and_modeling,no
bureau_bal_recent_6m_late_ratio_mean,structured_missing_or_history_availability,ratio_rate_numeric,bureau_history,70.0072517731073,13.197521746266208,possible_absence_of_history_or_unknown_record,structured_missing_handling_candidate_later,feature_engineering_and_modeling,no
bureau_bal_recent_6m_late_ratio_max,structured_missing_or_history_availability,ratio_rate_numeric,bureau_history,70.0072517731073,13.197521746266208,possible_absence_of_history_or_unknown_record,structured_missing_handling_candidate_later,feature_engineering_and_modeling,no
bureau_bal_recent_6m_late_ratio_min,structured_missing_or_history_availability,ratio_rate_numeric,bureau_history,70.0072517731073,13.197521746266208,possible_absence_of_history_or_unknown_record,structured_missing_handling_candidate_later,feature_engineering_and_modeling,no
bureau_bal_recent_12m_late_ratio_mean,structured_missing_or_history_availability,ratio_rate_numeric,bureau_history,70.0072517731073,13.197521746266208,possible_absence_of_history_or_unknown_record,structured_missing_handling_candidate_later,feature_engineering_and_modeling,no
bureau_bal_recent_12m_late_ratio_max,structured_missing_or_history_availability,ratio_rate_numeric,bureau_history,70.0072517731073,13.197521746266208,possible_absence_of_history_or_unknown_record,structured_missing_handling_candidate_later,feature_engineering_and_modeling,no
bureau_bal_recent_12m_late_ratio_min,structured_missing_or_history_availability,ratio_rate_numeric,bureau_history,70.0072517731073,13.197521746266208,possible_absence_of_history_or_unknown_record,structured_missing_handling_candidate_later,feature_engineering_and_modeling,no
bureau_bal_recent_12m_severe_late_ratio_mean,structured_missing_or_history_availability,ratio_rate_numeric,bureau_history,70.0072517731073,13.197521746266208,possible_absence_of_history_or_unknown_record,structured_missing_handling_candidate_later,feature_engineering_and_modeling,no
bureau_bal_recent_12m_severe_late_ratio_max,structured_missing_or_history_availability,ratio_rate_numeric,bureau_history,70.0072517731073,13.197521746266208,possible_absence_of_history_or_unknown_record,structured_missing_handling_candidate_later,feature_engineering_and_modeling,no
bureau_bal_recent_12m_severe_late_ratio_min,structured_missing_or_history_availability,ratio_rate_numeric,bureau_history,70.0072517731073,13.197521746266208,possible_absence_of_history_or_unknown_record,structured_missing_handling_candidate_later,feature_engineering_and_modeling,no
bureau_bal_old_late_ratio_mean,structured_missing_or_history_availability,ratio_rate_numeric,bureau_history,70.0072517731073,13.197521746266208,possible_absence_of_history_or_unknown_record,structured_missing_handling_candidate_later,feature_engineering_and_modeling,no
bureau_bal_old_late_ratio_max,structured_missing_or_history_availability,ratio_rate_numeric,bureau_history,70.0072517731073,13.197521746266208,possible_absence_of_history_or_unknown_record,structured_missing_handling_candidate_later,feature_engineering_and_modeling,no
bureau_bal_old_late_ratio_min,structured_missing_or_history_availability,ratio_rate_numeric,bureau_history,70.0072517731073,13.197521746266208,possible_absence_of_history_or_unknown_record,structured_missing_handling_candidate_later,feature_engineering_and_modeling,no
bureau_bal_late_trend_12m_vs_old_mean,structured_missing_or_history_availability,continuous_stat_numeric,bureau_history,70.0072517731073,13.197521746266208,possible_absence_of_history_or_unknown_record,structured_missing_handling_candidate_later,feature_engineering_and_modeling,no
bureau_bal_late_trend_12m_vs_old_max,structured_missing_or_history_availability,continuous_stat_numeric,bureau_history,70.0072517731073,13.197521746266208,possible_absence_of_history_or_unknown_record,structured_missing_handling_candidate_later,feature_engineering_and_modeling,no
bureau_bal_late_trend_12m_vs_old_min,structured_missing_or_history_availability,continuous_stat_numeric,bureau_history,70.0072517731073,13.197521746266208,possible_absence_of_history_or_unknown_record,structured_missing_handling_candidate_later,feature_engineering_and_modeling,no
bureau_bal_month_min_mean,structured_missing_or_history_availability,date_duration_numeric,bureau_history,70.0072517731073,13.197521746266208,possible_absence_of_history_or_unknown_record,structured_missing_handling_candidate_later,feature_engineering_and_modeling,no
bureau_bal_month_min_max,structured_missing_or_history_availability,date_duration_numeric,bureau_history,70.0072517731073,13.197521746266208,possible_absence_of_history_or_unknown_record,structured_missing_handling_candidate_later,feature_engineering_and_modeling,no
bureau_bal_month_min_min,structured_missing_or_history_availability,date_duration_numeric,bureau_history,70.0072517731073,13.197521746266208,possible_absence_of_history_or_unknown_record,structured_missing_handling_candidate_later,feature_engineering_and_modeling,no
bureau_bal_month_max_mean,structured_missing_or_history_availability,date_duration_numeric,bureau_history,70.0072517731073,13.197521746266208,possible_absence_of_history_or_unknown_record,structured_missing_handling_candidate_later,feature_engineering_and_modeling,no
bureau_bal_month_max_max,structured_missing_or_history_availability,date_duration_numeric,bureau_history,70.0072517731073,13.197521746266208,possible_absence_of_history_or_unknown_record,structured_missing_handling_candidate_later,feature_engineering_and_modeling,no
bureau_bal_month_max_min,structured_missing_or_history_availability,date_duration_numeric,bureau_history,70.0072517731073,13.197521746266208,possible_absence_of_history_or_unknown_record,structured_missing_handling_candidate_later,feature_engineering_and_modeling,no
bureau_bal_month_mean_mean,structured_missing_or_history_availability,date_duration_numeric,bureau_history,70.0072517731073,13.197521746266208,possible_absence_of_history_or_unknown_record,structured_missing_handling_candidate_later,feature_engineering_and_modeling,no
bureau_bal_month_mean_max,structured_missing_or_history_availability,date_duration_numeric,bureau_history,70.0072517731073,13.197521746266208,possible_absence_of_history_or_unknown_record,structured_missing_handling_candidate_later,feature_engineering_and_modeling,no
bureau_bal_month_mean_min,structured_missing_or_history_availability,date_duration_numeric,bureau_history,70.0072517731073,13.197521746266208,possible_absence_of_history_or_unknown_record,structured_missing_handling_candidate_later,feature_engineering_and_modeling,no
bureau_bal_month_span_mean,structured_missing_or_history_availability,date_duration_numeric,bureau_history,70.0072517731073,13.197521746266208,possible_absence_of_history_or_unknown_record,structured_missing_handling_candidate_later,feature_engineering_and_modeling,no
bureau_bal_month_span_max,structured_missing_or_history_availability,date_duration_numeric,bureau_history,70.0072517731073,13.197521746266208,possible_absence_of_history_or_unknown_record,structured_missing_handling_candidate_later,feature_engineering_and_modeling,no
bureau_bal_month_span_min,structured_missing_or_history_availability,date_duration_numeric,bureau_history,70.0072517731073,13.197521746266208,possible_absence_of_history_or_unknown_record,structured_missing_handling_candidate_later,feature_engineering_and_modeling,no
bureau_bal_max_late_status_mean,structured_missing_or_history_availability,ratio_rate_numeric,bureau_history,70.0072517731073,13.197521746266208,possible_absence_of_history_or_unknown_record,structured_missing_handling_candidate_later,feature_engineering_and_modeling,no
bureau_bal_max_late_status_max,structured_missing_or_history_availability,overdue_delay_numeric,bureau_history,70.0072517731073,13.197521746266208,possible_absence_of_history_or_unknown_record,structured_missing_handling_candidate_later,feature_engineering_and_modeling,no
bureau_bal_max_late_status_min,structured_missing_or_history_availability,overdue_delay_numeric,bureau_history,70.0072517731073,13.197521746266208,possible_absence_of_history_or_unknown_record,structured_missing_handling_candidate_later,feature_engineering_and_modeling,no
bureau_without_balance_count,structured_missing_or_history_availability,discrete_count_numeric,bureau_history,14.314935075493235,13.179057935335631,possible_absence_of_history_or_unknown_record,structured_missing_handling_candidate_later,feature_engineering_and_modeling,no
bureau_without_balance_ratio,structured_missing_or_history_availability,ratio_rate_numeric,bureau_history,14.314935075493235,13.179057935335631,possible_absence_of_history_or_unknown_record,structured_missing_handling_candidate_later,feature_engineering_and_modeling,no
bureau_latest_credit_active_flag,structured_missing_or_history_availability,binary_flag,bureau_history,14.314935075493235,13.179057935335631,possible_absence_of_history_or_unknown_record,structured_missing_handling_candidate_later,feature_engineering_and_modeling,no
bureau_latest_credit_closed_flag,structured_missing_or_history_availability,binary_flag,bureau_history,14.314935075493235,13.179057935335631,possible_absence_of_history_or_unknown_record,structured_missing_handling_candidate_later,feature_engineering_and_modeling,no
bureau_latest_credit_amount,structured_missing_or_history_availability,continuous_amount_numeric,bureau_history,14.31591065035072,13.197521746266208,possible_absence_of_history_or_unknown_record,structured_missing_handling_candidate_later,feature_engineering_and_modeling,no
bureau_latest_debt_amount,structured_missing_or_history_availability,continuous_amount_numeric,bureau_history,24.858622943569497,21.59855571967832,possible_absence_of_history_or_unknown_record,structured_missing_handling_candidate_later,feature_engineering_and_modeling,no
bureau_latest_limit_amount,structured_missing_or_history_availability,continuous_amount_numeric,bureau_history,38.56707564932636,42.3703430165764,possible_absence_of_history_or_unknown_record,structured_missing_handling_candidate_later,feature_engineering_and_modeling,no
bureau_latest_annuity_amount,structured_missing_or_history_availability,continuous_amount_numeric,bureau_history,80.60297030024942,39.20482520925652,possible_absence_of_history_or_unknown_record,structured_missing_handling_candidate_later,feature_engineering_and_modeling,no
bureau_latest_overdue_days,structured_missing_or_history_availability,overdue_delay_numeric,bureau_history,14.314935075493235,13.179057935335631,possible_absence_of_history_or_unknown_record,structured_missing_handling_candidate_later,feature_engineering_and_modeling,no
bureau_latest_overdue_amount,structured_missing_or_history_availability,continuous_amount_numeric,bureau_history,14.314935075493235,13.179057935335631,possible_absence_of_history_or_unknown_record,structured_missing_handling_candidate_later,feature_engineering_and_modeling,no
bureau_latest_debt_to_credit,structured_missing_or_history_availability,ratio_rate_numeric,bureau_history,26.742457993372593,24.078860988019038,possible_absence_of_history_or_unknown_record,structured_missing_handling_candidate_later,feature_engineering_and_modeling,no
bureau_latest_overdue_to_credit,structured_missing_or_history_availability,ratio_rate_numeric,bureau_history,16.348683461729824,15.856310520269162,possible_absence_of_history_or_unknown_record,structured_missing_handling_candidate_later,feature_engineering_and_modeling,no
bureau_latest_days_credit,structured_missing_or_history_availability,date_duration_numeric,bureau_history,14.314935075493235,13.179057935335631,possible_absence_of_history_or_unknown_record,structured_missing_handling_candidate_later,feature_engineering_and_modeling,no
bureau_latest_days_enddate,structured_missing_or_history_availability,date_duration_numeric,bureau_history,21.144284269505807,20.1296569834236,possible_absence_of_history_or_unknown_record,structured_missing_handling_candidate_later,feature_engineering_and_modeling,no
bureau_latest_days_update,structured_missing_or_history_availability,date_duration_numeric,bureau_history,14.314935075493235,13.179057935335631,possible_absence_of_history_or_unknown_record,structured_missing_handling_candidate_later,feature_engineering_and_modeling,no
bureau_latest_type_consumer_credit_flag,structured_missing_or_history_availability,binary_flag,bureau_history,14.314935075493235,13.179057935335631,possible_absence_of_history_or_unknown_record,structured_missing_handling_candidate_later,feature_engineering_and_modeling,no
bureau_latest_type_credit_card_flag,structured_missing_or_history_availability,binary_flag,credit_card_history,14.314935075493235,13.179057935335631,possible_absence_of_history_or_unknown_record,structured_missing_handling_candidate_later,feature_engineering_and_modeling,no
bureau_latest_type_car_loan_flag,structured_missing_or_history_availability,binary_flag,bureau_history,14.314935075493235,13.179057935335631,possible_absence_of_history_or_unknown_record,structured_missing_handling_candidate_later,feature_engineering_and_modeling,no
bureau_latest_type_mortgage_flag,structured_missing_or_history_availability,binary_flag,bureau_history,14.314935075493235,13.179057935335631,possible_absence_of_history_or_unknown_record,structured_missing_handling_candidate_later,feature_engineering_and_modeling,no
bureau_latest_type_microloan_flag,structured_missing_or_history_availability,binary_flag,bureau_history,14.314935075493235,13.179057935335631,possible_absence_of_history_or_unknown_record,structured_missing_handling_candidate_later,feature_engineering_and_modeling,no
bureau_latest_type_business_loan_flag,structured_missing_or_history_availability,binary_flag,bureau_history,14.314935075493235,13.179057935335631,possible_absence_of_history_or_unknown_record,structured_missing_handling_candidate_later,feature_engineering_and_modeling,no
bureau_latest_type_working_capital_loan_flag,structured_missing_or_history_availability,binary_flag,bureau_history,14.314935075493235,13.179057935335631,possible_absence_of_history_or_unknown_record,structured_missing_handling_candidate_later,feature_engineering_and_modeling,no
bureau_latest_bal_late_ratio,structured_missing_or_history_availability,ratio_rate_numeric,bureau_history,70.04497400093005,13.646807812243559,possible_absence_of_history_or_unknown_record,structured_missing_handling_candidate_later,feature_engineering_and_modeling,no
bureau_latest_bal_severe_late_ratio,structured_missing_or_history_availability,ratio_rate_numeric,bureau_history,70.04497400093005,13.646807812243559,possible_absence_of_history_or_unknown_record,structured_missing_handling_candidate_later,feature_engineering_and_modeling,no
bureau_latest_bal_max_late_status,structured_missing_or_history_availability,overdue_delay_numeric,bureau_history,70.04497400093005,13.646807812243559,possible_absence_of_history_or_unknown_record,structured_missing_handling_candidate_later,feature_engineering_and_modeling,no
has_previous_application_history,structured_missing_or_history_availability,binary_flag,previous_application_history,0.0,0.0,possible_absence_of_history_or_unknown_record,structured_missing_handling_candidate_later,feature_engineering_and_modeling,no
prev_application_count,structured_missing_or_history_availability,discrete_count_numeric,previous_application_history,5.350702901684818,1.9366486131626455,possible_absence_of_history_or_unknown_record,structured_missing_handling_candidate_later,feature_engineering_and_modeling,no
prev_unique_contract_type_count,structured_missing_or_history_availability,discrete_count_numeric,previous_application_history,5.350702901684818,1.9366486131626455,possible_absence_of_history_or_unknown_record,structured_missing_handling_candidate_later,feature_engineering_and_modeling,no
prev_unique_contract_status_count,structured_missing_or_history_availability,discrete_count_numeric,previous_application_history,5.350702901684818,1.9366486131626455,possible_absence_of_history_or_unknown_record,structured_missing_handling_candidate_later,feature_engineering_and_modeling,no
prev_unique_client_type_count,structured_missing_or_history_availability,discrete_count_numeric,previous_application_history,5.350702901684818,1.9366486131626455,possible_absence_of_history_or_unknown_record,structured_missing_handling_candidate_later,feature_engineering_and_modeling,no
prev_unique_portfolio_count,structured_missing_or_history_availability,discrete_count_numeric,previous_application_history,5.350702901684818,1.9366486131626455,possible_absence_of_history_or_unknown_record,structured_missing_handling_candidate_later,feature_engineering_and_modeling,no
prev_unique_channel_count,structured_missing_or_history_availability,discrete_count_numeric,previous_application_history,5.350702901684818,1.9366486131626455,possible_absence_of_history_or_unknown_record,structured_missing_handling_candidate_later,feature_engineering_and_modeling,no
prev_unique_product_combination_count,structured_missing_or_history_availability,discrete_count_numeric,previous_application_history,5.350702901684818,1.9366486131626455,possible_absence_of_history_or_unknown_record,structured_missing_handling_candidate_later,feature_engineering_and_modeling,no
prev_approved_count,structured_missing_or_history_availability,discrete_count_numeric,previous_application_history,5.350702901684818,1.9366486131626455,possible_absence_of_history_or_unknown_record,structured_missing_handling_candidate_later,feature_engineering_and_modeling,no
prev_approved_ratio,structured_missing_or_history_availability,ratio_rate_numeric,previous_application_history,5.350702901684818,1.9366486131626455,possible_absence_of_history_or_unknown_record,structured_missing_handling_candidate_later,feature_engineering_and_modeling,no
prev_refused_count,structured_missing_or_history_availability,discrete_count_numeric,previous_application_history,5.350702901684818,1.9366486131626455,possible_absence_of_history_or_unknown_record,structured_missing_handling_candidate_later,feature_engineering_and_modeling,no
prev_refused_ratio,structured_missing_or_history_availability,ratio_rate_numeric,previous_application_history,5.350702901684818,1.9366486131626455,possible_absence_of_history_or_unknown_record,structured_missing_handling_candidate_later,feature_engineering_and_modeling,no
prev_canceled_count,structured_missing_or_history_availability,discrete_count_numeric,previous_application_history,5.350702901684818,1.9366486131626455,possible_absence_of_history_or_unknown_record,structured_missing_handling_candidate_later,feature_engineering_and_modeling,no
prev_canceled_ratio,structured_missing_or_history_availability,ratio_rate_numeric,previous_application_history,5.350702901684818,1.9366486131626455,possible_absence_of_history_or_unknown_record,structured_missing_handling_candidate_later,feature_engineering_and_modeling,no
prev_unused_offer_count,structured_missing_or_history_availability,discrete_count_numeric,previous_application_history,5.350702901684818,1.9366486131626455,possible_absence_of_history_or_unknown_record,structured_missing_handling_candidate_later,feature_engineering_and_modeling,no
prev_unused_offer_ratio,structured_missing_or_history_availability,ratio_rate_numeric,previous_application_history,5.350702901684818,1.9366486131626455,possible_absence_of_history_or_unknown_record,structured_missing_handling_candidate_later,feature_engineering_and_modeling,no
prev_cash_loan_count,structured_missing_or_history_availability,discrete_count_numeric,previous_application_history,5.350702901684818,1.9366486131626455,possible_absence_of_history_or_unknown_record,structured_missing_handling_candidate_later,feature_engineering_and_modeling,no
prev_cash_loan_ratio,structured_missing_or_history_availability,ratio_rate_numeric,previous_application_history,5.350702901684818,1.9366486131626455,possible_absence_of_history_or_unknown_record,structured_missing_handling_candidate_later,feature_engineering_and_modeling,no
prev_consumer_loan_count,structured_missing_or_history_availability,discrete_count_numeric,previous_application_history,5.350702901684818,1.9366486131626455,possible_absence_of_history_or_unknown_record,structured_missing_handling_candidate_later,feature_engineering_and_modeling,no
prev_consumer_loan_ratio,structured_missing_or_history_availability,ratio_rate_numeric,previous_application_history,5.350702901684818,1.9366486131626455,possible_absence_of_history_or_unknown_record,structured_missing_handling_candidate_later,feature_engineering_and_modeling,no
prev_revolving_loan_count,structured_missing_or_history_availability,discrete_count_numeric,previous_application_history,5.350702901684818,1.9366486131626455,possible_absence_of_history_or_unknown_record,structured_missing_handling_candidate_later,feature_engineering_and_modeling,no
prev_revolving_loan_ratio,structured_missing_or_history_availability,ratio_rate_numeric,previous_application_history,5.350702901684818,1.9366486131626455,possible_absence_of_history_or_unknown_record,structured_missing_handling_candidate_later,feature_engineering_and_modeling,no
prev_contract_xna_count,structured_missing_or_history_availability,discrete_count_numeric,previous_application_history,5.350702901684818,1.9366486131626455,possible_absence_of_history_or_unknown_record,structured_missing_handling_candidate_later,feature_engineering_and_modeling,no
prev_contract_xna_ratio,structured_missing_or_history_availability,ratio_rate_numeric,previous_application_history,5.350702901684818,1.9366486131626455,possible_absence_of_history_or_unknown_record,structured_missing_handling_candidate_later,feature_engineering_and_modeling,no
prev_recent_6m_count,structured_missing_or_history_availability,discrete_count_numeric,previous_application_history,5.350702901684818,1.9366486131626455,possible_absence_of_history_or_unknown_record,structured_missing_handling_candidate_later,feature_engineering_and_modeling,no
prev_recent_6m_ratio,structured_missing_or_history_availability,ratio_rate_numeric,previous_application_history,5.350702901684818,1.9366486131626455,possible_absence_of_history_or_unknown_record,structured_missing_handling_candidate_later,feature_engineering_and_modeling,no
prev_recent_12m_count,structured_missing_or_history_availability,discrete_count_numeric,previous_application_history,5.350702901684818,1.9366486131626455,possible_absence_of_history_or_unknown_record,structured_missing_handling_candidate_later,feature_engineering_and_modeling,no
prev_recent_12m_ratio,structured_missing_or_history_availability,ratio_rate_numeric,previous_application_history,5.350702901684818,1.9366486131626455,possible_absence_of_history_or_unknown_record,structured_missing_handling_candidate_later,feature_engineering_and_modeling,no
prev_recent_24m_count,structured_missing_or_history_availability,discrete_count_numeric,previous_application_history,5.350702901684818,1.9366486131626455,possible_absence_of_history_or_unknown_record,structured_missing_handling_candidate_later,feature_engineering_and_modeling,no
prev_recent_24m_ratio,structured_missing_or_history_availability,ratio_rate_numeric,previous_application_history,5.350702901684818,1.9366486131626455,possible_absence_of_history_or_unknown_record,structured_missing_handling_candidate_later,feature_engineering_and_modeling,no
prev_short_term_count,structured_missing_or_history_availability,discrete_count_numeric,previous_application_history,5.350702901684818,1.9366486131626455,possible_absence_of_history_or_unknown_record,structured_missing_handling_candidate_later,feature_engineering_and_modeling,no
prev_short_term_ratio,structured_missing_or_history_availability,ratio_rate_numeric,previous_application_history,5.350702901684818,1.9366486131626455,possible_absence_of_history_or_unknown_record,structured_missing_handling_candidate_later,feature_engineering_and_modeling,no
prev_medium_term_count,structured_missing_or_history_availability,discrete_count_numeric,previous_application_history,5.350702901684818,1.9366486131626455,possible_absence_of_history_or_unknown_record,structured_missing_handling_candidate_later,feature_engineering_and_modeling,no
prev_medium_term_ratio,structured_missing_or_history_availability,ratio_rate_numeric,previous_application_history,5.350702901684818,1.9366486131626455,possible_absence_of_history_or_unknown_record,structured_missing_handling_candidate_later,feature_engineering_and_modeling,no
prev_long_term_count,structured_missing_or_history_availability,discrete_count_numeric,previous_application_history,5.350702901684818,1.9366486131626455,possible_absence_of_history_or_unknown_record,structured_missing_handling_candidate_later,feature_engineering_and_modeling,no
prev_long_term_ratio,structured_missing_or_history_availability,ratio_rate_numeric,previous_application_history,5.350702901684818,1.9366486131626455,possible_absence_of_history_or_unknown_record,structured_missing_handling_candidate_later,feature_engineering_and_modeling,no
prev_repeater_client_count,structured_missing_or_history_availability,discrete_count_numeric,previous_application_history,5.350702901684818,1.9366486131626455,possible_absence_of_history_or_unknown_record,structured_missing_handling_candidate_later,feature_engineering_and_modeling,no
prev_repeater_client_ratio,structured_missing_or_history_availability,ratio_rate_numeric,previous_application_history,5.350702901684818,1.9366486131626455,possible_absence_of_history_or_unknown_record,structured_missing_handling_candidate_later,feature_engineering_and_modeling,no
prev_new_client_count,structured_missing_or_history_availability,discrete_count_numeric,previous_application_history,5.350702901684818,1.9366486131626455,possible_absence_of_history_or_unknown_record,structured_missing_handling_candidate_later,feature_engineering_and_modeling,no
prev_new_client_ratio,structured_missing_or_history_availability,ratio_rate_numeric,previous_application_history,5.350702901684818,1.9366486131626455,possible_absence_of_history_or_unknown_record,structured_missing_handling_candidate_later,feature_engineering_and_modeling,no
prev_refreshed_client_count,structured_missing_or_history_availability,discrete_count_numeric,previous_application_history,5.350702901684818,1.9366486131626455,possible_absence_of_history_or_unknown_record,structured_missing_handling_candidate_later,feature_engineering_and_modeling,no
prev_refreshed_client_ratio,structured_missing_or_history_availability,ratio_rate_numeric,previous_application_history,5.350702901684818,1.9366486131626455,possible_absence_of_history_or_unknown_record,structured_missing_handling_candidate_later,feature_engineering_and_modeling,no
prev_portfolio_cash_count,structured_missing_or_history_availability,discrete_count_numeric,previous_application_history,5.350702901684818,1.9366486131626455,possible_absence_of_history_or_unknown_record,structured_missing_handling_candidate_later,feature_engineering_and_modeling,no
prev_portfolio_cash_ratio,structured_missing_or_history_availability,ratio_rate_numeric,previous_application_history,5.350702901684818,1.9366486131626455,possible_absence_of_history_or_unknown_record,structured_missing_handling_candidate_later,feature_engineering_and_modeling,no
prev_portfolio_cards_count,structured_missing_or_history_availability,discrete_count_numeric,credit_card_history,5.350702901684818,1.9366486131626455,possible_absence_of_history_or_unknown_record,structured_missing_handling_candidate_later,feature_engineering_and_modeling,no
prev_portfolio_cards_ratio,structured_missing_or_history_availability,ratio_rate_numeric,credit_card_history,5.350702901684818,1.9366486131626455,possible_absence_of_history_or_unknown_record,structured_missing_handling_candidate_later,feature_engineering_and_modeling,no
prev_portfolio_pos_count,structured_missing_or_history_availability,discrete_count_numeric,pos_cash_history,5.350702901684818,1.9366486131626455,possible_absence_of_history_or_unknown_record,structured_missing_handling_candidate_later,feature_engineering_and_modeling,no
prev_portfolio_pos_ratio,structured_missing_or_history_availability,ratio_rate_numeric,pos_cash_history,5.350702901684818,1.9366486131626455,possible_absence_of_history_or_unknown_record,structured_missing_handling_candidate_later,feature_engineering_and_modeling,no
prev_portfolio_cars_count,structured_missing_or_history_availability,discrete_count_numeric,previous_application_history,5.350702901684818,1.9366486131626455,possible_absence_of_history_or_unknown_record,structured_missing_handling_candidate_later,feature_engineering_and_modeling,no
prev_portfolio_cars_ratio,structured_missing_or_history_availability,ratio_rate_numeric,previous_application_history,5.350702901684818,1.9366486131626455,possible_absence_of_history_or_unknown_record,structured_missing_handling_candidate_later,feature_engineering_and_modeling,no
prev_portfolio_xna_count,structured_missing_or_history_availability,discrete_count_numeric,previous_application_history,5.350702901684818,1.9366486131626455,possible_absence_of_history_or_unknown_record,structured_missing_handling_candidate_later,feature_engineering_and_modeling,no
prev_portfolio_xna_ratio,structured_missing_or_history_availability,ratio_rate_numeric,previous_application_history,5.350702901684818,1.9366486131626455,possible_absence_of_history_or_unknown_record,structured_missing_handling_candidate_later,feature_engineering_and_modeling,no
prev_channel_credit_cash_office_count,structured_missing_or_history_availability,discrete_count_numeric,previous_application_history,5.350702901684818,1.9366486131626455,possible_absence_of_history_or_unknown_record,structured_missing_handling_candidate_later,feature_engineering_and_modeling,no
prev_channel_credit_cash_office_ratio,structured_missing_or_history_availability,ratio_rate_numeric,previous_application_history,5.350702901684818,1.9366486131626455,possible_absence_of_history_or_unknown_record,structured_missing_handling_candidate_later,feature_engineering_and_modeling,no
prev_channel_country_wide_count,structured_missing_or_history_availability,discrete_count_numeric,previous_application_history,5.350702901684818,1.9366486131626455,possible_absence_of_history_or_unknown_record,structured_missing_handling_candidate_later,feature_engineering_and_modeling,no
prev_channel_country_wide_ratio,structured_missing_or_history_availability,ratio_rate_numeric,previous_application_history,5.350702901684818,1.9366486131626455,possible_absence_of_history_or_unknown_record,structured_missing_handling_candidate_later,feature_engineering_and_modeling,no
prev_channel_contact_center_count,structured_missing_or_history_availability,discrete_count_numeric,previous_application_history,5.350702901684818,1.9366486131626455,possible_absence_of_history_or_unknown_record,structured_missing_handling_candidate_later,feature_engineering_and_modeling,no
prev_channel_contact_center_ratio,structured_missing_or_history_availability,ratio_rate_numeric,previous_application_history,5.350702901684818,1.9366486131626455,possible_absence_of_history_or_unknown_record,structured_missing_handling_candidate_later,feature_engineering_and_modeling,no
prev_channel_ap_cash_loan_count,structured_missing_or_history_availability,discrete_count_numeric,previous_application_history,5.350702901684818,1.9366486131626455,possible_absence_of_history_or_unknown_record,structured_missing_handling_candidate_later,feature_engineering_and_modeling,no
prev_channel_ap_cash_loan_ratio,structured_missing_or_history_availability,ratio_rate_numeric,previous_application_history,5.350702901684818,1.9366486131626455,possible_absence_of_history_or_unknown_record,structured_missing_handling_candidate_later,feature_engineering_and_modeling,no
prev_channel_regional_local_count,structured_missing_or_history_availability,discrete_count_numeric,previous_application_history,5.350702901684818,1.9366486131626455,possible_absence_of_history_or_unknown_record,structured_missing_handling_candidate_later,feature_engineering_and_modeling,no
prev_channel_regional_local_ratio,structured_missing_or_history_availability,ratio_rate_numeric,previous_application_history,5.350702901684818,1.9366486131626455,possible_absence_of_history_or_unknown_record,structured_missing_handling_candidate_later,feature_engineering_and_modeling,no
prev_channel_corporate_sales_count,structured_missing_or_history_availability,ratio_rate_numeric,previous_application_history,5.350702901684818,1.9366486131626455,possible_absence_of_history_or_unknown_record,structured_missing_handling_candidate_later,feature_engineering_and_modeling,no
prev_channel_corporate_sales_ratio,structured_missing_or_history_availability,ratio_rate_numeric,previous_application_history,5.350702901684818,1.9366486131626455,possible_absence_of_history_or_unknown_record,structured_missing_handling_candidate_later,feature_engineering_and_modeling,no
prev_yield_high_count,structured_missing_or_history_availability,discrete_count_numeric,previous_application_history,5.350702901684818,1.9366486131626455,possible_absence_of_history_or_unknown_record,structured_missing_handling_candidate_later,feature_engineering_and_modeling,no
prev_yield_high_ratio,structured_missing_or_history_availability,ratio_rate_numeric,previous_application_history,5.350702901684818,1.9366486131626455,possible_absence_of_history_or_unknown_record,structured_missing_handling_candidate_later,feature_engineering_and_modeling,no
prev_yield_middle_count,structured_missing_or_history_availability,discrete_count_numeric,previous_application_history,5.350702901684818,1.9366486131626455,possible_absence_of_history_or_unknown_record,structured_missing_handling_candidate_later,feature_engineering_and_modeling,no
prev_yield_middle_ratio,structured_missing_or_history_availability,ratio_rate_numeric,previous_application_history,5.350702901684818,1.9366486131626455,possible_absence_of_history_or_unknown_record,structured_missing_handling_candidate_later,feature_engineering_and_modeling,no
prev_yield_low_normal_count,structured_missing_or_history_availability,discrete_count_numeric,previous_application_history,5.350702901684818,1.9366486131626455,possible_absence_of_history_or_unknown_record,structured_missing_handling_candidate_later,feature_engineering_and_modeling,no
prev_yield_low_normal_ratio,structured_missing_or_history_availability,ratio_rate_numeric,previous_application_history,5.350702901684818,1.9366486131626455,possible_absence_of_history_or_unknown_record,structured_missing_handling_candidate_later,feature_engineering_and_modeling,no
prev_yield_low_action_count,structured_missing_or_history_availability,discrete_count_numeric,previous_application_history,5.350702901684818,1.9366486131626455,possible_absence_of_history_or_unknown_record,structured_missing_handling_candidate_later,feature_engineering_and_modeling,no
prev_yield_low_action_ratio,structured_missing_or_history_availability,ratio_rate_numeric,previous_application_history,5.350702901684818,1.9366486131626455,possible_absence_of_history_or_unknown_record,structured_missing_handling_candidate_later,feature_engineering_and_modeling,no
prev_yield_xna_count,structured_missing_or_history_availability,discrete_count_numeric,previous_application_history,5.350702901684818,1.9366486131626455,possible_absence_of_history_or_unknown_record,structured_missing_handling_candidate_later,feature_engineering_and_modeling,no
prev_yield_xna_ratio,structured_missing_or_history_availability,ratio_rate_numeric,previous_application_history,5.350702901684818,1.9366486131626455,possible_absence_of_history_or_unknown_record,structured_missing_handling_candidate_later,feature_engineering_and_modeling,no
prev_last_appl_in_day_count,structured_missing_or_history_availability,discrete_count_numeric,previous_application_history,5.350702901684818,1.9366486131626455,possible_absence_of_history_or_unknown_record,structured_missing_handling_candidate_later,feature_engineering_and_modeling,no
prev_last_appl_in_day_ratio,structured_missing_or_history_availability,ratio_rate_numeric,previous_application_history,5.350702901684818,1.9366486131626455,possible_absence_of_history_or_unknown_record,structured_missing_handling_candidate_later,feature_engineering_and_modeling,no
prev_insured_on_approval_count,structured_missing_or_history_availability,discrete_count_numeric,previous_application_history,5.350702901684818,1.9366486131626455,possible_absence_of_history_or_unknown_record,structured_missing_handling_candidate_later,feature_engineering_and_modeling,no
prev_insured_on_approval_ratio,structured_missing_or_history_availability,ratio_rate_numeric,previous_application_history,5.7724764317374015,2.3879862136878387,possible_absence_of_history_or_unknown_record,structured_missing_handling_candidate_later,feature_engineering_and_modeling,no
prev_has_down_payment_count,structured_missing_or_history_availability,discrete_count_numeric,previous_application_history,5.350702901684818,1.9366486131626455,possible_absence_of_history_or_unknown_record,structured_missing_handling_candidate_later,feature_engineering_and_modeling,no
prev_has_down_payment_ratio,structured_missing_or_history_availability,ratio_rate_numeric,previous_application_history,5.350702901684818,1.9366486131626455,possible_absence_of_history_or_unknown_record,structured_missing_handling_candidate_later,feature_engineering_and_modeling,no
prev_has_interest_rate_count,structured_missing_or_history_availability,ratio_rate_numeric,previous_application_history,5.350702901684818,1.9366486131626455,possible_absence_of_history_or_unknown_record,structured_missing_handling_candidate_later,feature_engineering_and_modeling,no
prev_has_interest_rate_ratio,structured_missing_or_history_availability,ratio_rate_numeric,previous_application_history,5.350702901684818,1.9366486131626455,possible_absence_of_history_or_unknown_record,structured_missing_handling_candidate_later,feature_engineering_and_modeling,no
prev_refused_to_approved_ratio,structured_missing_or_history_availability,ratio_rate_numeric,previous_application_history,5.673292987893116,2.279254882652224,possible_absence_of_history_or_unknown_record,structured_missing_handling_candidate_later,feature_engineering_and_modeling,no
prev_approved_application_count,structured_missing_or_history_availability,discrete_count_numeric,previous_application_history,5.673292987893116,2.279254882652224,possible_absence_of_history_or_unknown_record,structured_missing_handling_candidate_later,feature_engineering_and_modeling,no
prev_approved_application_amount_sum,structured_missing_or_history_availability,continuous_amount_numeric,previous_application_history,5.673292987893116,2.279254882652224,possible_absence_of_history_or_unknown_record,structured_missing_handling_candidate_later,feature_engineering_and_modeling,no
prev_approved_application_amount_mean,structured_missing_or_history_availability,continuous_amount_numeric,previous_application_history,5.673292987893116,2.279254882652224,possible_absence_of_history_or_unknown_record,structured_missing_handling_candidate_later,feature_engineering_and_modeling,no
prev_approved_application_amount_max,structured_missing_or_history_availability,continuous_amount_numeric,previous_application_history,5.673292987893116,2.279254882652224,possible_absence_of_history_or_unknown_record,structured_missing_handling_candidate_later,feature_engineering_and_modeling,no
prev_approved_credit_amount_sum,structured_missing_or_history_availability,continuous_amount_numeric,previous_application_history,5.673292987893116,2.279254882652224,possible_absence_of_history_or_unknown_record,structured_missing_handling_candidate_later,feature_engineering_and_modeling,no
prev_approved_credit_amount_mean,structured_missing_or_history_availability,continuous_amount_numeric,previous_application_history,5.673292987893116,2.279254882652224,possible_absence_of_history_or_unknown_record,structured_missing_handling_candidate_later,feature_engineering_and_modeling,no
prev_approved_credit_amount_max,structured_missing_or_history_availability,continuous_amount_numeric,previous_application_history,5.673292987893116,2.279254882652224,possible_absence_of_history_or_unknown_record,structured_missing_handling_candidate_later,feature_engineering_and_modeling,no
prev_approved_annuity_amount_sum,structured_missing_or_history_availability,continuous_amount_numeric,previous_application_history,5.673292987893116,2.279254882652224,possible_absence_of_history_or_unknown_record,structured_missing_handling_candidate_later,feature_engineering_and_modeling,no
prev_approved_annuity_amount_mean,structured_missing_or_history_availability,continuous_amount_numeric,previous_application_history,5.67394337113144,2.279254882652224,possible_absence_of_history_or_unknown_record,structured_missing_handling_candidate_later,feature_engineering_and_modeling,no
prev_approved_annuity_amount_max,structured_missing_or_history_availability,continuous_amount_numeric,previous_application_history,5.67394337113144,2.279254882652224,possible_absence_of_history_or_unknown_record,structured_missing_handling_candidate_later,feature_engineering_and_modeling,no
prev_approved_goods_price_sum,structured_missing_or_history_availability,continuous_amount_numeric,previous_application_history,5.673292987893116,2.279254882652224,possible_absence_of_history_or_unknown_record,structured_missing_handling_candidate_later,feature_engineering_and_modeling,no
prev_approved_goods_price_mean,structured_missing_or_history_availability,continuous_amount_numeric,previous_application_history,5.991655583052314,2.480305268340719,possible_absence_of_history_or_unknown_record,structured_missing_handling_candidate_later,feature_engineering_and_modeling,no
prev_approved_goods_price_max,structured_missing_or_history_availability,continuous_amount_numeric,previous_application_history,5.991655583052314,2.480305268340719,possible_absence_of_history_or_unknown_record,structured_missing_handling_candidate_later,feature_engineering_and_modeling,no
prev_approved_down_payment_sum,structured_missing_or_history_availability,continuous_amount_numeric,previous_application_history,5.673292987893116,2.279254882652224,possible_absence_of_history_or_unknown_record,structured_missing_handling_candidate_later,feature_engineering_and_modeling,no
prev_approved_down_payment_mean,structured_missing_or_history_availability,continuous_amount_numeric,previous_application_history,11.779090829271148,8.16715903495815,possible_absence_of_history_or_unknown_record,structured_missing_handling_candidate_later,feature_engineering_and_modeling,no
prev_approved_down_payment_max,structured_missing_or_history_availability,continuous_amount_numeric,previous_application_history,11.779090829271148,8.16715903495815,possible_absence_of_history_or_unknown_record,structured_missing_handling_candidate_later,feature_engineering_and_modeling,no
prev_approved_cnt_payment_sum,structured_missing_or_history_availability,discrete_count_numeric,previous_application_history,5.673292987893116,2.279254882652224,possible_absence_of_history_or_unknown_record,structured_missing_handling_candidate_later,feature_engineering_and_modeling,no
prev_approved_cnt_payment_mean,structured_missing_or_history_availability,discrete_count_numeric,previous_application_history,5.673292987893116,2.279254882652224,possible_absence_of_history_or_unknown_record,structured_missing_handling_candidate_later,feature_engineering_and_modeling,no
prev_approved_cnt_payment_max,structured_missing_or_history_availability,discrete_count_numeric,previous_application_history,5.673292987893116,2.279254882652224,possible_absence_of_history_or_unknown_record,structured_missing_handling_candidate_later,feature_engineering_and_modeling,no
prev_approved_credit_to_application_ratio_sum,structured_missing_or_history_availability,ratio_rate_numeric,previous_application_history,5.673292987893116,2.279254882652224,possible_absence_of_history_or_unknown_record,structured_missing_handling_candidate_later,feature_engineering_and_modeling,no
prev_approved_credit_to_application_ratio_mean,structured_missing_or_history_availability,ratio_rate_numeric,previous_application_history,6.005313631057101,2.4823568028885608,possible_absence_of_history_or_unknown_record,structured_missing_handling_candidate_later,feature_engineering_and_modeling,no
prev_approved_credit_to_application_ratio_max,structured_missing_or_history_availability,ratio_rate_numeric,previous_application_history,6.005313631057101,2.4823568028885608,possible_absence_of_history_or_unknown_record,structured_missing_handling_candidate_later,feature_engineering_and_modeling,no
prev_approved_annuity_to_credit_ratio_sum,structured_missing_or_history_availability,ratio_rate_numeric,previous_application_history,5.673292987893116,2.279254882652224,possible_absence_of_history_or_unknown_record,structured_missing_handling_candidate_later,feature_engineering_and_modeling,no
prev_approved_annuity_to_credit_ratio_mean,structured_missing_or_history_availability,ratio_rate_numeric,previous_application_history,5.676870095703893,2.279254882652224,possible_absence_of_history_or_unknown_record,structured_missing_handling_candidate_later,feature_engineering_and_modeling,no
prev_approved_annuity_to_credit_ratio_max,structured_missing_or_history_availability,ratio_rate_numeric,previous_application_history,5.676870095703893,2.279254882652224,possible_absence_of_history_or_unknown_record,structured_missing_handling_candidate_later,feature_engineering_and_modeling,no
prev_approved_application_credit_diff_sum,structured_missing_or_history_availability,continuous_stat_numeric,previous_application_history,5.673292987893116,2.279254882652224,possible_absence_of_history_or_unknown_record,structured_missing_handling_candidate_later,feature_engineering_and_modeling,no
prev_approved_application_credit_diff_mean,structured_missing_or_history_availability,continuous_stat_numeric,previous_application_history,5.673292987893116,2.279254882652224,possible_absence_of_history_or_unknown_record,structured_missing_handling_candidate_later,feature_engineering_and_modeling,no
prev_approved_application_credit_diff_max,structured_missing_or_history_availability,continuous_stat_numeric,previous_application_history,5.673292987893116,2.279254882652224,possible_absence_of_history_or_unknown_record,structured_missing_handling_candidate_later,feature_engineering_and_modeling,no
prev_approved_recent_12m_count,structured_missing_or_history_availability,discrete_count_numeric,previous_application_history,5.673292987893116,2.279254882652224,possible_absence_of_history_or_unknown_record,structured_missing_handling_candidate_later,feature_engineering_and_modeling,no
prev_approved_recent_24m_count,structured_missing_or_history_availability,discrete_count_numeric,previous_application_history,5.673292987893116,2.279254882652224,possible_absence_of_history_or_unknown_record,structured_missing_handling_candidate_later,feature_engineering_and_modeling,no
prev_refused_application_count,structured_missing_or_history_availability,discrete_count_numeric,previous_application_history,67.3852317478074,63.10725422616117,possible_absence_of_history_or_unknown_record,structured_missing_handling_candidate_later,feature_engineering_and_modeling,no
prev_refused_application_amount_sum,structured_missing_or_history_availability,continuous_amount_numeric,previous_application_history,67.3852317478074,63.10725422616117,possible_absence_of_history_or_unknown_record,structured_missing_handling_candidate_later,feature_engineering_and_modeling,no
prev_refused_application_amount_mean,structured_missing_or_history_availability,continuous_amount_numeric,previous_application_history,67.3852317478074,63.10725422616117,possible_absence_of_history_or_unknown_record,structured_missing_handling_candidate_later,feature_engineering_and_modeling,no
prev_refused_application_amount_max,structured_missing_or_history_availability,continuous_amount_numeric,previous_application_history,67.3852317478074,63.10725422616117,possible_absence_of_history_or_unknown_record,structured_missing_handling_candidate_later,feature_engineering_and_modeling,no
prev_refused_credit_amount_sum,structured_missing_or_history_availability,continuous_amount_numeric,previous_application_history,67.3852317478074,63.10725422616117,possible_absence_of_history_or_unknown_record,structured_missing_handling_candidate_later,feature_engineering_and_modeling,no
prev_refused_credit_amount_mean,structured_missing_or_history_availability,continuous_amount_numeric,previous_application_history,67.3852317478074,63.10725422616117,possible_absence_of_history_or_unknown_record,structured_missing_handling_candidate_later,feature_engineering_and_modeling,no
prev_refused_credit_amount_max,structured_missing_or_history_availability,continuous_amount_numeric,previous_application_history,67.3852317478074,63.10725422616117,possible_absence_of_history_or_unknown_record,structured_missing_handling_candidate_later,feature_engineering_and_modeling,no
prev_refused_annuity_amount_sum,structured_missing_or_history_availability,continuous_amount_numeric,previous_application_history,67.3852317478074,63.10725422616117,possible_absence_of_history_or_unknown_record,structured_missing_handling_candidate_later,feature_engineering_and_modeling,no
prev_refused_annuity_amount_mean,structured_missing_or_history_availability,continuous_amount_numeric,previous_application_history,70.22220343337312,66.09634006236665,possible_absence_of_history_or_unknown_record,structured_missing_handling_candidate_later,feature_engineering_and_modeling,no
prev_refused_annuity_amount_max,structured_missing_or_history_availability,continuous_amount_numeric,previous_application_history,70.22220343337312,66.09634006236665,possible_absence_of_history_or_unknown_record,structured_missing_handling_candidate_later,feature_engineering_and_modeling,no
prev_refused_goods_price_sum,structured_missing_or_history_availability,continuous_amount_numeric,previous_application_history,67.3852317478074,63.10725422616117,possible_absence_of_history_or_unknown_record,structured_missing_handling_candidate_later,feature_engineering_and_modeling,no
prev_refused_goods_price_mean,structured_missing_or_history_availability,continuous_amount_numeric,previous_application_history,69.68140977070739,65.51575578532743,possible_absence_of_history_or_unknown_record,structured_missing_handling_candidate_later,feature_engineering_and_modeling,no
prev_refused_goods_price_max,structured_missing_or_history_availability,continuous_amount_numeric,previous_application_history,69.68140977070739,65.51575578532743,possible_absence_of_history_or_unknown_record,structured_missing_handling_candidate_later,feature_engineering_and_modeling,no
prev_refused_down_payment_sum,structured_missing_or_history_availability,continuous_amount_numeric,previous_application_history,67.3852317478074,63.10725422616117,possible_absence_of_history_or_unknown_record,structured_missing_handling_candidate_later,feature_engineering_and_modeling,no
prev_refused_down_payment_mean,structured_missing_or_history_availability,continuous_amount_numeric,previous_application_history,85.31109456247094,84.74684063679632,possible_absence_of_history_or_unknown_record,structured_missing_handling_candidate_later,feature_engineering_and_modeling,no
prev_refused_down_payment_max,structured_missing_or_history_availability,continuous_amount_numeric,previous_application_history,85.31109456247094,84.74684063679632,possible_absence_of_history_or_unknown_record,structured_missing_handling_candidate_later,feature_engineering_and_modeling,no
prev_refused_cnt_payment_sum,structured_missing_or_history_availability,discrete_count_numeric,previous_application_history,67.3852317478074,63.10725422616117,possible_absence_of_history_or_unknown_record,structured_missing_handling_candidate_later,feature_engineering_and_modeling,no
prev_refused_cnt_payment_mean,structured_missing_or_history_availability,discrete_count_numeric,previous_application_history,70.22220343337312,66.09634006236665,possible_absence_of_history_or_unknown_record,structured_missing_handling_candidate_later,feature_engineering_and_modeling,no
prev_refused_cnt_payment_max,structured_missing_or_history_availability,discrete_count_numeric,previous_application_history,70.22220343337312,66.09634006236665,possible_absence_of_history_or_unknown_record,structured_missing_handling_candidate_later,feature_engineering_and_modeling,no
prev_refused_credit_to_application_ratio_sum,structured_missing_or_history_availability,ratio_rate_numeric,previous_application_history,67.3852317478074,63.10725422616117,possible_absence_of_history_or_unknown_record,structured_missing_handling_candidate_later,feature_engineering_and_modeling,no
prev_refused_credit_to_application_ratio_mean,structured_missing_or_history_availability,ratio_rate_numeric,previous_application_history,70.03684421045101,65.84605284752996,possible_absence_of_history_or_unknown_record,structured_missing_handling_candidate_later,feature_engineering_and_modeling,no
prev_refused_credit_to_application_ratio_max,structured_missing_or_history_availability,ratio_rate_numeric,previous_application_history,70.03684421045101,65.84605284752996,possible_absence_of_history_or_unknown_record,structured_missing_handling_candidate_later,feature_engineering_and_modeling,no
prev_refused_annuity_to_credit_ratio_sum,structured_missing_or_history_availability,ratio_rate_numeric,previous_application_history,67.3852317478074,63.10725422616117,possible_absence_of_history_or_unknown_record,structured_missing_handling_candidate_later,feature_engineering_and_modeling,no
prev_refused_annuity_to_credit_ratio_mean,structured_missing_or_history_availability,ratio_rate_numeric,previous_application_history,70.2231790082306,66.10249466601019,possible_absence_of_history_or_unknown_record,structured_missing_handling_candidate_later,feature_engineering_and_modeling,no
prev_refused_annuity_to_credit_ratio_max,structured_missing_or_history_availability,ratio_rate_numeric,previous_application_history,70.2231790082306,66.10249466601019,possible_absence_of_history_or_unknown_record,structured_missing_handling_candidate_later,feature_engineering_and_modeling,no
prev_refused_application_credit_diff_sum,structured_missing_or_history_availability,continuous_stat_numeric,previous_application_history,67.3852317478074,63.10725422616117,possible_absence_of_history_or_unknown_record,structured_missing_handling_candidate_later,feature_engineering_and_modeling,no
prev_refused_application_credit_diff_mean,structured_missing_or_history_availability,continuous_stat_numeric,previous_application_history,67.3852317478074,63.10725422616117,possible_absence_of_history_or_unknown_record,structured_missing_handling_candidate_later,feature_engineering_and_modeling,no
prev_refused_application_credit_diff_max,structured_missing_or_history_availability,continuous_stat_numeric,previous_application_history,67.3852317478074,63.10725422616117,possible_absence_of_history_or_unknown_record,structured_missing_handling_candidate_later,feature_engineering_and_modeling,no
prev_refused_recent_12m_count,structured_missing_or_history_availability,discrete_count_numeric,previous_application_history,67.3852317478074,63.10725422616117,possible_absence_of_history_or_unknown_record,structured_missing_handling_candidate_later,feature_engineering_and_modeling,no
prev_refused_recent_24m_count,structured_missing_or_history_availability,discrete_count_numeric,previous_application_history,67.3852317478074,63.10725422616117,possible_absence_of_history_or_unknown_record,structured_missing_handling_candidate_later,feature_engineering_and_modeling,no
prev_canceled_application_count,structured_missing_or_history_availability,discrete_count_numeric,previous_application_history,63.99283277671368,54.93188905301165,possible_absence_of_history_or_unknown_record,structured_missing_handling_candidate_later,feature_engineering_and_modeling,no
prev_canceled_application_amount_sum,structured_missing_or_history_availability,continuous_amount_numeric,previous_application_history,63.99283277671368,54.93188905301165,possible_absence_of_history_or_unknown_record,structured_missing_handling_candidate_later,feature_engineering_and_modeling,no
prev_canceled_application_amount_mean,structured_missing_or_history_availability,continuous_amount_numeric,previous_application_history,63.99283277671368,54.93188905301165,possible_absence_of_history_or_unknown_record,structured_missing_handling_candidate_later,feature_engineering_and_modeling,no
prev_canceled_application_amount_max,structured_missing_or_history_availability,continuous_amount_numeric,previous_application_history,63.99283277671368,54.93188905301165,possible_absence_of_history_or_unknown_record,structured_missing_handling_candidate_later,feature_engineering_and_modeling,no
prev_canceled_credit_amount_sum,structured_missing_or_history_availability,continuous_amount_numeric,previous_application_history,63.99283277671368,54.93188905301165,possible_absence_of_history_or_unknown_record,structured_missing_handling_candidate_later,feature_engineering_and_modeling,no
prev_canceled_credit_amount_mean,structured_missing_or_history_availability,continuous_amount_numeric,previous_application_history,63.99283277671368,54.93188905301165,possible_absence_of_history_or_unknown_record,structured_missing_handling_candidate_later,feature_engineering_and_modeling,no
prev_canceled_credit_amount_max,structured_missing_or_history_availability,continuous_amount_numeric,previous_application_history,63.99283277671368,54.93188905301165,possible_absence_of_history_or_unknown_record,structured_missing_handling_candidate_later,feature_engineering_and_modeling,no
prev_canceled_annuity_amount_sum,structured_missing_or_history_availability,continuous_amount_numeric,previous_application_history,63.99283277671368,54.93188905301165,possible_absence_of_history_or_unknown_record,structured_missing_handling_candidate_later,feature_engineering_and_modeling,no
prev_canceled_annuity_amount_mean,structured_missing_or_history_availability,continuous_amount_numeric,previous_application_history,97.44139234043661,96.7647300180535,possible_absence_of_history_or_unknown_record,structured_missing_handling_candidate_later,feature_engineering_and_modeling,no
prev_canceled_annuity_amount_max,structured_missing_or_history_availability,continuous_amount_numeric,previous_application_history,97.44139234043661,96.7647300180535,possible_absence_of_history_or_unknown_record,structured_missing_handling_candidate_later,feature_engineering_and_modeling,no
prev_canceled_goods_price_sum,structured_missing_or_history_availability,continuous_amount_numeric,previous_application_history,63.99283277671368,54.93188905301165,possible_absence_of_history_or_unknown_record,structured_missing_handling_candidate_later,feature_engineering_and_modeling,no
prev_canceled_goods_price_mean,structured_missing_or_history_availability,continuous_amount_numeric,previous_application_history,97.38220746574919,96.70728705071393,possible_absence_of_history_or_unknown_record,structured_missing_handling_candidate_later,feature_engineering_and_modeling,no
prev_canceled_goods_price_max,structured_missing_or_history_availability,continuous_amount_numeric,previous_application_history,97.38220746574919,96.70728705071393,possible_absence_of_history_or_unknown_record,structured_missing_handling_candidate_later,feature_engineering_and_modeling,no
prev_canceled_down_payment_sum,structured_missing_or_history_availability,continuous_amount_numeric,previous_application_history,63.99283277671368,54.93188905301165,possible_absence_of_history_or_unknown_record,structured_missing_handling_candidate_later,feature_engineering_and_modeling,no
prev_canceled_down_payment_mean,structured_missing_or_history_availability,continuous_amount_numeric,previous_application_history,99.84228206470664,99.79074347612014,possible_absence_of_history_or_unknown_record,structured_missing_handling_candidate_later,feature_engineering_and_modeling,no
prev_canceled_down_payment_max,structured_missing_or_history_availability,continuous_amount_numeric,previous_application_history,99.84228206470664,99.79074347612014,possible_absence_of_history_or_unknown_record,structured_missing_handling_candidate_later,feature_engineering_and_modeling,no
prev_canceled_cnt_payment_sum,structured_missing_or_history_availability,discrete_count_numeric,previous_application_history,63.99283277671368,54.93188905301165,possible_absence_of_history_or_unknown_record,structured_missing_handling_candidate_later,feature_engineering_and_modeling,no
prev_canceled_cnt_payment_mean,structured_missing_or_history_availability,discrete_count_numeric,previous_application_history,97.44139234043661,96.7647300180535,possible_absence_of_history_or_unknown_record,structured_missing_handling_candidate_later,feature_engineering_and_modeling,no
prev_canceled_cnt_payment_max,structured_missing_or_history_availability,discrete_count_numeric,previous_application_history,97.44139234043661,96.7647300180535,possible_absence_of_history_or_unknown_record,structured_missing_handling_candidate_later,feature_engineering_and_modeling,no
prev_canceled_credit_to_application_ratio_sum,structured_missing_or_history_availability,ratio_rate_numeric,previous_application_history,63.99283277671368,54.93188905301165,possible_absence_of_history_or_unknown_record,structured_missing_handling_candidate_later,feature_engineering_and_modeling,no
prev_canceled_credit_to_application_ratio_mean,structured_missing_or_history_availability,ratio_rate_numeric,previous_application_history,97.38448380708333,96.70933858526178,possible_absence_of_history_or_unknown_record,structured_missing_handling_candidate_later,feature_engineering_and_modeling,no
prev_canceled_credit_to_application_ratio_max,structured_missing_or_history_availability,ratio_rate_numeric,previous_application_history,97.38448380708333,96.70933858526178,possible_absence_of_history_or_unknown_record,structured_missing_handling_candidate_later,feature_engineering_and_modeling,no
prev_canceled_annuity_to_credit_ratio_sum,structured_missing_or_history_availability,ratio_rate_numeric,previous_application_history,63.99283277671368,54.93188905301165,possible_absence_of_history_or_unknown_record,structured_missing_handling_candidate_later,feature_engineering_and_modeling,no
prev_canceled_annuity_to_credit_ratio_mean,structured_missing_or_history_availability,ratio_rate_numeric,previous_application_history,97.44139234043661,96.7647300180535,possible_absence_of_history_or_unknown_record,structured_missing_handling_candidate_later,feature_engineering_and_modeling,no
prev_canceled_annuity_to_credit_ratio_max,structured_missing_or_history_availability,ratio_rate_numeric,previous_application_history,97.44139234043661,96.7647300180535,possible_absence_of_history_or_unknown_record,structured_missing_handling_candidate_later,feature_engineering_and_modeling,no
prev_canceled_application_credit_diff_sum,structured_missing_or_history_availability,continuous_stat_numeric,previous_application_history,63.99283277671368,54.93188905301165,possible_absence_of_history_or_unknown_record,structured_missing_handling_candidate_later,feature_engineering_and_modeling,no
prev_canceled_application_credit_diff_mean,structured_missing_or_history_availability,continuous_stat_numeric,previous_application_history,63.99283277671368,54.93188905301165,possible_absence_of_history_or_unknown_record,structured_missing_handling_candidate_later,feature_engineering_and_modeling,no
prev_canceled_application_credit_diff_max,structured_missing_or_history_availability,continuous_stat_numeric,previous_application_history,63.99283277671368,54.93188905301165,possible_absence_of_history_or_unknown_record,structured_missing_handling_candidate_later,feature_engineering_and_modeling,no
prev_canceled_recent_12m_count,structured_missing_or_history_availability,discrete_count_numeric,previous_application_history,63.99283277671368,54.93188905301165,possible_absence_of_history_or_unknown_record,structured_missing_handling_candidate_later,feature_engineering_and_modeling,no
prev_canceled_recent_24m_count,structured_missing_or_history_availability,discrete_count_numeric,previous_application_history,63.99283277671368,54.93188905301165,possible_absence_of_history_or_unknown_record,structured_missing_handling_candidate_later,feature_engineering_and_modeling,no
prev_unused_offer_application_count,structured_missing_or_history_availability,discrete_count_numeric,previous_application_history,93.81062791249744,93.75102576727392,possible_absence_of_history_or_unknown_record,structured_missing_handling_candidate_later,feature_engineering_and_modeling,no
prev_unused_offer_application_amount_sum,structured_missing_or_history_availability,continuous_amount_numeric,previous_application_history,93.81062791249744,93.75102576727392,possible_absence_of_history_or_unknown_record,structured_missing_handling_candidate_later,feature_engineering_and_modeling,no
prev_unused_offer_application_amount_mean,structured_missing_or_history_availability,continuous_amount_numeric,previous_application_history,93.81062791249744,93.75102576727392,possible_absence_of_history_or_unknown_record,structured_missing_handling_candidate_later,feature_engineering_and_modeling,no
prev_unused_offer_application_amount_max,structured_missing_or_history_availability,continuous_amount_numeric,previous_application_history,93.81062791249744,93.75102576727392,possible_absence_of_history_or_unknown_record,structured_missing_handling_candidate_later,feature_engineering_and_modeling,no
prev_unused_offer_credit_amount_sum,structured_missing_or_history_availability,continuous_amount_numeric,previous_application_history,93.81062791249744,93.75102576727392,possible_absence_of_history_or_unknown_record,structured_missing_handling_candidate_later,feature_engineering_and_modeling,no
prev_unused_offer_credit_amount_mean,structured_missing_or_history_availability,continuous_amount_numeric,previous_application_history,93.81062791249744,93.75102576727392,possible_absence_of_history_or_unknown_record,structured_missing_handling_candidate_later,feature_engineering_and_modeling,no
prev_unused_offer_credit_amount_max,structured_missing_or_history_availability,continuous_amount_numeric,previous_application_history,93.81062791249744,93.75102576727392,possible_absence_of_history_or_unknown_record,structured_missing_handling_candidate_later,feature_engineering_and_modeling,no
prev_unused_offer_annuity_amount_sum,structured_missing_or_history_availability,continuous_amount_numeric,previous_application_history,93.81062791249744,93.75102576727392,possible_absence_of_history_or_unknown_record,structured_missing_handling_candidate_later,feature_engineering_and_modeling,no
prev_unused_offer_annuity_amount_mean,structured_missing_or_history_availability,continuous_amount_numeric,previous_application_history,99.7661872258228,99.75997045790251,possible_absence_of_history_or_unknown_record,structured_missing_handling_candidate_later,feature_engineering_and_modeling,no
prev_unused_offer_annuity_amount_max,structured_missing_or_history_availability,continuous_amount_numeric,previous_application_history,99.7661872258228,99.75997045790251,possible_absence_of_history_or_unknown_record,structured_missing_handling_candidate_later,feature_engineering_and_modeling,no
prev_unused_offer_goods_price_sum,structured_missing_or_history_availability,continuous_amount_numeric,previous_application_history,93.81062791249744,93.75102576727392,possible_absence_of_history_or_unknown_record,structured_missing_handling_candidate_later,feature_engineering_and_modeling,no
prev_unused_offer_goods_price_mean,structured_missing_or_history_availability,continuous_amount_numeric,previous_application_history,93.81192867897408,93.75307730182176,possible_absence_of_history_or_unknown_record,structured_missing_handling_candidate_later,feature_engineering_and_modeling,no
prev_unused_offer_goods_price_max,structured_missing_or_history_availability,continuous_amount_numeric,previous_application_history,93.81192867897408,93.75307730182176,possible_absence_of_history_or_unknown_record,structured_missing_handling_candidate_later,feature_engineering_and_modeling,no
prev_unused_offer_down_payment_sum,structured_missing_or_history_availability,continuous_amount_numeric,previous_application_history,93.81062791249744,93.75102576727392,possible_absence_of_history_or_unknown_record,structured_missing_handling_candidate_later,feature_engineering_and_modeling,no
prev_unused_offer_down_payment_mean,structured_missing_or_history_availability,continuous_amount_numeric,previous_application_history,94.37385979688531,94.29878549154768,possible_absence_of_history_or_unknown_record,structured_missing_handling_candidate_later,feature_engineering_and_modeling,no
prev_unused_offer_down_payment_max,structured_missing_or_history_availability,continuous_amount_numeric,previous_application_history,94.37385979688531,94.29878549154768,possible_absence_of_history_or_unknown_record,structured_missing_handling_candidate_later,feature_engineering_and_modeling,no
prev_unused_offer_cnt_payment_sum,structured_missing_or_history_availability,discrete_count_numeric,previous_application_history,93.81062791249744,93.75102576727392,possible_absence_of_history_or_unknown_record,structured_missing_handling_candidate_later,feature_engineering_and_modeling,no
prev_unused_offer_cnt_payment_mean,structured_missing_or_history_availability,discrete_count_numeric,previous_application_history,99.7661872258228,99.75997045790251,possible_absence_of_history_or_unknown_record,structured_missing_handling_candidate_later,feature_engineering_and_modeling,no
prev_unused_offer_cnt_payment_max,structured_missing_or_history_availability,discrete_count_numeric,previous_application_history,99.7661872258228,99.75997045790251,possible_absence_of_history_or_unknown_record,structured_missing_handling_candidate_later,feature_engineering_and_modeling,no
prev_unused_offer_credit_to_application_ratio_sum,structured_missing_or_history_availability,ratio_rate_numeric,previous_application_history,93.81062791249744,93.75102576727392,possible_absence_of_history_or_unknown_record,structured_missing_handling_candidate_later,feature_engineering_and_modeling,no
prev_unused_offer_credit_to_application_ratio_mean,structured_missing_or_history_availability,ratio_rate_numeric,previous_application_history,93.91468923062915,93.86180863285738,possible_absence_of_history_or_unknown_record,structured_missing_handling_candidate_later,feature_engineering_and_modeling,no
prev_unused_offer_credit_to_application_ratio_max,structured_missing_or_history_availability,ratio_rate_numeric,previous_application_history,93.91468923062915,93.86180863285738,possible_absence_of_history_or_unknown_record,structured_missing_handling_candidate_later,feature_engineering_and_modeling,no
prev_unused_offer_annuity_to_credit_ratio_sum,structured_missing_or_history_availability,ratio_rate_numeric,previous_application_history,93.81062791249744,93.75102576727392,possible_absence_of_history_or_unknown_record,structured_missing_handling_candidate_later,feature_engineering_and_modeling,no
prev_unused_offer_annuity_to_credit_ratio_mean,structured_missing_or_history_availability,ratio_rate_numeric,previous_application_history,99.7661872258228,99.75997045790251,possible_absence_of_history_or_unknown_record,structured_missing_handling_candidate_later,feature_engineering_and_modeling,no
prev_unused_offer_annuity_to_credit_ratio_max,structured_missing_or_history_availability,ratio_rate_numeric,previous_application_history,99.7661872258228,99.75997045790251,possible_absence_of_history_or_unknown_record,structured_missing_handling_candidate_later,feature_engineering_and_modeling,no
prev_unused_offer_application_credit_diff_sum,structured_missing_or_history_availability,continuous_stat_numeric,previous_application_history,93.81062791249744,93.75102576727392,possible_absence_of_history_or_unknown_record,structured_missing_handling_candidate_later,feature_engineering_and_modeling,no
prev_unused_offer_application_credit_diff_mean,structured_missing_or_history_availability,continuous_stat_numeric,previous_application_history,93.81062791249744,93.75102576727392,possible_absence_of_history_or_unknown_record,structured_missing_handling_candidate_later,feature_engineering_and_modeling,no
prev_unused_offer_application_credit_diff_max,structured_missing_or_history_availability,continuous_stat_numeric,previous_application_history,93.81062791249744,93.75102576727392,possible_absence_of_history_or_unknown_record,structured_missing_handling_candidate_later,feature_engineering_and_modeling,no
prev_unused_offer_recent_12m_count,structured_missing_or_history_availability,discrete_count_numeric,previous_application_history,93.81062791249744,93.75102576727392,possible_absence_of_history_or_unknown_record,structured_missing_handling_candidate_later,feature_engineering_and_modeling,no
prev_unused_offer_recent_24m_count,structured_missing_or_history_availability,discrete_count_numeric,previous_application_history,93.81062791249744,93.75102576727392,possible_absence_of_history_or_unknown_record,structured_missing_handling_candidate_later,feature_engineering_and_modeling,no
prev_latest_approved_flag,structured_missing_or_history_availability,binary_flag,previous_application_history,5.350702901684818,1.9366486131626455,possible_absence_of_history_or_unknown_record,structured_missing_handling_candidate_later,feature_engineering_and_modeling,no
prev_latest_refused_flag,structured_missing_or_history_availability,binary_flag,previous_application_history,5.350702901684818,1.9366486131626455,possible_absence_of_history_or_unknown_record,structured_missing_handling_candidate_later,feature_engineering_and_modeling,no
prev_latest_canceled_flag,structured_missing_or_history_availability,binary_flag,previous_application_history,5.350702901684818,1.9366486131626455,possible_absence_of_history_or_unknown_record,structured_missing_handling_candidate_later,feature_engineering_and_modeling,no
prev_latest_unused_offer_flag,structured_missing_or_history_availability,binary_flag,previous_application_history,5.350702901684818,1.9366486131626455,possible_absence_of_history_or_unknown_record,structured_missing_handling_candidate_later,feature_engineering_and_modeling,no
prev_latest_cash_loan_flag,structured_missing_or_history_availability,binary_flag,previous_application_history,5.350702901684818,1.9366486131626455,possible_absence_of_history_or_unknown_record,structured_missing_handling_candidate_later,feature_engineering_and_modeling,no
prev_latest_consumer_loan_flag,structured_missing_or_history_availability,binary_flag,previous_application_history,5.350702901684818,1.9366486131626455,possible_absence_of_history_or_unknown_record,structured_missing_handling_candidate_later,feature_engineering_and_modeling,no
prev_latest_revolving_loan_flag,structured_missing_or_history_availability,binary_flag,previous_application_history,5.350702901684818,1.9366486131626455,possible_absence_of_history_or_unknown_record,structured_missing_handling_candidate_later,feature_engineering_and_modeling,no
prev_latest_application_amount,structured_missing_or_history_availability,continuous_amount_numeric,previous_application_history,5.350702901684818,1.9366486131626455,possible_absence_of_history_or_unknown_record,structured_missing_handling_candidate_later,feature_engineering_and_modeling,no
prev_latest_credit_amount,structured_missing_or_history_availability,continuous_amount_numeric,previous_application_history,5.350702901684818,1.9366486131626455,possible_absence_of_history_or_unknown_record,structured_missing_handling_candidate_later,feature_engineering_and_modeling,no
prev_latest_annuity_amount,structured_missing_or_history_availability,continuous_amount_numeric,previous_application_history,32.38290662773039,31.97726899720991,possible_absence_of_history_or_unknown_record,structured_missing_handling_candidate_later,feature_engineering_and_modeling,no
prev_latest_goods_price,structured_missing_or_history_availability,continuous_amount_numeric,previous_application_history,32.113973158683756,31.322829476448383,possible_absence_of_history_or_unknown_record,structured_missing_handling_candidate_later,feature_engineering_and_modeling,no
prev_latest_down_payment,structured_missing_or_history_availability,continuous_amount_numeric,previous_application_history,57.473716387381266,56.895207615296236,possible_absence_of_history_or_unknown_record,structured_missing_handling_candidate_later,feature_engineering_and_modeling,no
prev_latest_credit_to_application_ratio,structured_missing_or_history_availability,ratio_rate_numeric,previous_application_history,32.29250335760347,31.60388970950271,possible_absence_of_history_or_unknown_record,structured_missing_handling_candidate_later,feature_engineering_and_modeling,no
prev_latest_annuity_to_credit_ratio,structured_missing_or_history_availability,ratio_rate_numeric,previous_application_history,32.480138921859705,32.20088626292467,possible_absence_of_history_or_unknown_record,structured_missing_handling_candidate_later,feature_engineering_and_modeling,no
prev_latest_down_payment_ratio,structured_missing_or_history_availability,ratio_rate_numeric,previous_application_history,57.47404157900042,56.895207615296236,possible_absence_of_history_or_unknown_record,structured_missing_handling_candidate_later,feature_engineering_and_modeling,no
prev_latest_application_credit_diff,structured_missing_or_history_availability,continuous_stat_numeric,previous_application_history,5.350702901684818,1.9366486131626455,possible_absence_of_history_or_unknown_record,structured_missing_handling_candidate_later,feature_engineering_and_modeling,no
prev_latest_days_decision,structured_missing_or_history_availability,date_duration_numeric,previous_application_history,5.350702901684818,1.9366486131626455,possible_absence_of_history_or_unknown_record,structured_missing_handling_candidate_later,feature_engineering_and_modeling,no
prev_latest_cnt_payment,structured_missing_or_history_availability,discrete_count_numeric,previous_application_history,32.3819310528729,31.97726899720991,possible_absence_of_history_or_unknown_record,structured_missing_handling_candidate_later,feature_engineering_and_modeling,no
prev_latest_hour_process,structured_missing_or_history_availability,cyclical_time,previous_application_history,5.350702901684818,1.9366486131626455,possible_absence_of_history_or_unknown_record,structured_missing_handling_candidate_later,feature_engineering_and_modeling,no
prev_latest_sellerplace_area,structured_missing_or_history_availability,continuous_amount_numeric,previous_application_history,5.350702901684818,1.9366486131626455,possible_absence_of_history_or_unknown_record,structured_missing_handling_candidate_later,feature_engineering_and_modeling,no
prev_latest_last_appl_in_day,structured_missing_or_history_availability,binary_flag,previous_application_history,5.350702901684818,1.9366486131626455,possible_absence_of_history_or_unknown_record,structured_missing_handling_candidate_later,feature_engineering_and_modeling,no
prev_latest_insured_on_approval,structured_missing_or_history_availability,binary_flag,previous_application_history,43.82770047250342,44.99630723781389,possible_absence_of_history_or_unknown_record,structured_missing_handling_candidate_later,feature_engineering_and_modeling,no
prev_latest_has_down_payment,structured_missing_or_history_availability,binary_flag,previous_application_history,5.350702901684818,1.9366486131626455,possible_absence_of_history_or_unknown_record,structured_missing_handling_candidate_later,feature_engineering_and_modeling,no
prev_latest_has_interest_rate,structured_missing_or_history_availability,binary_flag,previous_application_history,5.350702901684818,1.9366486131626455,possible_absence_of_history_or_unknown_record,structured_missing_handling_candidate_later,feature_engineering_and_modeling,no
has_pos_cash_history,structured_missing_or_history_availability,binary_flag,pos_cash_history,0.0,0.0,possible_absence_of_history_or_unknown_record,structured_missing_handling_candidate_later,feature_engineering_and_modeling,no
pos_contract_count,structured_missing_or_history_availability,discrete_count_numeric,pos_cash_history,5.8752369833924645,1.9202363367799113,possible_absence_of_history_or_unknown_record,structured_missing_handling_candidate_later,feature_engineering_and_modeling,no
pos_month_record_count_sum,structured_missing_or_history_availability,discrete_count_numeric,pos_cash_history,5.8752369833924645,1.9202363367799113,possible_absence_of_history_or_unknown_record,structured_missing_handling_candidate_later,feature_engineering_and_modeling,no
pos_month_record_count_mean,structured_missing_or_history_availability,discrete_count_numeric,pos_cash_history,5.8752369833924645,1.9202363367799113,possible_absence_of_history_or_unknown_record,structured_missing_handling_candidate_later,feature_engineering_and_modeling,no
pos_month_record_count_max,structured_missing_or_history_availability,discrete_count_numeric,pos_cash_history,5.8752369833924645,1.9202363367799113,possible_absence_of_history_or_unknown_record,structured_missing_handling_candidate_later,feature_engineering_and_modeling,no
pos_month_min,structured_missing_or_history_availability,date_duration_numeric,pos_cash_history,5.8752369833924645,1.9202363367799113,possible_absence_of_history_or_unknown_record,structured_missing_handling_candidate_later,feature_engineering_and_modeling,no
pos_month_max,structured_missing_or_history_availability,date_duration_numeric,pos_cash_history,5.8752369833924645,1.9202363367799113,possible_absence_of_history_or_unknown_record,structured_missing_handling_candidate_later,feature_engineering_and_modeling,no
pos_month_span_mean,structured_missing_or_history_availability,date_duration_numeric,pos_cash_history,5.8752369833924645,1.9202363367799113,possible_absence_of_history_or_unknown_record,structured_missing_handling_candidate_later,feature_engineering_and_modeling,no
pos_month_span_max,structured_missing_or_history_availability,date_duration_numeric,pos_cash_history,5.8752369833924645,1.9202363367799113,possible_absence_of_history_or_unknown_record,structured_missing_handling_candidate_later,feature_engineering_and_modeling,no
pos_month_count_sum,structured_missing_or_history_availability,discrete_count_numeric,pos_cash_history,5.8752369833924645,1.9202363367799113,possible_absence_of_history_or_unknown_record,structured_missing_handling_candidate_later,feature_engineering_and_modeling,no
pos_month_count_mean,structured_missing_or_history_availability,discrete_count_numeric,pos_cash_history,5.8752369833924645,1.9202363367799113,possible_absence_of_history_or_unknown_record,structured_missing_handling_candidate_later,feature_engineering_and_modeling,no
pos_month_count_max,structured_missing_or_history_availability,discrete_count_numeric,pos_cash_history,5.8752369833924645,1.9202363367799113,possible_absence_of_history_or_unknown_record,structured_missing_handling_candidate_later,feature_engineering_and_modeling,no
pos_status_active_count_sum,structured_missing_or_history_availability,discrete_count_numeric,pos_cash_history,5.8752369833924645,1.9202363367799113,possible_absence_of_history_or_unknown_record,structured_missing_handling_candidate_later,feature_engineering_and_modeling,no
pos_status_active_count_mean,structured_missing_or_history_availability,ratio_rate_numeric,pos_cash_history,5.8752369833924645,1.9202363367799113,possible_absence_of_history_or_unknown_record,structured_missing_handling_candidate_later,feature_engineering_and_modeling,no
pos_status_active_count_max,structured_missing_or_history_availability,discrete_count_numeric,pos_cash_history,5.8752369833924645,1.9202363367799113,possible_absence_of_history_or_unknown_record,structured_missing_handling_candidate_later,feature_engineering_and_modeling,no
pos_status_completed_count_sum,structured_missing_or_history_availability,discrete_count_numeric,pos_cash_history,5.8752369833924645,1.9202363367799113,possible_absence_of_history_or_unknown_record,structured_missing_handling_candidate_later,feature_engineering_and_modeling,no
pos_status_completed_count_mean,structured_missing_or_history_availability,ratio_rate_numeric,pos_cash_history,5.8752369833924645,1.9202363367799113,possible_absence_of_history_or_unknown_record,structured_missing_handling_candidate_later,feature_engineering_and_modeling,no
pos_status_completed_count_max,structured_missing_or_history_availability,discrete_count_numeric,pos_cash_history,5.8752369833924645,1.9202363367799113,possible_absence_of_history_or_unknown_record,structured_missing_handling_candidate_later,feature_engineering_and_modeling,no
pos_status_signed_count_sum,structured_missing_or_history_availability,discrete_count_numeric,pos_cash_history,5.8752369833924645,1.9202363367799113,possible_absence_of_history_or_unknown_record,structured_missing_handling_candidate_later,feature_engineering_and_modeling,no
pos_status_signed_count_mean,structured_missing_or_history_availability,ratio_rate_numeric,pos_cash_history,5.8752369833924645,1.9202363367799113,possible_absence_of_history_or_unknown_record,structured_missing_handling_candidate_later,feature_engineering_and_modeling,no
pos_status_signed_count_max,structured_missing_or_history_availability,discrete_count_numeric,pos_cash_history,5.8752369833924645,1.9202363367799113,possible_absence_of_history_or_unknown_record,structured_missing_handling_candidate_later,feature_engineering_and_modeling,no
pos_status_demand_count_sum,structured_missing_or_history_availability,discrete_count_numeric,pos_cash_history,5.8752369833924645,1.9202363367799113,possible_absence_of_history_or_unknown_record,structured_missing_handling_candidate_later,feature_engineering_and_modeling,no
pos_status_demand_count_mean,structured_missing_or_history_availability,ratio_rate_numeric,pos_cash_history,5.8752369833924645,1.9202363367799113,possible_absence_of_history_or_unknown_record,structured_missing_handling_candidate_later,feature_engineering_and_modeling,no
pos_status_demand_count_max,structured_missing_or_history_availability,discrete_count_numeric,pos_cash_history,5.8752369833924645,1.9202363367799113,possible_absence_of_history_or_unknown_record,structured_missing_handling_candidate_later,feature_engineering_and_modeling,no
pos_status_returned_to_store_count_sum,structured_missing_or_history_availability,ratio_rate_numeric,pos_cash_history,5.8752369833924645,1.9202363367799113,possible_absence_of_history_or_unknown_record,structured_missing_handling_candidate_later,feature_engineering_and_modeling,no
pos_status_returned_to_store_count_mean,structured_missing_or_history_availability,ratio_rate_numeric,pos_cash_history,5.8752369833924645,1.9202363367799113,possible_absence_of_history_or_unknown_record,structured_missing_handling_candidate_later,feature_engineering_and_modeling,no
pos_status_returned_to_store_count_max,structured_missing_or_history_availability,ratio_rate_numeric,pos_cash_history,5.8752369833924645,1.9202363367799113,possible_absence_of_history_or_unknown_record,structured_missing_handling_candidate_later,feature_engineering_and_modeling,no
pos_status_approved_count_sum,structured_missing_or_history_availability,discrete_count_numeric,pos_cash_history,5.8752369833924645,1.9202363367799113,possible_absence_of_history_or_unknown_record,structured_missing_handling_candidate_later,feature_engineering_and_modeling,no
pos_status_approved_count_mean,structured_missing_or_history_availability,ratio_rate_numeric,pos_cash_history,5.8752369833924645,1.9202363367799113,possible_absence_of_history_or_unknown_record,structured_missing_handling_candidate_later,feature_engineering_and_modeling,no
pos_status_approved_count_max,structured_missing_or_history_availability,discrete_count_numeric,pos_cash_history,5.8752369833924645,1.9202363367799113,possible_absence_of_history_or_unknown_record,structured_missing_handling_candidate_later,feature_engineering_and_modeling,no
pos_status_canceled_count_sum,structured_missing_or_history_availability,binary_flag,pos_cash_history,5.8752369833924645,1.9202363367799113,possible_absence_of_history_or_unknown_record,structured_missing_handling_candidate_later,feature_engineering_and_modeling,no
pos_status_canceled_count_mean,structured_missing_or_history_availability,ratio_rate_numeric,pos_cash_history,5.8752369833924645,1.9202363367799113,possible_absence_of_history_or_unknown_record,structured_missing_handling_candidate_later,feature_engineering_and_modeling,no
pos_status_canceled_count_max,structured_missing_or_history_availability,binary_flag,pos_cash_history,5.8752369833924645,1.9202363367799113,possible_absence_of_history_or_unknown_record,structured_missing_handling_candidate_later,feature_engineering_and_modeling,no
pos_status_amortized_debt_count_sum,structured_missing_or_history_availability,discrete_count_numeric,pos_cash_history,5.8752369833924645,1.9202363367799113,possible_absence_of_history_or_unknown_record,structured_missing_handling_candidate_later,feature_engineering_and_modeling,no
pos_status_amortized_debt_count_mean,structured_missing_or_history_availability,ratio_rate_numeric,pos_cash_history,5.8752369833924645,1.9202363367799113,possible_absence_of_history_or_unknown_record,structured_missing_handling_candidate_later,feature_engineering_and_modeling,no
pos_status_amortized_debt_count_max,structured_missing_or_history_availability,discrete_count_numeric,pos_cash_history,5.8752369833924645,1.9202363367799113,possible_absence_of_history_or_unknown_record,structured_missing_handling_candidate_later,feature_engineering_and_modeling,no
pos_has_dpd_count_sum,structured_missing_or_history_availability,discrete_count_numeric,pos_cash_history,5.8752369833924645,1.9202363367799113,possible_absence_of_history_or_unknown_record,structured_missing_handling_candidate_later,feature_engineering_and_modeling,no
pos_has_dpd_count_mean,structured_missing_or_history_availability,ratio_rate_numeric,pos_cash_history,5.8752369833924645,1.9202363367799113,possible_absence_of_history_or_unknown_record,structured_missing_handling_candidate_later,feature_engineering_and_modeling,no
pos_has_dpd_count_max,structured_missing_or_history_availability,discrete_count_numeric,pos_cash_history,5.8752369833924645,1.9202363367799113,possible_absence_of_history_or_unknown_record,structured_missing_handling_candidate_later,feature_engineering_and_modeling,no
pos_dpd_30plus_count_sum,structured_missing_or_history_availability,discrete_count_numeric,pos_cash_history,5.8752369833924645,1.9202363367799113,possible_absence_of_history_or_unknown_record,structured_missing_handling_candidate_later,feature_engineering_and_modeling,no
pos_dpd_30plus_count_mean,structured_missing_or_history_availability,discrete_count_numeric,pos_cash_history,5.8752369833924645,1.9202363367799113,possible_absence_of_history_or_unknown_record,structured_missing_handling_candidate_later,feature_engineering_and_modeling,no
pos_dpd_30plus_count_max,structured_missing_or_history_availability,discrete_count_numeric,pos_cash_history,5.8752369833924645,1.9202363367799113,possible_absence_of_history_or_unknown_record,structured_missing_handling_candidate_later,feature_engineering_and_modeling,no
pos_dpd_60plus_count_sum,structured_missing_or_history_availability,discrete_count_numeric,pos_cash_history,5.8752369833924645,1.9202363367799113,possible_absence_of_history_or_unknown_record,structured_missing_handling_candidate_later,feature_engineering_and_modeling,no
pos_dpd_60plus_count_mean,structured_missing_or_history_availability,discrete_count_numeric,pos_cash_history,5.8752369833924645,1.9202363367799113,possible_absence_of_history_or_unknown_record,structured_missing_handling_candidate_later,feature_engineering_and_modeling,no
pos_dpd_60plus_count_max,structured_missing_or_history_availability,discrete_count_numeric,pos_cash_history,5.8752369833924645,1.9202363367799113,possible_absence_of_history_or_unknown_record,structured_missing_handling_candidate_later,feature_engineering_and_modeling,no
pos_dpd_90plus_count_sum,structured_missing_or_history_availability,discrete_count_numeric,pos_cash_history,5.8752369833924645,1.9202363367799113,possible_absence_of_history_or_unknown_record,structured_missing_handling_candidate_later,feature_engineering_and_modeling,no
pos_dpd_90plus_count_mean,structured_missing_or_history_availability,discrete_count_numeric,pos_cash_history,5.8752369833924645,1.9202363367799113,possible_absence_of_history_or_unknown_record,structured_missing_handling_candidate_later,feature_engineering_and_modeling,no
pos_dpd_90plus_count_max,structured_missing_or_history_availability,discrete_count_numeric,pos_cash_history,5.8752369833924645,1.9202363367799113,possible_absence_of_history_or_unknown_record,structured_missing_handling_candidate_later,feature_engineering_and_modeling,no
pos_has_dpd_def_count_sum,structured_missing_or_history_availability,discrete_count_numeric,pos_cash_history,5.8752369833924645,1.9202363367799113,possible_absence_of_history_or_unknown_record,structured_missing_handling_candidate_later,feature_engineering_and_modeling,no
pos_has_dpd_def_count_mean,structured_missing_or_history_availability,ratio_rate_numeric,pos_cash_history,5.8752369833924645,1.9202363367799113,possible_absence_of_history_or_unknown_record,structured_missing_handling_candidate_later,feature_engineering_and_modeling,no
pos_has_dpd_def_count_max,structured_missing_or_history_availability,discrete_count_numeric,pos_cash_history,5.8752369833924645,1.9202363367799113,possible_absence_of_history_or_unknown_record,structured_missing_handling_candidate_later,feature_engineering_and_modeling,no
pos_dpd_def_30plus_count_sum,structured_missing_or_history_availability,discrete_count_numeric,pos_cash_history,5.8752369833924645,1.9202363367799113,possible_absence_of_history_or_unknown_record,structured_missing_handling_candidate_later,feature_engineering_and_modeling,no
pos_dpd_def_30plus_count_mean,structured_missing_or_history_availability,discrete_count_numeric,pos_cash_history,5.8752369833924645,1.9202363367799113,possible_absence_of_history_or_unknown_record,structured_missing_handling_candidate_later,feature_engineering_and_modeling,no
pos_dpd_def_30plus_count_max,structured_missing_or_history_availability,discrete_count_numeric,pos_cash_history,5.8752369833924645,1.9202363367799113,possible_absence_of_history_or_unknown_record,structured_missing_handling_candidate_later,feature_engineering_and_modeling,no
pos_dpd_def_60plus_count_sum,structured_missing_or_history_availability,discrete_count_numeric,pos_cash_history,5.8752369833924645,1.9202363367799113,possible_absence_of_history_or_unknown_record,structured_missing_handling_candidate_later,feature_engineering_and_modeling,no
pos_dpd_def_60plus_count_mean,structured_missing_or_history_availability,discrete_count_numeric,pos_cash_history,5.8752369833924645,1.9202363367799113,possible_absence_of_history_or_unknown_record,structured_missing_handling_candidate_later,feature_engineering_and_modeling,no
pos_dpd_def_60plus_count_max,structured_missing_or_history_availability,discrete_count_numeric,pos_cash_history,5.8752369833924645,1.9202363367799113,possible_absence_of_history_or_unknown_record,structured_missing_handling_candidate_later,feature_engineering_and_modeling,no
pos_dpd_def_90plus_count_sum,structured_missing_or_history_availability,discrete_count_numeric,pos_cash_history,5.8752369833924645,1.9202363367799113,possible_absence_of_history_or_unknown_record,structured_missing_handling_candidate_later,feature_engineering_and_modeling,no
pos_dpd_def_90plus_count_mean,structured_missing_or_history_availability,discrete_count_numeric,pos_cash_history,5.8752369833924645,1.9202363367799113,possible_absence_of_history_or_unknown_record,structured_missing_handling_candidate_later,feature_engineering_and_modeling,no
pos_dpd_def_90plus_count_max,structured_missing_or_history_availability,discrete_count_numeric,pos_cash_history,5.8752369833924645,1.9202363367799113,possible_absence_of_history_or_unknown_record,structured_missing_handling_candidate_later,feature_engineering_and_modeling,no
pos_is_recent_6m_count_sum,structured_missing_or_history_availability,discrete_count_numeric,pos_cash_history,5.8752369833924645,1.9202363367799113,possible_absence_of_history_or_unknown_record,structured_missing_handling_candidate_later,feature_engineering_and_modeling,no
pos_is_recent_6m_count_mean,structured_missing_or_history_availability,ratio_rate_numeric,pos_cash_history,5.8752369833924645,1.9202363367799113,possible_absence_of_history_or_unknown_record,structured_missing_handling_candidate_later,feature_engineering_and_modeling,no
pos_is_recent_6m_count_max,structured_missing_or_history_availability,discrete_count_numeric,pos_cash_history,5.8752369833924645,1.9202363367799113,possible_absence_of_history_or_unknown_record,structured_missing_handling_candidate_later,feature_engineering_and_modeling,no
pos_is_recent_12m_count_sum,structured_missing_or_history_availability,discrete_count_numeric,pos_cash_history,5.8752369833924645,1.9202363367799113,possible_absence_of_history_or_unknown_record,structured_missing_handling_candidate_later,feature_engineering_and_modeling,no
pos_is_recent_12m_count_mean,structured_missing_or_history_availability,ratio_rate_numeric,pos_cash_history,5.8752369833924645,1.9202363367799113,possible_absence_of_history_or_unknown_record,structured_missing_handling_candidate_later,feature_engineering_and_modeling,no
pos_is_recent_12m_count_max,structured_missing_or_history_availability,discrete_count_numeric,pos_cash_history,5.8752369833924645,1.9202363367799113,possible_absence_of_history_or_unknown_record,structured_missing_handling_candidate_later,feature_engineering_and_modeling,no
pos_is_recent_24m_count_sum,structured_missing_or_history_availability,discrete_count_numeric,pos_cash_history,5.8752369833924645,1.9202363367799113,possible_absence_of_history_or_unknown_record,structured_missing_handling_candidate_later,feature_engineering_and_modeling,no
pos_is_recent_24m_count_mean,structured_missing_or_history_availability,ratio_rate_numeric,pos_cash_history,5.8752369833924645,1.9202363367799113,possible_absence_of_history_or_unknown_record,structured_missing_handling_candidate_later,feature_engineering_and_modeling,no
pos_is_recent_24m_count_max,structured_missing_or_history_availability,discrete_count_numeric,pos_cash_history,5.8752369833924645,1.9202363367799113,possible_absence_of_history_or_unknown_record,structured_missing_handling_candidate_later,feature_engineering_and_modeling,no
pos_recent_6m_has_dpd_count_sum,structured_missing_or_history_availability,discrete_count_numeric,pos_cash_history,5.8752369833924645,1.9202363367799113,possible_absence_of_history_or_unknown_record,structured_missing_handling_candidate_later,feature_engineering_and_modeling,no
pos_recent_6m_has_dpd_count_mean,structured_missing_or_history_availability,ratio_rate_numeric,pos_cash_history,5.8752369833924645,1.9202363367799113,possible_absence_of_history_or_unknown_record,structured_missing_handling_candidate_later,feature_engineering_and_modeling,no
pos_recent_6m_has_dpd_count_max,structured_missing_or_history_availability,discrete_count_numeric,pos_cash_history,5.8752369833924645,1.9202363367799113,possible_absence_of_history_or_unknown_record,structured_missing_handling_candidate_later,feature_engineering_and_modeling,no
pos_recent_12m_has_dpd_count_sum,structured_missing_or_history_availability,discrete_count_numeric,pos_cash_history,5.8752369833924645,1.9202363367799113,possible_absence_of_history_or_unknown_record,structured_missing_handling_candidate_later,feature_engineering_and_modeling,no
pos_recent_12m_has_dpd_count_mean,structured_missing_or_history_availability,ratio_rate_numeric,pos_cash_history,5.8752369833924645,1.9202363367799113,possible_absence_of_history_or_unknown_record,structured_missing_handling_candidate_later,feature_engineering_and_modeling,no
pos_recent_12m_has_dpd_count_max,structured_missing_or_history_availability,discrete_count_numeric,pos_cash_history,5.8752369833924645,1.9202363367799113,possible_absence_of_history_or_unknown_record,structured_missing_handling_candidate_later,feature_engineering_and_modeling,no
pos_recent_24m_has_dpd_count_sum,structured_missing_or_history_availability,discrete_count_numeric,pos_cash_history,5.8752369833924645,1.9202363367799113,possible_absence_of_history_or_unknown_record,structured_missing_handling_candidate_later,feature_engineering_and_modeling,no
pos_recent_24m_has_dpd_count_mean,structured_missing_or_history_availability,ratio_rate_numeric,pos_cash_history,5.8752369833924645,1.9202363367799113,possible_absence_of_history_or_unknown_record,structured_missing_handling_candidate_later,feature_engineering_and_modeling,no
pos_recent_24m_has_dpd_count_max,structured_missing_or_history_availability,discrete_count_numeric,pos_cash_history,5.8752369833924645,1.9202363367799113,possible_absence_of_history_or_unknown_record,structured_missing_handling_candidate_later,feature_engineering_and_modeling,no
pos_recent_6m_has_dpd_def_count_sum,structured_missing_or_history_availability,discrete_count_numeric,pos_cash_history,5.8752369833924645,1.9202363367799113,possible_absence_of_history_or_unknown_record,structured_missing_handling_candidate_later,feature_engineering_and_modeling,no
pos_recent_6m_has_dpd_def_count_mean,structured_missing_or_history_availability,ratio_rate_numeric,pos_cash_history,5.8752369833924645,1.9202363367799113,possible_absence_of_history_or_unknown_record,structured_missing_handling_candidate_later,feature_engineering_and_modeling,no
pos_recent_6m_has_dpd_def_count_max,structured_missing_or_history_availability,discrete_count_numeric,pos_cash_history,5.8752369833924645,1.9202363367799113,possible_absence_of_history_or_unknown_record,structured_missing_handling_candidate_later,feature_engineering_and_modeling,no
pos_recent_12m_has_dpd_def_count_sum,structured_missing_or_history_availability,discrete_count_numeric,pos_cash_history,5.8752369833924645,1.9202363367799113,possible_absence_of_history_or_unknown_record,structured_missing_handling_candidate_later,feature_engineering_and_modeling,no
pos_recent_12m_has_dpd_def_count_mean,structured_missing_or_history_availability,ratio_rate_numeric,pos_cash_history,5.8752369833924645,1.9202363367799113,possible_absence_of_history_or_unknown_record,structured_missing_handling_candidate_later,feature_engineering_and_modeling,no
pos_recent_12m_has_dpd_def_count_max,structured_missing_or_history_availability,discrete_count_numeric,pos_cash_history,5.8752369833924645,1.9202363367799113,possible_absence_of_history_or_unknown_record,structured_missing_handling_candidate_later,feature_engineering_and_modeling,no
pos_recent_24m_has_dpd_def_count_sum,structured_missing_or_history_availability,discrete_count_numeric,pos_cash_history,5.8752369833924645,1.9202363367799113,possible_absence_of_history_or_unknown_record,structured_missing_handling_candidate_later,feature_engineering_and_modeling,no
pos_recent_24m_has_dpd_def_count_mean,structured_missing_or_history_availability,ratio_rate_numeric,pos_cash_history,5.8752369833924645,1.9202363367799113,possible_absence_of_history_or_unknown_record,structured_missing_handling_candidate_later,feature_engineering_and_modeling,no
pos_recent_24m_has_dpd_def_count_max,structured_missing_or_history_availability,discrete_count_numeric,pos_cash_history,5.8752369833924645,1.9202363367799113,possible_absence_of_history_or_unknown_record,structured_missing_handling_candidate_later,feature_engineering_and_modeling,no
pos_missing_cnt_instalment_count_sum,structured_missing_or_history_availability,discrete_count_numeric,pos_cash_history,5.8752369833924645,1.9202363367799113,possible_absence_of_history_or_unknown_record,structured_missing_handling_candidate_later,feature_engineering_and_modeling,no
pos_missing_cnt_instalment_count_mean,structured_missing_or_history_availability,discrete_count_numeric,pos_cash_history,5.8752369833924645,1.9202363367799113,possible_absence_of_history_or_unknown_record,structured_missing_handling_candidate_later,feature_engineering_and_modeling,no
pos_missing_cnt_instalment_count_max,structured_missing_or_history_availability,discrete_count_numeric,pos_cash_history,5.8752369833924645,1.9202363367799113,possible_absence_of_history_or_unknown_record,structured_missing_handling_candidate_later,feature_engineering_and_modeling,no
pos_missing_cnt_instalment_future_count_sum,structured_missing_or_history_availability,discrete_count_numeric,pos_cash_history,5.8752369833924645,1.9202363367799113,possible_absence_of_history_or_unknown_record,structured_missing_handling_candidate_later,feature_engineering_and_modeling,no
pos_missing_cnt_instalment_future_count_mean,structured_missing_or_history_availability,discrete_count_numeric,pos_cash_history,5.8752369833924645,1.9202363367799113,possible_absence_of_history_or_unknown_record,structured_missing_handling_candidate_later,feature_engineering_and_modeling,no
pos_missing_cnt_instalment_future_count_max,structured_missing_or_history_availability,discrete_count_numeric,pos_cash_history,5.8752369833924645,1.9202363367799113,possible_absence_of_history_or_unknown_record,structured_missing_handling_candidate_later,feature_engineering_and_modeling,no
pos_is_near_completion_count_sum,structured_missing_or_history_availability,discrete_count_numeric,pos_cash_history,5.8752369833924645,1.9202363367799113,possible_absence_of_history_or_unknown_record,structured_missing_handling_candidate_later,feature_engineering_and_modeling,no
pos_is_near_completion_count_mean,structured_missing_or_history_availability,ratio_rate_numeric,pos_cash_history,5.8752369833924645,1.9202363367799113,possible_absence_of_history_or_unknown_record,structured_missing_handling_candidate_later,feature_engineering_and_modeling,no
pos_is_near_completion_count_max,structured_missing_or_history_availability,discrete_count_numeric,pos_cash_history,5.8752369833924645,1.9202363367799113,possible_absence_of_history_or_unknown_record,structured_missing_handling_candidate_later,feature_engineering_and_modeling,no
pos_is_completed_by_future_count_sum,structured_missing_or_history_availability,discrete_count_numeric,pos_cash_history,5.8752369833924645,1.9202363367799113,possible_absence_of_history_or_unknown_record,structured_missing_handling_candidate_later,feature_engineering_and_modeling,no
pos_is_completed_by_future_count_mean,structured_missing_or_history_availability,ratio_rate_numeric,pos_cash_history,5.8752369833924645,1.9202363367799113,possible_absence_of_history_or_unknown_record,structured_missing_handling_candidate_later,feature_engineering_and_modeling,no
pos_is_completed_by_future_count_max,structured_missing_or_history_availability,discrete_count_numeric,pos_cash_history,5.8752369833924645,1.9202363367799113,possible_absence_of_history_or_unknown_record,structured_missing_handling_candidate_later,feature_engineering_and_modeling,no
pos_has_future_installment_count_sum,structured_missing_or_history_availability,discrete_count_numeric,pos_cash_history,5.8752369833924645,1.9202363367799113,possible_absence_of_history_or_unknown_record,structured_missing_handling_candidate_later,feature_engineering_and_modeling,no
pos_has_future_installment_count_mean,structured_missing_or_history_availability,ratio_rate_numeric,pos_cash_history,5.8752369833924645,1.9202363367799113,possible_absence_of_history_or_unknown_record,structured_missing_handling_candidate_later,feature_engineering_and_modeling,no
pos_has_future_installment_count_max,structured_missing_or_history_availability,discrete_count_numeric,pos_cash_history,5.8752369833924645,1.9202363367799113,possible_absence_of_history_or_unknown_record,structured_missing_handling_candidate_later,feature_engineering_and_modeling,no
pos_cnt_instalment_unique_count_sum_x,structured_missing_or_history_availability,discrete_count_numeric,pos_cash_history,5.8752369833924645,1.9202363367799113,possible_absence_of_history_or_unknown_record,structured_missing_handling_candidate_later,feature_engineering_and_modeling,no
pos_cnt_instalment_unique_count_mean_x,structured_missing_or_history_availability,discrete_count_numeric,pos_cash_history,5.8752369833924645,1.9202363367799113,possible_absence_of_history_or_unknown_record,structured_missing_handling_candidate_later,feature_engineering_and_modeling,no
pos_cnt_instalment_unique_count_max_x,structured_missing_or_history_availability,discrete_count_numeric,pos_cash_history,5.8752369833924645,1.9202363367799113,possible_absence_of_history_or_unknown_record,structured_missing_handling_candidate_later,feature_engineering_and_modeling,no
pos_latest_paid_installment_count_sum,structured_missing_or_history_availability,discrete_count_numeric,pos_cash_history,5.8752369833924645,1.9202363367799113,possible_absence_of_history_or_unknown_record,structured_missing_handling_candidate_later,feature_engineering_and_modeling,no
pos_latest_paid_installment_count_mean,structured_missing_or_history_availability,discrete_count_numeric,pos_cash_history,5.883041582252342,1.9284424749712787,possible_absence_of_history_or_unknown_record,structured_missing_handling_candidate_later,feature_engineering_and_modeling,no
pos_latest_paid_installment_count_max,structured_missing_or_history_availability,discrete_count_numeric,pos_cash_history,5.883041582252342,1.9284424749712787,possible_absence_of_history_or_unknown_record,structured_missing_handling_candidate_later,feature_engineering_and_modeling,no
pos_status_active_ratio_mean,structured_missing_or_history_availability,ratio_rate_numeric,pos_cash_history,5.8752369833924645,1.9202363367799113,possible_absence_of_history_or_unknown_record,structured_missing_handling_candidate_later,feature_engineering_and_modeling,no
pos_status_active_ratio_max,structured_missing_or_history_availability,ratio_rate_numeric,pos_cash_history,5.8752369833924645,1.9202363367799113,possible_absence_of_history_or_unknown_record,structured_missing_handling_candidate_later,feature_engineering_and_modeling,no
pos_status_active_ratio_min,structured_missing_or_history_availability,ratio_rate_numeric,pos_cash_history,5.8752369833924645,1.9202363367799113,possible_absence_of_history_or_unknown_record,structured_missing_handling_candidate_later,feature_engineering_and_modeling,no
pos_status_completed_ratio_mean,structured_missing_or_history_availability,ratio_rate_numeric,pos_cash_history,5.8752369833924645,1.9202363367799113,possible_absence_of_history_or_unknown_record,structured_missing_handling_candidate_later,feature_engineering_and_modeling,no
pos_status_completed_ratio_max,structured_missing_or_history_availability,ratio_rate_numeric,pos_cash_history,5.8752369833924645,1.9202363367799113,possible_absence_of_history_or_unknown_record,structured_missing_handling_candidate_later,feature_engineering_and_modeling,no
pos_status_completed_ratio_min,structured_missing_or_history_availability,ratio_rate_numeric,pos_cash_history,5.8752369833924645,1.9202363367799113,possible_absence_of_history_or_unknown_record,structured_missing_handling_candidate_later,feature_engineering_and_modeling,no
pos_status_signed_ratio_mean,structured_missing_or_history_availability,ratio_rate_numeric,pos_cash_history,5.8752369833924645,1.9202363367799113,possible_absence_of_history_or_unknown_record,structured_missing_handling_candidate_later,feature_engineering_and_modeling,no
pos_status_signed_ratio_max,structured_missing_or_history_availability,ratio_rate_numeric,pos_cash_history,5.8752369833924645,1.9202363367799113,possible_absence_of_history_or_unknown_record,structured_missing_handling_candidate_later,feature_engineering_and_modeling,no
pos_status_signed_ratio_min,structured_missing_or_history_availability,ratio_rate_numeric,pos_cash_history,5.8752369833924645,1.9202363367799113,possible_absence_of_history_or_unknown_record,structured_missing_handling_candidate_later,feature_engineering_and_modeling,no
pos_status_demand_ratio_mean,structured_missing_or_history_availability,ratio_rate_numeric,pos_cash_history,5.8752369833924645,1.9202363367799113,possible_absence_of_history_or_unknown_record,structured_missing_handling_candidate_later,feature_engineering_and_modeling,no
pos_status_demand_ratio_max,structured_missing_or_history_availability,ratio_rate_numeric,pos_cash_history,5.8752369833924645,1.9202363367799113,possible_absence_of_history_or_unknown_record,structured_missing_handling_candidate_later,feature_engineering_and_modeling,no
pos_status_demand_ratio_min,structured_missing_or_history_availability,ratio_rate_numeric,pos_cash_history,5.8752369833924645,1.9202363367799113,possible_absence_of_history_or_unknown_record,structured_missing_handling_candidate_later,feature_engineering_and_modeling,no
pos_status_returned_to_store_ratio_mean,structured_missing_or_history_availability,ratio_rate_numeric,pos_cash_history,5.8752369833924645,1.9202363367799113,possible_absence_of_history_or_unknown_record,structured_missing_handling_candidate_later,feature_engineering_and_modeling,no
pos_status_returned_to_store_ratio_max,structured_missing_or_history_availability,ratio_rate_numeric,pos_cash_history,5.8752369833924645,1.9202363367799113,possible_absence_of_history_or_unknown_record,structured_missing_handling_candidate_later,feature_engineering_and_modeling,no
pos_status_returned_to_store_ratio_min,structured_missing_or_history_availability,ratio_rate_numeric,pos_cash_history,5.8752369833924645,1.9202363367799113,possible_absence_of_history_or_unknown_record,structured_missing_handling_candidate_later,feature_engineering_and_modeling,no
pos_status_approved_ratio_mean,structured_missing_or_history_availability,ratio_rate_numeric,pos_cash_history,5.8752369833924645,1.9202363367799113,possible_absence_of_history_or_unknown_record,structured_missing_handling_candidate_later,feature_engineering_and_modeling,no
pos_status_approved_ratio_max,structured_missing_or_history_availability,ratio_rate_numeric,pos_cash_history,5.8752369833924645,1.9202363367799113,possible_absence_of_history_or_unknown_record,structured_missing_handling_candidate_later,feature_engineering_and_modeling,no
pos_status_approved_ratio_min,structured_missing_or_history_availability,ratio_rate_numeric,pos_cash_history,5.8752369833924645,1.9202363367799113,possible_absence_of_history_or_unknown_record,structured_missing_handling_candidate_later,feature_engineering_and_modeling,no
pos_status_canceled_ratio_mean,structured_missing_or_history_availability,ratio_rate_numeric,pos_cash_history,5.8752369833924645,1.9202363367799113,possible_absence_of_history_or_unknown_record,structured_missing_handling_candidate_later,feature_engineering_and_modeling,no
pos_status_canceled_ratio_max,structured_missing_or_history_availability,ratio_rate_numeric,pos_cash_history,5.8752369833924645,1.9202363367799113,possible_absence_of_history_or_unknown_record,structured_missing_handling_candidate_later,feature_engineering_and_modeling,no
pos_status_canceled_ratio_min,structured_missing_or_history_availability,ratio_rate_numeric,pos_cash_history,5.8752369833924645,1.9202363367799113,possible_absence_of_history_or_unknown_record,structured_missing_handling_candidate_later,feature_engineering_and_modeling,no
pos_status_amortized_debt_ratio_mean,structured_missing_or_history_availability,ratio_rate_numeric,pos_cash_history,5.8752369833924645,1.9202363367799113,possible_absence_of_history_or_unknown_record,structured_missing_handling_candidate_later,feature_engineering_and_modeling,no
pos_status_amortized_debt_ratio_max,structured_missing_or_history_availability,ratio_rate_numeric,pos_cash_history,5.8752369833924645,1.9202363367799113,possible_absence_of_history_or_unknown_record,structured_missing_handling_candidate_later,feature_engineering_and_modeling,no
pos_status_amortized_debt_ratio_min,structured_missing_or_history_availability,ratio_rate_numeric,pos_cash_history,5.8752369833924645,1.9202363367799113,possible_absence_of_history_or_unknown_record,structured_missing_handling_candidate_later,feature_engineering_and_modeling,no
pos_has_dpd_ratio_mean,structured_missing_or_history_availability,ratio_rate_numeric,pos_cash_history,5.8752369833924645,1.9202363367799113,possible_absence_of_history_or_unknown_record,structured_missing_handling_candidate_later,feature_engineering_and_modeling,no
pos_has_dpd_ratio_max,structured_missing_or_history_availability,ratio_rate_numeric,pos_cash_history,5.8752369833924645,1.9202363367799113,possible_absence_of_history_or_unknown_record,structured_missing_handling_candidate_later,feature_engineering_and_modeling,no
pos_has_dpd_ratio_min,structured_missing_or_history_availability,ratio_rate_numeric,pos_cash_history,5.8752369833924645,1.9202363367799113,possible_absence_of_history_or_unknown_record,structured_missing_handling_candidate_later,feature_engineering_and_modeling,no
pos_dpd_30plus_ratio_mean,structured_missing_or_history_availability,ratio_rate_numeric,pos_cash_history,5.8752369833924645,1.9202363367799113,possible_absence_of_history_or_unknown_record,structured_missing_handling_candidate_later,feature_engineering_and_modeling,no
pos_dpd_30plus_ratio_max,structured_missing_or_history_availability,ratio_rate_numeric,pos_cash_history,5.8752369833924645,1.9202363367799113,possible_absence_of_history_or_unknown_record,structured_missing_handling_candidate_later,feature_engineering_and_modeling,no
pos_dpd_30plus_ratio_min,structured_missing_or_history_availability,ratio_rate_numeric,pos_cash_history,5.8752369833924645,1.9202363367799113,possible_absence_of_history_or_unknown_record,structured_missing_handling_candidate_later,feature_engineering_and_modeling,no
pos_dpd_60plus_ratio_mean,structured_missing_or_history_availability,ratio_rate_numeric,pos_cash_history,5.8752369833924645,1.9202363367799113,possible_absence_of_history_or_unknown_record,structured_missing_handling_candidate_later,feature_engineering_and_modeling,no
pos_dpd_60plus_ratio_max,structured_missing_or_history_availability,ratio_rate_numeric,pos_cash_history,5.8752369833924645,1.9202363367799113,possible_absence_of_history_or_unknown_record,structured_missing_handling_candidate_later,feature_engineering_and_modeling,no
pos_dpd_60plus_ratio_min,structured_missing_or_history_availability,ratio_rate_numeric,pos_cash_history,5.8752369833924645,1.9202363367799113,possible_absence_of_history_or_unknown_record,structured_missing_handling_candidate_later,feature_engineering_and_modeling,no
pos_dpd_90plus_ratio_mean,structured_missing_or_history_availability,ratio_rate_numeric,pos_cash_history,5.8752369833924645,1.9202363367799113,possible_absence_of_history_or_unknown_record,structured_missing_handling_candidate_later,feature_engineering_and_modeling,no
pos_dpd_90plus_ratio_max,structured_missing_or_history_availability,ratio_rate_numeric,pos_cash_history,5.8752369833924645,1.9202363367799113,possible_absence_of_history_or_unknown_record,structured_missing_handling_candidate_later,feature_engineering_and_modeling,no
pos_dpd_90plus_ratio_min,structured_missing_or_history_availability,ratio_rate_numeric,pos_cash_history,5.8752369833924645,1.9202363367799113,possible_absence_of_history_or_unknown_record,structured_missing_handling_candidate_later,feature_engineering_and_modeling,no
pos_has_dpd_def_ratio_mean,structured_missing_or_history_availability,ratio_rate_numeric,pos_cash_history,5.8752369833924645,1.9202363367799113,possible_absence_of_history_or_unknown_record,structured_missing_handling_candidate_later,feature_engineering_and_modeling,no
pos_has_dpd_def_ratio_max,structured_missing_or_history_availability,ratio_rate_numeric,pos_cash_history,5.8752369833924645,1.9202363367799113,possible_absence_of_history_or_unknown_record,structured_missing_handling_candidate_later,feature_engineering_and_modeling,no
pos_has_dpd_def_ratio_min,structured_missing_or_history_availability,ratio_rate_numeric,pos_cash_history,5.8752369833924645,1.9202363367799113,possible_absence_of_history_or_unknown_record,structured_missing_handling_candidate_later,feature_engineering_and_modeling,no
pos_dpd_def_30plus_ratio_mean,structured_missing_or_history_availability,ratio_rate_numeric,pos_cash_history,5.8752369833924645,1.9202363367799113,possible_absence_of_history_or_unknown_record,structured_missing_handling_candidate_later,feature_engineering_and_modeling,no
pos_dpd_def_30plus_ratio_max,structured_missing_or_history_availability,ratio_rate_numeric,pos_cash_history,5.8752369833924645,1.9202363367799113,possible_absence_of_history_or_unknown_record,structured_missing_handling_candidate_later,feature_engineering_and_modeling,no
pos_dpd_def_30plus_ratio_min,structured_missing_or_history_availability,ratio_rate_numeric,pos_cash_history,5.8752369833924645,1.9202363367799113,possible_absence_of_history_or_unknown_record,structured_missing_handling_candidate_later,feature_engineering_and_modeling,no
pos_dpd_def_60plus_ratio_mean,structured_missing_or_history_availability,ratio_rate_numeric,pos_cash_history,5.8752369833924645,1.9202363367799113,possible_absence_of_history_or_unknown_record,structured_missing_handling_candidate_later,feature_engineering_and_modeling,no
pos_dpd_def_60plus_ratio_max,structured_missing_or_history_availability,ratio_rate_numeric,pos_cash_history,5.8752369833924645,1.9202363367799113,possible_absence_of_history_or_unknown_record,structured_missing_handling_candidate_later,feature_engineering_and_modeling,no
pos_dpd_def_60plus_ratio_min,structured_missing_or_history_availability,ratio_rate_numeric,pos_cash_history,5.8752369833924645,1.9202363367799113,possible_absence_of_history_or_unknown_record,structured_missing_handling_candidate_later,feature_engineering_and_modeling,no
pos_dpd_def_90plus_ratio_mean,structured_missing_or_history_availability,ratio_rate_numeric,pos_cash_history,5.8752369833924645,1.9202363367799113,possible_absence_of_history_or_unknown_record,structured_missing_handling_candidate_later,feature_engineering_and_modeling,no
pos_dpd_def_90plus_ratio_max,structured_missing_or_history_availability,ratio_rate_numeric,pos_cash_history,5.8752369833924645,1.9202363367799113,possible_absence_of_history_or_unknown_record,structured_missing_handling_candidate_later,feature_engineering_and_modeling,no
pos_dpd_def_90plus_ratio_min,structured_missing_or_history_availability,ratio_rate_numeric,pos_cash_history,5.8752369833924645,1.9202363367799113,possible_absence_of_history_or_unknown_record,structured_missing_handling_candidate_later,feature_engineering_and_modeling,no
pos_is_recent_6m_ratio_mean,structured_missing_or_history_availability,ratio_rate_numeric,pos_cash_history,5.8752369833924645,1.9202363367799113,possible_absence_of_history_or_unknown_record,structured_missing_handling_candidate_later,feature_engineering_and_modeling,no
pos_is_recent_6m_ratio_max,structured_missing_or_history_availability,ratio_rate_numeric,pos_cash_history,5.8752369833924645,1.9202363367799113,possible_absence_of_history_or_unknown_record,structured_missing_handling_candidate_later,feature_engineering_and_modeling,no
pos_is_recent_6m_ratio_min,structured_missing_or_history_availability,ratio_rate_numeric,pos_cash_history,5.8752369833924645,1.9202363367799113,possible_absence_of_history_or_unknown_record,structured_missing_handling_candidate_later,feature_engineering_and_modeling,no
pos_is_recent_12m_ratio_mean,structured_missing_or_history_availability,ratio_rate_numeric,pos_cash_history,5.8752369833924645,1.9202363367799113,possible_absence_of_history_or_unknown_record,structured_missing_handling_candidate_later,feature_engineering_and_modeling,no
pos_is_recent_12m_ratio_max,structured_missing_or_history_availability,ratio_rate_numeric,pos_cash_history,5.8752369833924645,1.9202363367799113,possible_absence_of_history_or_unknown_record,structured_missing_handling_candidate_later,feature_engineering_and_modeling,no
pos_is_recent_12m_ratio_min,structured_missing_or_history_availability,ratio_rate_numeric,pos_cash_history,5.8752369833924645,1.9202363367799113,possible_absence_of_history_or_unknown_record,structured_missing_handling_candidate_later,feature_engineering_and_modeling,no
pos_is_recent_24m_ratio_mean,structured_missing_or_history_availability,ratio_rate_numeric,pos_cash_history,5.8752369833924645,1.9202363367799113,possible_absence_of_history_or_unknown_record,structured_missing_handling_candidate_later,feature_engineering_and_modeling,no
pos_is_recent_24m_ratio_max,structured_missing_or_history_availability,ratio_rate_numeric,pos_cash_history,5.8752369833924645,1.9202363367799113,possible_absence_of_history_or_unknown_record,structured_missing_handling_candidate_later,feature_engineering_and_modeling,no
pos_is_recent_24m_ratio_min,structured_missing_or_history_availability,ratio_rate_numeric,pos_cash_history,5.8752369833924645,1.9202363367799113,possible_absence_of_history_or_unknown_record,structured_missing_handling_candidate_later,feature_engineering_and_modeling,no
pos_recent_6m_has_dpd_ratio_mean,structured_missing_or_history_availability,ratio_rate_numeric,pos_cash_history,5.8752369833924645,1.9202363367799113,possible_absence_of_history_or_unknown_record,structured_missing_handling_candidate_later,feature_engineering_and_modeling,no
pos_recent_6m_has_dpd_ratio_max,structured_missing_or_history_availability,ratio_rate_numeric,pos_cash_history,5.8752369833924645,1.9202363367799113,possible_absence_of_history_or_unknown_record,structured_missing_handling_candidate_later,feature_engineering_and_modeling,no
pos_recent_6m_has_dpd_ratio_min,structured_missing_or_history_availability,ratio_rate_numeric,pos_cash_history,5.8752369833924645,1.9202363367799113,possible_absence_of_history_or_unknown_record,structured_missing_handling_candidate_later,feature_engineering_and_modeling,no
pos_recent_12m_has_dpd_ratio_mean,structured_missing_or_history_availability,ratio_rate_numeric,pos_cash_history,5.8752369833924645,1.9202363367799113,possible_absence_of_history_or_unknown_record,structured_missing_handling_candidate_later,feature_engineering_and_modeling,no
pos_recent_12m_has_dpd_ratio_max,structured_missing_or_history_availability,ratio_rate_numeric,pos_cash_history,5.8752369833924645,1.9202363367799113,possible_absence_of_history_or_unknown_record,structured_missing_handling_candidate_later,feature_engineering_and_modeling,no
pos_recent_12m_has_dpd_ratio_min,structured_missing_or_history_availability,ratio_rate_numeric,pos_cash_history,5.8752369833924645,1.9202363367799113,possible_absence_of_history_or_unknown_record,structured_missing_handling_candidate_later,feature_engineering_and_modeling,no
pos_recent_24m_has_dpd_ratio_mean,structured_missing_or_history_availability,ratio_rate_numeric,pos_cash_history,5.8752369833924645,1.9202363367799113,possible_absence_of_history_or_unknown_record,structured_missing_handling_candidate_later,feature_engineering_and_modeling,no
pos_recent_24m_has_dpd_ratio_max,structured_missing_or_history_availability,ratio_rate_numeric,pos_cash_history,5.8752369833924645,1.9202363367799113,possible_absence_of_history_or_unknown_record,structured_missing_handling_candidate_later,feature_engineering_and_modeling,no
pos_recent_24m_has_dpd_ratio_min,structured_missing_or_history_availability,ratio_rate_numeric,pos_cash_history,5.8752369833924645,1.9202363367799113,possible_absence_of_history_or_unknown_record,structured_missing_handling_candidate_later,feature_engineering_and_modeling,no
pos_recent_6m_has_dpd_def_ratio_mean,structured_missing_or_history_availability,ratio_rate_numeric,pos_cash_history,5.8752369833924645,1.9202363367799113,possible_absence_of_history_or_unknown_record,structured_missing_handling_candidate_later,feature_engineering_and_modeling,no
pos_recent_6m_has_dpd_def_ratio_max,structured_missing_or_history_availability,ratio_rate_numeric,pos_cash_history,5.8752369833924645,1.9202363367799113,possible_absence_of_history_or_unknown_record,structured_missing_handling_candidate_later,feature_engineering_and_modeling,no
pos_recent_6m_has_dpd_def_ratio_min,structured_missing_or_history_availability,ratio_rate_numeric,pos_cash_history,5.8752369833924645,1.9202363367799113,possible_absence_of_history_or_unknown_record,structured_missing_handling_candidate_later,feature_engineering_and_modeling,no
pos_recent_12m_has_dpd_def_ratio_mean,structured_missing_or_history_availability,ratio_rate_numeric,pos_cash_history,5.8752369833924645,1.9202363367799113,possible_absence_of_history_or_unknown_record,structured_missing_handling_candidate_later,feature_engineering_and_modeling,no
pos_recent_12m_has_dpd_def_ratio_max,structured_missing_or_history_availability,ratio_rate_numeric,pos_cash_history,5.8752369833924645,1.9202363367799113,possible_absence_of_history_or_unknown_record,structured_missing_handling_candidate_later,feature_engineering_and_modeling,no
pos_recent_12m_has_dpd_def_ratio_min,structured_missing_or_history_availability,ratio_rate_numeric,pos_cash_history,5.8752369833924645,1.9202363367799113,possible_absence_of_history_or_unknown_record,structured_missing_handling_candidate_later,feature_engineering_and_modeling,no
pos_recent_24m_has_dpd_def_ratio_mean,structured_missing_or_history_availability,ratio_rate_numeric,pos_cash_history,5.8752369833924645,1.9202363367799113,possible_absence_of_history_or_unknown_record,structured_missing_handling_candidate_later,feature_engineering_and_modeling,no
pos_recent_24m_has_dpd_def_ratio_max,structured_missing_or_history_availability,ratio_rate_numeric,pos_cash_history,5.8752369833924645,1.9202363367799113,possible_absence_of_history_or_unknown_record,structured_missing_handling_candidate_later,feature_engineering_and_modeling,no
pos_recent_24m_has_dpd_def_ratio_min,structured_missing_or_history_availability,ratio_rate_numeric,pos_cash_history,5.8752369833924645,1.9202363367799113,possible_absence_of_history_or_unknown_record,structured_missing_handling_candidate_later,feature_engineering_and_modeling,no
pos_missing_cnt_instalment_ratio_mean,structured_missing_or_history_availability,ratio_rate_numeric,pos_cash_history,5.8752369833924645,1.9202363367799113,possible_absence_of_history_or_unknown_record,structured_missing_handling_candidate_later,feature_engineering_and_modeling,no
pos_missing_cnt_instalment_ratio_max,structured_missing_or_history_availability,ratio_rate_numeric,pos_cash_history,5.8752369833924645,1.9202363367799113,possible_absence_of_history_or_unknown_record,structured_missing_handling_candidate_later,feature_engineering_and_modeling,no
pos_missing_cnt_instalment_ratio_min,structured_missing_or_history_availability,ratio_rate_numeric,pos_cash_history,5.8752369833924645,1.9202363367799113,possible_absence_of_history_or_unknown_record,structured_missing_handling_candidate_later,feature_engineering_and_modeling,no
pos_missing_cnt_instalment_future_ratio_mean,structured_missing_or_history_availability,ratio_rate_numeric,pos_cash_history,5.8752369833924645,1.9202363367799113,possible_absence_of_history_or_unknown_record,structured_missing_handling_candidate_later,feature_engineering_and_modeling,no
pos_missing_cnt_instalment_future_ratio_max,structured_missing_or_history_availability,ratio_rate_numeric,pos_cash_history,5.8752369833924645,1.9202363367799113,possible_absence_of_history_or_unknown_record,structured_missing_handling_candidate_later,feature_engineering_and_modeling,no
pos_missing_cnt_instalment_future_ratio_min,structured_missing_or_history_availability,ratio_rate_numeric,pos_cash_history,5.8752369833924645,1.9202363367799113,possible_absence_of_history_or_unknown_record,structured_missing_handling_candidate_later,feature_engineering_and_modeling,no
pos_is_near_completion_ratio_mean,structured_missing_or_history_availability,ratio_rate_numeric,pos_cash_history,5.8752369833924645,1.9202363367799113,possible_absence_of_history_or_unknown_record,structured_missing_handling_candidate_later,feature_engineering_and_modeling,no
pos_is_near_completion_ratio_max,structured_missing_or_history_availability,ratio_rate_numeric,pos_cash_history,5.8752369833924645,1.9202363367799113,possible_absence_of_history_or_unknown_record,structured_missing_handling_candidate_later,feature_engineering_and_modeling,no
pos_is_near_completion_ratio_min,structured_missing_or_history_availability,ratio_rate_numeric,pos_cash_history,5.8752369833924645,1.9202363367799113,possible_absence_of_history_or_unknown_record,structured_missing_handling_candidate_later,feature_engineering_and_modeling,no
pos_is_completed_by_future_ratio_mean,structured_missing_or_history_availability,ratio_rate_numeric,pos_cash_history,5.8752369833924645,1.9202363367799113,possible_absence_of_history_or_unknown_record,structured_missing_handling_candidate_later,feature_engineering_and_modeling,no
pos_is_completed_by_future_ratio_max,structured_missing_or_history_availability,ratio_rate_numeric,pos_cash_history,5.8752369833924645,1.9202363367799113,possible_absence_of_history_or_unknown_record,structured_missing_handling_candidate_later,feature_engineering_and_modeling,no
pos_is_completed_by_future_ratio_min,structured_missing_or_history_availability,ratio_rate_numeric,pos_cash_history,5.8752369833924645,1.9202363367799113,possible_absence_of_history_or_unknown_record,structured_missing_handling_candidate_later,feature_engineering_and_modeling,no
pos_has_future_installment_ratio_mean,structured_missing_or_history_availability,ratio_rate_numeric,pos_cash_history,5.8752369833924645,1.9202363367799113,possible_absence_of_history_or_unknown_record,structured_missing_handling_candidate_later,feature_engineering_and_modeling,no
pos_has_future_installment_ratio_max,structured_missing_or_history_availability,ratio_rate_numeric,pos_cash_history,5.8752369833924645,1.9202363367799113,possible_absence_of_history_or_unknown_record,structured_missing_handling_candidate_later,feature_engineering_and_modeling,no
pos_has_future_installment_ratio_min,structured_missing_or_history_availability,ratio_rate_numeric,pos_cash_history,5.8752369833924645,1.9202363367799113,possible_absence_of_history_or_unknown_record,structured_missing_handling_candidate_later,feature_engineering_and_modeling,no
pos_latest_progress_ratio_mean,structured_missing_or_history_availability,ratio_rate_numeric,pos_cash_history,5.883041582252342,1.9284424749712787,possible_absence_of_history_or_unknown_record,structured_missing_handling_candidate_later,feature_engineering_and_modeling,no
pos_latest_progress_ratio_max,structured_missing_or_history_availability,ratio_rate_numeric,pos_cash_history,5.883041582252342,1.9284424749712787,possible_absence_of_history_or_unknown_record,structured_missing_handling_candidate_later,feature_engineering_and_modeling,no
pos_latest_progress_ratio_min,structured_missing_or_history_availability,ratio_rate_numeric,pos_cash_history,5.883041582252342,1.9284424749712787,possible_absence_of_history_or_unknown_record,structured_missing_handling_candidate_later,feature_engineering_and_modeling,no
pos_latest_future_ratio_mean,structured_missing_or_history_availability,ratio_rate_numeric,pos_cash_history,5.883041582252342,1.9284424749712787,possible_absence_of_history_or_unknown_record,structured_missing_handling_candidate_later,feature_engineering_and_modeling,no
pos_latest_future_ratio_max,structured_missing_or_history_availability,ratio_rate_numeric,pos_cash_history,5.883041582252342,1.9284424749712787,possible_absence_of_history_or_unknown_record,structured_missing_handling_candidate_later,feature_engineering_and_modeling,no
pos_latest_future_ratio_min,structured_missing_or_history_availability,ratio_rate_numeric,pos_cash_history,5.883041582252342,1.9284424749712787,possible_absence_of_history_or_unknown_record,structured_missing_handling_candidate_later,feature_engineering_and_modeling,no
pos_dpd_sum_mean,structured_missing_or_history_availability,overdue_delay_numeric,pos_cash_history,5.8752369833924645,1.9202363367799113,possible_absence_of_history_or_unknown_record,structured_missing_handling_candidate_later,feature_engineering_and_modeling,no
pos_dpd_sum_max,structured_missing_or_history_availability,overdue_delay_numeric,pos_cash_history,5.8752369833924645,1.9202363367799113,possible_absence_of_history_or_unknown_record,structured_missing_handling_candidate_later,feature_engineering_and_modeling,no
pos_dpd_sum_min,structured_missing_or_history_availability,overdue_delay_numeric,pos_cash_history,5.8752369833924645,1.9202363367799113,possible_absence_of_history_or_unknown_record,structured_missing_handling_candidate_later,feature_engineering_and_modeling,no
pos_dpd_sum_sum,structured_missing_or_history_availability,overdue_delay_numeric,pos_cash_history,5.8752369833924645,1.9202363367799113,possible_absence_of_history_or_unknown_record,structured_missing_handling_candidate_later,feature_engineering_and_modeling,no
pos_dpd_mean_mean,structured_missing_or_history_availability,overdue_delay_numeric,pos_cash_history,5.8752369833924645,1.9202363367799113,possible_absence_of_history_or_unknown_record,structured_missing_handling_candidate_later,feature_engineering_and_modeling,no
pos_dpd_mean_max,structured_missing_or_history_availability,overdue_delay_numeric,pos_cash_history,5.8752369833924645,1.9202363367799113,possible_absence_of_history_or_unknown_record,structured_missing_handling_candidate_later,feature_engineering_and_modeling,no
pos_dpd_mean_min,structured_missing_or_history_availability,overdue_delay_numeric,pos_cash_history,5.8752369833924645,1.9202363367799113,possible_absence_of_history_or_unknown_record,structured_missing_handling_candidate_later,feature_engineering_and_modeling,no
pos_dpd_mean_sum,structured_missing_or_history_availability,overdue_delay_numeric,pos_cash_history,5.8752369833924645,1.9202363367799113,possible_absence_of_history_or_unknown_record,structured_missing_handling_candidate_later,feature_engineering_and_modeling,no
pos_dpd_max_mean,structured_missing_or_history_availability,overdue_delay_numeric,pos_cash_history,5.8752369833924645,1.9202363367799113,possible_absence_of_history_or_unknown_record,structured_missing_handling_candidate_later,feature_engineering_and_modeling,no
pos_dpd_max_max,structured_missing_or_history_availability,overdue_delay_numeric,pos_cash_history,5.8752369833924645,1.9202363367799113,possible_absence_of_history_or_unknown_record,structured_missing_handling_candidate_later,feature_engineering_and_modeling,no
pos_dpd_max_min,structured_missing_or_history_availability,overdue_delay_numeric,pos_cash_history,5.8752369833924645,1.9202363367799113,possible_absence_of_history_or_unknown_record,structured_missing_handling_candidate_later,feature_engineering_and_modeling,no
pos_dpd_max_sum,structured_missing_or_history_availability,overdue_delay_numeric,pos_cash_history,5.8752369833924645,1.9202363367799113,possible_absence_of_history_or_unknown_record,structured_missing_handling_candidate_later,feature_engineering_and_modeling,no
pos_dpd_def_sum_mean,structured_missing_or_history_availability,overdue_delay_numeric,pos_cash_history,5.8752369833924645,1.9202363367799113,possible_absence_of_history_or_unknown_record,structured_missing_handling_candidate_later,feature_engineering_and_modeling,no
pos_dpd_def_sum_max,structured_missing_or_history_availability,overdue_delay_numeric,pos_cash_history,5.8752369833924645,1.9202363367799113,possible_absence_of_history_or_unknown_record,structured_missing_handling_candidate_later,feature_engineering_and_modeling,no
pos_dpd_def_sum_min,structured_missing_or_history_availability,overdue_delay_numeric,pos_cash_history,5.8752369833924645,1.9202363367799113,possible_absence_of_history_or_unknown_record,structured_missing_handling_candidate_later,feature_engineering_and_modeling,no
pos_dpd_def_sum_sum,structured_missing_or_history_availability,overdue_delay_numeric,pos_cash_history,5.8752369833924645,1.9202363367799113,possible_absence_of_history_or_unknown_record,structured_missing_handling_candidate_later,feature_engineering_and_modeling,no
pos_dpd_def_mean_mean,structured_missing_or_history_availability,overdue_delay_numeric,pos_cash_history,5.8752369833924645,1.9202363367799113,possible_absence_of_history_or_unknown_record,structured_missing_handling_candidate_later,feature_engineering_and_modeling,no
pos_dpd_def_mean_max,structured_missing_or_history_availability,overdue_delay_numeric,pos_cash_history,5.8752369833924645,1.9202363367799113,possible_absence_of_history_or_unknown_record,structured_missing_handling_candidate_later,feature_engineering_and_modeling,no
pos_dpd_def_mean_min,structured_missing_or_history_availability,overdue_delay_numeric,pos_cash_history,5.8752369833924645,1.9202363367799113,possible_absence_of_history_or_unknown_record,structured_missing_handling_candidate_later,feature_engineering_and_modeling,no
pos_dpd_def_mean_sum,structured_missing_or_history_availability,overdue_delay_numeric,pos_cash_history,5.8752369833924645,1.9202363367799113,possible_absence_of_history_or_unknown_record,structured_missing_handling_candidate_later,feature_engineering_and_modeling,no
pos_dpd_def_max_mean,structured_missing_or_history_availability,overdue_delay_numeric,pos_cash_history,5.8752369833924645,1.9202363367799113,possible_absence_of_history_or_unknown_record,structured_missing_handling_candidate_later,feature_engineering_and_modeling,no
pos_dpd_def_max_max,structured_missing_or_history_availability,overdue_delay_numeric,pos_cash_history,5.8752369833924645,1.9202363367799113,possible_absence_of_history_or_unknown_record,structured_missing_handling_candidate_later,feature_engineering_and_modeling,no
pos_dpd_def_max_min,structured_missing_or_history_availability,overdue_delay_numeric,pos_cash_history,5.8752369833924645,1.9202363367799113,possible_absence_of_history_or_unknown_record,structured_missing_handling_candidate_later,feature_engineering_and_modeling,no
pos_dpd_def_max_sum,structured_missing_or_history_availability,overdue_delay_numeric,pos_cash_history,5.8752369833924645,1.9202363367799113,possible_absence_of_history_or_unknown_record,structured_missing_handling_candidate_later,feature_engineering_and_modeling,no
pos_cnt_instalment_mean_mean,structured_missing_or_history_availability,discrete_count_numeric,pos_cash_history,5.883041582252342,1.9284424749712787,possible_absence_of_history_or_unknown_record,structured_missing_handling_candidate_later,feature_engineering_and_modeling,no
pos_cnt_instalment_mean_max,structured_missing_or_history_availability,discrete_count_numeric,pos_cash_history,5.883041582252342,1.9284424749712787,possible_absence_of_history_or_unknown_record,structured_missing_handling_candidate_later,feature_engineering_and_modeling,no
pos_cnt_instalment_mean_min,structured_missing_or_history_availability,discrete_count_numeric,pos_cash_history,5.883041582252342,1.9284424749712787,possible_absence_of_history_or_unknown_record,structured_missing_handling_candidate_later,feature_engineering_and_modeling,no
pos_cnt_instalment_mean_sum,structured_missing_or_history_availability,discrete_count_numeric,pos_cash_history,5.8752369833924645,1.9202363367799113,possible_absence_of_history_or_unknown_record,structured_missing_handling_candidate_later,feature_engineering_and_modeling,no
pos_cnt_instalment_max_mean,structured_missing_or_history_availability,discrete_count_numeric,pos_cash_history,5.883041582252342,1.9284424749712787,possible_absence_of_history_or_unknown_record,structured_missing_handling_candidate_later,feature_engineering_and_modeling,no
pos_cnt_instalment_max_max,structured_missing_or_history_availability,discrete_count_numeric,pos_cash_history,5.883041582252342,1.9284424749712787,possible_absence_of_history_or_unknown_record,structured_missing_handling_candidate_later,feature_engineering_and_modeling,no
pos_cnt_instalment_max_min,structured_missing_or_history_availability,discrete_count_numeric,pos_cash_history,5.883041582252342,1.9284424749712787,possible_absence_of_history_or_unknown_record,structured_missing_handling_candidate_later,feature_engineering_and_modeling,no
pos_cnt_instalment_max_sum,structured_missing_or_history_availability,discrete_count_numeric,pos_cash_history,5.8752369833924645,1.9202363367799113,possible_absence_of_history_or_unknown_record,structured_missing_handling_candidate_later,feature_engineering_and_modeling,no
pos_cnt_instalment_future_mean_mean,structured_missing_or_history_availability,discrete_count_numeric,pos_cash_history,5.883041582252342,1.9284424749712787,possible_absence_of_history_or_unknown_record,structured_missing_handling_candidate_later,feature_engineering_and_modeling,no
pos_cnt_instalment_future_mean_max,structured_missing_or_history_availability,discrete_count_numeric,pos_cash_history,5.883041582252342,1.9284424749712787,possible_absence_of_history_or_unknown_record,structured_missing_handling_candidate_later,feature_engineering_and_modeling,no
pos_cnt_instalment_future_mean_min,structured_missing_or_history_availability,discrete_count_numeric,pos_cash_history,5.883041582252342,1.9284424749712787,possible_absence_of_history_or_unknown_record,structured_missing_handling_candidate_later,feature_engineering_and_modeling,no
pos_cnt_instalment_future_mean_sum,structured_missing_or_history_availability,discrete_count_numeric,pos_cash_history,5.8752369833924645,1.9202363367799113,possible_absence_of_history_or_unknown_record,structured_missing_handling_candidate_later,feature_engineering_and_modeling,no
pos_cnt_instalment_future_max_mean,structured_missing_or_history_availability,discrete_count_numeric,pos_cash_history,5.883041582252342,1.9284424749712787,possible_absence_of_history_or_unknown_record,structured_missing_handling_candidate_later,feature_engineering_and_modeling,no
pos_cnt_instalment_future_max_max,structured_missing_or_history_availability,discrete_count_numeric,pos_cash_history,5.883041582252342,1.9284424749712787,possible_absence_of_history_or_unknown_record,structured_missing_handling_candidate_later,feature_engineering_and_modeling,no
pos_cnt_instalment_future_max_min,structured_missing_or_history_availability,discrete_count_numeric,pos_cash_history,5.883041582252342,1.9284424749712787,possible_absence_of_history_or_unknown_record,structured_missing_handling_candidate_later,feature_engineering_and_modeling,no
pos_cnt_instalment_future_max_sum,structured_missing_or_history_availability,discrete_count_numeric,pos_cash_history,5.8752369833924645,1.9202363367799113,possible_absence_of_history_or_unknown_record,structured_missing_handling_candidate_later,feature_engineering_and_modeling,no
pos_paid_installment_mean_mean,structured_missing_or_history_availability,continuous_amount_numeric,pos_cash_history,5.883041582252342,1.9284424749712787,possible_absence_of_history_or_unknown_record,structured_missing_handling_candidate_later,feature_engineering_and_modeling,no
pos_paid_installment_mean_max,structured_missing_or_history_availability,continuous_amount_numeric,pos_cash_history,5.883041582252342,1.9284424749712787,possible_absence_of_history_or_unknown_record,structured_missing_handling_candidate_later,feature_engineering_and_modeling,no
pos_paid_installment_mean_min,structured_missing_or_history_availability,continuous_amount_numeric,pos_cash_history,5.883041582252342,1.9284424749712787,possible_absence_of_history_or_unknown_record,structured_missing_handling_candidate_later,feature_engineering_and_modeling,no
pos_paid_installment_mean_sum,structured_missing_or_history_availability,continuous_amount_numeric,pos_cash_history,5.8752369833924645,1.9202363367799113,possible_absence_of_history_or_unknown_record,structured_missing_handling_candidate_later,feature_engineering_and_modeling,no
pos_paid_installment_max_mean,structured_missing_or_history_availability,continuous_amount_numeric,pos_cash_history,5.883041582252342,1.9284424749712787,possible_absence_of_history_or_unknown_record,structured_missing_handling_candidate_later,feature_engineering_and_modeling,no
pos_paid_installment_max_max,structured_missing_or_history_availability,continuous_amount_numeric,pos_cash_history,5.883041582252342,1.9284424749712787,possible_absence_of_history_or_unknown_record,structured_missing_handling_candidate_later,feature_engineering_and_modeling,no
pos_paid_installment_max_min,structured_missing_or_history_availability,continuous_amount_numeric,pos_cash_history,5.883041582252342,1.9284424749712787,possible_absence_of_history_or_unknown_record,structured_missing_handling_candidate_later,feature_engineering_and_modeling,no
pos_paid_installment_max_sum,structured_missing_or_history_availability,continuous_amount_numeric,pos_cash_history,5.8752369833924645,1.9202363367799113,possible_absence_of_history_or_unknown_record,structured_missing_handling_candidate_later,feature_engineering_and_modeling,no
pos_progress_ratio_mean_mean,structured_missing_or_history_availability,ratio_rate_numeric,pos_cash_history,5.883041582252342,1.9284424749712787,possible_absence_of_history_or_unknown_record,structured_missing_handling_candidate_later,feature_engineering_and_modeling,no
pos_progress_ratio_mean_max,structured_missing_or_history_availability,ratio_rate_numeric,pos_cash_history,5.883041582252342,1.9284424749712787,possible_absence_of_history_or_unknown_record,structured_missing_handling_candidate_later,feature_engineering_and_modeling,no
pos_progress_ratio_mean_min,structured_missing_or_history_availability,ratio_rate_numeric,pos_cash_history,5.883041582252342,1.9284424749712787,possible_absence_of_history_or_unknown_record,structured_missing_handling_candidate_later,feature_engineering_and_modeling,no
pos_progress_ratio_mean_sum,structured_missing_or_history_availability,ratio_rate_numeric,pos_cash_history,5.8752369833924645,1.9202363367799113,possible_absence_of_history_or_unknown_record,structured_missing_handling_candidate_later,feature_engineering_and_modeling,no
pos_progress_ratio_max_mean,structured_missing_or_history_availability,ratio_rate_numeric,pos_cash_history,5.883041582252342,1.9284424749712787,possible_absence_of_history_or_unknown_record,structured_missing_handling_candidate_later,feature_engineering_and_modeling,no
pos_progress_ratio_max_max,structured_missing_or_history_availability,ratio_rate_numeric,pos_cash_history,5.883041582252342,1.9284424749712787,possible_absence_of_history_or_unknown_record,structured_missing_handling_candidate_later,feature_engineering_and_modeling,no
pos_progress_ratio_max_min,structured_missing_or_history_availability,ratio_rate_numeric,pos_cash_history,5.883041582252342,1.9284424749712787,possible_absence_of_history_or_unknown_record,structured_missing_handling_candidate_later,feature_engineering_and_modeling,no
pos_progress_ratio_max_sum,structured_missing_or_history_availability,ratio_rate_numeric,pos_cash_history,5.8752369833924645,1.9202363367799113,possible_absence_of_history_or_unknown_record,structured_missing_handling_candidate_later,feature_engineering_and_modeling,no
pos_future_ratio_mean_mean,structured_missing_or_history_availability,ratio_rate_numeric,pos_cash_history,5.883041582252342,1.9284424749712787,possible_absence_of_history_or_unknown_record,structured_missing_handling_candidate_later,feature_engineering_and_modeling,no
pos_future_ratio_mean_max,structured_missing_or_history_availability,ratio_rate_numeric,pos_cash_history,5.883041582252342,1.9284424749712787,possible_absence_of_history_or_unknown_record,structured_missing_handling_candidate_later,feature_engineering_and_modeling,no
pos_future_ratio_mean_min,structured_missing_or_history_availability,ratio_rate_numeric,pos_cash_history,5.883041582252342,1.9284424749712787,possible_absence_of_history_or_unknown_record,structured_missing_handling_candidate_later,feature_engineering_and_modeling,no
pos_future_ratio_mean_sum,structured_missing_or_history_availability,ratio_rate_numeric,pos_cash_history,5.8752369833924645,1.9202363367799113,possible_absence_of_history_or_unknown_record,structured_missing_handling_candidate_later,feature_engineering_and_modeling,no
pos_future_ratio_max_mean,structured_missing_or_history_availability,ratio_rate_numeric,pos_cash_history,5.883041582252342,1.9284424749712787,possible_absence_of_history_or_unknown_record,structured_missing_handling_candidate_later,feature_engineering_and_modeling,no
pos_future_ratio_max_max,structured_missing_or_history_availability,ratio_rate_numeric,pos_cash_history,5.883041582252342,1.9284424749712787,possible_absence_of_history_or_unknown_record,structured_missing_handling_candidate_later,feature_engineering_and_modeling,no
pos_future_ratio_max_min,structured_missing_or_history_availability,ratio_rate_numeric,pos_cash_history,5.883041582252342,1.9284424749712787,possible_absence_of_history_or_unknown_record,structured_missing_handling_candidate_later,feature_engineering_and_modeling,no
pos_future_ratio_max_sum,structured_missing_or_history_availability,ratio_rate_numeric,pos_cash_history,5.8752369833924645,1.9202363367799113,possible_absence_of_history_or_unknown_record,structured_missing_handling_candidate_later,feature_engineering_and_modeling,no
pos_cnt_instalment_unique_count_mean_y,structured_missing_or_history_availability,discrete_count_numeric,pos_cash_history,5.8752369833924645,1.9202363367799113,possible_absence_of_history_or_unknown_record,structured_missing_handling_candidate_later,feature_engineering_and_modeling,no
pos_cnt_instalment_unique_count_max_y,structured_missing_or_history_availability,discrete_count_numeric,pos_cash_history,5.8752369833924645,1.9202363367799113,possible_absence_of_history_or_unknown_record,structured_missing_handling_candidate_later,feature_engineering_and_modeling,no
pos_cnt_instalment_unique_count_min,structured_missing_or_history_availability,discrete_count_numeric,pos_cash_history,5.8752369833924645,1.9202363367799113,possible_absence_of_history_or_unknown_record,structured_missing_handling_candidate_later,feature_engineering_and_modeling,no
pos_cnt_instalment_unique_count_sum_y,structured_missing_or_history_availability,discrete_count_numeric,pos_cash_history,5.8752369833924645,1.9202363367799113,possible_absence_of_history_or_unknown_record,structured_missing_handling_candidate_later,feature_engineering_and_modeling,no
pos_cnt_instalment_range_mean,structured_missing_or_history_availability,discrete_count_numeric,pos_cash_history,5.883041582252342,1.9284424749712787,possible_absence_of_history_or_unknown_record,structured_missing_handling_candidate_later,feature_engineering_and_modeling,no
pos_cnt_instalment_range_max,structured_missing_or_history_availability,discrete_count_numeric,pos_cash_history,5.883041582252342,1.9284424749712787,possible_absence_of_history_or_unknown_record,structured_missing_handling_candidate_later,feature_engineering_and_modeling,no
pos_cnt_instalment_range_min,structured_missing_or_history_availability,discrete_count_numeric,pos_cash_history,5.883041582252342,1.9284424749712787,possible_absence_of_history_or_unknown_record,structured_missing_handling_candidate_later,feature_engineering_and_modeling,no
pos_cnt_instalment_range_sum,structured_missing_or_history_availability,discrete_count_numeric,pos_cash_history,5.8752369833924645,1.9202363367799113,possible_absence_of_history_or_unknown_record,structured_missing_handling_candidate_later,feature_engineering_and_modeling,no
pos_cnt_future_range_mean,structured_missing_or_history_availability,discrete_count_numeric,pos_cash_history,5.883041582252342,1.9284424749712787,possible_absence_of_history_or_unknown_record,structured_missing_handling_candidate_later,feature_engineering_and_modeling,no
pos_cnt_future_range_max,structured_missing_or_history_availability,discrete_count_numeric,pos_cash_history,5.883041582252342,1.9284424749712787,possible_absence_of_history_or_unknown_record,structured_missing_handling_candidate_later,feature_engineering_and_modeling,no
pos_cnt_future_range_min,structured_missing_or_history_availability,discrete_count_numeric,pos_cash_history,5.883041582252342,1.9284424749712787,possible_absence_of_history_or_unknown_record,structured_missing_handling_candidate_later,feature_engineering_and_modeling,no
pos_cnt_future_range_sum,structured_missing_or_history_availability,discrete_count_numeric,pos_cash_history,5.8752369833924645,1.9202363367799113,possible_absence_of_history_or_unknown_record,structured_missing_handling_candidate_later,feature_engineering_and_modeling,no
pos_instalment_change_flag_mean,structured_missing_or_history_availability,ratio_rate_numeric,pos_cash_history,5.8752369833924645,1.9202363367799113,possible_absence_of_history_or_unknown_record,structured_missing_handling_candidate_later,feature_engineering_and_modeling,no
pos_instalment_change_flag_max,structured_missing_or_history_availability,binary_flag,pos_cash_history,5.8752369833924645,1.9202363367799113,possible_absence_of_history_or_unknown_record,structured_missing_handling_candidate_later,feature_engineering_and_modeling,no
pos_instalment_change_flag_min,structured_missing_or_history_availability,binary_flag,pos_cash_history,5.8752369833924645,1.9202363367799113,possible_absence_of_history_or_unknown_record,structured_missing_handling_candidate_later,feature_engineering_and_modeling,no
pos_instalment_change_flag_sum,structured_missing_or_history_availability,discrete_count_numeric,pos_cash_history,5.8752369833924645,1.9202363367799113,possible_absence_of_history_or_unknown_record,structured_missing_handling_candidate_later,feature_engineering_and_modeling,no
pos_contract_with_dpd_count,structured_missing_or_history_availability,discrete_count_numeric,pos_cash_history,5.8752369833924645,1.9202363367799113,possible_absence_of_history_or_unknown_record,structured_missing_handling_candidate_later,feature_engineering_and_modeling,no
pos_contract_with_dpd_ratio,structured_missing_or_history_availability,ratio_rate_numeric,pos_cash_history,5.8752369833924645,1.9202363367799113,possible_absence_of_history_or_unknown_record,structured_missing_handling_candidate_later,feature_engineering_and_modeling,no
pos_contract_with_dpd_def_count,structured_missing_or_history_availability,discrete_count_numeric,pos_cash_history,5.8752369833924645,1.9202363367799113,possible_absence_of_history_or_unknown_record,structured_missing_handling_candidate_later,feature_engineering_and_modeling,no
pos_contract_with_dpd_def_ratio,structured_missing_or_history_availability,ratio_rate_numeric,pos_cash_history,5.8752369833924645,1.9202363367799113,possible_absence_of_history_or_unknown_record,structured_missing_handling_candidate_later,feature_engineering_and_modeling,no
pos_contract_with_dpd_30plus_count,structured_missing_or_history_availability,discrete_count_numeric,pos_cash_history,5.8752369833924645,1.9202363367799113,possible_absence_of_history_or_unknown_record,structured_missing_handling_candidate_later,feature_engineering_and_modeling,no
pos_contract_with_dpd_30plus_ratio,structured_missing_or_history_availability,ratio_rate_numeric,pos_cash_history,5.8752369833924645,1.9202363367799113,possible_absence_of_history_or_unknown_record,structured_missing_handling_candidate_later,feature_engineering_and_modeling,no
pos_contract_with_dpd_60plus_count,structured_missing_or_history_availability,discrete_count_numeric,pos_cash_history,5.8752369833924645,1.9202363367799113,possible_absence_of_history_or_unknown_record,structured_missing_handling_candidate_later,feature_engineering_and_modeling,no
pos_contract_with_dpd_60plus_ratio,structured_missing_or_history_availability,ratio_rate_numeric,pos_cash_history,5.8752369833924645,1.9202363367799113,possible_absence_of_history_or_unknown_record,structured_missing_handling_candidate_later,feature_engineering_and_modeling,no
pos_contract_with_dpd_90plus_count,structured_missing_or_history_availability,discrete_count_numeric,pos_cash_history,5.8752369833924645,1.9202363367799113,possible_absence_of_history_or_unknown_record,structured_missing_handling_candidate_later,feature_engineering_and_modeling,no
pos_contract_with_dpd_90plus_ratio,structured_missing_or_history_availability,ratio_rate_numeric,pos_cash_history,5.8752369833924645,1.9202363367799113,possible_absence_of_history_or_unknown_record,structured_missing_handling_candidate_later,feature_engineering_and_modeling,no
pos_contract_with_dpd_def_30plus_count,structured_missing_or_history_availability,discrete_count_numeric,pos_cash_history,5.8752369833924645,1.9202363367799113,possible_absence_of_history_or_unknown_record,structured_missing_handling_candidate_later,feature_engineering_and_modeling,no
pos_contract_with_dpd_def_30plus_ratio,structured_missing_or_history_availability,ratio_rate_numeric,pos_cash_history,5.8752369833924645,1.9202363367799113,possible_absence_of_history_or_unknown_record,structured_missing_handling_candidate_later,feature_engineering_and_modeling,no
pos_contract_with_dpd_def_60plus_count,structured_missing_or_history_availability,discrete_count_numeric,pos_cash_history,5.8752369833924645,1.9202363367799113,possible_absence_of_history_or_unknown_record,structured_missing_handling_candidate_later,feature_engineering_and_modeling,no
pos_contract_with_dpd_def_60plus_ratio,structured_missing_or_history_availability,ratio_rate_numeric,pos_cash_history,5.8752369833924645,1.9202363367799113,possible_absence_of_history_or_unknown_record,structured_missing_handling_candidate_later,feature_engineering_and_modeling,no
pos_contract_with_dpd_def_90plus_count,structured_missing_or_history_availability,discrete_count_numeric,pos_cash_history,5.8752369833924645,1.9202363367799113,possible_absence_of_history_or_unknown_record,structured_missing_handling_candidate_later,feature_engineering_and_modeling,no
pos_contract_with_dpd_def_90plus_ratio,structured_missing_or_history_availability,ratio_rate_numeric,pos_cash_history,5.8752369833924645,1.9202363367799113,possible_absence_of_history_or_unknown_record,structured_missing_handling_candidate_later,feature_engineering_and_modeling,no
pos_contract_with_instalment_change_count,structured_missing_or_history_availability,discrete_count_numeric,pos_cash_history,5.8752369833924645,1.9202363367799113,possible_absence_of_history_or_unknown_record,structured_missing_handling_candidate_later,feature_engineering_and_modeling,no
pos_contract_with_instalment_change_ratio,structured_missing_or_history_availability,ratio_rate_numeric,pos_cash_history,5.8752369833924645,1.9202363367799113,possible_absence_of_history_or_unknown_record,structured_missing_handling_candidate_later,feature_engineering_and_modeling,no
pos_latest_months_balance,structured_missing_or_history_availability,date_duration_numeric,pos_cash_history,5.8752369833924645,1.9202363367799113,possible_absence_of_history_or_unknown_record,structured_missing_handling_candidate_later,feature_engineering_and_modeling,no
pos_latest_status_active_flag,structured_missing_or_history_availability,binary_flag,pos_cash_history,5.8752369833924645,1.9202363367799113,possible_absence_of_history_or_unknown_record,structured_missing_handling_candidate_later,feature_engineering_and_modeling,no
pos_latest_status_completed_flag,structured_missing_or_history_availability,binary_flag,pos_cash_history,5.8752369833924645,1.9202363367799113,possible_absence_of_history_or_unknown_record,structured_missing_handling_candidate_later,feature_engineering_and_modeling,no
pos_latest_status_signed_flag,structured_missing_or_history_availability,binary_flag,pos_cash_history,5.8752369833924645,1.9202363367799113,possible_absence_of_history_or_unknown_record,structured_missing_handling_candidate_later,feature_engineering_and_modeling,no
pos_latest_status_demand_flag,structured_missing_or_history_availability,binary_flag,pos_cash_history,5.8752369833924645,1.9202363367799113,possible_absence_of_history_or_unknown_record,structured_missing_handling_candidate_later,feature_engineering_and_modeling,no
pos_latest_status_returned_flag,structured_missing_or_history_availability,binary_flag,pos_cash_history,5.8752369833924645,1.9202363367799113,possible_absence_of_history_or_unknown_record,structured_missing_handling_candidate_later,feature_engineering_and_modeling,no
pos_latest_status_approved_flag,structured_missing_or_history_availability,binary_flag,pos_cash_history,5.8752369833924645,1.9202363367799113,possible_absence_of_history_or_unknown_record,structured_missing_handling_candidate_later,feature_engineering_and_modeling,no
pos_latest_status_canceled_flag,structured_missing_or_history_availability,binary_flag,pos_cash_history,5.8752369833924645,1.9202363367799113,possible_absence_of_history_or_unknown_record,structured_missing_handling_candidate_later,feature_engineering_and_modeling,no
pos_latest_status_amortized_debt_flag,structured_missing_or_history_availability,binary_flag,pos_cash_history,5.8752369833924645,1.9202363367799113,possible_absence_of_history_or_unknown_record,structured_missing_handling_candidate_later,feature_engineering_and_modeling,no
pos_latest_dpd,structured_missing_or_history_availability,overdue_delay_numeric,pos_cash_history,5.8752369833924645,1.9202363367799113,possible_absence_of_history_or_unknown_record,structured_missing_handling_candidate_later,feature_engineering_and_modeling,no
pos_latest_dpd_def,structured_missing_or_history_availability,overdue_delay_numeric,pos_cash_history,5.8752369833924645,1.9202363367799113,possible_absence_of_history_or_unknown_record,structured_missing_handling_candidate_later,feature_engineering_and_modeling,no
pos_latest_has_dpd,structured_missing_or_history_availability,binary_flag,pos_cash_history,5.8752369833924645,1.9202363367799113,possible_absence_of_history_or_unknown_record,structured_missing_handling_candidate_later,feature_engineering_and_modeling,no
pos_latest_has_dpd_def,structured_missing_or_history_availability,binary_flag,pos_cash_history,5.8752369833924645,1.9202363367799113,possible_absence_of_history_or_unknown_record,structured_missing_handling_candidate_later,feature_engineering_and_modeling,no
pos_latest_dpd_30plus_flag,structured_missing_or_history_availability,binary_flag,pos_cash_history,5.8752369833924645,1.9202363367799113,possible_absence_of_history_or_unknown_record,structured_missing_handling_candidate_later,feature_engineering_and_modeling,no
pos_latest_dpd_60plus_flag,structured_missing_or_history_availability,binary_flag,pos_cash_history,5.8752369833924645,1.9202363367799113,possible_absence_of_history_or_unknown_record,structured_missing_handling_candidate_later,feature_engineering_and_modeling,no
pos_latest_dpd_90plus_flag,structured_missing_or_history_availability,binary_flag,pos_cash_history,5.8752369833924645,1.9202363367799113,possible_absence_of_history_or_unknown_record,structured_missing_handling_candidate_later,feature_engineering_and_modeling,no
pos_latest_cnt_instalment,structured_missing_or_history_availability,discrete_count_numeric,pos_cash_history,6.057019098503794,2.0884621697029377,possible_absence_of_history_or_unknown_record,structured_missing_handling_candidate_later,feature_engineering_and_modeling,no
pos_latest_cnt_instalment_future,structured_missing_or_history_availability,discrete_count_numeric,pos_cash_history,6.057019098503794,2.0884621697029377,possible_absence_of_history_or_unknown_record,structured_missing_handling_candidate_later,feature_engineering_and_modeling,no
pos_latest_paid_installment_count,structured_missing_or_history_availability,discrete_count_numeric,pos_cash_history,6.057019098503794,2.0884621697029377,possible_absence_of_history_or_unknown_record,structured_missing_handling_candidate_later,feature_engineering_and_modeling,no
pos_latest_progress_ratio,structured_missing_or_history_availability,ratio_rate_numeric,pos_cash_history,6.057019098503794,2.0884621697029377,possible_absence_of_history_or_unknown_record,structured_missing_handling_candidate_later,feature_engineering_and_modeling,no
pos_latest_future_ratio,structured_missing_or_history_availability,ratio_rate_numeric,pos_cash_history,6.057019098503794,2.0884621697029377,possible_absence_of_history_or_unknown_record,structured_missing_handling_candidate_later,feature_engineering_and_modeling,no
pos_latest_near_completion_flag,structured_missing_or_history_availability,binary_flag,pos_cash_history,5.8752369833924645,1.9202363367799113,possible_absence_of_history_or_unknown_record,structured_missing_handling_candidate_later,feature_engineering_and_modeling,no
pos_latest_completed_by_future_flag,structured_missing_or_history_availability,binary_flag,pos_cash_history,5.8752369833924645,1.9202363367799113,possible_absence_of_history_or_unknown_record,structured_missing_handling_candidate_later,feature_engineering_and_modeling,no
pos_latest_has_future_installment_flag,structured_missing_or_history_availability,binary_flag,pos_cash_history,5.8752369833924645,1.9202363367799113,possible_absence_of_history_or_unknown_record,structured_missing_handling_candidate_later,feature_engineering_and_modeling,no
has_installment_history,structured_missing_or_history_availability,binary_flag,installment_history,0.0,0.0,possible_absence_of_history_or_unknown_record,structured_missing_handling_candidate_later,feature_engineering_and_modeling,no
inst_installment_count_sum_x,structured_missing_or_history_availability,discrete_count_numeric,installment_history,5.160140612856125,1.6412276382734285,possible_absence_of_history_or_unknown_record,structured_missing_handling_candidate_later,feature_engineering_and_modeling,no
inst_installment_count_mean_x,structured_missing_or_history_availability,discrete_count_numeric,installment_history,5.160140612856125,1.6412276382734285,possible_absence_of_history_or_unknown_record,structured_missing_handling_candidate_later,feature_engineering_and_modeling,no
inst_installment_count_max_x,structured_missing_or_history_availability,discrete_count_numeric,installment_history,5.160140612856125,1.6412276382734285,possible_absence_of_history_or_unknown_record,structured_missing_handling_candidate_later,feature_engineering_and_modeling,no
inst_installment_number_span_mean_x,structured_missing_or_history_availability,discrete_count_numeric,installment_history,5.160140612856125,1.6412276382734285,possible_absence_of_history_or_unknown_record,structured_missing_handling_candidate_later,feature_engineering_and_modeling,no
inst_installment_number_span_max_x,structured_missing_or_history_availability,discrete_count_numeric,installment_history,5.160140612856125,1.6412276382734285,possible_absence_of_history_or_unknown_record,structured_missing_handling_candidate_later,feature_engineering_and_modeling,no
inst_installment_count_sum_y,structured_missing_or_history_availability,discrete_count_numeric,installment_history,5.160140612856125,1.6412276382734285,possible_absence_of_history_or_unknown_record,structured_missing_handling_candidate_later,feature_engineering_and_modeling,no
inst_installment_count_mean_y,structured_missing_or_history_availability,discrete_count_numeric,installment_history,5.160140612856125,1.6412276382734285,possible_absence_of_history_or_unknown_record,structured_missing_handling_candidate_later,feature_engineering_and_modeling,no
inst_installment_count_max_y,structured_missing_or_history_availability,discrete_count_numeric,installment_history,5.160140612856125,1.6412276382734285,possible_absence_of_history_or_unknown_record,structured_missing_handling_candidate_later,feature_engineering_and_modeling,no
inst_installment_number_min_mean,structured_missing_or_history_availability,discrete_count_numeric,installment_history,5.160140612856125,1.6412276382734285,possible_absence_of_history_or_unknown_record,structured_missing_handling_candidate_later,feature_engineering_and_modeling,no
inst_installment_number_min_max,structured_missing_or_history_availability,discrete_count_numeric,installment_history,5.160140612856125,1.6412276382734285,possible_absence_of_history_or_unknown_record,structured_missing_handling_candidate_later,feature_engineering_and_modeling,no
inst_installment_number_min_min,structured_missing_or_history_availability,discrete_count_numeric,installment_history,5.160140612856125,1.6412276382734285,possible_absence_of_history_or_unknown_record,structured_missing_handling_candidate_later,feature_engineering_and_modeling,no
inst_installment_number_min_sum,structured_missing_or_history_availability,discrete_count_numeric,installment_history,5.160140612856125,1.6412276382734285,possible_absence_of_history_or_unknown_record,structured_missing_handling_candidate_later,feature_engineering_and_modeling,no
inst_installment_number_max_mean,structured_missing_or_history_availability,discrete_count_numeric,installment_history,5.160140612856125,1.6412276382734285,possible_absence_of_history_or_unknown_record,structured_missing_handling_candidate_later,feature_engineering_and_modeling,no
inst_installment_number_max_max,structured_missing_or_history_availability,discrete_count_numeric,installment_history,5.160140612856125,1.6412276382734285,possible_absence_of_history_or_unknown_record,structured_missing_handling_candidate_later,feature_engineering_and_modeling,no
inst_installment_number_max_min,structured_missing_or_history_availability,discrete_count_numeric,installment_history,5.160140612856125,1.6412276382734285,possible_absence_of_history_or_unknown_record,structured_missing_handling_candidate_later,feature_engineering_and_modeling,no
inst_installment_number_max_sum,structured_missing_or_history_availability,discrete_count_numeric,installment_history,5.160140612856125,1.6412276382734285,possible_absence_of_history_or_unknown_record,structured_missing_handling_candidate_later,feature_engineering_and_modeling,no
inst_installment_number_span_mean_y,structured_missing_or_history_availability,discrete_count_numeric,installment_history,5.160140612856125,1.6412276382734285,possible_absence_of_history_or_unknown_record,structured_missing_handling_candidate_later,feature_engineering_and_modeling,no
inst_installment_number_span_max_y,structured_missing_or_history_availability,discrete_count_numeric,installment_history,5.160140612856125,1.6412276382734285,possible_absence_of_history_or_unknown_record,structured_missing_handling_candidate_later,feature_engineering_and_modeling,no
inst_installment_number_span_min,structured_missing_or_history_availability,discrete_count_numeric,installment_history,5.160140612856125,1.6412276382734285,possible_absence_of_history_or_unknown_record,structured_missing_handling_candidate_later,feature_engineering_and_modeling,no
inst_installment_number_span_sum,structured_missing_or_history_availability,discrete_count_numeric,installment_history,5.160140612856125,1.6412276382734285,possible_absence_of_history_or_unknown_record,structured_missing_handling_candidate_later,feature_engineering_and_modeling,no
has_credit_card_history,structured_missing_or_history_availability,binary_flag,credit_card_history,0.0,0.0,possible_absence_of_history_or_unknown_record,structured_missing_handling_candidate_later,feature_engineering_and_modeling,no
cc_contract_count,structured_missing_or_history_availability,discrete_count_numeric,credit_card_history,71.73922233676193,65.83579517479075,possible_absence_of_history_or_unknown_record,structured_missing_handling_candidate_later,feature_engineering_and_modeling,no
cc_month_record_count_sum,structured_missing_or_history_availability,discrete_count_numeric,credit_card_history,71.73922233676193,65.83579517479075,possible_absence_of_history_or_unknown_record,structured_missing_handling_candidate_later,feature_engineering_and_modeling,no
cc_month_record_count_mean,structured_missing_or_history_availability,discrete_count_numeric,credit_card_history,71.73922233676193,65.83579517479075,possible_absence_of_history_or_unknown_record,structured_missing_handling_candidate_later,feature_engineering_and_modeling,no
cc_month_record_count_max,structured_missing_or_history_availability,discrete_count_numeric,credit_card_history,71.73922233676193,65.83579517479075,possible_absence_of_history_or_unknown_record,structured_missing_handling_candidate_later,feature_engineering_and_modeling,no
cc_month_min,structured_missing_or_history_availability,date_duration_numeric,credit_card_history,71.73922233676193,65.83579517479075,possible_absence_of_history_or_unknown_record,structured_missing_handling_candidate_later,feature_engineering_and_modeling,no
cc_month_max,structured_missing_or_history_availability,date_duration_numeric,credit_card_history,71.73922233676193,65.83579517479075,possible_absence_of_history_or_unknown_record,structured_missing_handling_candidate_later,feature_engineering_and_modeling,no
cc_month_span_mean_x,structured_missing_or_history_availability,date_duration_numeric,credit_card_history,71.73922233676193,65.83579517479075,possible_absence_of_history_or_unknown_record,structured_missing_handling_candidate_later,feature_engineering_and_modeling,no
cc_month_span_max_x,structured_missing_or_history_availability,date_duration_numeric,credit_card_history,71.73922233676193,65.83579517479075,possible_absence_of_history_or_unknown_record,structured_missing_handling_candidate_later,feature_engineering_and_modeling,no
cc_month_count_sum,structured_missing_or_history_availability,discrete_count_numeric,credit_card_history,71.73922233676193,65.83579517479075,possible_absence_of_history_or_unknown_record,structured_missing_handling_candidate_later,feature_engineering_and_modeling,no
cc_month_count_mean,structured_missing_or_history_availability,discrete_count_numeric,credit_card_history,71.73922233676193,65.83579517479075,possible_absence_of_history_or_unknown_record,structured_missing_handling_candidate_later,feature_engineering_and_modeling,no
cc_month_count_max,structured_missing_or_history_availability,discrete_count_numeric,credit_card_history,71.73922233676193,65.83579517479075,possible_absence_of_history_or_unknown_record,structured_missing_handling_candidate_later,feature_engineering_and_modeling,no
cc_status_active_count_sum,structured_missing_or_history_availability,discrete_count_numeric,credit_card_history,71.73922233676193,65.83579517479075,possible_absence_of_history_or_unknown_record,structured_missing_handling_candidate_later,feature_engineering_and_modeling,no
cc_status_active_count_mean,structured_missing_or_history_availability,ratio_rate_numeric,credit_card_history,71.73922233676193,65.83579517479075,possible_absence_of_history_or_unknown_record,structured_missing_handling_candidate_later,feature_engineering_and_modeling,no
cc_status_active_count_max,structured_missing_or_history_availability,discrete_count_numeric,credit_card_history,71.73922233676193,65.83579517479075,possible_absence_of_history_or_unknown_record,structured_missing_handling_candidate_later,feature_engineering_and_modeling,no
cc_status_completed_count_sum,structured_missing_or_history_availability,discrete_count_numeric,credit_card_history,71.73922233676193,65.83579517479075,possible_absence_of_history_or_unknown_record,structured_missing_handling_candidate_later,feature_engineering_and_modeling,no
cc_status_completed_count_mean,structured_missing_or_history_availability,ratio_rate_numeric,credit_card_history,71.73922233676193,65.83579517479075,possible_absence_of_history_or_unknown_record,structured_missing_handling_candidate_later,feature_engineering_and_modeling,no
cc_status_completed_count_max,structured_missing_or_history_availability,discrete_count_numeric,credit_card_history,71.73922233676193,65.83579517479075,possible_absence_of_history_or_unknown_record,structured_missing_handling_candidate_later,feature_engineering_and_modeling,no
cc_status_signed_count_sum,structured_missing_or_history_availability,discrete_count_numeric,credit_card_history,71.73922233676193,65.83579517479075,possible_absence_of_history_or_unknown_record,structured_missing_handling_candidate_later,feature_engineering_and_modeling,no
cc_status_signed_count_mean,structured_missing_or_history_availability,ratio_rate_numeric,credit_card_history,71.73922233676193,65.83579517479075,possible_absence_of_history_or_unknown_record,structured_missing_handling_candidate_later,feature_engineering_and_modeling,no
cc_status_signed_count_max,structured_missing_or_history_availability,discrete_count_numeric,credit_card_history,71.73922233676193,65.83579517479075,possible_absence_of_history_or_unknown_record,structured_missing_handling_candidate_later,feature_engineering_and_modeling,no
cc_status_demand_count_sum,structured_missing_or_history_availability,discrete_count_numeric,credit_card_history,71.73922233676193,65.83579517479075,possible_absence_of_history_or_unknown_record,structured_missing_handling_candidate_later,feature_engineering_and_modeling,no
cc_status_demand_count_mean,structured_missing_or_history_availability,ratio_rate_numeric,credit_card_history,71.73922233676193,65.83579517479075,possible_absence_of_history_or_unknown_record,structured_missing_handling_candidate_later,feature_engineering_and_modeling,no
cc_status_demand_count_max,structured_missing_or_history_availability,discrete_count_numeric,credit_card_history,71.73922233676193,65.83579517479075,possible_absence_of_history_or_unknown_record,structured_missing_handling_candidate_later,feature_engineering_and_modeling,no
cc_status_sent_proposal_count_sum,structured_missing_or_history_availability,binary_flag,credit_card_history,71.73922233676193,65.83579517479075,possible_absence_of_history_or_unknown_record,structured_missing_handling_candidate_later,feature_engineering_and_modeling,no
cc_status_sent_proposal_count_mean,structured_missing_or_history_availability,ratio_rate_numeric,credit_card_history,71.73922233676193,65.83579517479075,possible_absence_of_history_or_unknown_record,structured_missing_handling_candidate_later,feature_engineering_and_modeling,no
cc_status_sent_proposal_count_max,structured_missing_or_history_availability,binary_flag,credit_card_history,71.73922233676193,65.83579517479075,possible_absence_of_history_or_unknown_record,structured_missing_handling_candidate_later,feature_engineering_and_modeling,no
cc_status_refused_count_sum,structured_missing_or_history_availability,binary_flag,credit_card_history,71.73922233676193,65.83579517479075,possible_absence_of_history_or_unknown_record,structured_missing_handling_candidate_later,feature_engineering_and_modeling,no
cc_status_refused_count_mean,structured_missing_or_history_availability,binary_flag,credit_card_history,71.73922233676193,65.83579517479075,possible_absence_of_history_or_unknown_record,structured_missing_handling_candidate_later,feature_engineering_and_modeling,no
cc_status_refused_count_max,structured_missing_or_history_availability,binary_flag,credit_card_history,71.73922233676193,65.83579517479075,possible_absence_of_history_or_unknown_record,structured_missing_handling_candidate_later,feature_engineering_and_modeling,no
cc_status_approved_count_sum,structured_missing_or_history_availability,binary_flag,credit_card_history,71.73922233676193,65.83579517479075,possible_absence_of_history_or_unknown_record,structured_missing_handling_candidate_later,feature_engineering_and_modeling,no
cc_status_approved_count_mean,structured_missing_or_history_availability,binary_flag,credit_card_history,71.73922233676193,65.83579517479075,possible_absence_of_history_or_unknown_record,structured_missing_handling_candidate_later,feature_engineering_and_modeling,no
cc_status_approved_count_max,structured_missing_or_history_availability,binary_flag,credit_card_history,71.73922233676193,65.83579517479075,possible_absence_of_history_or_unknown_record,structured_missing_handling_candidate_later,feature_engineering_and_modeling,no
cc_status_canceled_count_sum,structured_missing_or_history_availability,binary_flag,credit_card_history,71.73922233676193,65.83579517479075,possible_absence_of_history_or_unknown_record,structured_missing_handling_candidate_later,feature_engineering_and_modeling,no
cc_status_canceled_count_mean,structured_missing_or_history_availability,binary_flag,credit_card_history,71.73922233676193,65.83579517479075,possible_absence_of_history_or_unknown_record,structured_missing_handling_candidate_later,feature_engineering_and_modeling,no
cc_status_canceled_count_max,structured_missing_or_history_availability,binary_flag,credit_card_history,71.73922233676193,65.83579517479075,possible_absence_of_history_or_unknown_record,structured_missing_handling_candidate_later,feature_engineering_and_modeling,no
cc_has_dpd_count_sum,structured_missing_or_history_availability,discrete_count_numeric,credit_card_history,71.73922233676193,65.83579517479075,possible_absence_of_history_or_unknown_record,structured_missing_handling_candidate_later,feature_engineering_and_modeling,no
cc_has_dpd_count_mean,structured_missing_or_history_availability,ratio_rate_numeric,credit_card_history,71.73922233676193,65.83579517479075,possible_absence_of_history_or_unknown_record,structured_missing_handling_candidate_later,feature_engineering_and_modeling,no
cc_has_dpd_count_max,structured_missing_or_history_availability,discrete_count_numeric,credit_card_history,71.73922233676193,65.83579517479075,possible_absence_of_history_or_unknown_record,structured_missing_handling_candidate_later,feature_engineering_and_modeling,no
cc_has_dpd_def_count_sum,structured_missing_or_history_availability,discrete_count_numeric,credit_card_history,71.73922233676193,65.83579517479075,possible_absence_of_history_or_unknown_record,structured_missing_handling_candidate_later,feature_engineering_and_modeling,no
cc_has_dpd_def_count_mean,structured_missing_or_history_availability,ratio_rate_numeric,credit_card_history,71.73922233676193,65.83579517479075,possible_absence_of_history_or_unknown_record,structured_missing_handling_candidate_later,feature_engineering_and_modeling,no
cc_has_dpd_def_count_max,structured_missing_or_history_availability,discrete_count_numeric,credit_card_history,71.73922233676193,65.83579517479075,possible_absence_of_history_or_unknown_record,structured_missing_handling_candidate_later,feature_engineering_and_modeling,no
cc_dpd_30plus_count_sum,structured_missing_or_history_availability,discrete_count_numeric,credit_card_history,71.73922233676193,65.83579517479075,possible_absence_of_history_or_unknown_record,structured_missing_handling_candidate_later,feature_engineering_and_modeling,no
cc_dpd_30plus_count_mean,structured_missing_or_history_availability,discrete_count_numeric,credit_card_history,71.73922233676193,65.83579517479075,possible_absence_of_history_or_unknown_record,structured_missing_handling_candidate_later,feature_engineering_and_modeling,no
cc_dpd_30plus_count_max,structured_missing_or_history_availability,discrete_count_numeric,credit_card_history,71.73922233676193,65.83579517479075,possible_absence_of_history_or_unknown_record,structured_missing_handling_candidate_later,feature_engineering_and_modeling,no
cc_dpd_60plus_count_sum,structured_missing_or_history_availability,discrete_count_numeric,credit_card_history,71.73922233676193,65.83579517479075,possible_absence_of_history_or_unknown_record,structured_missing_handling_candidate_later,feature_engineering_and_modeling,no
cc_dpd_60plus_count_mean,structured_missing_or_history_availability,discrete_count_numeric,credit_card_history,71.73922233676193,65.83579517479075,possible_absence_of_history_or_unknown_record,structured_missing_handling_candidate_later,feature_engineering_and_modeling,no
cc_dpd_60plus_count_max,structured_missing_or_history_availability,discrete_count_numeric,credit_card_history,71.73922233676193,65.83579517479075,possible_absence_of_history_or_unknown_record,structured_missing_handling_candidate_later,feature_engineering_and_modeling,no
cc_dpd_90plus_count_sum,structured_missing_or_history_availability,discrete_count_numeric,credit_card_history,71.73922233676193,65.83579517479075,possible_absence_of_history_or_unknown_record,structured_missing_handling_candidate_later,feature_engineering_and_modeling,no
cc_dpd_90plus_count_mean,structured_missing_or_history_availability,discrete_count_numeric,credit_card_history,71.73922233676193,65.83579517479075,possible_absence_of_history_or_unknown_record,structured_missing_handling_candidate_later,feature_engineering_and_modeling,no
cc_dpd_90plus_count_max,structured_missing_or_history_availability,discrete_count_numeric,credit_card_history,71.73922233676193,65.83579517479075,possible_absence_of_history_or_unknown_record,structured_missing_handling_candidate_later,feature_engineering_and_modeling,no
cc_dpd_def_30plus_count_sum,structured_missing_or_history_availability,discrete_count_numeric,credit_card_history,71.73922233676193,65.83579517479075,possible_absence_of_history_or_unknown_record,structured_missing_handling_candidate_later,feature_engineering_and_modeling,no
cc_dpd_def_30plus_count_mean,structured_missing_or_history_availability,discrete_count_numeric,credit_card_history,71.73922233676193,65.83579517479075,possible_absence_of_history_or_unknown_record,structured_missing_handling_candidate_later,feature_engineering_and_modeling,no
cc_dpd_def_30plus_count_max,structured_missing_or_history_availability,discrete_count_numeric,credit_card_history,71.73922233676193,65.83579517479075,possible_absence_of_history_or_unknown_record,structured_missing_handling_candidate_later,feature_engineering_and_modeling,no
cc_dpd_def_60plus_count_sum,structured_missing_or_history_availability,discrete_count_numeric,credit_card_history,71.73922233676193,65.83579517479075,possible_absence_of_history_or_unknown_record,structured_missing_handling_candidate_later,feature_engineering_and_modeling,no
cc_dpd_def_60plus_count_mean,structured_missing_or_history_availability,discrete_count_numeric,credit_card_history,71.73922233676193,65.83579517479075,possible_absence_of_history_or_unknown_record,structured_missing_handling_candidate_later,feature_engineering_and_modeling,no
cc_dpd_def_60plus_count_max,structured_missing_or_history_availability,discrete_count_numeric,credit_card_history,71.73922233676193,65.83579517479075,possible_absence_of_history_or_unknown_record,structured_missing_handling_candidate_later,feature_engineering_and_modeling,no
cc_dpd_def_90plus_count_sum,structured_missing_or_history_availability,discrete_count_numeric,credit_card_history,71.73922233676193,65.83579517479075,possible_absence_of_history_or_unknown_record,structured_missing_handling_candidate_later,feature_engineering_and_modeling,no
cc_dpd_def_90plus_count_mean,structured_missing_or_history_availability,discrete_count_numeric,credit_card_history,71.73922233676193,65.83579517479075,possible_absence_of_history_or_unknown_record,structured_missing_handling_candidate_later,feature_engineering_and_modeling,no
cc_dpd_def_90plus_count_max,structured_missing_or_history_availability,discrete_count_numeric,credit_card_history,71.73922233676193,65.83579517479075,possible_absence_of_history_or_unknown_record,structured_missing_handling_candidate_later,feature_engineering_and_modeling,no
cc_is_recent_6m_count_sum,structured_missing_or_history_availability,discrete_count_numeric,credit_card_history,71.73922233676193,65.83579517479075,possible_absence_of_history_or_unknown_record,structured_missing_handling_candidate_later,feature_engineering_and_modeling,no
cc_is_recent_6m_count_mean,structured_missing_or_history_availability,ratio_rate_numeric,credit_card_history,71.73922233676193,65.83579517479075,possible_absence_of_history_or_unknown_record,structured_missing_handling_candidate_later,feature_engineering_and_modeling,no
cc_is_recent_6m_count_max,structured_missing_or_history_availability,discrete_count_numeric,credit_card_history,71.73922233676193,65.83579517479075,possible_absence_of_history_or_unknown_record,structured_missing_handling_candidate_later,feature_engineering_and_modeling,no
cc_is_recent_12m_count_sum,structured_missing_or_history_availability,discrete_count_numeric,credit_card_history,71.73922233676193,65.83579517479075,possible_absence_of_history_or_unknown_record,structured_missing_handling_candidate_later,feature_engineering_and_modeling,no
cc_is_recent_12m_count_mean,structured_missing_or_history_availability,ratio_rate_numeric,credit_card_history,71.73922233676193,65.83579517479075,possible_absence_of_history_or_unknown_record,structured_missing_handling_candidate_later,feature_engineering_and_modeling,no
cc_is_recent_12m_count_max,structured_missing_or_history_availability,discrete_count_numeric,credit_card_history,71.73922233676193,65.83579517479075,possible_absence_of_history_or_unknown_record,structured_missing_handling_candidate_later,feature_engineering_and_modeling,no
cc_is_recent_24m_count_sum,structured_missing_or_history_availability,discrete_count_numeric,credit_card_history,71.73922233676193,65.83579517479075,possible_absence_of_history_or_unknown_record,structured_missing_handling_candidate_later,feature_engineering_and_modeling,no
cc_is_recent_24m_count_mean,structured_missing_or_history_availability,ratio_rate_numeric,credit_card_history,71.73922233676193,65.83579517479075,possible_absence_of_history_or_unknown_record,structured_missing_handling_candidate_later,feature_engineering_and_modeling,no
cc_is_recent_24m_count_max,structured_missing_or_history_availability,discrete_count_numeric,credit_card_history,71.73922233676193,65.83579517479075,possible_absence_of_history_or_unknown_record,structured_missing_handling_candidate_later,feature_engineering_and_modeling,no
cc_invalid_credit_limit_count_sum,structured_missing_or_history_availability,discrete_count_numeric,credit_card_history,71.73922233676193,65.83579517479075,possible_absence_of_history_or_unknown_record,structured_missing_handling_candidate_later,feature_engineering_and_modeling,no
cc_invalid_credit_limit_count_mean,structured_missing_or_history_availability,discrete_count_numeric,credit_card_history,71.73922233676193,65.83579517479075,possible_absence_of_history_or_unknown_record,structured_missing_handling_candidate_later,feature_engineering_and_modeling,no
cc_invalid_credit_limit_count_max,structured_missing_or_history_availability,discrete_count_numeric,credit_card_history,71.73922233676193,65.83579517479075,possible_absence_of_history_or_unknown_record,structured_missing_handling_candidate_later,feature_engineering_and_modeling,no
cc_has_balance_count_sum,structured_missing_or_history_availability,discrete_count_numeric,credit_card_history,71.73922233676193,65.83579517479075,possible_absence_of_history_or_unknown_record,structured_missing_handling_candidate_later,feature_engineering_and_modeling,no
cc_has_balance_count_mean,structured_missing_or_history_availability,ratio_rate_numeric,credit_card_history,71.73922233676193,65.83579517479075,possible_absence_of_history_or_unknown_record,structured_missing_handling_candidate_later,feature_engineering_and_modeling,no
cc_has_balance_count_max,structured_missing_or_history_availability,discrete_count_numeric,credit_card_history,71.73922233676193,65.83579517479075,possible_absence_of_history_or_unknown_record,structured_missing_handling_candidate_later,feature_engineering_and_modeling,no
cc_has_total_receivable_count_sum,structured_missing_or_history_availability,discrete_count_numeric,credit_card_history,71.73922233676193,65.83579517479075,possible_absence_of_history_or_unknown_record,structured_missing_handling_candidate_later,feature_engineering_and_modeling,no
cc_has_total_receivable_count_mean,structured_missing_or_history_availability,ratio_rate_numeric,credit_card_history,71.73922233676193,65.83579517479075,possible_absence_of_history_or_unknown_record,structured_missing_handling_candidate_later,feature_engineering_and_modeling,no
cc_has_total_receivable_count_max,structured_missing_or_history_availability,discrete_count_numeric,credit_card_history,71.73922233676193,65.83579517479075,possible_absence_of_history_or_unknown_record,structured_missing_handling_candidate_later,feature_engineering_and_modeling,no
cc_high_utilization_30plus_count_sum,structured_missing_or_history_availability,ratio_rate_numeric,credit_card_history,71.73922233676193,65.83579517479075,possible_absence_of_history_or_unknown_record,structured_missing_handling_candidate_later,feature_engineering_and_modeling,no
cc_high_utilization_30plus_count_mean,structured_missing_or_history_availability,ratio_rate_numeric,credit_card_history,71.73922233676193,65.83579517479075,possible_absence_of_history_or_unknown_record,structured_missing_handling_candidate_later,feature_engineering_and_modeling,no
cc_high_utilization_30plus_count_max,structured_missing_or_history_availability,ratio_rate_numeric,credit_card_history,71.73922233676193,65.83579517479075,possible_absence_of_history_or_unknown_record,structured_missing_handling_candidate_later,feature_engineering_and_modeling,no
cc_high_utilization_50plus_count_sum,structured_missing_or_history_availability,ratio_rate_numeric,credit_card_history,71.73922233676193,65.83579517479075,possible_absence_of_history_or_unknown_record,structured_missing_handling_candidate_later,feature_engineering_and_modeling,no
cc_high_utilization_50plus_count_mean,structured_missing_or_history_availability,ratio_rate_numeric,credit_card_history,71.73922233676193,65.83579517479075,possible_absence_of_history_or_unknown_record,structured_missing_handling_candidate_later,feature_engineering_and_modeling,no
cc_high_utilization_50plus_count_max,structured_missing_or_history_availability,ratio_rate_numeric,credit_card_history,71.73922233676193,65.83579517479075,possible_absence_of_history_or_unknown_record,structured_missing_handling_candidate_later,feature_engineering_and_modeling,no
cc_high_utilization_80plus_count_sum,structured_missing_or_history_availability,ratio_rate_numeric,credit_card_history,71.73922233676193,65.83579517479075,possible_absence_of_history_or_unknown_record,structured_missing_handling_candidate_later,feature_engineering_and_modeling,no
cc_high_utilization_80plus_count_mean,structured_missing_or_history_availability,ratio_rate_numeric,credit_card_history,71.73922233676193,65.83579517479075,possible_absence_of_history_or_unknown_record,structured_missing_handling_candidate_later,feature_engineering_and_modeling,no
cc_high_utilization_80plus_count_max,structured_missing_or_history_availability,ratio_rate_numeric,credit_card_history,71.73922233676193,65.83579517479075,possible_absence_of_history_or_unknown_record,structured_missing_handling_candidate_later,feature_engineering_and_modeling,no
cc_high_utilization_100plus_count_sum,structured_missing_or_history_availability,ratio_rate_numeric,credit_card_history,71.73922233676193,65.83579517479075,possible_absence_of_history_or_unknown_record,structured_missing_handling_candidate_later,feature_engineering_and_modeling,no
cc_high_utilization_100plus_count_mean,structured_missing_or_history_availability,ratio_rate_numeric,credit_card_history,71.73922233676193,65.83579517479075,possible_absence_of_history_or_unknown_record,structured_missing_handling_candidate_later,feature_engineering_and_modeling,no
cc_high_utilization_100plus_count_max,structured_missing_or_history_availability,ratio_rate_numeric,credit_card_history,71.73922233676193,65.83579517479075,possible_absence_of_history_or_unknown_record,structured_missing_handling_candidate_later,feature_engineering_and_modeling,no
cc_over_limit_flag_count_sum,structured_missing_or_history_availability,discrete_count_numeric,credit_card_history,71.73922233676193,65.83579517479075,possible_absence_of_history_or_unknown_record,structured_missing_handling_candidate_later,feature_engineering_and_modeling,no
cc_over_limit_flag_count_mean,structured_missing_or_history_availability,discrete_count_numeric,credit_card_history,71.73922233676193,65.83579517479075,possible_absence_of_history_or_unknown_record,structured_missing_handling_candidate_later,feature_engineering_and_modeling,no
cc_over_limit_flag_count_max,structured_missing_or_history_availability,discrete_count_numeric,credit_card_history,71.73922233676193,65.83579517479075,possible_absence_of_history_or_unknown_record,structured_missing_handling_candidate_later,feature_engineering_and_modeling,no
cc_has_payment_current_count_sum,structured_missing_or_history_availability,discrete_count_numeric,credit_card_history,71.73922233676193,65.83579517479075,possible_absence_of_history_or_unknown_record,structured_missing_handling_candidate_later,feature_engineering_and_modeling,no
cc_has_payment_current_count_mean,structured_missing_or_history_availability,ratio_rate_numeric,credit_card_history,71.73922233676193,65.83579517479075,possible_absence_of_history_or_unknown_record,structured_missing_handling_candidate_later,feature_engineering_and_modeling,no
cc_has_payment_current_count_max,structured_missing_or_history_availability,discrete_count_numeric,credit_card_history,71.73922233676193,65.83579517479075,possible_absence_of_history_or_unknown_record,structured_missing_handling_candidate_later,feature_engineering_and_modeling,no
cc_has_payment_total_count_sum,structured_missing_or_history_availability,discrete_count_numeric,credit_card_history,71.73922233676193,65.83579517479075,possible_absence_of_history_or_unknown_record,structured_missing_handling_candidate_later,feature_engineering_and_modeling,no
cc_has_payment_total_count_mean,structured_missing_or_history_availability,ratio_rate_numeric,credit_card_history,71.73922233676193,65.83579517479075,possible_absence_of_history_or_unknown_record,structured_missing_handling_candidate_later,feature_engineering_and_modeling,no
cc_has_payment_total_count_max,structured_missing_or_history_availability,discrete_count_numeric,credit_card_history,71.73922233676193,65.83579517479075,possible_absence_of_history_or_unknown_record,structured_missing_handling_candidate_later,feature_engineering_and_modeling,no
cc_has_min_instalment_count_sum,structured_missing_or_history_availability,discrete_count_numeric,credit_card_history,71.73922233676193,65.83579517479075,possible_absence_of_history_or_unknown_record,structured_missing_handling_candidate_later,feature_engineering_and_modeling,no
cc_has_min_instalment_count_mean,structured_missing_or_history_availability,ratio_rate_numeric,credit_card_history,71.73922233676193,65.83579517479075,possible_absence_of_history_or_unknown_record,structured_missing_handling_candidate_later,feature_engineering_and_modeling,no
cc_has_min_instalment_count_max,structured_missing_or_history_availability,discrete_count_numeric,credit_card_history,71.73922233676193,65.83579517479075,possible_absence_of_history_or_unknown_record,structured_missing_handling_candidate_later,feature_engineering_and_modeling,no
cc_payment_less_than_min_instalment_count_sum,structured_missing_or_history_availability,discrete_count_numeric,credit_card_history,71.73922233676193,65.83579517479075,possible_absence_of_history_or_unknown_record,structured_missing_handling_candidate_later,feature_engineering_and_modeling,no
cc_payment_less_than_min_instalment_count_mean,structured_missing_or_history_availability,ratio_rate_numeric,credit_card_history,71.73922233676193,65.83579517479075,possible_absence_of_history_or_unknown_record,structured_missing_handling_candidate_later,feature_engineering_and_modeling,no
cc_payment_less_than_min_instalment_count_max,structured_missing_or_history_availability,discrete_count_numeric,credit_card_history,71.73922233676193,65.83579517479075,possible_absence_of_history_or_unknown_record,structured_missing_handling_candidate_later,feature_engineering_and_modeling,no
cc_payment_near_min_instalment_count_sum,structured_missing_or_history_availability,discrete_count_numeric,credit_card_history,71.73922233676193,65.83579517479075,possible_absence_of_history_or_unknown_record,structured_missing_handling_candidate_later,feature_engineering_and_modeling,no
cc_payment_near_min_instalment_count_mean,structured_missing_or_history_availability,discrete_count_numeric,credit_card_history,71.73922233676193,65.83579517479075,possible_absence_of_history_or_unknown_record,structured_missing_handling_candidate_later,feature_engineering_and_modeling,no
cc_payment_near_min_instalment_count_max,structured_missing_or_history_availability,discrete_count_numeric,credit_card_history,71.73922233676193,65.83579517479075,possible_absence_of_history_or_unknown_record,structured_missing_handling_candidate_later,feature_engineering_and_modeling,no
cc_no_payment_with_balance_count_sum,structured_missing_or_history_availability,discrete_count_numeric,credit_card_history,71.73922233676193,65.83579517479075,possible_absence_of_history_or_unknown_record,structured_missing_handling_candidate_later,feature_engineering_and_modeling,no
cc_no_payment_with_balance_count_mean,structured_missing_or_history_availability,discrete_count_numeric,credit_card_history,71.73922233676193,65.83579517479075,possible_absence_of_history_or_unknown_record,structured_missing_handling_candidate_later,feature_engineering_and_modeling,no
cc_no_payment_with_balance_count_max,structured_missing_or_history_availability,discrete_count_numeric,credit_card_history,71.73922233676193,65.83579517479075,possible_absence_of_history_or_unknown_record,structured_missing_handling_candidate_later,feature_engineering_and_modeling,no
cc_has_drawing_count_sum,structured_missing_or_history_availability,discrete_count_numeric,credit_card_history,71.73922233676193,65.83579517479075,possible_absence_of_history_or_unknown_record,structured_missing_handling_candidate_later,feature_engineering_and_modeling,no
cc_has_drawing_count_mean,structured_missing_or_history_availability,ratio_rate_numeric,credit_card_history,71.73922233676193,65.83579517479075,possible_absence_of_history_or_unknown_record,structured_missing_handling_candidate_later,feature_engineering_and_modeling,no
cc_has_drawing_count_max,structured_missing_or_history_availability,discrete_count_numeric,credit_card_history,71.73922233676193,65.83579517479075,possible_absence_of_history_or_unknown_record,structured_missing_handling_candidate_later,feature_engineering_and_modeling,no
cc_has_atm_drawing_count_sum,structured_missing_or_history_availability,discrete_count_numeric,credit_card_history,71.73922233676193,65.83579517479075,possible_absence_of_history_or_unknown_record,structured_missing_handling_candidate_later,feature_engineering_and_modeling,no
cc_has_atm_drawing_count_mean,structured_missing_or_history_availability,ratio_rate_numeric,credit_card_history,71.73922233676193,65.83579517479075,possible_absence_of_history_or_unknown_record,structured_missing_handling_candidate_later,feature_engineering_and_modeling,no
cc_has_atm_drawing_count_max,structured_missing_or_history_availability,discrete_count_numeric,credit_card_history,71.73922233676193,65.83579517479075,possible_absence_of_history_or_unknown_record,structured_missing_handling_candidate_later,feature_engineering_and_modeling,no
cc_has_pos_drawing_count_sum,structured_missing_or_history_availability,discrete_count_numeric,credit_card_history,71.73922233676193,65.83579517479075,possible_absence_of_history_or_unknown_record,structured_missing_handling_candidate_later,feature_engineering_and_modeling,no
cc_has_pos_drawing_count_mean,structured_missing_or_history_availability,ratio_rate_numeric,credit_card_history,71.73922233676193,65.83579517479075,possible_absence_of_history_or_unknown_record,structured_missing_handling_candidate_later,feature_engineering_and_modeling,no
cc_has_pos_drawing_count_max,structured_missing_or_history_availability,discrete_count_numeric,credit_card_history,71.73922233676193,65.83579517479075,possible_absence_of_history_or_unknown_record,structured_missing_handling_candidate_later,feature_engineering_and_modeling,no
cc_has_other_drawing_count_sum,structured_missing_or_history_availability,discrete_count_numeric,credit_card_history,71.73922233676193,65.83579517479075,possible_absence_of_history_or_unknown_record,structured_missing_handling_candidate_later,feature_engineering_and_modeling,no
cc_has_other_drawing_count_mean,structured_missing_or_history_availability,ratio_rate_numeric,credit_card_history,71.73922233676193,65.83579517479075,possible_absence_of_history_or_unknown_record,structured_missing_handling_candidate_later,feature_engineering_and_modeling,no
cc_has_other_drawing_count_max,structured_missing_or_history_availability,discrete_count_numeric,credit_card_history,71.73922233676193,65.83579517479075,possible_absence_of_history_or_unknown_record,structured_missing_handling_candidate_later,feature_engineering_and_modeling,no
cc_has_drawing_count_count_sum,structured_missing_or_history_availability,discrete_count_numeric,credit_card_history,71.73922233676193,65.83579517479075,possible_absence_of_history_or_unknown_record,structured_missing_handling_candidate_later,feature_engineering_and_modeling,no
cc_has_drawing_count_count_mean,structured_missing_or_history_availability,ratio_rate_numeric,credit_card_history,71.73922233676193,65.83579517479075,possible_absence_of_history_or_unknown_record,structured_missing_handling_candidate_later,feature_engineering_and_modeling,no
cc_has_drawing_count_count_max,structured_missing_or_history_availability,discrete_count_numeric,credit_card_history,71.73922233676193,65.83579517479075,possible_absence_of_history_or_unknown_record,structured_missing_handling_candidate_later,feature_engineering_and_modeling,no
cc_has_atm_drawing_count_count_sum,structured_missing_or_history_availability,discrete_count_numeric,credit_card_history,71.73922233676193,65.83579517479075,possible_absence_of_history_or_unknown_record,structured_missing_handling_candidate_later,feature_engineering_and_modeling,no
cc_has_atm_drawing_count_count_mean,structured_missing_or_history_availability,ratio_rate_numeric,credit_card_history,71.73922233676193,65.83579517479075,possible_absence_of_history_or_unknown_record,structured_missing_handling_candidate_later,feature_engineering_and_modeling,no
cc_has_atm_drawing_count_count_max,structured_missing_or_history_availability,discrete_count_numeric,credit_card_history,71.73922233676193,65.83579517479075,possible_absence_of_history_or_unknown_record,structured_missing_handling_candidate_later,feature_engineering_and_modeling,no
cc_has_pos_drawing_count_count_sum,structured_missing_or_history_availability,discrete_count_numeric,credit_card_history,71.73922233676193,65.83579517479075,possible_absence_of_history_or_unknown_record,structured_missing_handling_candidate_later,feature_engineering_and_modeling,no
cc_has_pos_drawing_count_count_mean,structured_missing_or_history_availability,ratio_rate_numeric,credit_card_history,71.73922233676193,65.83579517479075,possible_absence_of_history_or_unknown_record,structured_missing_handling_candidate_later,feature_engineering_and_modeling,no
cc_has_pos_drawing_count_count_max,structured_missing_or_history_availability,discrete_count_numeric,credit_card_history,71.73922233676193,65.83579517479075,possible_absence_of_history_or_unknown_record,structured_missing_handling_candidate_later,feature_engineering_and_modeling,no
cc_has_other_drawing_count_count_sum,structured_missing_or_history_availability,discrete_count_numeric,credit_card_history,71.73922233676193,65.83579517479075,possible_absence_of_history_or_unknown_record,structured_missing_handling_candidate_later,feature_engineering_and_modeling,no
cc_has_other_drawing_count_count_mean,structured_missing_or_history_availability,ratio_rate_numeric,credit_card_history,71.73922233676193,65.83579517479075,possible_absence_of_history_or_unknown_record,structured_missing_handling_candidate_later,feature_engineering_and_modeling,no
cc_has_other_drawing_count_count_max,structured_missing_or_history_availability,discrete_count_numeric,credit_card_history,71.73922233676193,65.83579517479075,possible_absence_of_history_or_unknown_record,structured_missing_handling_candidate_later,feature_engineering_and_modeling,no
cc_recent_6m_has_dpd_count_sum,structured_missing_or_history_availability,discrete_count_numeric,credit_card_history,71.73922233676193,65.83579517479075,possible_absence_of_history_or_unknown_record,structured_missing_handling_candidate_later,feature_engineering_and_modeling,no
cc_recent_6m_has_dpd_count_mean,structured_missing_or_history_availability,ratio_rate_numeric,credit_card_history,71.73922233676193,65.83579517479075,possible_absence_of_history_or_unknown_record,structured_missing_handling_candidate_later,feature_engineering_and_modeling,no
cc_recent_6m_has_dpd_count_max,structured_missing_or_history_availability,discrete_count_numeric,credit_card_history,71.73922233676193,65.83579517479075,possible_absence_of_history_or_unknown_record,structured_missing_handling_candidate_later,feature_engineering_and_modeling,no
cc_recent_12m_has_dpd_count_sum,structured_missing_or_history_availability,discrete_count_numeric,credit_card_history,71.73922233676193,65.83579517479075,possible_absence_of_history_or_unknown_record,structured_missing_handling_candidate_later,feature_engineering_and_modeling,no
cc_recent_12m_has_dpd_count_mean,structured_missing_or_history_availability,ratio_rate_numeric,credit_card_history,71.73922233676193,65.83579517479075,possible_absence_of_history_or_unknown_record,structured_missing_handling_candidate_later,feature_engineering_and_modeling,no
cc_recent_12m_has_dpd_count_max,structured_missing_or_history_availability,discrete_count_numeric,credit_card_history,71.73922233676193,65.83579517479075,possible_absence_of_history_or_unknown_record,structured_missing_handling_candidate_later,feature_engineering_and_modeling,no
cc_recent_24m_has_dpd_count_sum,structured_missing_or_history_availability,discrete_count_numeric,credit_card_history,71.73922233676193,65.83579517479075,possible_absence_of_history_or_unknown_record,structured_missing_handling_candidate_later,feature_engineering_and_modeling,no
cc_recent_24m_has_dpd_count_mean,structured_missing_or_history_availability,ratio_rate_numeric,credit_card_history,71.73922233676193,65.83579517479075,possible_absence_of_history_or_unknown_record,structured_missing_handling_candidate_later,feature_engineering_and_modeling,no
cc_recent_24m_has_dpd_count_max,structured_missing_or_history_availability,discrete_count_numeric,credit_card_history,71.73922233676193,65.83579517479075,possible_absence_of_history_or_unknown_record,structured_missing_handling_candidate_later,feature_engineering_and_modeling,no
cc_recent_6m_has_dpd_def_count_sum,structured_missing_or_history_availability,discrete_count_numeric,credit_card_history,71.73922233676193,65.83579517479075,possible_absence_of_history_or_unknown_record,structured_missing_handling_candidate_later,feature_engineering_and_modeling,no
cc_recent_6m_has_dpd_def_count_mean,structured_missing_or_history_availability,ratio_rate_numeric,credit_card_history,71.73922233676193,65.83579517479075,possible_absence_of_history_or_unknown_record,structured_missing_handling_candidate_later,feature_engineering_and_modeling,no
cc_recent_6m_has_dpd_def_count_max,structured_missing_or_history_availability,discrete_count_numeric,credit_card_history,71.73922233676193,65.83579517479075,possible_absence_of_history_or_unknown_record,structured_missing_handling_candidate_later,feature_engineering_and_modeling,no
cc_recent_12m_has_dpd_def_count_sum,structured_missing_or_history_availability,discrete_count_numeric,credit_card_history,71.73922233676193,65.83579517479075,possible_absence_of_history_or_unknown_record,structured_missing_handling_candidate_later,feature_engineering_and_modeling,no
cc_recent_12m_has_dpd_def_count_mean,structured_missing_or_history_availability,ratio_rate_numeric,credit_card_history,71.73922233676193,65.83579517479075,possible_absence_of_history_or_unknown_record,structured_missing_handling_candidate_later,feature_engineering_and_modeling,no
cc_recent_12m_has_dpd_def_count_max,structured_missing_or_history_availability,discrete_count_numeric,credit_card_history,71.73922233676193,65.83579517479075,possible_absence_of_history_or_unknown_record,structured_missing_handling_candidate_later,feature_engineering_and_modeling,no
cc_recent_24m_has_dpd_def_count_sum,structured_missing_or_history_availability,discrete_count_numeric,credit_card_history,71.73922233676193,65.83579517479075,possible_absence_of_history_or_unknown_record,structured_missing_handling_candidate_later,feature_engineering_and_modeling,no
cc_recent_24m_has_dpd_def_count_mean,structured_missing_or_history_availability,ratio_rate_numeric,credit_card_history,71.73922233676193,65.83579517479075,possible_absence_of_history_or_unknown_record,structured_missing_handling_candidate_later,feature_engineering_and_modeling,no
cc_recent_24m_has_dpd_def_count_max,structured_missing_or_history_availability,discrete_count_numeric,credit_card_history,71.73922233676193,65.83579517479075,possible_absence_of_history_or_unknown_record,structured_missing_handling_candidate_later,feature_engineering_and_modeling,no
cc_recent_6m_high_utilization_80plus_count_sum,structured_missing_or_history_availability,ratio_rate_numeric,credit_card_history,71.73922233676193,65.83579517479075,possible_absence_of_history_or_unknown_record,structured_missing_handling_candidate_later,feature_engineering_and_modeling,no
cc_recent_6m_high_utilization_80plus_count_mean,structured_missing_or_history_availability,ratio_rate_numeric,credit_card_history,71.73922233676193,65.83579517479075,possible_absence_of_history_or_unknown_record,structured_missing_handling_candidate_later,feature_engineering_and_modeling,no
cc_recent_6m_high_utilization_80plus_count_max,structured_missing_or_history_availability,ratio_rate_numeric,credit_card_history,71.73922233676193,65.83579517479075,possible_absence_of_history_or_unknown_record,structured_missing_handling_candidate_later,feature_engineering_and_modeling,no
cc_recent_12m_high_utilization_80plus_count_sum,structured_missing_or_history_availability,ratio_rate_numeric,credit_card_history,71.73922233676193,65.83579517479075,possible_absence_of_history_or_unknown_record,structured_missing_handling_candidate_later,feature_engineering_and_modeling,no
cc_recent_12m_high_utilization_80plus_count_mean,structured_missing_or_history_availability,ratio_rate_numeric,credit_card_history,71.73922233676193,65.83579517479075,possible_absence_of_history_or_unknown_record,structured_missing_handling_candidate_later,feature_engineering_and_modeling,no
cc_recent_12m_high_utilization_80plus_count_max,structured_missing_or_history_availability,ratio_rate_numeric,credit_card_history,71.73922233676193,65.83579517479075,possible_absence_of_history_or_unknown_record,structured_missing_handling_candidate_later,feature_engineering_and_modeling,no
cc_recent_24m_high_utilization_80plus_count_sum,structured_missing_or_history_availability,ratio_rate_numeric,credit_card_history,71.73922233676193,65.83579517479075,possible_absence_of_history_or_unknown_record,structured_missing_handling_candidate_later,feature_engineering_and_modeling,no
cc_recent_24m_high_utilization_80plus_count_mean,structured_missing_or_history_availability,ratio_rate_numeric,credit_card_history,71.73922233676193,65.83579517479075,possible_absence_of_history_or_unknown_record,structured_missing_handling_candidate_later,feature_engineering_and_modeling,no
cc_recent_24m_high_utilization_80plus_count_max,structured_missing_or_history_availability,ratio_rate_numeric,credit_card_history,71.73922233676193,65.83579517479075,possible_absence_of_history_or_unknown_record,structured_missing_handling_candidate_later,feature_engineering_and_modeling,no
cc_recent_6m_payment_less_than_min_count_sum,structured_missing_or_history_availability,discrete_count_numeric,credit_card_history,71.73922233676193,65.83579517479075,possible_absence_of_history_or_unknown_record,structured_missing_handling_candidate_later,feature_engineering_and_modeling,no
cc_recent_6m_payment_less_than_min_count_mean,structured_missing_or_history_availability,ratio_rate_numeric,credit_card_history,71.73922233676193,65.83579517479075,possible_absence_of_history_or_unknown_record,structured_missing_handling_candidate_later,feature_engineering_and_modeling,no
cc_recent_6m_payment_less_than_min_count_max,structured_missing_or_history_availability,discrete_count_numeric,credit_card_history,71.73922233676193,65.83579517479075,possible_absence_of_history_or_unknown_record,structured_missing_handling_candidate_later,feature_engineering_and_modeling,no
cc_recent_12m_payment_less_than_min_count_sum,structured_missing_or_history_availability,discrete_count_numeric,credit_card_history,71.73922233676193,65.83579517479075,possible_absence_of_history_or_unknown_record,structured_missing_handling_candidate_later,feature_engineering_and_modeling,no
cc_recent_12m_payment_less_than_min_count_mean,structured_missing_or_history_availability,ratio_rate_numeric,credit_card_history,71.73922233676193,65.83579517479075,possible_absence_of_history_or_unknown_record,structured_missing_handling_candidate_later,feature_engineering_and_modeling,no
cc_recent_12m_payment_less_than_min_count_max,structured_missing_or_history_availability,discrete_count_numeric,credit_card_history,71.73922233676193,65.83579517479075,possible_absence_of_history_or_unknown_record,structured_missing_handling_candidate_later,feature_engineering_and_modeling,no
cc_recent_24m_payment_less_than_min_count_sum,structured_missing_or_history_availability,discrete_count_numeric,credit_card_history,71.73922233676193,65.83579517479075,possible_absence_of_history_or_unknown_record,structured_missing_handling_candidate_later,feature_engineering_and_modeling,no
cc_recent_24m_payment_less_than_min_count_mean,structured_missing_or_history_availability,ratio_rate_numeric,credit_card_history,71.73922233676193,65.83579517479075,possible_absence_of_history_or_unknown_record,structured_missing_handling_candidate_later,feature_engineering_and_modeling,no
cc_recent_24m_payment_less_than_min_count_max,structured_missing_or_history_availability,discrete_count_numeric,credit_card_history,71.73922233676193,65.83579517479075,possible_absence_of_history_or_unknown_record,structured_missing_handling_candidate_later,feature_engineering_and_modeling,no
cc_missing_payment_current_count_sum,structured_missing_or_history_availability,discrete_count_numeric,credit_card_history,71.73922233676193,65.83579517479075,possible_absence_of_history_or_unknown_record,structured_missing_handling_candidate_later,feature_engineering_and_modeling,no
cc_missing_payment_current_count_mean,structured_missing_or_history_availability,discrete_count_numeric,credit_card_history,71.73922233676193,65.83579517479075,possible_absence_of_history_or_unknown_record,structured_missing_handling_candidate_later,feature_engineering_and_modeling,no
cc_missing_payment_current_count_max,structured_missing_or_history_availability,discrete_count_numeric,credit_card_history,71.73922233676193,65.83579517479075,possible_absence_of_history_or_unknown_record,structured_missing_handling_candidate_later,feature_engineering_and_modeling,no
cc_missing_min_instalment_count_sum,structured_missing_or_history_availability,discrete_count_numeric,credit_card_history,71.73922233676193,65.83579517479075,possible_absence_of_history_or_unknown_record,structured_missing_handling_candidate_later,feature_engineering_and_modeling,no
cc_missing_min_instalment_count_mean,structured_missing_or_history_availability,discrete_count_numeric,credit_card_history,71.73922233676193,65.83579517479075,possible_absence_of_history_or_unknown_record,structured_missing_handling_candidate_later,feature_engineering_and_modeling,no
cc_missing_min_instalment_count_max,structured_missing_or_history_availability,discrete_count_numeric,credit_card_history,71.73922233676193,65.83579517479075,possible_absence_of_history_or_unknown_record,structured_missing_handling_candidate_later,feature_engineering_and_modeling,no
cc_missing_credit_limit_count_sum,structured_missing_or_history_availability,binary_flag,credit_card_history,71.73922233676193,65.83579517479075,possible_absence_of_history_or_unknown_record,structured_missing_handling_candidate_later,feature_engineering_and_modeling,no
cc_missing_credit_limit_count_mean,structured_missing_or_history_availability,binary_flag,credit_card_history,71.73922233676193,65.83579517479075,possible_absence_of_history_or_unknown_record,structured_missing_handling_candidate_later,feature_engineering_and_modeling,no
cc_missing_credit_limit_count_max,structured_missing_or_history_availability,binary_flag,credit_card_history,71.73922233676193,65.83579517479075,possible_absence_of_history_or_unknown_record,structured_missing_handling_candidate_later,feature_engineering_and_modeling,no
cc_credit_limit_unique_count_sum,structured_missing_or_history_availability,discrete_count_numeric,credit_card_history,71.73922233676193,65.83579517479075,possible_absence_of_history_or_unknown_record,structured_missing_handling_candidate_later,feature_engineering_and_modeling,no
cc_credit_limit_unique_count_mean,structured_missing_or_history_availability,discrete_count_numeric,credit_card_history,71.73922233676193,65.83579517479075,possible_absence_of_history_or_unknown_record,structured_missing_handling_candidate_later,feature_engineering_and_modeling,no
cc_credit_limit_unique_count_max,structured_missing_or_history_availability,discrete_count_numeric,credit_card_history,71.73922233676193,65.83579517479075,possible_absence_of_history_or_unknown_record,structured_missing_handling_candidate_later,feature_engineering_and_modeling,no
cc_latest_drawing_count_sum,structured_missing_or_history_availability,discrete_count_numeric,credit_card_history,71.73922233676193,65.83579517479075,possible_absence_of_history_or_unknown_record,structured_missing_handling_candidate_later,feature_engineering_and_modeling,no
cc_latest_drawing_count_mean,structured_missing_or_history_availability,discrete_count_numeric,credit_card_history,71.73922233676193,65.83579517479075,possible_absence_of_history_or_unknown_record,structured_missing_handling_candidate_later,feature_engineering_and_modeling,no
cc_latest_drawing_count_max,structured_missing_or_history_availability,discrete_count_numeric,credit_card_history,71.73922233676193,65.83579517479075,possible_absence_of_history_or_unknown_record,structured_missing_handling_candidate_later,feature_engineering_and_modeling,no
cc_status_active_ratio_mean,structured_missing_or_history_availability,ratio_rate_numeric,credit_card_history,71.73922233676193,65.83579517479075,possible_absence_of_history_or_unknown_record,structured_missing_handling_candidate_later,feature_engineering_and_modeling,no
cc_status_active_ratio_max,structured_missing_or_history_availability,ratio_rate_numeric,credit_card_history,71.73922233676193,65.83579517479075,possible_absence_of_history_or_unknown_record,structured_missing_handling_candidate_later,feature_engineering_and_modeling,no
cc_status_active_ratio_min,structured_missing_or_history_availability,ratio_rate_numeric,credit_card_history,71.73922233676193,65.83579517479075,possible_absence_of_history_or_unknown_record,structured_missing_handling_candidate_later,feature_engineering_and_modeling,no
cc_status_completed_ratio_mean,structured_missing_or_history_availability,ratio_rate_numeric,credit_card_history,71.73922233676193,65.83579517479075,possible_absence_of_history_or_unknown_record,structured_missing_handling_candidate_later,feature_engineering_and_modeling,no
cc_status_completed_ratio_max,structured_missing_or_history_availability,ratio_rate_numeric,credit_card_history,71.73922233676193,65.83579517479075,possible_absence_of_history_or_unknown_record,structured_missing_handling_candidate_later,feature_engineering_and_modeling,no
cc_status_completed_ratio_min,structured_missing_or_history_availability,ratio_rate_numeric,credit_card_history,71.73922233676193,65.83579517479075,possible_absence_of_history_or_unknown_record,structured_missing_handling_candidate_later,feature_engineering_and_modeling,no
cc_status_signed_ratio_mean,structured_missing_or_history_availability,ratio_rate_numeric,credit_card_history,71.73922233676193,65.83579517479075,possible_absence_of_history_or_unknown_record,structured_missing_handling_candidate_later,feature_engineering_and_modeling,no
cc_status_signed_ratio_max,structured_missing_or_history_availability,ratio_rate_numeric,credit_card_history,71.73922233676193,65.83579517479075,possible_absence_of_history_or_unknown_record,structured_missing_handling_candidate_later,feature_engineering_and_modeling,no
cc_status_signed_ratio_min,structured_missing_or_history_availability,ratio_rate_numeric,credit_card_history,71.73922233676193,65.83579517479075,possible_absence_of_history_or_unknown_record,structured_missing_handling_candidate_later,feature_engineering_and_modeling,no
cc_status_demand_ratio_mean,structured_missing_or_history_availability,ratio_rate_numeric,credit_card_history,71.73922233676193,65.83579517479075,possible_absence_of_history_or_unknown_record,structured_missing_handling_candidate_later,feature_engineering_and_modeling,no
cc_status_demand_ratio_max,structured_missing_or_history_availability,ratio_rate_numeric,credit_card_history,71.73922233676193,65.83579517479075,possible_absence_of_history_or_unknown_record,structured_missing_handling_candidate_later,feature_engineering_and_modeling,no
cc_status_demand_ratio_min,structured_missing_or_history_availability,ratio_rate_numeric,credit_card_history,71.73922233676193,65.83579517479075,possible_absence_of_history_or_unknown_record,structured_missing_handling_candidate_later,feature_engineering_and_modeling,no
cc_status_sent_proposal_ratio_mean,structured_missing_or_history_availability,ratio_rate_numeric,credit_card_history,71.73922233676193,65.83579517479075,possible_absence_of_history_or_unknown_record,structured_missing_handling_candidate_later,feature_engineering_and_modeling,no
cc_status_sent_proposal_ratio_max,structured_missing_or_history_availability,ratio_rate_numeric,credit_card_history,71.73922233676193,65.83579517479075,possible_absence_of_history_or_unknown_record,structured_missing_handling_candidate_later,feature_engineering_and_modeling,no
cc_status_sent_proposal_ratio_min,structured_missing_or_history_availability,ratio_rate_numeric,credit_card_history,71.73922233676193,65.83579517479075,possible_absence_of_history_or_unknown_record,structured_missing_handling_candidate_later,feature_engineering_and_modeling,no
cc_status_refused_ratio_mean,structured_missing_or_history_availability,ratio_rate_numeric,credit_card_history,71.73922233676193,65.83579517479075,possible_absence_of_history_or_unknown_record,structured_missing_handling_candidate_later,feature_engineering_and_modeling,no
cc_status_refused_ratio_max,structured_missing_or_history_availability,ratio_rate_numeric,credit_card_history,71.73922233676193,65.83579517479075,possible_absence_of_history_or_unknown_record,structured_missing_handling_candidate_later,feature_engineering_and_modeling,no
cc_status_refused_ratio_min,structured_missing_or_history_availability,ratio_rate_numeric,credit_card_history,71.73922233676193,65.83579517479075,possible_absence_of_history_or_unknown_record,structured_missing_handling_candidate_later,feature_engineering_and_modeling,no
cc_status_approved_ratio_mean,structured_missing_or_history_availability,ratio_rate_numeric,credit_card_history,71.73922233676193,65.83579517479075,possible_absence_of_history_or_unknown_record,structured_missing_handling_candidate_later,feature_engineering_and_modeling,no
cc_status_approved_ratio_max,structured_missing_or_history_availability,ratio_rate_numeric,credit_card_history,71.73922233676193,65.83579517479075,possible_absence_of_history_or_unknown_record,structured_missing_handling_candidate_later,feature_engineering_and_modeling,no
cc_status_approved_ratio_min,structured_missing_or_history_availability,ratio_rate_numeric,credit_card_history,71.73922233676193,65.83579517479075,possible_absence_of_history_or_unknown_record,structured_missing_handling_candidate_later,feature_engineering_and_modeling,no
cc_status_canceled_ratio_mean,structured_missing_or_history_availability,binary_flag,credit_card_history,71.73922233676193,65.83579517479075,possible_absence_of_history_or_unknown_record,structured_missing_handling_candidate_later,feature_engineering_and_modeling,no
cc_status_canceled_ratio_max,structured_missing_or_history_availability,binary_flag,credit_card_history,71.73922233676193,65.83579517479075,possible_absence_of_history_or_unknown_record,structured_missing_handling_candidate_later,feature_engineering_and_modeling,no
cc_status_canceled_ratio_min,structured_missing_or_history_availability,binary_flag,credit_card_history,71.73922233676193,65.83579517479075,possible_absence_of_history_or_unknown_record,structured_missing_handling_candidate_later,feature_engineering_and_modeling,no
cc_has_dpd_ratio_mean,structured_missing_or_history_availability,ratio_rate_numeric,credit_card_history,71.73922233676193,65.83579517479075,possible_absence_of_history_or_unknown_record,structured_missing_handling_candidate_later,feature_engineering_and_modeling,no
cc_has_dpd_ratio_max,structured_missing_or_history_availability,ratio_rate_numeric,credit_card_history,71.73922233676193,65.83579517479075,possible_absence_of_history_or_unknown_record,structured_missing_handling_candidate_later,feature_engineering_and_modeling,no
cc_has_dpd_ratio_min,structured_missing_or_history_availability,ratio_rate_numeric,credit_card_history,71.73922233676193,65.83579517479075,possible_absence_of_history_or_unknown_record,structured_missing_handling_candidate_later,feature_engineering_and_modeling,no
cc_has_dpd_def_ratio_mean,structured_missing_or_history_availability,ratio_rate_numeric,credit_card_history,71.73922233676193,65.83579517479075,possible_absence_of_history_or_unknown_record,structured_missing_handling_candidate_later,feature_engineering_and_modeling,no
cc_has_dpd_def_ratio_max,structured_missing_or_history_availability,ratio_rate_numeric,credit_card_history,71.73922233676193,65.83579517479075,possible_absence_of_history_or_unknown_record,structured_missing_handling_candidate_later,feature_engineering_and_modeling,no
cc_has_dpd_def_ratio_min,structured_missing_or_history_availability,ratio_rate_numeric,credit_card_history,71.73922233676193,65.83579517479075,possible_absence_of_history_or_unknown_record,structured_missing_handling_candidate_later,feature_engineering_and_modeling,no
cc_dpd_30plus_ratio_mean,structured_missing_or_history_availability,ratio_rate_numeric,credit_card_history,71.73922233676193,65.83579517479075,possible_absence_of_history_or_unknown_record,structured_missing_handling_candidate_later,feature_engineering_and_modeling,no
cc_dpd_30plus_ratio_max,structured_missing_or_history_availability,ratio_rate_numeric,credit_card_history,71.73922233676193,65.83579517479075,possible_absence_of_history_or_unknown_record,structured_missing_handling_candidate_later,feature_engineering_and_modeling,no
cc_dpd_30plus_ratio_min,structured_missing_or_history_availability,ratio_rate_numeric,credit_card_history,71.73922233676193,65.83579517479075,possible_absence_of_history_or_unknown_record,structured_missing_handling_candidate_later,feature_engineering_and_modeling,no
cc_dpd_60plus_ratio_mean,structured_missing_or_history_availability,ratio_rate_numeric,credit_card_history,71.73922233676193,65.83579517479075,possible_absence_of_history_or_unknown_record,structured_missing_handling_candidate_later,feature_engineering_and_modeling,no
cc_dpd_60plus_ratio_max,structured_missing_or_history_availability,ratio_rate_numeric,credit_card_history,71.73922233676193,65.83579517479075,possible_absence_of_history_or_unknown_record,structured_missing_handling_candidate_later,feature_engineering_and_modeling,no
cc_dpd_60plus_ratio_min,structured_missing_or_history_availability,ratio_rate_numeric,credit_card_history,71.73922233676193,65.83579517479075,possible_absence_of_history_or_unknown_record,structured_missing_handling_candidate_later,feature_engineering_and_modeling,no
cc_dpd_90plus_ratio_mean,structured_missing_or_history_availability,ratio_rate_numeric,credit_card_history,71.73922233676193,65.83579517479075,possible_absence_of_history_or_unknown_record,structured_missing_handling_candidate_later,feature_engineering_and_modeling,no
cc_dpd_90plus_ratio_max,structured_missing_or_history_availability,ratio_rate_numeric,credit_card_history,71.73922233676193,65.83579517479075,possible_absence_of_history_or_unknown_record,structured_missing_handling_candidate_later,feature_engineering_and_modeling,no
cc_dpd_90plus_ratio_min,structured_missing_or_history_availability,ratio_rate_numeric,credit_card_history,71.73922233676193,65.83579517479075,possible_absence_of_history_or_unknown_record,structured_missing_handling_candidate_later,feature_engineering_and_modeling,no
cc_dpd_def_30plus_ratio_mean,structured_missing_or_history_availability,ratio_rate_numeric,credit_card_history,71.73922233676193,65.83579517479075,possible_absence_of_history_or_unknown_record,structured_missing_handling_candidate_later,feature_engineering_and_modeling,no
cc_dpd_def_30plus_ratio_max,structured_missing_or_history_availability,ratio_rate_numeric,credit_card_history,71.73922233676193,65.83579517479075,possible_absence_of_history_or_unknown_record,structured_missing_handling_candidate_later,feature_engineering_and_modeling,no
cc_dpd_def_30plus_ratio_min,structured_missing_or_history_availability,ratio_rate_numeric,credit_card_history,71.73922233676193,65.83579517479075,possible_absence_of_history_or_unknown_record,structured_missing_handling_candidate_later,feature_engineering_and_modeling,no
cc_dpd_def_60plus_ratio_mean,structured_missing_or_history_availability,ratio_rate_numeric,credit_card_history,71.73922233676193,65.83579517479075,possible_absence_of_history_or_unknown_record,structured_missing_handling_candidate_later,feature_engineering_and_modeling,no
cc_dpd_def_60plus_ratio_max,structured_missing_or_history_availability,ratio_rate_numeric,credit_card_history,71.73922233676193,65.83579517479075,possible_absence_of_history_or_unknown_record,structured_missing_handling_candidate_later,feature_engineering_and_modeling,no
cc_dpd_def_60plus_ratio_min,structured_missing_or_history_availability,ratio_rate_numeric,credit_card_history,71.73922233676193,65.83579517479075,possible_absence_of_history_or_unknown_record,structured_missing_handling_candidate_later,feature_engineering_and_modeling,no
cc_dpd_def_90plus_ratio_mean,structured_missing_or_history_availability,ratio_rate_numeric,credit_card_history,71.73922233676193,65.83579517479075,possible_absence_of_history_or_unknown_record,structured_missing_handling_candidate_later,feature_engineering_and_modeling,no
cc_dpd_def_90plus_ratio_max,structured_missing_or_history_availability,ratio_rate_numeric,credit_card_history,71.73922233676193,65.83579517479075,possible_absence_of_history_or_unknown_record,structured_missing_handling_candidate_later,feature_engineering_and_modeling,no
cc_dpd_def_90plus_ratio_min,structured_missing_or_history_availability,ratio_rate_numeric,credit_card_history,71.73922233676193,65.83579517479075,possible_absence_of_history_or_unknown_record,structured_missing_handling_candidate_later,feature_engineering_and_modeling,no
cc_is_recent_6m_ratio_mean,structured_missing_or_history_availability,ratio_rate_numeric,credit_card_history,71.73922233676193,65.83579517479075,possible_absence_of_history_or_unknown_record,structured_missing_handling_candidate_later,feature_engineering_and_modeling,no
cc_is_recent_6m_ratio_max,structured_missing_or_history_availability,ratio_rate_numeric,credit_card_history,71.73922233676193,65.83579517479075,possible_absence_of_history_or_unknown_record,structured_missing_handling_candidate_later,feature_engineering_and_modeling,no
cc_is_recent_6m_ratio_min,structured_missing_or_history_availability,ratio_rate_numeric,credit_card_history,71.73922233676193,65.83579517479075,possible_absence_of_history_or_unknown_record,structured_missing_handling_candidate_later,feature_engineering_and_modeling,no
cc_is_recent_12m_ratio_mean,structured_missing_or_history_availability,ratio_rate_numeric,credit_card_history,71.73922233676193,65.83579517479075,possible_absence_of_history_or_unknown_record,structured_missing_handling_candidate_later,feature_engineering_and_modeling,no
cc_is_recent_12m_ratio_max,structured_missing_or_history_availability,ratio_rate_numeric,credit_card_history,71.73922233676193,65.83579517479075,possible_absence_of_history_or_unknown_record,structured_missing_handling_candidate_later,feature_engineering_and_modeling,no
cc_is_recent_12m_ratio_min,structured_missing_or_history_availability,ratio_rate_numeric,credit_card_history,71.73922233676193,65.83579517479075,possible_absence_of_history_or_unknown_record,structured_missing_handling_candidate_later,feature_engineering_and_modeling,no
cc_is_recent_24m_ratio_mean,structured_missing_or_history_availability,ratio_rate_numeric,credit_card_history,71.73922233676193,65.83579517479075,possible_absence_of_history_or_unknown_record,structured_missing_handling_candidate_later,feature_engineering_and_modeling,no
cc_is_recent_24m_ratio_max,structured_missing_or_history_availability,ratio_rate_numeric,credit_card_history,71.73922233676193,65.83579517479075,possible_absence_of_history_or_unknown_record,structured_missing_handling_candidate_later,feature_engineering_and_modeling,no
cc_is_recent_24m_ratio_min,structured_missing_or_history_availability,ratio_rate_numeric,credit_card_history,71.73922233676193,65.83579517479075,possible_absence_of_history_or_unknown_record,structured_missing_handling_candidate_later,feature_engineering_and_modeling,no
cc_invalid_credit_limit_ratio_mean,structured_missing_or_history_availability,ratio_rate_numeric,credit_card_history,71.73922233676193,65.83579517479075,possible_absence_of_history_or_unknown_record,structured_missing_handling_candidate_later,feature_engineering_and_modeling,no
cc_invalid_credit_limit_ratio_max,structured_missing_or_history_availability,ratio_rate_numeric,credit_card_history,71.73922233676193,65.83579517479075,possible_absence_of_history_or_unknown_record,structured_missing_handling_candidate_later,feature_engineering_and_modeling,no
cc_invalid_credit_limit_ratio_min,structured_missing_or_history_availability,ratio_rate_numeric,credit_card_history,71.73922233676193,65.83579517479075,possible_absence_of_history_or_unknown_record,structured_missing_handling_candidate_later,feature_engineering_and_modeling,no
cc_has_balance_ratio_mean,structured_missing_or_history_availability,ratio_rate_numeric,credit_card_history,71.73922233676193,65.83579517479075,possible_absence_of_history_or_unknown_record,structured_missing_handling_candidate_later,feature_engineering_and_modeling,no
cc_has_balance_ratio_max,structured_missing_or_history_availability,ratio_rate_numeric,credit_card_history,71.73922233676193,65.83579517479075,possible_absence_of_history_or_unknown_record,structured_missing_handling_candidate_later,feature_engineering_and_modeling,no
cc_has_balance_ratio_min,structured_missing_or_history_availability,ratio_rate_numeric,credit_card_history,71.73922233676193,65.83579517479075,possible_absence_of_history_or_unknown_record,structured_missing_handling_candidate_later,feature_engineering_and_modeling,no
cc_has_total_receivable_ratio_mean,structured_missing_or_history_availability,ratio_rate_numeric,credit_card_history,71.73922233676193,65.83579517479075,possible_absence_of_history_or_unknown_record,structured_missing_handling_candidate_later,feature_engineering_and_modeling,no
cc_has_total_receivable_ratio_max,structured_missing_or_history_availability,ratio_rate_numeric,credit_card_history,71.73922233676193,65.83579517479075,possible_absence_of_history_or_unknown_record,structured_missing_handling_candidate_later,feature_engineering_and_modeling,no
cc_has_total_receivable_ratio_min,structured_missing_or_history_availability,ratio_rate_numeric,credit_card_history,71.73922233676193,65.83579517479075,possible_absence_of_history_or_unknown_record,structured_missing_handling_candidate_later,feature_engineering_and_modeling,no
cc_high_utilization_30plus_ratio_mean,structured_missing_or_history_availability,ratio_rate_numeric,credit_card_history,71.73922233676193,65.83579517479075,possible_absence_of_history_or_unknown_record,structured_missing_handling_candidate_later,feature_engineering_and_modeling,no
cc_high_utilization_30plus_ratio_max,structured_missing_or_history_availability,ratio_rate_numeric,credit_card_history,71.73922233676193,65.83579517479075,possible_absence_of_history_or_unknown_record,structured_missing_handling_candidate_later,feature_engineering_and_modeling,no
cc_high_utilization_30plus_ratio_min,structured_missing_or_history_availability,ratio_rate_numeric,credit_card_history,71.73922233676193,65.83579517479075,possible_absence_of_history_or_unknown_record,structured_missing_handling_candidate_later,feature_engineering_and_modeling,no
cc_high_utilization_50plus_ratio_mean,structured_missing_or_history_availability,ratio_rate_numeric,credit_card_history,71.73922233676193,65.83579517479075,possible_absence_of_history_or_unknown_record,structured_missing_handling_candidate_later,feature_engineering_and_modeling,no
cc_high_utilization_50plus_ratio_max,structured_missing_or_history_availability,ratio_rate_numeric,credit_card_history,71.73922233676193,65.83579517479075,possible_absence_of_history_or_unknown_record,structured_missing_handling_candidate_later,feature_engineering_and_modeling,no
cc_high_utilization_50plus_ratio_min,structured_missing_or_history_availability,ratio_rate_numeric,credit_card_history,71.73922233676193,65.83579517479075,possible_absence_of_history_or_unknown_record,structured_missing_handling_candidate_later,feature_engineering_and_modeling,no
cc_high_utilization_80plus_ratio_mean,structured_missing_or_history_availability,ratio_rate_numeric,credit_card_history,71.73922233676193,65.83579517479075,possible_absence_of_history_or_unknown_record,structured_missing_handling_candidate_later,feature_engineering_and_modeling,no
cc_high_utilization_80plus_ratio_max,structured_missing_or_history_availability,ratio_rate_numeric,credit_card_history,71.73922233676193,65.83579517479075,possible_absence_of_history_or_unknown_record,structured_missing_handling_candidate_later,feature_engineering_and_modeling,no
cc_high_utilization_80plus_ratio_min,structured_missing_or_history_availability,ratio_rate_numeric,credit_card_history,71.73922233676193,65.83579517479075,possible_absence_of_history_or_unknown_record,structured_missing_handling_candidate_later,feature_engineering_and_modeling,no
cc_high_utilization_100plus_ratio_mean,structured_missing_or_history_availability,ratio_rate_numeric,credit_card_history,71.73922233676193,65.83579517479075,possible_absence_of_history_or_unknown_record,structured_missing_handling_candidate_later,feature_engineering_and_modeling,no
cc_high_utilization_100plus_ratio_max,structured_missing_or_history_availability,ratio_rate_numeric,credit_card_history,71.73922233676193,65.83579517479075,possible_absence_of_history_or_unknown_record,structured_missing_handling_candidate_later,feature_engineering_and_modeling,no
cc_high_utilization_100plus_ratio_min,structured_missing_or_history_availability,ratio_rate_numeric,credit_card_history,71.73922233676193,65.83579517479075,possible_absence_of_history_or_unknown_record,structured_missing_handling_candidate_later,feature_engineering_and_modeling,no
cc_over_limit_flag_ratio_mean,structured_missing_or_history_availability,ratio_rate_numeric,credit_card_history,71.73922233676193,65.83579517479075,possible_absence_of_history_or_unknown_record,structured_missing_handling_candidate_later,feature_engineering_and_modeling,no
cc_over_limit_flag_ratio_max,structured_missing_or_history_availability,ratio_rate_numeric,credit_card_history,71.73922233676193,65.83579517479075,possible_absence_of_history_or_unknown_record,structured_missing_handling_candidate_later,feature_engineering_and_modeling,no
cc_over_limit_flag_ratio_min,structured_missing_or_history_availability,ratio_rate_numeric,credit_card_history,71.73922233676193,65.83579517479075,possible_absence_of_history_or_unknown_record,structured_missing_handling_candidate_later,feature_engineering_and_modeling,no
cc_has_payment_current_ratio_mean,structured_missing_or_history_availability,ratio_rate_numeric,credit_card_history,71.73922233676193,65.83579517479075,possible_absence_of_history_or_unknown_record,structured_missing_handling_candidate_later,feature_engineering_and_modeling,no
cc_has_payment_current_ratio_max,structured_missing_or_history_availability,ratio_rate_numeric,credit_card_history,71.73922233676193,65.83579517479075,possible_absence_of_history_or_unknown_record,structured_missing_handling_candidate_later,feature_engineering_and_modeling,no
cc_has_payment_current_ratio_min,structured_missing_or_history_availability,ratio_rate_numeric,credit_card_history,71.73922233676193,65.83579517479075,possible_absence_of_history_or_unknown_record,structured_missing_handling_candidate_later,feature_engineering_and_modeling,no
cc_has_payment_total_ratio_mean,structured_missing_or_history_availability,ratio_rate_numeric,credit_card_history,71.73922233676193,65.83579517479075,possible_absence_of_history_or_unknown_record,structured_missing_handling_candidate_later,feature_engineering_and_modeling,no
cc_has_payment_total_ratio_max,structured_missing_or_history_availability,ratio_rate_numeric,credit_card_history,71.73922233676193,65.83579517479075,possible_absence_of_history_or_unknown_record,structured_missing_handling_candidate_later,feature_engineering_and_modeling,no
cc_has_payment_total_ratio_min,structured_missing_or_history_availability,ratio_rate_numeric,credit_card_history,71.73922233676193,65.83579517479075,possible_absence_of_history_or_unknown_record,structured_missing_handling_candidate_later,feature_engineering_and_modeling,no
cc_has_min_instalment_ratio_mean,structured_missing_or_history_availability,ratio_rate_numeric,credit_card_history,71.73922233676193,65.83579517479075,possible_absence_of_history_or_unknown_record,structured_missing_handling_candidate_later,feature_engineering_and_modeling,no
cc_has_min_instalment_ratio_max,structured_missing_or_history_availability,ratio_rate_numeric,credit_card_history,71.73922233676193,65.83579517479075,possible_absence_of_history_or_unknown_record,structured_missing_handling_candidate_later,feature_engineering_and_modeling,no
cc_has_min_instalment_ratio_min,structured_missing_or_history_availability,ratio_rate_numeric,credit_card_history,71.73922233676193,65.83579517479075,possible_absence_of_history_or_unknown_record,structured_missing_handling_candidate_later,feature_engineering_and_modeling,no
cc_payment_less_than_min_instalment_ratio_mean,structured_missing_or_history_availability,ratio_rate_numeric,credit_card_history,71.73922233676193,65.83579517479075,possible_absence_of_history_or_unknown_record,structured_missing_handling_candidate_later,feature_engineering_and_modeling,no
cc_payment_less_than_min_instalment_ratio_max,structured_missing_or_history_availability,ratio_rate_numeric,credit_card_history,71.73922233676193,65.83579517479075,possible_absence_of_history_or_unknown_record,structured_missing_handling_candidate_later,feature_engineering_and_modeling,no
cc_payment_less_than_min_instalment_ratio_min,structured_missing_or_history_availability,ratio_rate_numeric,credit_card_history,71.73922233676193,65.83579517479075,possible_absence_of_history_or_unknown_record,structured_missing_handling_candidate_later,feature_engineering_and_modeling,no
cc_payment_near_min_instalment_ratio_mean,structured_missing_or_history_availability,ratio_rate_numeric,credit_card_history,71.73922233676193,65.83579517479075,possible_absence_of_history_or_unknown_record,structured_missing_handling_candidate_later,feature_engineering_and_modeling,no
cc_payment_near_min_instalment_ratio_max,structured_missing_or_history_availability,ratio_rate_numeric,credit_card_history,71.73922233676193,65.83579517479075,possible_absence_of_history_or_unknown_record,structured_missing_handling_candidate_later,feature_engineering_and_modeling,no
cc_payment_near_min_instalment_ratio_min,structured_missing_or_history_availability,ratio_rate_numeric,credit_card_history,71.73922233676193,65.83579517479075,possible_absence_of_history_or_unknown_record,structured_missing_handling_candidate_later,feature_engineering_and_modeling,no
cc_no_payment_with_balance_ratio_mean,structured_missing_or_history_availability,ratio_rate_numeric,credit_card_history,71.73922233676193,65.83579517479075,possible_absence_of_history_or_unknown_record,structured_missing_handling_candidate_later,feature_engineering_and_modeling,no
cc_no_payment_with_balance_ratio_max,structured_missing_or_history_availability,ratio_rate_numeric,credit_card_history,71.73922233676193,65.83579517479075,possible_absence_of_history_or_unknown_record,structured_missing_handling_candidate_later,feature_engineering_and_modeling,no
cc_no_payment_with_balance_ratio_min,structured_missing_or_history_availability,ratio_rate_numeric,credit_card_history,71.73922233676193,65.83579517479075,possible_absence_of_history_or_unknown_record,structured_missing_handling_candidate_later,feature_engineering_and_modeling,no
cc_has_drawing_ratio_mean,structured_missing_or_history_availability,ratio_rate_numeric,credit_card_history,71.73922233676193,65.83579517479075,possible_absence_of_history_or_unknown_record,structured_missing_handling_candidate_later,feature_engineering_and_modeling,no
cc_has_drawing_ratio_max,structured_missing_or_history_availability,ratio_rate_numeric,credit_card_history,71.73922233676193,65.83579517479075,possible_absence_of_history_or_unknown_record,structured_missing_handling_candidate_later,feature_engineering_and_modeling,no
cc_has_drawing_ratio_min,structured_missing_or_history_availability,ratio_rate_numeric,credit_card_history,71.73922233676193,65.83579517479075,possible_absence_of_history_or_unknown_record,structured_missing_handling_candidate_later,feature_engineering_and_modeling,no
cc_has_atm_drawing_ratio_mean,structured_missing_or_history_availability,ratio_rate_numeric,credit_card_history,71.73922233676193,65.83579517479075,possible_absence_of_history_or_unknown_record,structured_missing_handling_candidate_later,feature_engineering_and_modeling,no
cc_has_atm_drawing_ratio_max,structured_missing_or_history_availability,ratio_rate_numeric,credit_card_history,71.73922233676193,65.83579517479075,possible_absence_of_history_or_unknown_record,structured_missing_handling_candidate_later,feature_engineering_and_modeling,no
cc_has_atm_drawing_ratio_min,structured_missing_or_history_availability,ratio_rate_numeric,credit_card_history,71.73922233676193,65.83579517479075,possible_absence_of_history_or_unknown_record,structured_missing_handling_candidate_later,feature_engineering_and_modeling,no
cc_has_pos_drawing_ratio_mean,structured_missing_or_history_availability,ratio_rate_numeric,credit_card_history,71.73922233676193,65.83579517479075,possible_absence_of_history_or_unknown_record,structured_missing_handling_candidate_later,feature_engineering_and_modeling,no
cc_has_pos_drawing_ratio_max,structured_missing_or_history_availability,ratio_rate_numeric,credit_card_history,71.73922233676193,65.83579517479075,possible_absence_of_history_or_unknown_record,structured_missing_handling_candidate_later,feature_engineering_and_modeling,no
cc_has_pos_drawing_ratio_min,structured_missing_or_history_availability,ratio_rate_numeric,credit_card_history,71.73922233676193,65.83579517479075,possible_absence_of_history_or_unknown_record,structured_missing_handling_candidate_later,feature_engineering_and_modeling,no
cc_has_other_drawing_ratio_mean,structured_missing_or_history_availability,ratio_rate_numeric,credit_card_history,71.73922233676193,65.83579517479075,possible_absence_of_history_or_unknown_record,structured_missing_handling_candidate_later,feature_engineering_and_modeling,no
cc_has_other_drawing_ratio_max,structured_missing_or_history_availability,ratio_rate_numeric,credit_card_history,71.73922233676193,65.83579517479075,possible_absence_of_history_or_unknown_record,structured_missing_handling_candidate_later,feature_engineering_and_modeling,no
cc_has_other_drawing_ratio_min,structured_missing_or_history_availability,ratio_rate_numeric,credit_card_history,71.73922233676193,65.83579517479075,possible_absence_of_history_or_unknown_record,structured_missing_handling_candidate_later,feature_engineering_and_modeling,no
cc_has_drawing_count_ratio_mean,structured_missing_or_history_availability,ratio_rate_numeric,credit_card_history,71.73922233676193,65.83579517479075,possible_absence_of_history_or_unknown_record,structured_missing_handling_candidate_later,feature_engineering_and_modeling,no
cc_has_drawing_count_ratio_max,structured_missing_or_history_availability,ratio_rate_numeric,credit_card_history,71.73922233676193,65.83579517479075,possible_absence_of_history_or_unknown_record,structured_missing_handling_candidate_later,feature_engineering_and_modeling,no
cc_has_drawing_count_ratio_min,structured_missing_or_history_availability,ratio_rate_numeric,credit_card_history,71.73922233676193,65.83579517479075,possible_absence_of_history_or_unknown_record,structured_missing_handling_candidate_later,feature_engineering_and_modeling,no
cc_has_atm_drawing_count_ratio_mean,structured_missing_or_history_availability,ratio_rate_numeric,credit_card_history,71.73922233676193,65.83579517479075,possible_absence_of_history_or_unknown_record,structured_missing_handling_candidate_later,feature_engineering_and_modeling,no
cc_has_atm_drawing_count_ratio_max,structured_missing_or_history_availability,ratio_rate_numeric,credit_card_history,71.73922233676193,65.83579517479075,possible_absence_of_history_or_unknown_record,structured_missing_handling_candidate_later,feature_engineering_and_modeling,no
cc_has_atm_drawing_count_ratio_min,structured_missing_or_history_availability,ratio_rate_numeric,credit_card_history,71.73922233676193,65.83579517479075,possible_absence_of_history_or_unknown_record,structured_missing_handling_candidate_later,feature_engineering_and_modeling,no
cc_has_pos_drawing_count_ratio_mean,structured_missing_or_history_availability,ratio_rate_numeric,credit_card_history,71.73922233676193,65.83579517479075,possible_absence_of_history_or_unknown_record,structured_missing_handling_candidate_later,feature_engineering_and_modeling,no
cc_has_pos_drawing_count_ratio_max,structured_missing_or_history_availability,ratio_rate_numeric,credit_card_history,71.73922233676193,65.83579517479075,possible_absence_of_history_or_unknown_record,structured_missing_handling_candidate_later,feature_engineering_and_modeling,no
cc_has_pos_drawing_count_ratio_min,structured_missing_or_history_availability,ratio_rate_numeric,credit_card_history,71.73922233676193,65.83579517479075,possible_absence_of_history_or_unknown_record,structured_missing_handling_candidate_later,feature_engineering_and_modeling,no
cc_has_other_drawing_count_ratio_mean,structured_missing_or_history_availability,ratio_rate_numeric,credit_card_history,71.73922233676193,65.83579517479075,possible_absence_of_history_or_unknown_record,structured_missing_handling_candidate_later,feature_engineering_and_modeling,no
cc_has_other_drawing_count_ratio_max,structured_missing_or_history_availability,ratio_rate_numeric,credit_card_history,71.73922233676193,65.83579517479075,possible_absence_of_history_or_unknown_record,structured_missing_handling_candidate_later,feature_engineering_and_modeling,no
cc_has_other_drawing_count_ratio_min,structured_missing_or_history_availability,ratio_rate_numeric,credit_card_history,71.73922233676193,65.83579517479075,possible_absence_of_history_or_unknown_record,structured_missing_handling_candidate_later,feature_engineering_and_modeling,no
cc_recent_6m_has_dpd_ratio_mean,structured_missing_or_history_availability,ratio_rate_numeric,credit_card_history,71.73922233676193,65.83579517479075,possible_absence_of_history_or_unknown_record,structured_missing_handling_candidate_later,feature_engineering_and_modeling,no
cc_recent_6m_has_dpd_ratio_max,structured_missing_or_history_availability,ratio_rate_numeric,credit_card_history,71.73922233676193,65.83579517479075,possible_absence_of_history_or_unknown_record,structured_missing_handling_candidate_later,feature_engineering_and_modeling,no
cc_recent_6m_has_dpd_ratio_min,structured_missing_or_history_availability,ratio_rate_numeric,credit_card_history,71.73922233676193,65.83579517479075,possible_absence_of_history_or_unknown_record,structured_missing_handling_candidate_later,feature_engineering_and_modeling,no
cc_recent_12m_has_dpd_ratio_mean,structured_missing_or_history_availability,ratio_rate_numeric,credit_card_history,71.73922233676193,65.83579517479075,possible_absence_of_history_or_unknown_record,structured_missing_handling_candidate_later,feature_engineering_and_modeling,no
cc_recent_12m_has_dpd_ratio_max,structured_missing_or_history_availability,ratio_rate_numeric,credit_card_history,71.73922233676193,65.83579517479075,possible_absence_of_history_or_unknown_record,structured_missing_handling_candidate_later,feature_engineering_and_modeling,no
cc_recent_12m_has_dpd_ratio_min,structured_missing_or_history_availability,ratio_rate_numeric,credit_card_history,71.73922233676193,65.83579517479075,possible_absence_of_history_or_unknown_record,structured_missing_handling_candidate_later,feature_engineering_and_modeling,no
cc_recent_24m_has_dpd_ratio_mean,structured_missing_or_history_availability,ratio_rate_numeric,credit_card_history,71.73922233676193,65.83579517479075,possible_absence_of_history_or_unknown_record,structured_missing_handling_candidate_later,feature_engineering_and_modeling,no
cc_recent_24m_has_dpd_ratio_max,structured_missing_or_history_availability,ratio_rate_numeric,credit_card_history,71.73922233676193,65.83579517479075,possible_absence_of_history_or_unknown_record,structured_missing_handling_candidate_later,feature_engineering_and_modeling,no
cc_recent_24m_has_dpd_ratio_min,structured_missing_or_history_availability,ratio_rate_numeric,credit_card_history,71.73922233676193,65.83579517479075,possible_absence_of_history_or_unknown_record,structured_missing_handling_candidate_later,feature_engineering_and_modeling,no
cc_recent_6m_has_dpd_def_ratio_mean,structured_missing_or_history_availability,ratio_rate_numeric,credit_card_history,71.73922233676193,65.83579517479075,possible_absence_of_history_or_unknown_record,structured_missing_handling_candidate_later,feature_engineering_and_modeling,no
cc_recent_6m_has_dpd_def_ratio_max,structured_missing_or_history_availability,ratio_rate_numeric,credit_card_history,71.73922233676193,65.83579517479075,possible_absence_of_history_or_unknown_record,structured_missing_handling_candidate_later,feature_engineering_and_modeling,no
cc_recent_6m_has_dpd_def_ratio_min,structured_missing_or_history_availability,ratio_rate_numeric,credit_card_history,71.73922233676193,65.83579517479075,possible_absence_of_history_or_unknown_record,structured_missing_handling_candidate_later,feature_engineering_and_modeling,no
cc_recent_12m_has_dpd_def_ratio_mean,structured_missing_or_history_availability,ratio_rate_numeric,credit_card_history,71.73922233676193,65.83579517479075,possible_absence_of_history_or_unknown_record,structured_missing_handling_candidate_later,feature_engineering_and_modeling,no
cc_recent_12m_has_dpd_def_ratio_max,structured_missing_or_history_availability,ratio_rate_numeric,credit_card_history,71.73922233676193,65.83579517479075,possible_absence_of_history_or_unknown_record,structured_missing_handling_candidate_later,feature_engineering_and_modeling,no
cc_recent_12m_has_dpd_def_ratio_min,structured_missing_or_history_availability,ratio_rate_numeric,credit_card_history,71.73922233676193,65.83579517479075,possible_absence_of_history_or_unknown_record,structured_missing_handling_candidate_later,feature_engineering_and_modeling,no
cc_recent_24m_has_dpd_def_ratio_mean,structured_missing_or_history_availability,ratio_rate_numeric,credit_card_history,71.73922233676193,65.83579517479075,possible_absence_of_history_or_unknown_record,structured_missing_handling_candidate_later,feature_engineering_and_modeling,no
cc_recent_24m_has_dpd_def_ratio_max,structured_missing_or_history_availability,ratio_rate_numeric,credit_card_history,71.73922233676193,65.83579517479075,possible_absence_of_history_or_unknown_record,structured_missing_handling_candidate_later,feature_engineering_and_modeling,no
cc_recent_24m_has_dpd_def_ratio_min,structured_missing_or_history_availability,ratio_rate_numeric,credit_card_history,71.73922233676193,65.83579517479075,possible_absence_of_history_or_unknown_record,structured_missing_handling_candidate_later,feature_engineering_and_modeling,no
cc_recent_6m_high_utilization_80plus_ratio_mean,structured_missing_or_history_availability,ratio_rate_numeric,credit_card_history,71.73922233676193,65.83579517479075,possible_absence_of_history_or_unknown_record,structured_missing_handling_candidate_later,feature_engineering_and_modeling,no
cc_recent_6m_high_utilization_80plus_ratio_max,structured_missing_or_history_availability,ratio_rate_numeric,credit_card_history,71.73922233676193,65.83579517479075,possible_absence_of_history_or_unknown_record,structured_missing_handling_candidate_later,feature_engineering_and_modeling,no
cc_recent_6m_high_utilization_80plus_ratio_min,structured_missing_or_history_availability,ratio_rate_numeric,credit_card_history,71.73922233676193,65.83579517479075,possible_absence_of_history_or_unknown_record,structured_missing_handling_candidate_later,feature_engineering_and_modeling,no
cc_recent_12m_high_utilization_80plus_ratio_mean,structured_missing_or_history_availability,ratio_rate_numeric,credit_card_history,71.73922233676193,65.83579517479075,possible_absence_of_history_or_unknown_record,structured_missing_handling_candidate_later,feature_engineering_and_modeling,no
cc_recent_12m_high_utilization_80plus_ratio_max,structured_missing_or_history_availability,ratio_rate_numeric,credit_card_history,71.73922233676193,65.83579517479075,possible_absence_of_history_or_unknown_record,structured_missing_handling_candidate_later,feature_engineering_and_modeling,no
cc_recent_12m_high_utilization_80plus_ratio_min,structured_missing_or_history_availability,ratio_rate_numeric,credit_card_history,71.73922233676193,65.83579517479075,possible_absence_of_history_or_unknown_record,structured_missing_handling_candidate_later,feature_engineering_and_modeling,no
cc_recent_24m_high_utilization_80plus_ratio_mean,structured_missing_or_history_availability,ratio_rate_numeric,credit_card_history,71.73922233676193,65.83579517479075,possible_absence_of_history_or_unknown_record,structured_missing_handling_candidate_later,feature_engineering_and_modeling,no
cc_recent_24m_high_utilization_80plus_ratio_max,structured_missing_or_history_availability,ratio_rate_numeric,credit_card_history,71.73922233676193,65.83579517479075,possible_absence_of_history_or_unknown_record,structured_missing_handling_candidate_later,feature_engineering_and_modeling,no
cc_recent_24m_high_utilization_80plus_ratio_min,structured_missing_or_history_availability,ratio_rate_numeric,credit_card_history,71.73922233676193,65.83579517479075,possible_absence_of_history_or_unknown_record,structured_missing_handling_candidate_later,feature_engineering_and_modeling,no
cc_recent_6m_payment_less_than_min_ratio_mean,structured_missing_or_history_availability,ratio_rate_numeric,credit_card_history,71.73922233676193,65.83579517479075,possible_absence_of_history_or_unknown_record,structured_missing_handling_candidate_later,feature_engineering_and_modeling,no
cc_recent_6m_payment_less_than_min_ratio_max,structured_missing_or_history_availability,ratio_rate_numeric,credit_card_history,71.73922233676193,65.83579517479075,possible_absence_of_history_or_unknown_record,structured_missing_handling_candidate_later,feature_engineering_and_modeling,no
cc_recent_6m_payment_less_than_min_ratio_min,structured_missing_or_history_availability,ratio_rate_numeric,credit_card_history,71.73922233676193,65.83579517479075,possible_absence_of_history_or_unknown_record,structured_missing_handling_candidate_later,feature_engineering_and_modeling,no
cc_recent_12m_payment_less_than_min_ratio_mean,structured_missing_or_history_availability,ratio_rate_numeric,credit_card_history,71.73922233676193,65.83579517479075,possible_absence_of_history_or_unknown_record,structured_missing_handling_candidate_later,feature_engineering_and_modeling,no
cc_recent_12m_payment_less_than_min_ratio_max,structured_missing_or_history_availability,ratio_rate_numeric,credit_card_history,71.73922233676193,65.83579517479075,possible_absence_of_history_or_unknown_record,structured_missing_handling_candidate_later,feature_engineering_and_modeling,no
cc_recent_12m_payment_less_than_min_ratio_min,structured_missing_or_history_availability,ratio_rate_numeric,credit_card_history,71.73922233676193,65.83579517479075,possible_absence_of_history_or_unknown_record,structured_missing_handling_candidate_later,feature_engineering_and_modeling,no
cc_recent_24m_payment_less_than_min_ratio_mean,structured_missing_or_history_availability,ratio_rate_numeric,credit_card_history,71.73922233676193,65.83579517479075,possible_absence_of_history_or_unknown_record,structured_missing_handling_candidate_later,feature_engineering_and_modeling,no
cc_recent_24m_payment_less_than_min_ratio_max,structured_missing_or_history_availability,ratio_rate_numeric,credit_card_history,71.73922233676193,65.83579517479075,possible_absence_of_history_or_unknown_record,structured_missing_handling_candidate_later,feature_engineering_and_modeling,no
cc_recent_24m_payment_less_than_min_ratio_min,structured_missing_or_history_availability,ratio_rate_numeric,credit_card_history,71.73922233676193,65.83579517479075,possible_absence_of_history_or_unknown_record,structured_missing_handling_candidate_later,feature_engineering_and_modeling,no
cc_missing_payment_current_ratio_mean,structured_missing_or_history_availability,ratio_rate_numeric,credit_card_history,71.73922233676193,65.83579517479075,possible_absence_of_history_or_unknown_record,structured_missing_handling_candidate_later,feature_engineering_and_modeling,no
cc_missing_payment_current_ratio_max,structured_missing_or_history_availability,ratio_rate_numeric,credit_card_history,71.73922233676193,65.83579517479075,possible_absence_of_history_or_unknown_record,structured_missing_handling_candidate_later,feature_engineering_and_modeling,no
cc_missing_payment_current_ratio_min,structured_missing_or_history_availability,ratio_rate_numeric,credit_card_history,71.73922233676193,65.83579517479075,possible_absence_of_history_or_unknown_record,structured_missing_handling_candidate_later,feature_engineering_and_modeling,no
cc_missing_min_instalment_ratio_mean,structured_missing_or_history_availability,ratio_rate_numeric,credit_card_history,71.73922233676193,65.83579517479075,possible_absence_of_history_or_unknown_record,structured_missing_handling_candidate_later,feature_engineering_and_modeling,no
cc_missing_min_instalment_ratio_max,structured_missing_or_history_availability,ratio_rate_numeric,credit_card_history,71.73922233676193,65.83579517479075,possible_absence_of_history_or_unknown_record,structured_missing_handling_candidate_later,feature_engineering_and_modeling,no
cc_missing_min_instalment_ratio_min,structured_missing_or_history_availability,ratio_rate_numeric,credit_card_history,71.73922233676193,65.83579517479075,possible_absence_of_history_or_unknown_record,structured_missing_handling_candidate_later,feature_engineering_and_modeling,no
cc_missing_credit_limit_ratio_mean,structured_missing_or_history_availability,ratio_rate_numeric,credit_card_history,71.73922233676193,65.83579517479075,possible_absence_of_history_or_unknown_record,structured_missing_handling_candidate_later,feature_engineering_and_modeling,no
cc_missing_credit_limit_ratio_max,structured_missing_or_history_availability,ratio_rate_numeric,credit_card_history,71.73922233676193,65.83579517479075,possible_absence_of_history_or_unknown_record,structured_missing_handling_candidate_later,feature_engineering_and_modeling,no
cc_missing_credit_limit_ratio_min,structured_missing_or_history_availability,ratio_rate_numeric,credit_card_history,71.73922233676193,65.83579517479075,possible_absence_of_history_or_unknown_record,structured_missing_handling_candidate_later,feature_engineering_and_modeling,no
cc_latest_payment_to_balance_ratio_mean,structured_missing_or_history_availability,ratio_rate_numeric,credit_card_history,90.03450283079304,88.71861152141803,possible_absence_of_history_or_unknown_record,structured_missing_handling_candidate_later,feature_engineering_and_modeling,no
cc_latest_payment_to_balance_ratio_max,structured_missing_or_history_availability,ratio_rate_numeric,credit_card_history,90.03450283079304,88.71861152141803,possible_absence_of_history_or_unknown_record,structured_missing_handling_candidate_later,feature_engineering_and_modeling,no
cc_latest_payment_to_balance_ratio_min,structured_missing_or_history_availability,ratio_rate_numeric,credit_card_history,90.03450283079304,88.71861152141803,possible_absence_of_history_or_unknown_record,structured_missing_handling_candidate_later,feature_engineering_and_modeling,no
cc_latest_payment_to_min_inst_ratio_mean,structured_missing_or_history_availability,ratio_rate_numeric,credit_card_history,90.06116854356429,88.82939438700149,possible_absence_of_history_or_unknown_record,structured_missing_handling_candidate_later,feature_engineering_and_modeling,no
cc_latest_payment_to_min_inst_ratio_max,structured_missing_or_history_availability,ratio_rate_numeric,credit_card_history,90.06116854356429,88.82939438700149,possible_absence_of_history_or_unknown_record,structured_missing_handling_candidate_later,feature_engineering_and_modeling,no
cc_latest_payment_to_min_inst_ratio_min,structured_missing_or_history_availability,ratio_rate_numeric,credit_card_history,90.06116854356429,88.82939438700149,possible_absence_of_history_or_unknown_record,structured_missing_handling_candidate_later,feature_engineering_and_modeling,no
cc_month_min_mean,structured_missing_or_history_availability,date_duration_numeric,credit_card_history,71.73922233676193,65.83579517479075,possible_absence_of_history_or_unknown_record,structured_missing_handling_candidate_later,feature_engineering_and_modeling,no
cc_month_min_max,structured_missing_or_history_availability,date_duration_numeric,credit_card_history,71.73922233676193,65.83579517479075,possible_absence_of_history_or_unknown_record,structured_missing_handling_candidate_later,feature_engineering_and_modeling,no
cc_month_min_min,structured_missing_or_history_availability,date_duration_numeric,credit_card_history,71.73922233676193,65.83579517479075,possible_absence_of_history_or_unknown_record,structured_missing_handling_candidate_later,feature_engineering_and_modeling,no
cc_month_min_sum,structured_missing_or_history_availability,date_duration_numeric,credit_card_history,71.73922233676193,65.83579517479075,possible_absence_of_history_or_unknown_record,structured_missing_handling_candidate_later,feature_engineering_and_modeling,no
cc_month_max_mean,structured_missing_or_history_availability,date_duration_numeric,credit_card_history,71.73922233676193,65.83579517479075,possible_absence_of_history_or_unknown_record,structured_missing_handling_candidate_later,feature_engineering_and_modeling,no
cc_month_max_max,structured_missing_or_history_availability,date_duration_numeric,credit_card_history,71.73922233676193,65.83579517479075,possible_absence_of_history_or_unknown_record,structured_missing_handling_candidate_later,feature_engineering_and_modeling,no
cc_month_max_min,structured_missing_or_history_availability,date_duration_numeric,credit_card_history,71.73922233676193,65.83579517479075,possible_absence_of_history_or_unknown_record,structured_missing_handling_candidate_later,feature_engineering_and_modeling,no
cc_month_max_sum,structured_missing_or_history_availability,date_duration_numeric,credit_card_history,71.73922233676193,65.83579517479075,possible_absence_of_history_or_unknown_record,structured_missing_handling_candidate_later,feature_engineering_and_modeling,no
cc_month_mean_mean,structured_missing_or_history_availability,date_duration_numeric,credit_card_history,71.73922233676193,65.83579517479075,possible_absence_of_history_or_unknown_record,structured_missing_handling_candidate_later,feature_engineering_and_modeling,no
cc_month_mean_max,structured_missing_or_history_availability,date_duration_numeric,credit_card_history,71.73922233676193,65.83579517479075,possible_absence_of_history_or_unknown_record,structured_missing_handling_candidate_later,feature_engineering_and_modeling,no
cc_month_mean_min,structured_missing_or_history_availability,date_duration_numeric,credit_card_history,71.73922233676193,65.83579517479075,possible_absence_of_history_or_unknown_record,structured_missing_handling_candidate_later,feature_engineering_and_modeling,no
cc_month_mean_sum,structured_missing_or_history_availability,date_duration_numeric,credit_card_history,71.73922233676193,65.83579517479075,possible_absence_of_history_or_unknown_record,structured_missing_handling_candidate_later,feature_engineering_and_modeling,no
cc_month_span_mean_y,structured_missing_or_history_availability,date_duration_numeric,credit_card_history,71.73922233676193,65.83579517479075,possible_absence_of_history_or_unknown_record,structured_missing_handling_candidate_later,feature_engineering_and_modeling,no
cc_month_span_max_y,structured_missing_or_history_availability,date_duration_numeric,credit_card_history,71.73922233676193,65.83579517479075,possible_absence_of_history_or_unknown_record,structured_missing_handling_candidate_later,feature_engineering_and_modeling,no
cc_month_span_min,structured_missing_or_history_availability,date_duration_numeric,credit_card_history,71.73922233676193,65.83579517479075,possible_absence_of_history_or_unknown_record,structured_missing_handling_candidate_later,feature_engineering_and_modeling,no
cc_month_span_sum,structured_missing_or_history_availability,date_duration_numeric,credit_card_history,71.73922233676193,65.83579517479075,possible_absence_of_history_or_unknown_record,structured_missing_handling_candidate_later,feature_engineering_and_modeling,no
cc_balance_sum_mean,structured_missing_or_history_availability,continuous_amount_numeric,credit_card_history,71.73922233676193,65.83579517479075,possible_absence_of_history_or_unknown_record,structured_missing_handling_candidate_later,feature_engineering_and_modeling,no
cc_balance_sum_max,structured_missing_or_history_availability,continuous_amount_numeric,credit_card_history,71.73922233676193,65.83579517479075,possible_absence_of_history_or_unknown_record,structured_missing_handling_candidate_later,feature_engineering_and_modeling,no
cc_balance_sum_min,structured_missing_or_history_availability,continuous_amount_numeric,credit_card_history,71.73922233676193,65.83579517479075,possible_absence_of_history_or_unknown_record,structured_missing_handling_candidate_later,feature_engineering_and_modeling,no
cc_balance_sum_sum,structured_missing_or_history_availability,continuous_amount_numeric,credit_card_history,71.73922233676193,65.83579517479075,possible_absence_of_history_or_unknown_record,structured_missing_handling_candidate_later,feature_engineering_and_modeling,no
cc_balance_mean_mean,structured_missing_or_history_availability,continuous_amount_numeric,credit_card_history,71.73922233676193,65.83579517479075,possible_absence_of_history_or_unknown_record,structured_missing_handling_candidate_later,feature_engineering_and_modeling,no
cc_balance_mean_max,structured_missing_or_history_availability,continuous_amount_numeric,credit_card_history,71.73922233676193,65.83579517479075,possible_absence_of_history_or_unknown_record,structured_missing_handling_candidate_later,feature_engineering_and_modeling,no
cc_balance_mean_min,structured_missing_or_history_availability,continuous_amount_numeric,credit_card_history,71.73922233676193,65.83579517479075,possible_absence_of_history_or_unknown_record,structured_missing_handling_candidate_later,feature_engineering_and_modeling,no
cc_balance_mean_sum,structured_missing_or_history_availability,continuous_amount_numeric,credit_card_history,71.73922233676193,65.83579517479075,possible_absence_of_history_or_unknown_record,structured_missing_handling_candidate_later,feature_engineering_and_modeling,no
cc_balance_max_mean,structured_missing_or_history_availability,continuous_amount_numeric,credit_card_history,71.73922233676193,65.83579517479075,possible_absence_of_history_or_unknown_record,structured_missing_handling_candidate_later,feature_engineering_and_modeling,no
cc_balance_max_max,structured_missing_or_history_availability,continuous_amount_numeric,credit_card_history,71.73922233676193,65.83579517479075,possible_absence_of_history_or_unknown_record,structured_missing_handling_candidate_later,feature_engineering_and_modeling,no
cc_balance_max_min,structured_missing_or_history_availability,continuous_amount_numeric,credit_card_history,71.73922233676193,65.83579517479075,possible_absence_of_history_or_unknown_record,structured_missing_handling_candidate_later,feature_engineering_and_modeling,no
cc_balance_max_sum,structured_missing_or_history_availability,continuous_amount_numeric,credit_card_history,71.73922233676193,65.83579517479075,possible_absence_of_history_or_unknown_record,structured_missing_handling_candidate_later,feature_engineering_and_modeling,no
cc_balance_min_mean,structured_missing_or_history_availability,continuous_amount_numeric,credit_card_history,71.73922233676193,65.83579517479075,possible_absence_of_history_or_unknown_record,structured_missing_handling_candidate_later,feature_engineering_and_modeling,no
cc_balance_min_max,structured_missing_or_history_availability,continuous_amount_numeric,credit_card_history,71.73922233676193,65.83579517479075,possible_absence_of_history_or_unknown_record,structured_missing_handling_candidate_later,feature_engineering_and_modeling,no
cc_balance_min_min,structured_missing_or_history_availability,continuous_amount_numeric,credit_card_history,71.73922233676193,65.83579517479075,possible_absence_of_history_or_unknown_record,structured_missing_handling_candidate_later,feature_engineering_and_modeling,no
cc_balance_min_sum,structured_missing_or_history_availability,continuous_amount_numeric,credit_card_history,71.73922233676193,65.83579517479075,possible_absence_of_history_or_unknown_record,structured_missing_handling_candidate_later,feature_engineering_and_modeling,no
cc_balance_std_mean,structured_missing_or_history_availability,continuous_stat_numeric,credit_card_history,71.94474344007207,65.95888724766125,possible_absence_of_history_or_unknown_record,structured_missing_handling_candidate_later,feature_engineering_and_modeling,no
cc_balance_std_max,structured_missing_or_history_availability,continuous_stat_numeric,credit_card_history,71.94474344007207,65.95888724766125,possible_absence_of_history_or_unknown_record,structured_missing_handling_candidate_later,feature_engineering_and_modeling,no
cc_balance_std_min,structured_missing_or_history_availability,continuous_stat_numeric,credit_card_history,71.94474344007207,65.95888724766125,possible_absence_of_history_or_unknown_record,structured_missing_handling_candidate_later,feature_engineering_and_modeling,no
cc_balance_std_sum,structured_missing_or_history_availability,continuous_stat_numeric,credit_card_history,71.73922233676193,65.83579517479075,possible_absence_of_history_or_unknown_record,structured_missing_handling_candidate_later,feature_engineering_and_modeling,no
cc_credit_limit_mean_mean,structured_missing_or_history_availability,continuous_amount_numeric,credit_card_history,71.73922233676193,65.83579517479075,possible_absence_of_history_or_unknown_record,structured_missing_handling_candidate_later,feature_engineering_and_modeling,no
cc_credit_limit_mean_max,structured_missing_or_history_availability,continuous_amount_numeric,credit_card_history,71.73922233676193,65.83579517479075,possible_absence_of_history_or_unknown_record,structured_missing_handling_candidate_later,feature_engineering_and_modeling,no
cc_credit_limit_mean_min,structured_missing_or_history_availability,continuous_amount_numeric,credit_card_history,71.73922233676193,65.83579517479075,possible_absence_of_history_or_unknown_record,structured_missing_handling_candidate_later,feature_engineering_and_modeling,no
cc_credit_limit_mean_sum,structured_missing_or_history_availability,continuous_amount_numeric,credit_card_history,71.73922233676193,65.83579517479075,possible_absence_of_history_or_unknown_record,structured_missing_handling_candidate_later,feature_engineering_and_modeling,no
cc_credit_limit_max_mean,structured_missing_or_history_availability,continuous_amount_numeric,credit_card_history,71.73922233676193,65.83579517479075,possible_absence_of_history_or_unknown_record,structured_missing_handling_candidate_later,feature_engineering_and_modeling,no
cc_credit_limit_max_max,structured_missing_or_history_availability,continuous_amount_numeric,credit_card_history,71.73922233676193,65.83579517479075,possible_absence_of_history_or_unknown_record,structured_missing_handling_candidate_later,feature_engineering_and_modeling,no
cc_credit_limit_max_min,structured_missing_or_history_availability,continuous_amount_numeric,credit_card_history,71.73922233676193,65.83579517479075,possible_absence_of_history_or_unknown_record,structured_missing_handling_candidate_later,feature_engineering_and_modeling,no
cc_credit_limit_max_sum,structured_missing_or_history_availability,continuous_amount_numeric,credit_card_history,71.73922233676193,65.83579517479075,possible_absence_of_history_or_unknown_record,structured_missing_handling_candidate_later,feature_engineering_and_modeling,no
cc_credit_limit_min_mean,structured_missing_or_history_availability,continuous_amount_numeric,credit_card_history,71.73922233676193,65.83579517479075,possible_absence_of_history_or_unknown_record,structured_missing_handling_candidate_later,feature_engineering_and_modeling,no
cc_credit_limit_min_max,structured_missing_or_history_availability,continuous_amount_numeric,credit_card_history,71.73922233676193,65.83579517479075,possible_absence_of_history_or_unknown_record,structured_missing_handling_candidate_later,feature_engineering_and_modeling,no
cc_credit_limit_min_min,structured_missing_or_history_availability,continuous_amount_numeric,credit_card_history,71.73922233676193,65.83579517479075,possible_absence_of_history_or_unknown_record,structured_missing_handling_candidate_later,feature_engineering_and_modeling,no
cc_credit_limit_min_sum,structured_missing_or_history_availability,continuous_amount_numeric,credit_card_history,71.73922233676193,65.83579517479075,possible_absence_of_history_or_unknown_record,structured_missing_handling_candidate_later,feature_engineering_and_modeling,no
cc_credit_limit_std_mean,structured_missing_or_history_availability,continuous_stat_numeric,credit_card_history,71.94474344007207,65.95888724766125,possible_absence_of_history_or_unknown_record,structured_missing_handling_candidate_later,feature_engineering_and_modeling,no
cc_credit_limit_std_max,structured_missing_or_history_availability,continuous_stat_numeric,credit_card_history,71.94474344007207,65.95888724766125,possible_absence_of_history_or_unknown_record,structured_missing_handling_candidate_later,feature_engineering_and_modeling,no
cc_credit_limit_std_min,structured_missing_or_history_availability,continuous_stat_numeric,credit_card_history,71.94474344007207,65.95888724766125,possible_absence_of_history_or_unknown_record,structured_missing_handling_candidate_later,feature_engineering_and_modeling,no
cc_credit_limit_std_sum,structured_missing_or_history_availability,continuous_stat_numeric,credit_card_history,71.73922233676193,65.83579517479075,possible_absence_of_history_or_unknown_record,structured_missing_handling_candidate_later,feature_engineering_and_modeling,no
cc_drawing_amount_sum_mean,structured_missing_or_history_availability,continuous_amount_numeric,credit_card_history,71.73922233676193,65.83579517479075,possible_absence_of_history_or_unknown_record,structured_missing_handling_candidate_later,feature_engineering_and_modeling,no
cc_drawing_amount_sum_max,structured_missing_or_history_availability,continuous_amount_numeric,credit_card_history,71.73922233676193,65.83579517479075,possible_absence_of_history_or_unknown_record,structured_missing_handling_candidate_later,feature_engineering_and_modeling,no
cc_drawing_amount_sum_min,structured_missing_or_history_availability,continuous_amount_numeric,credit_card_history,71.73922233676193,65.83579517479075,possible_absence_of_history_or_unknown_record,structured_missing_handling_candidate_later,feature_engineering_and_modeling,no
cc_drawing_amount_sum_sum,structured_missing_or_history_availability,continuous_amount_numeric,credit_card_history,71.73922233676193,65.83579517479075,possible_absence_of_history_or_unknown_record,structured_missing_handling_candidate_later,feature_engineering_and_modeling,no
cc_drawing_amount_mean_mean,structured_missing_or_history_availability,continuous_amount_numeric,credit_card_history,71.73922233676193,65.83579517479075,possible_absence_of_history_or_unknown_record,structured_missing_handling_candidate_later,feature_engineering_and_modeling,no
cc_drawing_amount_mean_max,structured_missing_or_history_availability,continuous_amount_numeric,credit_card_history,71.73922233676193,65.83579517479075,possible_absence_of_history_or_unknown_record,structured_missing_handling_candidate_later,feature_engineering_and_modeling,no
cc_drawing_amount_mean_min,structured_missing_or_history_availability,continuous_amount_numeric,credit_card_history,71.73922233676193,65.83579517479075,possible_absence_of_history_or_unknown_record,structured_missing_handling_candidate_later,feature_engineering_and_modeling,no
cc_drawing_amount_mean_sum,structured_missing_or_history_availability,continuous_amount_numeric,credit_card_history,71.73922233676193,65.83579517479075,possible_absence_of_history_or_unknown_record,structured_missing_handling_candidate_later,feature_engineering_and_modeling,no
cc_drawing_amount_max_mean,structured_missing_or_history_availability,continuous_amount_numeric,credit_card_history,71.73922233676193,65.83579517479075,possible_absence_of_history_or_unknown_record,structured_missing_handling_candidate_later,feature_engineering_and_modeling,no
cc_drawing_amount_max_max,structured_missing_or_history_availability,continuous_amount_numeric,credit_card_history,71.73922233676193,65.83579517479075,possible_absence_of_history_or_unknown_record,structured_missing_handling_candidate_later,feature_engineering_and_modeling,no
cc_drawing_amount_max_min,structured_missing_or_history_availability,continuous_amount_numeric,credit_card_history,71.73922233676193,65.83579517479075,possible_absence_of_history_or_unknown_record,structured_missing_handling_candidate_later,feature_engineering_and_modeling,no
cc_drawing_amount_max_sum,structured_missing_or_history_availability,continuous_amount_numeric,credit_card_history,71.73922233676193,65.83579517479075,possible_absence_of_history_or_unknown_record,structured_missing_handling_candidate_later,feature_engineering_and_modeling,no
cc_drawing_amount_min_mean,structured_missing_or_history_availability,continuous_amount_numeric,credit_card_history,71.73922233676193,65.83579517479075,possible_absence_of_history_or_unknown_record,structured_missing_handling_candidate_later,feature_engineering_and_modeling,no
cc_drawing_amount_min_max,structured_missing_or_history_availability,continuous_amount_numeric,credit_card_history,71.73922233676193,65.83579517479075,possible_absence_of_history_or_unknown_record,structured_missing_handling_candidate_later,feature_engineering_and_modeling,no
cc_drawing_amount_min_min,structured_missing_or_history_availability,continuous_amount_numeric,credit_card_history,71.73922233676193,65.83579517479075,possible_absence_of_history_or_unknown_record,structured_missing_handling_candidate_later,feature_engineering_and_modeling,no
cc_drawing_amount_min_sum,structured_missing_or_history_availability,continuous_amount_numeric,credit_card_history,71.73922233676193,65.83579517479075,possible_absence_of_history_or_unknown_record,structured_missing_handling_candidate_later,feature_engineering_and_modeling,no
cc_drawing_amount_std_mean,structured_missing_or_history_availability,continuous_stat_numeric,credit_card_history,71.94474344007207,65.95888724766125,possible_absence_of_history_or_unknown_record,structured_missing_handling_candidate_later,feature_engineering_and_modeling,no
cc_drawing_amount_std_max,structured_missing_or_history_availability,continuous_stat_numeric,credit_card_history,71.94474344007207,65.95888724766125,possible_absence_of_history_or_unknown_record,structured_missing_handling_candidate_later,feature_engineering_and_modeling,no
cc_drawing_amount_std_min,structured_missing_or_history_availability,continuous_stat_numeric,credit_card_history,71.94474344007207,65.95888724766125,possible_absence_of_history_or_unknown_record,structured_missing_handling_candidate_later,feature_engineering_and_modeling,no
cc_drawing_amount_std_sum,structured_missing_or_history_availability,continuous_stat_numeric,credit_card_history,71.73922233676193,65.83579517479075,possible_absence_of_history_or_unknown_record,structured_missing_handling_candidate_later,feature_engineering_and_modeling,no
cc_atm_drawing_amount_sum_mean,structured_missing_or_history_availability,continuous_amount_numeric,credit_card_history,71.73922233676193,65.83579517479075,possible_absence_of_history_or_unknown_record,structured_missing_handling_candidate_later,feature_engineering_and_modeling,no
cc_atm_drawing_amount_sum_max,structured_missing_or_history_availability,continuous_amount_numeric,credit_card_history,71.73922233676193,65.83579517479075,possible_absence_of_history_or_unknown_record,structured_missing_handling_candidate_later,feature_engineering_and_modeling,no
cc_atm_drawing_amount_sum_min,structured_missing_or_history_availability,continuous_amount_numeric,credit_card_history,71.73922233676193,65.83579517479075,possible_absence_of_history_or_unknown_record,structured_missing_handling_candidate_later,feature_engineering_and_modeling,no
cc_atm_drawing_amount_sum_sum,structured_missing_or_history_availability,continuous_amount_numeric,credit_card_history,71.73922233676193,65.83579517479075,possible_absence_of_history_or_unknown_record,structured_missing_handling_candidate_later,feature_engineering_and_modeling,no
cc_atm_drawing_amount_mean_mean,structured_missing_or_history_availability,continuous_amount_numeric,credit_card_history,80.11778440446032,77.3223371081569,possible_absence_of_history_or_unknown_record,structured_missing_handling_candidate_later,feature_engineering_and_modeling,no
cc_atm_drawing_amount_mean_max,structured_missing_or_history_availability,continuous_amount_numeric,credit_card_history,80.11778440446032,77.3223371081569,possible_absence_of_history_or_unknown_record,structured_missing_handling_candidate_later,feature_engineering_and_modeling,no
cc_atm_drawing_amount_mean_min,structured_missing_or_history_availability,continuous_amount_numeric,credit_card_history,80.11778440446032,77.3223371081569,possible_absence_of_history_or_unknown_record,structured_missing_handling_candidate_later,feature_engineering_and_modeling,no
cc_atm_drawing_amount_mean_sum,structured_missing_or_history_availability,continuous_amount_numeric,credit_card_history,71.73922233676193,65.83579517479075,possible_absence_of_history_or_unknown_record,structured_missing_handling_candidate_later,feature_engineering_and_modeling,no
cc_atm_drawing_amount_max_mean,structured_missing_or_history_availability,continuous_amount_numeric,credit_card_history,80.11778440446032,77.3223371081569,possible_absence_of_history_or_unknown_record,structured_missing_handling_candidate_later,feature_engineering_and_modeling,no
cc_atm_drawing_amount_max_max,structured_missing_or_history_availability,continuous_amount_numeric,credit_card_history,80.11778440446032,77.3223371081569,possible_absence_of_history_or_unknown_record,structured_missing_handling_candidate_later,feature_engineering_and_modeling,no
cc_atm_drawing_amount_max_min,structured_missing_or_history_availability,continuous_amount_numeric,credit_card_history,80.11778440446032,77.3223371081569,possible_absence_of_history_or_unknown_record,structured_missing_handling_candidate_later,feature_engineering_and_modeling,no
cc_atm_drawing_amount_max_sum,structured_missing_or_history_availability,continuous_amount_numeric,credit_card_history,71.73922233676193,65.83579517479075,possible_absence_of_history_or_unknown_record,structured_missing_handling_candidate_later,feature_engineering_and_modeling,no
cc_pos_drawing_amount_sum_mean,structured_missing_or_history_availability,continuous_amount_numeric,credit_card_history,71.73922233676193,65.83579517479075,possible_absence_of_history_or_unknown_record,structured_missing_handling_candidate_later,feature_engineering_and_modeling,no
cc_pos_drawing_amount_sum_max,structured_missing_or_history_availability,continuous_amount_numeric,credit_card_history,71.73922233676193,65.83579517479075,possible_absence_of_history_or_unknown_record,structured_missing_handling_candidate_later,feature_engineering_and_modeling,no
cc_pos_drawing_amount_sum_min,structured_missing_or_history_availability,continuous_amount_numeric,credit_card_history,71.73922233676193,65.83579517479075,possible_absence_of_history_or_unknown_record,structured_missing_handling_candidate_later,feature_engineering_and_modeling,no
cc_pos_drawing_amount_sum_sum,structured_missing_or_history_availability,continuous_amount_numeric,credit_card_history,71.73922233676193,65.83579517479075,possible_absence_of_history_or_unknown_record,structured_missing_handling_candidate_later,feature_engineering_and_modeling,no
cc_pos_drawing_amount_mean_mean,structured_missing_or_history_availability,continuous_amount_numeric,credit_card_history,80.11778440446032,77.3223371081569,possible_absence_of_history_or_unknown_record,structured_missing_handling_candidate_later,feature_engineering_and_modeling,no
cc_pos_drawing_amount_mean_max,structured_missing_or_history_availability,continuous_amount_numeric,credit_card_history,80.11778440446032,77.3223371081569,possible_absence_of_history_or_unknown_record,structured_missing_handling_candidate_later,feature_engineering_and_modeling,no
cc_pos_drawing_amount_mean_min,structured_missing_or_history_availability,continuous_amount_numeric,credit_card_history,80.11778440446032,77.3223371081569,possible_absence_of_history_or_unknown_record,structured_missing_handling_candidate_later,feature_engineering_and_modeling,no
cc_pos_drawing_amount_mean_sum,structured_missing_or_history_availability,continuous_amount_numeric,credit_card_history,71.73922233676193,65.83579517479075,possible_absence_of_history_or_unknown_record,structured_missing_handling_candidate_later,feature_engineering_and_modeling,no
cc_pos_drawing_amount_max_mean,structured_missing_or_history_availability,continuous_amount_numeric,credit_card_history,80.11778440446032,77.3223371081569,possible_absence_of_history_or_unknown_record,structured_missing_handling_candidate_later,feature_engineering_and_modeling,no
cc_pos_drawing_amount_max_max,structured_missing_or_history_availability,continuous_amount_numeric,credit_card_history,80.11778440446032,77.3223371081569,possible_absence_of_history_or_unknown_record,structured_missing_handling_candidate_later,feature_engineering_and_modeling,no
cc_pos_drawing_amount_max_min,structured_missing_or_history_availability,continuous_amount_numeric,credit_card_history,80.11778440446032,77.3223371081569,possible_absence_of_history_or_unknown_record,structured_missing_handling_candidate_later,feature_engineering_and_modeling,no
cc_pos_drawing_amount_max_sum,structured_missing_or_history_availability,continuous_amount_numeric,credit_card_history,71.73922233676193,65.83579517479075,possible_absence_of_history_or_unknown_record,structured_missing_handling_candidate_later,feature_engineering_and_modeling,no
cc_other_drawing_amount_sum_mean,structured_missing_or_history_availability,continuous_amount_numeric,credit_card_history,71.73922233676193,65.83579517479075,possible_absence_of_history_or_unknown_record,structured_missing_handling_candidate_later,feature_engineering_and_modeling,no
cc_other_drawing_amount_sum_max,structured_missing_or_history_availability,continuous_amount_numeric,credit_card_history,71.73922233676193,65.83579517479075,possible_absence_of_history_or_unknown_record,structured_missing_handling_candidate_later,feature_engineering_and_modeling,no
cc_other_drawing_amount_sum_min,structured_missing_or_history_availability,continuous_amount_numeric,credit_card_history,71.73922233676193,65.83579517479075,possible_absence_of_history_or_unknown_record,structured_missing_handling_candidate_later,feature_engineering_and_modeling,no
cc_other_drawing_amount_sum_sum,structured_missing_or_history_availability,continuous_amount_numeric,credit_card_history,71.73922233676193,65.83579517479075,possible_absence_of_history_or_unknown_record,structured_missing_handling_candidate_later,feature_engineering_and_modeling,no
cc_other_drawing_amount_mean_mean,structured_missing_or_history_availability,continuous_amount_numeric,credit_card_history,80.11778440446032,77.3223371081569,possible_absence_of_history_or_unknown_record,structured_missing_handling_candidate_later,feature_engineering_and_modeling,no
cc_other_drawing_amount_mean_max,structured_missing_or_history_availability,continuous_amount_numeric,credit_card_history,80.11778440446032,77.3223371081569,possible_absence_of_history_or_unknown_record,structured_missing_handling_candidate_later,feature_engineering_and_modeling,no
cc_other_drawing_amount_mean_min,structured_missing_or_history_availability,continuous_amount_numeric,credit_card_history,80.11778440446032,77.3223371081569,possible_absence_of_history_or_unknown_record,structured_missing_handling_candidate_later,feature_engineering_and_modeling,no
cc_other_drawing_amount_mean_sum,structured_missing_or_history_availability,continuous_amount_numeric,credit_card_history,71.73922233676193,65.83579517479075,possible_absence_of_history_or_unknown_record,structured_missing_handling_candidate_later,feature_engineering_and_modeling,no
cc_other_drawing_amount_max_mean,structured_missing_or_history_availability,continuous_amount_numeric,credit_card_history,80.11778440446032,77.3223371081569,possible_absence_of_history_or_unknown_record,structured_missing_handling_candidate_later,feature_engineering_and_modeling,no
cc_other_drawing_amount_max_max,structured_missing_or_history_availability,continuous_amount_numeric,credit_card_history,80.11778440446032,77.3223371081569,possible_absence_of_history_or_unknown_record,structured_missing_handling_candidate_later,feature_engineering_and_modeling,no
cc_other_drawing_amount_max_min,structured_missing_or_history_availability,continuous_amount_numeric,credit_card_history,80.11778440446032,77.3223371081569,possible_absence_of_history_or_unknown_record,structured_missing_handling_candidate_later,feature_engineering_and_modeling,no
cc_other_drawing_amount_max_sum,structured_missing_or_history_availability,continuous_amount_numeric,credit_card_history,71.73922233676193,65.83579517479075,possible_absence_of_history_or_unknown_record,structured_missing_handling_candidate_later,feature_engineering_and_modeling,no
cc_drawing_count_sum_mean,structured_missing_or_history_availability,discrete_count_numeric,credit_card_history,71.73922233676193,65.83579517479075,possible_absence_of_history_or_unknown_record,structured_missing_handling_candidate_later,feature_engineering_and_modeling,no
cc_drawing_count_sum_max,structured_missing_or_history_availability,discrete_count_numeric,credit_card_history,71.73922233676193,65.83579517479075,possible_absence_of_history_or_unknown_record,structured_missing_handling_candidate_later,feature_engineering_and_modeling,no
cc_drawing_count_sum_min,structured_missing_or_history_availability,discrete_count_numeric,credit_card_history,71.73922233676193,65.83579517479075,possible_absence_of_history_or_unknown_record,structured_missing_handling_candidate_later,feature_engineering_and_modeling,no
cc_drawing_count_sum_sum,structured_missing_or_history_availability,discrete_count_numeric,credit_card_history,71.73922233676193,65.83579517479075,possible_absence_of_history_or_unknown_record,structured_missing_handling_candidate_later,feature_engineering_and_modeling,no
cc_drawing_count_mean_mean,structured_missing_or_history_availability,discrete_count_numeric,credit_card_history,71.73922233676193,65.83579517479075,possible_absence_of_history_or_unknown_record,structured_missing_handling_candidate_later,feature_engineering_and_modeling,no
cc_drawing_count_mean_max,structured_missing_or_history_availability,discrete_count_numeric,credit_card_history,71.73922233676193,65.83579517479075,possible_absence_of_history_or_unknown_record,structured_missing_handling_candidate_later,feature_engineering_and_modeling,no
cc_drawing_count_mean_min,structured_missing_or_history_availability,discrete_count_numeric,credit_card_history,71.73922233676193,65.83579517479075,possible_absence_of_history_or_unknown_record,structured_missing_handling_candidate_later,feature_engineering_and_modeling,no
cc_drawing_count_mean_sum,structured_missing_or_history_availability,discrete_count_numeric,credit_card_history,71.73922233676193,65.83579517479075,possible_absence_of_history_or_unknown_record,structured_missing_handling_candidate_later,feature_engineering_and_modeling,no
cc_drawing_count_max_mean,structured_missing_or_history_availability,discrete_count_numeric,credit_card_history,71.73922233676193,65.83579517479075,possible_absence_of_history_or_unknown_record,structured_missing_handling_candidate_later,feature_engineering_and_modeling,no
cc_drawing_count_max_max,structured_missing_or_history_availability,discrete_count_numeric,credit_card_history,71.73922233676193,65.83579517479075,possible_absence_of_history_or_unknown_record,structured_missing_handling_candidate_later,feature_engineering_and_modeling,no
cc_drawing_count_max_min,structured_missing_or_history_availability,discrete_count_numeric,credit_card_history,71.73922233676193,65.83579517479075,possible_absence_of_history_or_unknown_record,structured_missing_handling_candidate_later,feature_engineering_and_modeling,no
cc_drawing_count_max_sum,structured_missing_or_history_availability,discrete_count_numeric,credit_card_history,71.73922233676193,65.83579517479075,possible_absence_of_history_or_unknown_record,structured_missing_handling_candidate_later,feature_engineering_and_modeling,no
cc_atm_drawing_count_sum_mean,structured_missing_or_history_availability,discrete_count_numeric,credit_card_history,71.73922233676193,65.83579517479075,possible_absence_of_history_or_unknown_record,structured_missing_handling_candidate_later,feature_engineering_and_modeling,no
cc_atm_drawing_count_sum_max,structured_missing_or_history_availability,discrete_count_numeric,credit_card_history,71.73922233676193,65.83579517479075,possible_absence_of_history_or_unknown_record,structured_missing_handling_candidate_later,feature_engineering_and_modeling,no
cc_atm_drawing_count_sum_min,structured_missing_or_history_availability,discrete_count_numeric,credit_card_history,71.73922233676193,65.83579517479075,possible_absence_of_history_or_unknown_record,structured_missing_handling_candidate_later,feature_engineering_and_modeling,no
cc_atm_drawing_count_sum_sum,structured_missing_or_history_availability,discrete_count_numeric,credit_card_history,71.73922233676193,65.83579517479075,possible_absence_of_history_or_unknown_record,structured_missing_handling_candidate_later,feature_engineering_and_modeling,no
cc_atm_drawing_count_mean_mean,structured_missing_or_history_availability,discrete_count_numeric,credit_card_history,80.11778440446032,77.3223371081569,possible_absence_of_history_or_unknown_record,structured_missing_handling_candidate_later,feature_engineering_and_modeling,no
cc_atm_drawing_count_mean_max,structured_missing_or_history_availability,discrete_count_numeric,credit_card_history,80.11778440446032,77.3223371081569,possible_absence_of_history_or_unknown_record,structured_missing_handling_candidate_later,feature_engineering_and_modeling,no
cc_atm_drawing_count_mean_min,structured_missing_or_history_availability,discrete_count_numeric,credit_card_history,80.11778440446032,77.3223371081569,possible_absence_of_history_or_unknown_record,structured_missing_handling_candidate_later,feature_engineering_and_modeling,no
cc_atm_drawing_count_mean_sum,structured_missing_or_history_availability,discrete_count_numeric,credit_card_history,71.73922233676193,65.83579517479075,possible_absence_of_history_or_unknown_record,structured_missing_handling_candidate_later,feature_engineering_and_modeling,no
cc_atm_drawing_count_max_mean,structured_missing_or_history_availability,discrete_count_numeric,credit_card_history,80.11778440446032,77.3223371081569,possible_absence_of_history_or_unknown_record,structured_missing_handling_candidate_later,feature_engineering_and_modeling,no
cc_atm_drawing_count_max_max,structured_missing_or_history_availability,discrete_count_numeric,credit_card_history,80.11778440446032,77.3223371081569,possible_absence_of_history_or_unknown_record,structured_missing_handling_candidate_later,feature_engineering_and_modeling,no
cc_atm_drawing_count_max_min,structured_missing_or_history_availability,discrete_count_numeric,credit_card_history,80.11778440446032,77.3223371081569,possible_absence_of_history_or_unknown_record,structured_missing_handling_candidate_later,feature_engineering_and_modeling,no
cc_atm_drawing_count_max_sum,structured_missing_or_history_availability,discrete_count_numeric,credit_card_history,71.73922233676193,65.83579517479075,possible_absence_of_history_or_unknown_record,structured_missing_handling_candidate_later,feature_engineering_and_modeling,no
cc_pos_drawing_count_sum_mean,structured_missing_or_history_availability,discrete_count_numeric,credit_card_history,71.73922233676193,65.83579517479075,possible_absence_of_history_or_unknown_record,structured_missing_handling_candidate_later,feature_engineering_and_modeling,no
cc_pos_drawing_count_sum_max,structured_missing_or_history_availability,discrete_count_numeric,credit_card_history,71.73922233676193,65.83579517479075,possible_absence_of_history_or_unknown_record,structured_missing_handling_candidate_later,feature_engineering_and_modeling,no
cc_pos_drawing_count_sum_min,structured_missing_or_history_availability,discrete_count_numeric,credit_card_history,71.73922233676193,65.83579517479075,possible_absence_of_history_or_unknown_record,structured_missing_handling_candidate_later,feature_engineering_and_modeling,no
cc_pos_drawing_count_sum_sum,structured_missing_or_history_availability,discrete_count_numeric,credit_card_history,71.73922233676193,65.83579517479075,possible_absence_of_history_or_unknown_record,structured_missing_handling_candidate_later,feature_engineering_and_modeling,no
cc_pos_drawing_count_mean_mean,structured_missing_or_history_availability,discrete_count_numeric,credit_card_history,80.11778440446032,77.3223371081569,possible_absence_of_history_or_unknown_record,structured_missing_handling_candidate_later,feature_engineering_and_modeling,no
cc_pos_drawing_count_mean_max,structured_missing_or_history_availability,discrete_count_numeric,credit_card_history,80.11778440446032,77.3223371081569,possible_absence_of_history_or_unknown_record,structured_missing_handling_candidate_later,feature_engineering_and_modeling,no
cc_pos_drawing_count_mean_min,structured_missing_or_history_availability,discrete_count_numeric,credit_card_history,80.11778440446032,77.3223371081569,possible_absence_of_history_or_unknown_record,structured_missing_handling_candidate_later,feature_engineering_and_modeling,no
cc_pos_drawing_count_mean_sum,structured_missing_or_history_availability,discrete_count_numeric,credit_card_history,71.73922233676193,65.83579517479075,possible_absence_of_history_or_unknown_record,structured_missing_handling_candidate_later,feature_engineering_and_modeling,no
cc_pos_drawing_count_max_mean,structured_missing_or_history_availability,discrete_count_numeric,credit_card_history,80.11778440446032,77.3223371081569,possible_absence_of_history_or_unknown_record,structured_missing_handling_candidate_later,feature_engineering_and_modeling,no
cc_pos_drawing_count_max_max,structured_missing_or_history_availability,discrete_count_numeric,credit_card_history,80.11778440446032,77.3223371081569,possible_absence_of_history_or_unknown_record,structured_missing_handling_candidate_later,feature_engineering_and_modeling,no
cc_pos_drawing_count_max_min,structured_missing_or_history_availability,discrete_count_numeric,credit_card_history,80.11778440446032,77.3223371081569,possible_absence_of_history_or_unknown_record,structured_missing_handling_candidate_later,feature_engineering_and_modeling,no
cc_pos_drawing_count_max_sum,structured_missing_or_history_availability,discrete_count_numeric,credit_card_history,71.73922233676193,65.83579517479075,possible_absence_of_history_or_unknown_record,structured_missing_handling_candidate_later,feature_engineering_and_modeling,no
cc_other_drawing_count_sum_mean,structured_missing_or_history_availability,discrete_count_numeric,credit_card_history,71.73922233676193,65.83579517479075,possible_absence_of_history_or_unknown_record,structured_missing_handling_candidate_later,feature_engineering_and_modeling,no
cc_other_drawing_count_sum_max,structured_missing_or_history_availability,discrete_count_numeric,credit_card_history,71.73922233676193,65.83579517479075,possible_absence_of_history_or_unknown_record,structured_missing_handling_candidate_later,feature_engineering_and_modeling,no
cc_other_drawing_count_sum_min,structured_missing_or_history_availability,discrete_count_numeric,credit_card_history,71.73922233676193,65.83579517479075,possible_absence_of_history_or_unknown_record,structured_missing_handling_candidate_later,feature_engineering_and_modeling,no
cc_other_drawing_count_sum_sum,structured_missing_or_history_availability,discrete_count_numeric,credit_card_history,71.73922233676193,65.83579517479075,possible_absence_of_history_or_unknown_record,structured_missing_handling_candidate_later,feature_engineering_and_modeling,no
cc_other_drawing_count_mean_mean,structured_missing_or_history_availability,discrete_count_numeric,credit_card_history,80.11778440446032,77.3223371081569,possible_absence_of_history_or_unknown_record,structured_missing_handling_candidate_later,feature_engineering_and_modeling,no
cc_other_drawing_count_mean_max,structured_missing_or_history_availability,discrete_count_numeric,credit_card_history,80.11778440446032,77.3223371081569,possible_absence_of_history_or_unknown_record,structured_missing_handling_candidate_later,feature_engineering_and_modeling,no
cc_other_drawing_count_mean_min,structured_missing_or_history_availability,discrete_count_numeric,credit_card_history,80.11778440446032,77.3223371081569,possible_absence_of_history_or_unknown_record,structured_missing_handling_candidate_later,feature_engineering_and_modeling,no
cc_other_drawing_count_mean_sum,structured_missing_or_history_availability,discrete_count_numeric,credit_card_history,71.73922233676193,65.83579517479075,possible_absence_of_history_or_unknown_record,structured_missing_handling_candidate_later,feature_engineering_and_modeling,no
cc_other_drawing_count_max_mean,structured_missing_or_history_availability,discrete_count_numeric,credit_card_history,80.11778440446032,77.3223371081569,possible_absence_of_history_or_unknown_record,structured_missing_handling_candidate_later,feature_engineering_and_modeling,no
cc_other_drawing_count_max_max,structured_missing_or_history_availability,discrete_count_numeric,credit_card_history,80.11778440446032,77.3223371081569,possible_absence_of_history_or_unknown_record,structured_missing_handling_candidate_later,feature_engineering_and_modeling,no
cc_other_drawing_count_max_min,structured_missing_or_history_availability,discrete_count_numeric,credit_card_history,80.11778440446032,77.3223371081569,possible_absence_of_history_or_unknown_record,structured_missing_handling_candidate_later,feature_engineering_and_modeling,no
cc_other_drawing_count_max_sum,structured_missing_or_history_availability,discrete_count_numeric,credit_card_history,71.73922233676193,65.83579517479075,possible_absence_of_history_or_unknown_record,structured_missing_handling_candidate_later,feature_engineering_and_modeling,no
cc_payment_current_sum_mean,structured_missing_or_history_availability,continuous_amount_numeric,credit_card_history,71.73922233676193,65.83579517479075,possible_absence_of_history_or_unknown_record,structured_missing_handling_candidate_later,feature_engineering_and_modeling,no
cc_payment_current_sum_max,structured_missing_or_history_availability,continuous_amount_numeric,credit_card_history,71.73922233676193,65.83579517479075,possible_absence_of_history_or_unknown_record,structured_missing_handling_candidate_later,feature_engineering_and_modeling,no
cc_payment_current_sum_min,structured_missing_or_history_availability,continuous_amount_numeric,credit_card_history,71.73922233676193,65.83579517479075,possible_absence_of_history_or_unknown_record,structured_missing_handling_candidate_later,feature_engineering_and_modeling,no
cc_payment_current_sum_sum,structured_missing_or_history_availability,continuous_amount_numeric,credit_card_history,71.73922233676193,65.83579517479075,possible_absence_of_history_or_unknown_record,structured_missing_handling_candidate_later,feature_engineering_and_modeling,no
cc_payment_current_mean_mean,structured_missing_or_history_availability,continuous_amount_numeric,credit_card_history,80.14379973399326,77.31002790086985,possible_absence_of_history_or_unknown_record,structured_missing_handling_candidate_later,feature_engineering_and_modeling,no
cc_payment_current_mean_max,structured_missing_or_history_availability,continuous_amount_numeric,credit_card_history,80.14379973399326,77.31002790086985,possible_absence_of_history_or_unknown_record,structured_missing_handling_candidate_later,feature_engineering_and_modeling,no
cc_payment_current_mean_min,structured_missing_or_history_availability,continuous_amount_numeric,credit_card_history,80.14379973399326,77.31002790086985,possible_absence_of_history_or_unknown_record,structured_missing_handling_candidate_later,feature_engineering_and_modeling,no
cc_payment_current_mean_sum,structured_missing_or_history_availability,continuous_amount_numeric,credit_card_history,71.73922233676193,65.83579517479075,possible_absence_of_history_or_unknown_record,structured_missing_handling_candidate_later,feature_engineering_and_modeling,no
cc_payment_current_max_mean,structured_missing_or_history_availability,continuous_amount_numeric,credit_card_history,80.14379973399326,77.31002790086985,possible_absence_of_history_or_unknown_record,structured_missing_handling_candidate_later,feature_engineering_and_modeling,no
cc_payment_current_max_max,structured_missing_or_history_availability,continuous_amount_numeric,credit_card_history,80.14379973399326,77.31002790086985,possible_absence_of_history_or_unknown_record,structured_missing_handling_candidate_later,feature_engineering_and_modeling,no
cc_payment_current_max_min,structured_missing_or_history_availability,continuous_amount_numeric,credit_card_history,80.14379973399326,77.31002790086985,possible_absence_of_history_or_unknown_record,structured_missing_handling_candidate_later,feature_engineering_and_modeling,no
cc_payment_current_max_sum,structured_missing_or_history_availability,continuous_amount_numeric,credit_card_history,71.73922233676193,65.83579517479075,possible_absence_of_history_or_unknown_record,structured_missing_handling_candidate_later,feature_engineering_and_modeling,no
cc_payment_current_min_mean,structured_missing_or_history_availability,continuous_amount_numeric,credit_card_history,80.14379973399326,77.31002790086985,possible_absence_of_history_or_unknown_record,structured_missing_handling_candidate_later,feature_engineering_and_modeling,no
cc_payment_current_min_max,structured_missing_or_history_availability,continuous_amount_numeric,credit_card_history,80.14379973399326,77.31002790086985,possible_absence_of_history_or_unknown_record,structured_missing_handling_candidate_later,feature_engineering_and_modeling,no
cc_payment_current_min_min,structured_missing_or_history_availability,continuous_amount_numeric,credit_card_history,80.14379973399326,77.31002790086985,possible_absence_of_history_or_unknown_record,structured_missing_handling_candidate_later,feature_engineering_and_modeling,no
cc_payment_current_min_sum,structured_missing_or_history_availability,continuous_amount_numeric,credit_card_history,71.73922233676193,65.83579517479075,possible_absence_of_history_or_unknown_record,structured_missing_handling_candidate_later,feature_engineering_and_modeling,no
cc_payment_current_std_mean,structured_missing_or_history_availability,continuous_stat_numeric,credit_card_history,80.28720923804352,77.46799606105367,possible_absence_of_history_or_unknown_record,structured_missing_handling_candidate_later,feature_engineering_and_modeling,no
cc_payment_current_std_max,structured_missing_or_history_availability,continuous_stat_numeric,credit_card_history,80.28720923804352,77.46799606105367,possible_absence_of_history_or_unknown_record,structured_missing_handling_candidate_later,feature_engineering_and_modeling,no
cc_payment_current_std_min,structured_missing_or_history_availability,continuous_stat_numeric,credit_card_history,80.28720923804352,77.46799606105367,possible_absence_of_history_or_unknown_record,structured_missing_handling_candidate_later,feature_engineering_and_modeling,no
cc_payment_current_std_sum,structured_missing_or_history_availability,continuous_stat_numeric,credit_card_history,71.73922233676193,65.83579517479075,possible_absence_of_history_or_unknown_record,structured_missing_handling_candidate_later,feature_engineering_and_modeling,no
cc_payment_total_sum_mean,structured_missing_or_history_availability,continuous_amount_numeric,credit_card_history,71.73922233676193,65.83579517479075,possible_absence_of_history_or_unknown_record,structured_missing_handling_candidate_later,feature_engineering_and_modeling,no
cc_payment_total_sum_max,structured_missing_or_history_availability,continuous_amount_numeric,credit_card_history,71.73922233676193,65.83579517479075,possible_absence_of_history_or_unknown_record,structured_missing_handling_candidate_later,feature_engineering_and_modeling,no
cc_payment_total_sum_min,structured_missing_or_history_availability,continuous_amount_numeric,credit_card_history,71.73922233676193,65.83579517479075,possible_absence_of_history_or_unknown_record,structured_missing_handling_candidate_later,feature_engineering_and_modeling,no
cc_payment_total_sum_sum,structured_missing_or_history_availability,continuous_amount_numeric,credit_card_history,71.73922233676193,65.83579517479075,possible_absence_of_history_or_unknown_record,structured_missing_handling_candidate_later,feature_engineering_and_modeling,no
cc_payment_total_mean_mean,structured_missing_or_history_availability,continuous_amount_numeric,credit_card_history,71.73922233676193,65.83579517479075,possible_absence_of_history_or_unknown_record,structured_missing_handling_candidate_later,feature_engineering_and_modeling,no
cc_payment_total_mean_max,structured_missing_or_history_availability,continuous_amount_numeric,credit_card_history,71.73922233676193,65.83579517479075,possible_absence_of_history_or_unknown_record,structured_missing_handling_candidate_later,feature_engineering_and_modeling,no
cc_payment_total_mean_min,structured_missing_or_history_availability,continuous_amount_numeric,credit_card_history,71.73922233676193,65.83579517479075,possible_absence_of_history_or_unknown_record,structured_missing_handling_candidate_later,feature_engineering_and_modeling,no
cc_payment_total_mean_sum,structured_missing_or_history_availability,continuous_amount_numeric,credit_card_history,71.73922233676193,65.83579517479075,possible_absence_of_history_or_unknown_record,structured_missing_handling_candidate_later,feature_engineering_and_modeling,no
cc_payment_total_max_mean,structured_missing_or_history_availability,continuous_amount_numeric,credit_card_history,71.73922233676193,65.83579517479075,possible_absence_of_history_or_unknown_record,structured_missing_handling_candidate_later,feature_engineering_and_modeling,no
cc_payment_total_max_max,structured_missing_or_history_availability,continuous_amount_numeric,credit_card_history,71.73922233676193,65.83579517479075,possible_absence_of_history_or_unknown_record,structured_missing_handling_candidate_later,feature_engineering_and_modeling,no
cc_payment_total_max_min,structured_missing_or_history_availability,continuous_amount_numeric,credit_card_history,71.73922233676193,65.83579517479075,possible_absence_of_history_or_unknown_record,structured_missing_handling_candidate_later,feature_engineering_and_modeling,no
cc_payment_total_max_sum,structured_missing_or_history_availability,continuous_amount_numeric,credit_card_history,71.73922233676193,65.83579517479075,possible_absence_of_history_or_unknown_record,structured_missing_handling_candidate_later,feature_engineering_and_modeling,no
cc_payment_total_min_mean,structured_missing_or_history_availability,continuous_amount_numeric,credit_card_history,71.73922233676193,65.83579517479075,possible_absence_of_history_or_unknown_record,structured_missing_handling_candidate_later,feature_engineering_and_modeling,no
cc_payment_total_min_max,structured_missing_or_history_availability,continuous_amount_numeric,credit_card_history,71.73922233676193,65.83579517479075,possible_absence_of_history_or_unknown_record,structured_missing_handling_candidate_later,feature_engineering_and_modeling,no
cc_payment_total_min_min,structured_missing_or_history_availability,continuous_amount_numeric,credit_card_history,71.73922233676193,65.83579517479075,possible_absence_of_history_or_unknown_record,structured_missing_handling_candidate_later,feature_engineering_and_modeling,no
cc_payment_total_min_sum,structured_missing_or_history_availability,continuous_amount_numeric,credit_card_history,71.73922233676193,65.83579517479075,possible_absence_of_history_or_unknown_record,structured_missing_handling_candidate_later,feature_engineering_and_modeling,no
cc_payment_total_std_mean,structured_missing_or_history_availability,continuous_stat_numeric,credit_card_history,71.94474344007207,65.95888724766125,possible_absence_of_history_or_unknown_record,structured_missing_handling_candidate_later,feature_engineering_and_modeling,no
cc_payment_total_std_max,structured_missing_or_history_availability,continuous_stat_numeric,credit_card_history,71.94474344007207,65.95888724766125,possible_absence_of_history_or_unknown_record,structured_missing_handling_candidate_later,feature_engineering_and_modeling,no
cc_payment_total_std_min,structured_missing_or_history_availability,continuous_stat_numeric,credit_card_history,71.94474344007207,65.95888724766125,possible_absence_of_history_or_unknown_record,structured_missing_handling_candidate_later,feature_engineering_and_modeling,no
cc_payment_total_std_sum,structured_missing_or_history_availability,continuous_stat_numeric,credit_card_history,71.73922233676193,65.83579517479075,possible_absence_of_history_or_unknown_record,structured_missing_handling_candidate_later,feature_engineering_and_modeling,no
cc_min_instalment_sum_mean,structured_missing_or_history_availability,continuous_amount_numeric,credit_card_history,71.73922233676193,65.83579517479075,possible_absence_of_history_or_unknown_record,structured_missing_handling_candidate_later,feature_engineering_and_modeling,no
cc_min_instalment_sum_max,structured_missing_or_history_availability,continuous_amount_numeric,credit_card_history,71.73922233676193,65.83579517479075,possible_absence_of_history_or_unknown_record,structured_missing_handling_candidate_later,feature_engineering_and_modeling,no
cc_min_instalment_sum_min,structured_missing_or_history_availability,continuous_amount_numeric,credit_card_history,71.73922233676193,65.83579517479075,possible_absence_of_history_or_unknown_record,structured_missing_handling_candidate_later,feature_engineering_and_modeling,no
cc_min_instalment_sum_sum,structured_missing_or_history_availability,continuous_amount_numeric,credit_card_history,71.73922233676193,65.83579517479075,possible_absence_of_history_or_unknown_record,structured_missing_handling_candidate_later,feature_engineering_and_modeling,no
cc_min_instalment_mean_mean,structured_missing_or_history_availability,continuous_amount_numeric,credit_card_history,71.73922233676193,65.83579517479075,possible_absence_of_history_or_unknown_record,structured_missing_handling_candidate_later,feature_engineering_and_modeling,no
cc_min_instalment_mean_max,structured_missing_or_history_availability,continuous_amount_numeric,credit_card_history,71.73922233676193,65.83579517479075,possible_absence_of_history_or_unknown_record,structured_missing_handling_candidate_later,feature_engineering_and_modeling,no
cc_min_instalment_mean_min,structured_missing_or_history_availability,continuous_amount_numeric,credit_card_history,71.73922233676193,65.83579517479075,possible_absence_of_history_or_unknown_record,structured_missing_handling_candidate_later,feature_engineering_and_modeling,no
cc_min_instalment_mean_sum,structured_missing_or_history_availability,continuous_amount_numeric,credit_card_history,71.73922233676193,65.83579517479075,possible_absence_of_history_or_unknown_record,structured_missing_handling_candidate_later,feature_engineering_and_modeling,no
cc_min_instalment_max_mean,structured_missing_or_history_availability,continuous_amount_numeric,credit_card_history,71.73922233676193,65.83579517479075,possible_absence_of_history_or_unknown_record,structured_missing_handling_candidate_later,feature_engineering_and_modeling,no
cc_min_instalment_max_max,structured_missing_or_history_availability,continuous_amount_numeric,credit_card_history,71.73922233676193,65.83579517479075,possible_absence_of_history_or_unknown_record,structured_missing_handling_candidate_later,feature_engineering_and_modeling,no
cc_min_instalment_max_min,structured_missing_or_history_availability,continuous_amount_numeric,credit_card_history,71.73922233676193,65.83579517479075,possible_absence_of_history_or_unknown_record,structured_missing_handling_candidate_later,feature_engineering_and_modeling,no
cc_min_instalment_max_sum,structured_missing_or_history_availability,continuous_amount_numeric,credit_card_history,71.73922233676193,65.83579517479075,possible_absence_of_history_or_unknown_record,structured_missing_handling_candidate_later,feature_engineering_and_modeling,no
cc_min_instalment_min_mean,structured_missing_or_history_availability,continuous_amount_numeric,credit_card_history,71.73922233676193,65.83579517479075,possible_absence_of_history_or_unknown_record,structured_missing_handling_candidate_later,feature_engineering_and_modeling,no
cc_min_instalment_min_max,structured_missing_or_history_availability,continuous_amount_numeric,credit_card_history,71.73922233676193,65.83579517479075,possible_absence_of_history_or_unknown_record,structured_missing_handling_candidate_later,feature_engineering_and_modeling,no
cc_min_instalment_min_min,structured_missing_or_history_availability,continuous_amount_numeric,credit_card_history,71.73922233676193,65.83579517479075,possible_absence_of_history_or_unknown_record,structured_missing_handling_candidate_later,feature_engineering_and_modeling,no
cc_min_instalment_min_sum,structured_missing_or_history_availability,continuous_amount_numeric,credit_card_history,71.73922233676193,65.83579517479075,possible_absence_of_history_or_unknown_record,structured_missing_handling_candidate_later,feature_engineering_and_modeling,no
cc_min_instalment_std_mean,structured_missing_or_history_availability,continuous_stat_numeric,credit_card_history,71.94474344007207,65.95888724766125,possible_absence_of_history_or_unknown_record,structured_missing_handling_candidate_later,feature_engineering_and_modeling,no
cc_min_instalment_std_max,structured_missing_or_history_availability,continuous_stat_numeric,credit_card_history,71.94474344007207,65.95888724766125,possible_absence_of_history_or_unknown_record,structured_missing_handling_candidate_later,feature_engineering_and_modeling,no
cc_min_instalment_std_min,structured_missing_or_history_availability,continuous_stat_numeric,credit_card_history,71.94474344007207,65.95888724766125,possible_absence_of_history_or_unknown_record,structured_missing_handling_candidate_later,feature_engineering_and_modeling,no
cc_min_instalment_std_sum,structured_missing_or_history_availability,continuous_stat_numeric,credit_card_history,71.73922233676193,65.83579517479075,possible_absence_of_history_or_unknown_record,structured_missing_handling_candidate_later,feature_engineering_and_modeling,no
cc_total_receivable_sum_mean,structured_missing_or_history_availability,continuous_amount_numeric,credit_card_history,71.73922233676193,65.83579517479075,possible_absence_of_history_or_unknown_record,structured_missing_handling_candidate_later,feature_engineering_and_modeling,no
cc_total_receivable_sum_max,structured_missing_or_history_availability,continuous_amount_numeric,credit_card_history,71.73922233676193,65.83579517479075,possible_absence_of_history_or_unknown_record,structured_missing_handling_candidate_later,feature_engineering_and_modeling,no
cc_total_receivable_sum_min,structured_missing_or_history_availability,continuous_amount_numeric,credit_card_history,71.73922233676193,65.83579517479075,possible_absence_of_history_or_unknown_record,structured_missing_handling_candidate_later,feature_engineering_and_modeling,no
cc_total_receivable_sum_sum,structured_missing_or_history_availability,continuous_amount_numeric,credit_card_history,71.73922233676193,65.83579517479075,possible_absence_of_history_or_unknown_record,structured_missing_handling_candidate_later,feature_engineering_and_modeling,no
cc_total_receivable_mean_mean,structured_missing_or_history_availability,continuous_amount_numeric,credit_card_history,71.73922233676193,65.83579517479075,possible_absence_of_history_or_unknown_record,structured_missing_handling_candidate_later,feature_engineering_and_modeling,no
cc_total_receivable_mean_max,structured_missing_or_history_availability,continuous_amount_numeric,credit_card_history,71.73922233676193,65.83579517479075,possible_absence_of_history_or_unknown_record,structured_missing_handling_candidate_later,feature_engineering_and_modeling,no
cc_total_receivable_mean_min,structured_missing_or_history_availability,continuous_amount_numeric,credit_card_history,71.73922233676193,65.83579517479075,possible_absence_of_history_or_unknown_record,structured_missing_handling_candidate_later,feature_engineering_and_modeling,no
cc_total_receivable_mean_sum,structured_missing_or_history_availability,continuous_amount_numeric,credit_card_history,71.73922233676193,65.83579517479075,possible_absence_of_history_or_unknown_record,structured_missing_handling_candidate_later,feature_engineering_and_modeling,no
cc_total_receivable_max_mean,structured_missing_or_history_availability,continuous_amount_numeric,credit_card_history,71.73922233676193,65.83579517479075,possible_absence_of_history_or_unknown_record,structured_missing_handling_candidate_later,feature_engineering_and_modeling,no
cc_total_receivable_max_max,structured_missing_or_history_availability,continuous_amount_numeric,credit_card_history,71.73922233676193,65.83579517479075,possible_absence_of_history_or_unknown_record,structured_missing_handling_candidate_later,feature_engineering_and_modeling,no
cc_total_receivable_max_min,structured_missing_or_history_availability,continuous_amount_numeric,credit_card_history,71.73922233676193,65.83579517479075,possible_absence_of_history_or_unknown_record,structured_missing_handling_candidate_later,feature_engineering_and_modeling,no
cc_total_receivable_max_sum,structured_missing_or_history_availability,continuous_amount_numeric,credit_card_history,71.73922233676193,65.83579517479075,possible_absence_of_history_or_unknown_record,structured_missing_handling_candidate_later,feature_engineering_and_modeling,no
cc_total_receivable_min_mean,structured_missing_or_history_availability,continuous_amount_numeric,credit_card_history,71.73922233676193,65.83579517479075,possible_absence_of_history_or_unknown_record,structured_missing_handling_candidate_later,feature_engineering_and_modeling,no
cc_total_receivable_min_max,structured_missing_or_history_availability,continuous_amount_numeric,credit_card_history,71.73922233676193,65.83579517479075,possible_absence_of_history_or_unknown_record,structured_missing_handling_candidate_later,feature_engineering_and_modeling,no
cc_total_receivable_min_min,structured_missing_or_history_availability,continuous_amount_numeric,credit_card_history,71.73922233676193,65.83579517479075,possible_absence_of_history_or_unknown_record,structured_missing_handling_candidate_later,feature_engineering_and_modeling,no
cc_total_receivable_min_sum,structured_missing_or_history_availability,continuous_amount_numeric,credit_card_history,71.73922233676193,65.83579517479075,possible_absence_of_history_or_unknown_record,structured_missing_handling_candidate_later,feature_engineering_and_modeling,no
cc_total_receivable_std_mean,structured_missing_or_history_availability,continuous_stat_numeric,credit_card_history,71.94474344007207,65.95888724766125,possible_absence_of_history_or_unknown_record,structured_missing_handling_candidate_later,feature_engineering_and_modeling,no
cc_total_receivable_std_max,structured_missing_or_history_availability,continuous_stat_numeric,credit_card_history,71.94474344007207,65.95888724766125,possible_absence_of_history_or_unknown_record,structured_missing_handling_candidate_later,feature_engineering_and_modeling,no
cc_total_receivable_std_min,structured_missing_or_history_availability,continuous_stat_numeric,credit_card_history,71.94474344007207,65.95888724766125,possible_absence_of_history_or_unknown_record,structured_missing_handling_candidate_later,feature_engineering_and_modeling,no
cc_total_receivable_std_sum,structured_missing_or_history_availability,continuous_stat_numeric,credit_card_history,71.73922233676193,65.83579517479075,possible_absence_of_history_or_unknown_record,structured_missing_handling_candidate_later,feature_engineering_and_modeling,no
cc_principal_receivable_sum_mean,structured_missing_or_history_availability,continuous_amount_numeric,credit_card_history,71.73922233676193,65.83579517479075,possible_absence_of_history_or_unknown_record,structured_missing_handling_candidate_later,feature_engineering_and_modeling,no
cc_principal_receivable_sum_max,structured_missing_or_history_availability,continuous_amount_numeric,credit_card_history,71.73922233676193,65.83579517479075,possible_absence_of_history_or_unknown_record,structured_missing_handling_candidate_later,feature_engineering_and_modeling,no
cc_principal_receivable_sum_min,structured_missing_or_history_availability,continuous_amount_numeric,credit_card_history,71.73922233676193,65.83579517479075,possible_absence_of_history_or_unknown_record,structured_missing_handling_candidate_later,feature_engineering_and_modeling,no
cc_principal_receivable_sum_sum,structured_missing_or_history_availability,continuous_amount_numeric,credit_card_history,71.73922233676193,65.83579517479075,possible_absence_of_history_or_unknown_record,structured_missing_handling_candidate_later,feature_engineering_and_modeling,no
cc_principal_receivable_mean_mean,structured_missing_or_history_availability,continuous_amount_numeric,credit_card_history,71.73922233676193,65.83579517479075,possible_absence_of_history_or_unknown_record,structured_missing_handling_candidate_later,feature_engineering_and_modeling,no
cc_principal_receivable_mean_max,structured_missing_or_history_availability,continuous_amount_numeric,credit_card_history,71.73922233676193,65.83579517479075,possible_absence_of_history_or_unknown_record,structured_missing_handling_candidate_later,feature_engineering_and_modeling,no
cc_principal_receivable_mean_min,structured_missing_or_history_availability,continuous_amount_numeric,credit_card_history,71.73922233676193,65.83579517479075,possible_absence_of_history_or_unknown_record,structured_missing_handling_candidate_later,feature_engineering_and_modeling,no
cc_principal_receivable_mean_sum,structured_missing_or_history_availability,continuous_amount_numeric,credit_card_history,71.73922233676193,65.83579517479075,possible_absence_of_history_or_unknown_record,structured_missing_handling_candidate_later,feature_engineering_and_modeling,no
cc_principal_receivable_max_mean,structured_missing_or_history_availability,continuous_amount_numeric,credit_card_history,71.73922233676193,65.83579517479075,possible_absence_of_history_or_unknown_record,structured_missing_handling_candidate_later,feature_engineering_and_modeling,no
cc_principal_receivable_max_max,structured_missing_or_history_availability,continuous_amount_numeric,credit_card_history,71.73922233676193,65.83579517479075,possible_absence_of_history_or_unknown_record,structured_missing_handling_candidate_later,feature_engineering_and_modeling,no
cc_principal_receivable_max_min,structured_missing_or_history_availability,continuous_amount_numeric,credit_card_history,71.73922233676193,65.83579517479075,possible_absence_of_history_or_unknown_record,structured_missing_handling_candidate_later,feature_engineering_and_modeling,no
cc_principal_receivable_max_sum,structured_missing_or_history_availability,continuous_amount_numeric,credit_card_history,71.73922233676193,65.83579517479075,possible_absence_of_history_or_unknown_record,structured_missing_handling_candidate_later,feature_engineering_and_modeling,no
cc_recivable_sum_mean,structured_missing_or_history_availability,continuous_amount_numeric,credit_card_history,71.73922233676193,65.83579517479075,possible_absence_of_history_or_unknown_record,structured_missing_handling_candidate_later,feature_engineering_and_modeling,no
cc_recivable_sum_max,structured_missing_or_history_availability,continuous_amount_numeric,credit_card_history,71.73922233676193,65.83579517479075,possible_absence_of_history_or_unknown_record,structured_missing_handling_candidate_later,feature_engineering_and_modeling,no
cc_recivable_sum_min,structured_missing_or_history_availability,continuous_amount_numeric,credit_card_history,71.73922233676193,65.83579517479075,possible_absence_of_history_or_unknown_record,structured_missing_handling_candidate_later,feature_engineering_and_modeling,no
cc_recivable_sum_sum,structured_missing_or_history_availability,continuous_amount_numeric,credit_card_history,71.73922233676193,65.83579517479075,possible_absence_of_history_or_unknown_record,structured_missing_handling_candidate_later,feature_engineering_and_modeling,no
cc_recivable_mean_mean,structured_missing_or_history_availability,continuous_amount_numeric,credit_card_history,71.73922233676193,65.83579517479075,possible_absence_of_history_or_unknown_record,structured_missing_handling_candidate_later,feature_engineering_and_modeling,no
cc_recivable_mean_max,structured_missing_or_history_availability,continuous_amount_numeric,credit_card_history,71.73922233676193,65.83579517479075,possible_absence_of_history_or_unknown_record,structured_missing_handling_candidate_later,feature_engineering_and_modeling,no
cc_recivable_mean_min,structured_missing_or_history_availability,continuous_amount_numeric,credit_card_history,71.73922233676193,65.83579517479075,possible_absence_of_history_or_unknown_record,structured_missing_handling_candidate_later,feature_engineering_and_modeling,no
cc_recivable_mean_sum,structured_missing_or_history_availability,continuous_amount_numeric,credit_card_history,71.73922233676193,65.83579517479075,possible_absence_of_history_or_unknown_record,structured_missing_handling_candidate_later,feature_engineering_and_modeling,no
cc_recivable_max_mean,structured_missing_or_history_availability,continuous_amount_numeric,credit_card_history,71.73922233676193,65.83579517479075,possible_absence_of_history_or_unknown_record,structured_missing_handling_candidate_later,feature_engineering_and_modeling,no
cc_recivable_max_max,structured_missing_or_history_availability,continuous_amount_numeric,credit_card_history,71.73922233676193,65.83579517479075,possible_absence_of_history_or_unknown_record,structured_missing_handling_candidate_later,feature_engineering_and_modeling,no
cc_recivable_max_min,structured_missing_or_history_availability,continuous_amount_numeric,credit_card_history,71.73922233676193,65.83579517479075,possible_absence_of_history_or_unknown_record,structured_missing_handling_candidate_later,feature_engineering_and_modeling,no
cc_recivable_max_sum,structured_missing_or_history_availability,continuous_amount_numeric,credit_card_history,71.73922233676193,65.83579517479075,possible_absence_of_history_or_unknown_record,structured_missing_handling_candidate_later,feature_engineering_and_modeling,no
cc_mature_instalment_mean_mean,structured_missing_or_history_availability,continuous_amount_numeric,credit_card_history,71.73922233676193,65.83579517479075,possible_absence_of_history_or_unknown_record,structured_missing_handling_candidate_later,feature_engineering_and_modeling,no
cc_mature_instalment_mean_max,structured_missing_or_history_availability,continuous_amount_numeric,credit_card_history,71.73922233676193,65.83579517479075,possible_absence_of_history_or_unknown_record,structured_missing_handling_candidate_later,feature_engineering_and_modeling,no
cc_mature_instalment_mean_min,structured_missing_or_history_availability,continuous_amount_numeric,credit_card_history,71.73922233676193,65.83579517479075,possible_absence_of_history_or_unknown_record,structured_missing_handling_candidate_later,feature_engineering_and_modeling,no
cc_mature_instalment_mean_sum,structured_missing_or_history_availability,continuous_amount_numeric,credit_card_history,71.73922233676193,65.83579517479075,possible_absence_of_history_or_unknown_record,structured_missing_handling_candidate_later,feature_engineering_and_modeling,no
cc_mature_instalment_max_mean,structured_missing_or_history_availability,continuous_amount_numeric,credit_card_history,71.73922233676193,65.83579517479075,possible_absence_of_history_or_unknown_record,structured_missing_handling_candidate_later,feature_engineering_and_modeling,no
cc_mature_instalment_max_max,structured_missing_or_history_availability,continuous_amount_numeric,credit_card_history,71.73922233676193,65.83579517479075,possible_absence_of_history_or_unknown_record,structured_missing_handling_candidate_later,feature_engineering_and_modeling,no
cc_mature_instalment_max_min,structured_missing_or_history_availability,continuous_amount_numeric,credit_card_history,71.73922233676193,65.83579517479075,possible_absence_of_history_or_unknown_record,structured_missing_handling_candidate_later,feature_engineering_and_modeling,no
cc_mature_instalment_max_sum,structured_missing_or_history_availability,continuous_amount_numeric,credit_card_history,71.73922233676193,65.83579517479075,possible_absence_of_history_or_unknown_record,structured_missing_handling_candidate_later,feature_engineering_and_modeling,no
cc_mature_instalment_min_mean,structured_missing_or_history_availability,continuous_amount_numeric,credit_card_history,71.73922233676193,65.83579517479075,possible_absence_of_history_or_unknown_record,structured_missing_handling_candidate_later,feature_engineering_and_modeling,no
cc_mature_instalment_min_max,structured_missing_or_history_availability,continuous_amount_numeric,credit_card_history,71.73922233676193,65.83579517479075,possible_absence_of_history_or_unknown_record,structured_missing_handling_candidate_later,feature_engineering_and_modeling,no
cc_mature_instalment_min_min,structured_missing_or_history_availability,continuous_amount_numeric,credit_card_history,71.73922233676193,65.83579517479075,possible_absence_of_history_or_unknown_record,structured_missing_handling_candidate_later,feature_engineering_and_modeling,no
cc_mature_instalment_min_sum,structured_missing_or_history_availability,continuous_amount_numeric,credit_card_history,71.73922233676193,65.83579517479075,possible_absence_of_history_or_unknown_record,structured_missing_handling_candidate_later,feature_engineering_and_modeling,no
cc_mature_instalment_std_mean,structured_missing_or_history_availability,continuous_stat_numeric,credit_card_history,71.94474344007207,65.95888724766125,possible_absence_of_history_or_unknown_record,structured_missing_handling_candidate_later,feature_engineering_and_modeling,no
cc_mature_instalment_std_max,structured_missing_or_history_availability,continuous_stat_numeric,credit_card_history,71.94474344007207,65.95888724766125,possible_absence_of_history_or_unknown_record,structured_missing_handling_candidate_later,feature_engineering_and_modeling,no
cc_mature_instalment_std_min,structured_missing_or_history_availability,continuous_stat_numeric,credit_card_history,71.94474344007207,65.95888724766125,possible_absence_of_history_or_unknown_record,structured_missing_handling_candidate_later,feature_engineering_and_modeling,no
cc_mature_instalment_std_sum,structured_missing_or_history_availability,continuous_stat_numeric,credit_card_history,71.73922233676193,65.83579517479075,possible_absence_of_history_or_unknown_record,structured_missing_handling_candidate_later,feature_engineering_and_modeling,no
cc_dpd_sum_mean,structured_missing_or_history_availability,overdue_delay_numeric,credit_card_history,71.73922233676193,65.83579517479075,possible_absence_of_history_or_unknown_record,structured_missing_handling_candidate_later,feature_engineering_and_modeling,no
cc_dpd_sum_max,structured_missing_or_history_availability,overdue_delay_numeric,credit_card_history,71.73922233676193,65.83579517479075,possible_absence_of_history_or_unknown_record,structured_missing_handling_candidate_later,feature_engineering_and_modeling,no
cc_dpd_sum_min,structured_missing_or_history_availability,overdue_delay_numeric,credit_card_history,71.73922233676193,65.83579517479075,possible_absence_of_history_or_unknown_record,structured_missing_handling_candidate_later,feature_engineering_and_modeling,no
cc_dpd_sum_sum,structured_missing_or_history_availability,overdue_delay_numeric,credit_card_history,71.73922233676193,65.83579517479075,possible_absence_of_history_or_unknown_record,structured_missing_handling_candidate_later,feature_engineering_and_modeling,no
cc_dpd_mean_mean,structured_missing_or_history_availability,overdue_delay_numeric,credit_card_history,71.73922233676193,65.83579517479075,possible_absence_of_history_or_unknown_record,structured_missing_handling_candidate_later,feature_engineering_and_modeling,no
cc_dpd_mean_max,structured_missing_or_history_availability,overdue_delay_numeric,credit_card_history,71.73922233676193,65.83579517479075,possible_absence_of_history_or_unknown_record,structured_missing_handling_candidate_later,feature_engineering_and_modeling,no
cc_dpd_mean_min,structured_missing_or_history_availability,overdue_delay_numeric,credit_card_history,71.73922233676193,65.83579517479075,possible_absence_of_history_or_unknown_record,structured_missing_handling_candidate_later,feature_engineering_and_modeling,no
cc_dpd_mean_sum,structured_missing_or_history_availability,overdue_delay_numeric,credit_card_history,71.73922233676193,65.83579517479075,possible_absence_of_history_or_unknown_record,structured_missing_handling_candidate_later,feature_engineering_and_modeling,no
cc_dpd_max_mean,structured_missing_or_history_availability,overdue_delay_numeric,credit_card_history,71.73922233676193,65.83579517479075,possible_absence_of_history_or_unknown_record,structured_missing_handling_candidate_later,feature_engineering_and_modeling,no
cc_dpd_max_max,structured_missing_or_history_availability,overdue_delay_numeric,credit_card_history,71.73922233676193,65.83579517479075,possible_absence_of_history_or_unknown_record,structured_missing_handling_candidate_later,feature_engineering_and_modeling,no
cc_dpd_max_min,structured_missing_or_history_availability,overdue_delay_numeric,credit_card_history,71.73922233676193,65.83579517479075,possible_absence_of_history_or_unknown_record,structured_missing_handling_candidate_later,feature_engineering_and_modeling,no
cc_dpd_max_sum,structured_missing_or_history_availability,overdue_delay_numeric,credit_card_history,71.73922233676193,65.83579517479075,possible_absence_of_history_or_unknown_record,structured_missing_handling_candidate_later,feature_engineering_and_modeling,no
cc_dpd_std_mean,structured_missing_or_history_availability,overdue_delay_numeric,credit_card_history,71.94474344007207,65.95888724766125,possible_absence_of_history_or_unknown_record,structured_missing_handling_candidate_later,feature_engineering_and_modeling,no
cc_dpd_std_max,structured_missing_or_history_availability,overdue_delay_numeric,credit_card_history,71.94474344007207,65.95888724766125,possible_absence_of_history_or_unknown_record,structured_missing_handling_candidate_later,feature_engineering_and_modeling,no
cc_dpd_std_min,structured_missing_or_history_availability,overdue_delay_numeric,credit_card_history,71.94474344007207,65.95888724766125,possible_absence_of_history_or_unknown_record,structured_missing_handling_candidate_later,feature_engineering_and_modeling,no
cc_dpd_std_sum,structured_missing_or_history_availability,overdue_delay_numeric,credit_card_history,71.73922233676193,65.83579517479075,possible_absence_of_history_or_unknown_record,structured_missing_handling_candidate_later,feature_engineering_and_modeling,no
cc_dpd_def_sum_mean,structured_missing_or_history_availability,overdue_delay_numeric,credit_card_history,71.73922233676193,65.83579517479075,possible_absence_of_history_or_unknown_record,structured_missing_handling_candidate_later,feature_engineering_and_modeling,no
cc_dpd_def_sum_max,structured_missing_or_history_availability,overdue_delay_numeric,credit_card_history,71.73922233676193,65.83579517479075,possible_absence_of_history_or_unknown_record,structured_missing_handling_candidate_later,feature_engineering_and_modeling,no
cc_dpd_def_sum_min,structured_missing_or_history_availability,overdue_delay_numeric,credit_card_history,71.73922233676193,65.83579517479075,possible_absence_of_history_or_unknown_record,structured_missing_handling_candidate_later,feature_engineering_and_modeling,no
cc_dpd_def_sum_sum,structured_missing_or_history_availability,overdue_delay_numeric,credit_card_history,71.73922233676193,65.83579517479075,possible_absence_of_history_or_unknown_record,structured_missing_handling_candidate_later,feature_engineering_and_modeling,no
cc_dpd_def_mean_mean,structured_missing_or_history_availability,overdue_delay_numeric,credit_card_history,71.73922233676193,65.83579517479075,possible_absence_of_history_or_unknown_record,structured_missing_handling_candidate_later,feature_engineering_and_modeling,no
cc_dpd_def_mean_max,structured_missing_or_history_availability,overdue_delay_numeric,credit_card_history,71.73922233676193,65.83579517479075,possible_absence_of_history_or_unknown_record,structured_missing_handling_candidate_later,feature_engineering_and_modeling,no
cc_dpd_def_mean_min,structured_missing_or_history_availability,overdue_delay_numeric,credit_card_history,71.73922233676193,65.83579517479075,possible_absence_of_history_or_unknown_record,structured_missing_handling_candidate_later,feature_engineering_and_modeling,no
cc_dpd_def_mean_sum,structured_missing_or_history_availability,overdue_delay_numeric,credit_card_history,71.73922233676193,65.83579517479075,possible_absence_of_history_or_unknown_record,structured_missing_handling_candidate_later,feature_engineering_and_modeling,no
cc_dpd_def_max_mean,structured_missing_or_history_availability,overdue_delay_numeric,credit_card_history,71.73922233676193,65.83579517479075,possible_absence_of_history_or_unknown_record,structured_missing_handling_candidate_later,feature_engineering_and_modeling,no
cc_dpd_def_max_max,structured_missing_or_history_availability,overdue_delay_numeric,credit_card_history,71.73922233676193,65.83579517479075,possible_absence_of_history_or_unknown_record,structured_missing_handling_candidate_later,feature_engineering_and_modeling,no
cc_dpd_def_max_min,structured_missing_or_history_availability,overdue_delay_numeric,credit_card_history,71.73922233676193,65.83579517479075,possible_absence_of_history_or_unknown_record,structured_missing_handling_candidate_later,feature_engineering_and_modeling,no
cc_dpd_def_max_sum,structured_missing_or_history_availability,overdue_delay_numeric,credit_card_history,71.73922233676193,65.83579517479075,possible_absence_of_history_or_unknown_record,structured_missing_handling_candidate_later,feature_engineering_and_modeling,no
cc_dpd_def_std_mean,structured_missing_or_history_availability,overdue_delay_numeric,credit_card_history,71.94474344007207,65.95888724766125,possible_absence_of_history_or_unknown_record,structured_missing_handling_candidate_later,feature_engineering_and_modeling,no
cc_dpd_def_std_max,structured_missing_or_history_availability,overdue_delay_numeric,credit_card_history,71.94474344007207,65.95888724766125,possible_absence_of_history_or_unknown_record,structured_missing_handling_candidate_later,feature_engineering_and_modeling,no
cc_dpd_def_std_min,structured_missing_or_history_availability,overdue_delay_numeric,credit_card_history,71.94474344007207,65.95888724766125,possible_absence_of_history_or_unknown_record,structured_missing_handling_candidate_later,feature_engineering_and_modeling,no
cc_dpd_def_std_sum,structured_missing_or_history_availability,overdue_delay_numeric,credit_card_history,71.73922233676193,65.83579517479075,possible_absence_of_history_or_unknown_record,structured_missing_handling_candidate_later,feature_engineering_and_modeling,no
cc_credit_utilization_mean_mean,structured_missing_or_history_availability,ratio_rate_numeric,credit_card_history,72.02181385381336,66.33636960446414,possible_absence_of_history_or_unknown_record,structured_missing_handling_candidate_later,feature_engineering_and_modeling,no
cc_credit_utilization_mean_max,structured_missing_or_history_availability,ratio_rate_numeric,credit_card_history,72.02181385381336,66.33636960446414,possible_absence_of_history_or_unknown_record,structured_missing_handling_candidate_later,feature_engineering_and_modeling,no
cc_credit_utilization_mean_min,structured_missing_or_history_availability,ratio_rate_numeric,credit_card_history,72.02181385381336,66.33636960446414,possible_absence_of_history_or_unknown_record,structured_missing_handling_candidate_later,feature_engineering_and_modeling,no
cc_credit_utilization_mean_sum,structured_missing_or_history_availability,ratio_rate_numeric,credit_card_history,71.73922233676193,65.83579517479075,possible_absence_of_history_or_unknown_record,structured_missing_handling_candidate_later,feature_engineering_and_modeling,no
cc_credit_utilization_max_mean,structured_missing_or_history_availability,ratio_rate_numeric,credit_card_history,72.02181385381336,66.33636960446414,possible_absence_of_history_or_unknown_record,structured_missing_handling_candidate_later,feature_engineering_and_modeling,no
cc_credit_utilization_max_max,structured_missing_or_history_availability,ratio_rate_numeric,credit_card_history,72.02181385381336,66.33636960446414,possible_absence_of_history_or_unknown_record,structured_missing_handling_candidate_later,feature_engineering_and_modeling,no
cc_credit_utilization_max_min,structured_missing_or_history_availability,ratio_rate_numeric,credit_card_history,72.02181385381336,66.33636960446414,possible_absence_of_history_or_unknown_record,structured_missing_handling_candidate_later,feature_engineering_and_modeling,no
cc_credit_utilization_max_sum,structured_missing_or_history_availability,ratio_rate_numeric,credit_card_history,71.73922233676193,65.83579517479075,possible_absence_of_history_or_unknown_record,structured_missing_handling_candidate_later,feature_engineering_and_modeling,no
cc_credit_utilization_min_mean,structured_missing_or_history_availability,ratio_rate_numeric,credit_card_history,72.02181385381336,66.33636960446414,possible_absence_of_history_or_unknown_record,structured_missing_handling_candidate_later,feature_engineering_and_modeling,no
cc_credit_utilization_min_max,structured_missing_or_history_availability,ratio_rate_numeric,credit_card_history,72.02181385381336,66.33636960446414,possible_absence_of_history_or_unknown_record,structured_missing_handling_candidate_later,feature_engineering_and_modeling,no
cc_credit_utilization_min_min,structured_missing_or_history_availability,ratio_rate_numeric,credit_card_history,72.02181385381336,66.33636960446414,possible_absence_of_history_or_unknown_record,structured_missing_handling_candidate_later,feature_engineering_and_modeling,no
cc_credit_utilization_min_sum,structured_missing_or_history_availability,ratio_rate_numeric,credit_card_history,71.73922233676193,65.83579517479075,possible_absence_of_history_or_unknown_record,structured_missing_handling_candidate_later,feature_engineering_and_modeling,no
cc_credit_utilization_std_mean,structured_missing_or_history_availability,ratio_rate_numeric,credit_card_history,72.2348143643642,66.40612177909077,possible_absence_of_history_or_unknown_record,structured_missing_handling_candidate_later,feature_engineering_and_modeling,no
cc_credit_utilization_std_max,structured_missing_or_history_availability,ratio_rate_numeric,credit_card_history,72.2348143643642,66.40612177909077,possible_absence_of_history_or_unknown_record,structured_missing_handling_candidate_later,feature_engineering_and_modeling,no
cc_credit_utilization_std_min,structured_missing_or_history_availability,ratio_rate_numeric,credit_card_history,72.2348143643642,66.40612177909077,possible_absence_of_history_or_unknown_record,structured_missing_handling_candidate_later,feature_engineering_and_modeling,no
cc_credit_utilization_std_sum,structured_missing_or_history_availability,ratio_rate_numeric,credit_card_history,71.73922233676193,65.83579517479075,possible_absence_of_history_or_unknown_record,structured_missing_handling_candidate_later,feature_engineering_and_modeling,no
cc_credit_utilization_capped_mean_mean,structured_missing_or_history_availability,ratio_rate_numeric,credit_card_history,72.02181385381336,66.33636960446414,possible_absence_of_history_or_unknown_record,structured_missing_handling_candidate_later,feature_engineering_and_modeling,no
cc_credit_utilization_capped_mean_max,structured_missing_or_history_availability,ratio_rate_numeric,credit_card_history,72.02181385381336,66.33636960446414,possible_absence_of_history_or_unknown_record,structured_missing_handling_candidate_later,feature_engineering_and_modeling,no
cc_credit_utilization_capped_mean_min,structured_missing_or_history_availability,ratio_rate_numeric,credit_card_history,72.02181385381336,66.33636960446414,possible_absence_of_history_or_unknown_record,structured_missing_handling_candidate_later,feature_engineering_and_modeling,no
cc_credit_utilization_capped_mean_sum,structured_missing_or_history_availability,ratio_rate_numeric,credit_card_history,71.73922233676193,65.83579517479075,possible_absence_of_history_or_unknown_record,structured_missing_handling_candidate_later,feature_engineering_and_modeling,no
cc_credit_utilization_capped_max_mean,structured_missing_or_history_availability,ratio_rate_numeric,credit_card_history,72.02181385381336,66.33636960446414,possible_absence_of_history_or_unknown_record,structured_missing_handling_candidate_later,feature_engineering_and_modeling,no
cc_credit_utilization_capped_max_max,structured_missing_or_history_availability,ratio_rate_numeric,credit_card_history,72.02181385381336,66.33636960446414,possible_absence_of_history_or_unknown_record,structured_missing_handling_candidate_later,feature_engineering_and_modeling,no
cc_credit_utilization_capped_max_min,structured_missing_or_history_availability,ratio_rate_numeric,credit_card_history,72.02181385381336,66.33636960446414,possible_absence_of_history_or_unknown_record,structured_missing_handling_candidate_later,feature_engineering_and_modeling,no
cc_credit_utilization_capped_max_sum,structured_missing_or_history_availability,ratio_rate_numeric,credit_card_history,71.73922233676193,65.83579517479075,possible_absence_of_history_or_unknown_record,structured_missing_handling_candidate_later,feature_engineering_and_modeling,no
cc_credit_utilization_capped_min_mean,structured_missing_or_history_availability,ratio_rate_numeric,credit_card_history,72.02181385381336,66.33636960446414,possible_absence_of_history_or_unknown_record,structured_missing_handling_candidate_later,feature_engineering_and_modeling,no
cc_credit_utilization_capped_min_max,structured_missing_or_history_availability,ratio_rate_numeric,credit_card_history,72.02181385381336,66.33636960446414,possible_absence_of_history_or_unknown_record,structured_missing_handling_candidate_later,feature_engineering_and_modeling,no
cc_credit_utilization_capped_min_min,structured_missing_or_history_availability,ratio_rate_numeric,credit_card_history,72.02181385381336,66.33636960446414,possible_absence_of_history_or_unknown_record,structured_missing_handling_candidate_later,feature_engineering_and_modeling,no
cc_credit_utilization_capped_min_sum,structured_missing_or_history_availability,ratio_rate_numeric,credit_card_history,71.73922233676193,65.83579517479075,possible_absence_of_history_or_unknown_record,structured_missing_handling_candidate_later,feature_engineering_and_modeling,no
cc_credit_utilization_capped_std_mean,structured_missing_or_history_availability,ratio_rate_numeric,credit_card_history,72.2348143643642,66.40612177909077,possible_absence_of_history_or_unknown_record,structured_missing_handling_candidate_later,feature_engineering_and_modeling,no
cc_credit_utilization_capped_std_max,structured_missing_or_history_availability,ratio_rate_numeric,credit_card_history,72.2348143643642,66.40612177909077,possible_absence_of_history_or_unknown_record,structured_missing_handling_candidate_later,feature_engineering_and_modeling,no
cc_credit_utilization_capped_std_min,structured_missing_or_history_availability,ratio_rate_numeric,credit_card_history,72.2348143643642,66.40612177909077,possible_absence_of_history_or_unknown_record,structured_missing_handling_candidate_later,feature_engineering_and_modeling,no
cc_credit_utilization_capped_std_sum,structured_missing_or_history_availability,ratio_rate_numeric,credit_card_history,71.73922233676193,65.83579517479075,possible_absence_of_history_or_unknown_record,structured_missing_handling_candidate_later,feature_engineering_and_modeling,no
cc_total_receivable_to_limit_mean_mean,structured_missing_or_history_availability,ratio_rate_numeric,credit_card_history,72.02181385381336,66.33636960446414,possible_absence_of_history_or_unknown_record,structured_missing_handling_candidate_later,feature_engineering_and_modeling,no
cc_total_receivable_to_limit_mean_max,structured_missing_or_history_availability,ratio_rate_numeric,credit_card_history,72.02181385381336,66.33636960446414,possible_absence_of_history_or_unknown_record,structured_missing_handling_candidate_later,feature_engineering_and_modeling,no
cc_total_receivable_to_limit_mean_min,structured_missing_or_history_availability,ratio_rate_numeric,credit_card_history,72.02181385381336,66.33636960446414,possible_absence_of_history_or_unknown_record,structured_missing_handling_candidate_later,feature_engineering_and_modeling,no
cc_total_receivable_to_limit_mean_sum,structured_missing_or_history_availability,ratio_rate_numeric,credit_card_history,71.73922233676193,65.83579517479075,possible_absence_of_history_or_unknown_record,structured_missing_handling_candidate_later,feature_engineering_and_modeling,no
cc_total_receivable_to_limit_max_mean,structured_missing_or_history_availability,ratio_rate_numeric,credit_card_history,72.02181385381336,66.33636960446414,possible_absence_of_history_or_unknown_record,structured_missing_handling_candidate_later,feature_engineering_and_modeling,no
cc_total_receivable_to_limit_max_max,structured_missing_or_history_availability,ratio_rate_numeric,credit_card_history,72.02181385381336,66.33636960446414,possible_absence_of_history_or_unknown_record,structured_missing_handling_candidate_later,feature_engineering_and_modeling,no
cc_total_receivable_to_limit_max_min,structured_missing_or_history_availability,ratio_rate_numeric,credit_card_history,72.02181385381336,66.33636960446414,possible_absence_of_history_or_unknown_record,structured_missing_handling_candidate_later,feature_engineering_and_modeling,no
cc_total_receivable_to_limit_max_sum,structured_missing_or_history_availability,ratio_rate_numeric,credit_card_history,71.73922233676193,65.83579517479075,possible_absence_of_history_or_unknown_record,structured_missing_handling_candidate_later,feature_engineering_and_modeling,no
cc_total_receivable_to_limit_min_mean,structured_missing_or_history_availability,ratio_rate_numeric,credit_card_history,72.02181385381336,66.33636960446414,possible_absence_of_history_or_unknown_record,structured_missing_handling_candidate_later,feature_engineering_and_modeling,no
cc_total_receivable_to_limit_min_max,structured_missing_or_history_availability,ratio_rate_numeric,credit_card_history,72.02181385381336,66.33636960446414,possible_absence_of_history_or_unknown_record,structured_missing_handling_candidate_later,feature_engineering_and_modeling,no
cc_total_receivable_to_limit_min_min,structured_missing_or_history_availability,ratio_rate_numeric,credit_card_history,72.02181385381336,66.33636960446414,possible_absence_of_history_or_unknown_record,structured_missing_handling_candidate_later,feature_engineering_and_modeling,no
cc_total_receivable_to_limit_min_sum,structured_missing_or_history_availability,ratio_rate_numeric,credit_card_history,71.73922233676193,65.83579517479075,possible_absence_of_history_or_unknown_record,structured_missing_handling_candidate_later,feature_engineering_and_modeling,no
cc_total_receivable_to_limit_std_mean,structured_missing_or_history_availability,ratio_rate_numeric,credit_card_history,72.2348143643642,66.40612177909077,possible_absence_of_history_or_unknown_record,structured_missing_handling_candidate_later,feature_engineering_and_modeling,no
cc_total_receivable_to_limit_std_max,structured_missing_or_history_availability,ratio_rate_numeric,credit_card_history,72.2348143643642,66.40612177909077,possible_absence_of_history_or_unknown_record,structured_missing_handling_candidate_later,feature_engineering_and_modeling,no
cc_total_receivable_to_limit_std_min,structured_missing_or_history_availability,ratio_rate_numeric,credit_card_history,72.2348143643642,66.40612177909077,possible_absence_of_history_or_unknown_record,structured_missing_handling_candidate_later,feature_engineering_and_modeling,no
cc_total_receivable_to_limit_std_sum,structured_missing_or_history_availability,ratio_rate_numeric,credit_card_history,71.73922233676193,65.83579517479075,possible_absence_of_history_or_unknown_record,structured_missing_handling_candidate_later,feature_engineering_and_modeling,no
cc_principal_receivable_to_limit_mean_mean,structured_missing_or_history_availability,ratio_rate_numeric,credit_card_history,72.02181385381336,66.33636960446414,possible_absence_of_history_or_unknown_record,structured_missing_handling_candidate_later,feature_engineering_and_modeling,no
cc_principal_receivable_to_limit_mean_max,structured_missing_or_history_availability,ratio_rate_numeric,credit_card_history,72.02181385381336,66.33636960446414,possible_absence_of_history_or_unknown_record,structured_missing_handling_candidate_later,feature_engineering_and_modeling,no
cc_principal_receivable_to_limit_mean_min,structured_missing_or_history_availability,ratio_rate_numeric,credit_card_history,72.02181385381336,66.33636960446414,possible_absence_of_history_or_unknown_record,structured_missing_handling_candidate_later,feature_engineering_and_modeling,no
cc_principal_receivable_to_limit_mean_sum,structured_missing_or_history_availability,ratio_rate_numeric,credit_card_history,71.73922233676193,65.83579517479075,possible_absence_of_history_or_unknown_record,structured_missing_handling_candidate_later,feature_engineering_and_modeling,no
cc_principal_receivable_to_limit_max_mean,structured_missing_or_history_availability,ratio_rate_numeric,credit_card_history,72.02181385381336,66.33636960446414,possible_absence_of_history_or_unknown_record,structured_missing_handling_candidate_later,feature_engineering_and_modeling,no
cc_principal_receivable_to_limit_max_max,structured_missing_or_history_availability,ratio_rate_numeric,credit_card_history,72.02181385381336,66.33636960446414,possible_absence_of_history_or_unknown_record,structured_missing_handling_candidate_later,feature_engineering_and_modeling,no
cc_principal_receivable_to_limit_max_min,structured_missing_or_history_availability,ratio_rate_numeric,credit_card_history,72.02181385381336,66.33636960446414,possible_absence_of_history_or_unknown_record,structured_missing_handling_candidate_later,feature_engineering_and_modeling,no
cc_principal_receivable_to_limit_max_sum,structured_missing_or_history_availability,ratio_rate_numeric,credit_card_history,71.73922233676193,65.83579517479075,possible_absence_of_history_or_unknown_record,structured_missing_handling_candidate_later,feature_engineering_and_modeling,no
cc_principal_receivable_to_limit_min_mean,structured_missing_or_history_availability,ratio_rate_numeric,credit_card_history,72.02181385381336,66.33636960446414,possible_absence_of_history_or_unknown_record,structured_missing_handling_candidate_later,feature_engineering_and_modeling,no
cc_principal_receivable_to_limit_min_max,structured_missing_or_history_availability,ratio_rate_numeric,credit_card_history,72.02181385381336,66.33636960446414,possible_absence_of_history_or_unknown_record,structured_missing_handling_candidate_later,feature_engineering_and_modeling,no
cc_principal_receivable_to_limit_min_min,structured_missing_or_history_availability,ratio_rate_numeric,credit_card_history,72.02181385381336,66.33636960446414,possible_absence_of_history_or_unknown_record,structured_missing_handling_candidate_later,feature_engineering_and_modeling,no
cc_principal_receivable_to_limit_min_sum,structured_missing_or_history_availability,ratio_rate_numeric,credit_card_history,71.73922233676193,65.83579517479075,possible_absence_of_history_or_unknown_record,structured_missing_handling_candidate_later,feature_engineering_and_modeling,no
cc_recivable_to_limit_mean_mean,structured_missing_or_history_availability,ratio_rate_numeric,credit_card_history,72.02181385381336,66.33636960446414,possible_absence_of_history_or_unknown_record,structured_missing_handling_candidate_later,feature_engineering_and_modeling,no
cc_recivable_to_limit_mean_max,structured_missing_or_history_availability,ratio_rate_numeric,credit_card_history,72.02181385381336,66.33636960446414,possible_absence_of_history_or_unknown_record,structured_missing_handling_candidate_later,feature_engineering_and_modeling,no
cc_recivable_to_limit_mean_min,structured_missing_or_history_availability,ratio_rate_numeric,credit_card_history,72.02181385381336,66.33636960446414,possible_absence_of_history_or_unknown_record,structured_missing_handling_candidate_later,feature_engineering_and_modeling,no
cc_recivable_to_limit_mean_sum,structured_missing_or_history_availability,ratio_rate_numeric,credit_card_history,71.73922233676193,65.83579517479075,possible_absence_of_history_or_unknown_record,structured_missing_handling_candidate_later,feature_engineering_and_modeling,no
cc_recivable_to_limit_max_mean,structured_missing_or_history_availability,ratio_rate_numeric,credit_card_history,72.02181385381336,66.33636960446414,possible_absence_of_history_or_unknown_record,structured_missing_handling_candidate_later,feature_engineering_and_modeling,no
cc_recivable_to_limit_max_max,structured_missing_or_history_availability,ratio_rate_numeric,credit_card_history,72.02181385381336,66.33636960446414,possible_absence_of_history_or_unknown_record,structured_missing_handling_candidate_later,feature_engineering_and_modeling,no
cc_recivable_to_limit_max_min,structured_missing_or_history_availability,ratio_rate_numeric,credit_card_history,72.02181385381336,66.33636960446414,possible_absence_of_history_or_unknown_record,structured_missing_handling_candidate_later,feature_engineering_and_modeling,no
cc_recivable_to_limit_max_sum,structured_missing_or_history_availability,ratio_rate_numeric,credit_card_history,71.73922233676193,65.83579517479075,possible_absence_of_history_or_unknown_record,structured_missing_handling_candidate_later,feature_engineering_and_modeling,no
cc_recivable_to_limit_min_mean,structured_missing_or_history_availability,ratio_rate_numeric,credit_card_history,72.02181385381336,66.33636960446414,possible_absence_of_history_or_unknown_record,structured_missing_handling_candidate_later,feature_engineering_and_modeling,no
cc_recivable_to_limit_min_max,structured_missing_or_history_availability,ratio_rate_numeric,credit_card_history,72.02181385381336,66.33636960446414,possible_absence_of_history_or_unknown_record,structured_missing_handling_candidate_later,feature_engineering_and_modeling,no
cc_recivable_to_limit_min_min,structured_missing_or_history_availability,ratio_rate_numeric,credit_card_history,72.02181385381336,66.33636960446414,possible_absence_of_history_or_unknown_record,structured_missing_handling_candidate_later,feature_engineering_and_modeling,no
cc_recivable_to_limit_min_sum,structured_missing_or_history_availability,ratio_rate_numeric,credit_card_history,71.73922233676193,65.83579517479075,possible_absence_of_history_or_unknown_record,structured_missing_handling_candidate_later,feature_engineering_and_modeling,no
cc_payment_to_balance_ratio_mean_mean,structured_missing_or_history_availability,ratio_rate_numeric,credit_card_history,80.83710826604576,78.47324798949614,possible_absence_of_history_or_unknown_record,structured_missing_handling_candidate_later,feature_engineering_and_modeling,no
cc_payment_to_balance_ratio_mean_max,structured_missing_or_history_availability,ratio_rate_numeric,credit_card_history,80.83710826604576,78.47324798949614,possible_absence_of_history_or_unknown_record,structured_missing_handling_candidate_later,feature_engineering_and_modeling,no
cc_payment_to_balance_ratio_mean_min,structured_missing_or_history_availability,ratio_rate_numeric,credit_card_history,80.83710826604576,78.47324798949614,possible_absence_of_history_or_unknown_record,structured_missing_handling_candidate_later,feature_engineering_and_modeling,no
cc_payment_to_balance_ratio_mean_sum,structured_missing_or_history_availability,ratio_rate_numeric,credit_card_history,71.73922233676193,65.83579517479075,possible_absence_of_history_or_unknown_record,structured_missing_handling_candidate_later,feature_engineering_and_modeling,no
cc_payment_to_balance_ratio_max_mean,structured_missing_or_history_availability,ratio_rate_numeric,credit_card_history,80.83710826604576,78.47324798949614,possible_absence_of_history_or_unknown_record,structured_missing_handling_candidate_later,feature_engineering_and_modeling,no
cc_payment_to_balance_ratio_max_max,structured_missing_or_history_availability,ratio_rate_numeric,credit_card_history,80.83710826604576,78.47324798949614,possible_absence_of_history_or_unknown_record,structured_missing_handling_candidate_later,feature_engineering_and_modeling,no
cc_payment_to_balance_ratio_max_min,structured_missing_or_history_availability,ratio_rate_numeric,credit_card_history,80.83710826604576,78.47324798949614,possible_absence_of_history_or_unknown_record,structured_missing_handling_candidate_later,feature_engineering_and_modeling,no
cc_payment_to_balance_ratio_max_sum,structured_missing_or_history_availability,ratio_rate_numeric,credit_card_history,71.73922233676193,65.83579517479075,possible_absence_of_history_or_unknown_record,structured_missing_handling_candidate_later,feature_engineering_and_modeling,no
cc_payment_to_balance_ratio_min_mean,structured_missing_or_history_availability,ratio_rate_numeric,credit_card_history,80.83710826604576,78.47324798949614,possible_absence_of_history_or_unknown_record,structured_missing_handling_candidate_later,feature_engineering_and_modeling,no
cc_payment_to_balance_ratio_min_max,structured_missing_or_history_availability,ratio_rate_numeric,credit_card_history,80.83710826604576,78.47324798949614,possible_absence_of_history_or_unknown_record,structured_missing_handling_candidate_later,feature_engineering_and_modeling,no
cc_payment_to_balance_ratio_min_min,structured_missing_or_history_availability,ratio_rate_numeric,credit_card_history,80.83710826604576,78.47324798949614,possible_absence_of_history_or_unknown_record,structured_missing_handling_candidate_later,feature_engineering_and_modeling,no
cc_payment_to_balance_ratio_min_sum,structured_missing_or_history_availability,ratio_rate_numeric,credit_card_history,71.73922233676193,65.83579517479075,possible_absence_of_history_or_unknown_record,structured_missing_handling_candidate_later,feature_engineering_and_modeling,no
cc_payment_to_balance_ratio_std_mean,structured_missing_or_history_availability,ratio_rate_numeric,credit_card_history,81.33204991040971,79.14615132118826,possible_absence_of_history_or_unknown_record,structured_missing_handling_candidate_later,feature_engineering_and_modeling,no
cc_payment_to_balance_ratio_std_max,structured_missing_or_history_availability,ratio_rate_numeric,credit_card_history,81.33204991040971,79.14615132118826,possible_absence_of_history_or_unknown_record,structured_missing_handling_candidate_later,feature_engineering_and_modeling,no
cc_payment_to_balance_ratio_std_min,structured_missing_or_history_availability,ratio_rate_numeric,credit_card_history,81.33204991040971,79.14615132118826,possible_absence_of_history_or_unknown_record,structured_missing_handling_candidate_later,feature_engineering_and_modeling,no
cc_payment_to_balance_ratio_std_sum,structured_missing_or_history_availability,ratio_rate_numeric,credit_card_history,71.73922233676193,65.83579517479075,possible_absence_of_history_or_unknown_record,structured_missing_handling_candidate_later,feature_engineering_and_modeling,no
cc_total_payment_to_balance_ratio_mean_mean,structured_missing_or_history_availability,ratio_rate_numeric,credit_card_history,80.61825430635001,78.1860331527983,possible_absence_of_history_or_unknown_record,structured_missing_handling_candidate_later,feature_engineering_and_modeling,no
cc_total_payment_to_balance_ratio_mean_max,structured_missing_or_history_availability,ratio_rate_numeric,credit_card_history,80.61825430635001,78.1860331527983,possible_absence_of_history_or_unknown_record,structured_missing_handling_candidate_later,feature_engineering_and_modeling,no
cc_total_payment_to_balance_ratio_mean_min,structured_missing_or_history_availability,ratio_rate_numeric,credit_card_history,80.61825430635001,78.1860331527983,possible_absence_of_history_or_unknown_record,structured_missing_handling_candidate_later,feature_engineering_and_modeling,no
cc_total_payment_to_balance_ratio_mean_sum,structured_missing_or_history_availability,ratio_rate_numeric,credit_card_history,71.73922233676193,65.83579517479075,possible_absence_of_history_or_unknown_record,structured_missing_handling_candidate_later,feature_engineering_and_modeling,no
cc_total_payment_to_balance_ratio_max_mean,structured_missing_or_history_availability,ratio_rate_numeric,credit_card_history,80.61825430635001,78.1860331527983,possible_absence_of_history_or_unknown_record,structured_missing_handling_candidate_later,feature_engineering_and_modeling,no
cc_total_payment_to_balance_ratio_max_max,structured_missing_or_history_availability,ratio_rate_numeric,credit_card_history,80.61825430635001,78.1860331527983,possible_absence_of_history_or_unknown_record,structured_missing_handling_candidate_later,feature_engineering_and_modeling,no
cc_total_payment_to_balance_ratio_max_min,structured_missing_or_history_availability,ratio_rate_numeric,credit_card_history,80.61825430635001,78.1860331527983,possible_absence_of_history_or_unknown_record,structured_missing_handling_candidate_later,feature_engineering_and_modeling,no
cc_total_payment_to_balance_ratio_max_sum,structured_missing_or_history_availability,ratio_rate_numeric,credit_card_history,71.73922233676193,65.83579517479075,possible_absence_of_history_or_unknown_record,structured_missing_handling_candidate_later,feature_engineering_and_modeling,no
cc_total_payment_to_balance_ratio_min_mean,structured_missing_or_history_availability,ratio_rate_numeric,credit_card_history,80.61825430635001,78.1860331527983,possible_absence_of_history_or_unknown_record,structured_missing_handling_candidate_later,feature_engineering_and_modeling,no
cc_total_payment_to_balance_ratio_min_max,structured_missing_or_history_availability,ratio_rate_numeric,credit_card_history,80.61825430635001,78.1860331527983,possible_absence_of_history_or_unknown_record,structured_missing_handling_candidate_later,feature_engineering_and_modeling,no
cc_total_payment_to_balance_ratio_min_min,structured_missing_or_history_availability,ratio_rate_numeric,credit_card_history,80.61825430635001,78.1860331527983,possible_absence_of_history_or_unknown_record,structured_missing_handling_candidate_later,feature_engineering_and_modeling,no
cc_total_payment_to_balance_ratio_min_sum,structured_missing_or_history_availability,ratio_rate_numeric,credit_card_history,71.73922233676193,65.83579517479075,possible_absence_of_history_or_unknown_record,structured_missing_handling_candidate_later,feature_engineering_and_modeling,no
cc_total_payment_to_balance_ratio_std_mean,structured_missing_or_history_availability,ratio_rate_numeric,credit_card_history,81.10311501051994,78.83226653536846,possible_absence_of_history_or_unknown_record,structured_missing_handling_candidate_later,feature_engineering_and_modeling,no
cc_total_payment_to_balance_ratio_std_max,structured_missing_or_history_availability,ratio_rate_numeric,credit_card_history,81.10311501051994,78.83226653536846,possible_absence_of_history_or_unknown_record,structured_missing_handling_candidate_later,feature_engineering_and_modeling,no
cc_total_payment_to_balance_ratio_std_min,structured_missing_or_history_availability,ratio_rate_numeric,credit_card_history,81.10311501051994,78.83226653536846,possible_absence_of_history_or_unknown_record,structured_missing_handling_candidate_later,feature_engineering_and_modeling,no
cc_total_payment_to_balance_ratio_std_sum,structured_missing_or_history_availability,ratio_rate_numeric,credit_card_history,71.73922233676193,65.83579517479075,possible_absence_of_history_or_unknown_record,structured_missing_handling_candidate_later,feature_engineering_and_modeling,no
cc_payment_to_min_inst_ratio_mean_mean,structured_missing_or_history_availability,ratio_rate_numeric,credit_card_history,80.72621792391168,78.22296077465944,possible_absence_of_history_or_unknown_record,structured_missing_handling_candidate_later,feature_engineering_and_modeling,no
cc_payment_to_min_inst_ratio_mean_max,structured_missing_or_history_availability,ratio_rate_numeric,credit_card_history,80.72621792391168,78.22296077465944,possible_absence_of_history_or_unknown_record,structured_missing_handling_candidate_later,feature_engineering_and_modeling,no
cc_payment_to_min_inst_ratio_mean_min,structured_missing_or_history_availability,ratio_rate_numeric,credit_card_history,80.72621792391168,78.22296077465944,possible_absence_of_history_or_unknown_record,structured_missing_handling_candidate_later,feature_engineering_and_modeling,no
cc_payment_to_min_inst_ratio_mean_sum,structured_missing_or_history_availability,ratio_rate_numeric,credit_card_history,71.73922233676193,65.83579517479075,possible_absence_of_history_or_unknown_record,structured_missing_handling_candidate_later,feature_engineering_and_modeling,no
cc_payment_to_min_inst_ratio_max_mean,structured_missing_or_history_availability,ratio_rate_numeric,credit_card_history,80.72621792391168,78.22296077465944,possible_absence_of_history_or_unknown_record,structured_missing_handling_candidate_later,feature_engineering_and_modeling,no
cc_payment_to_min_inst_ratio_max_max,structured_missing_or_history_availability,ratio_rate_numeric,credit_card_history,80.72621792391168,78.22296077465944,possible_absence_of_history_or_unknown_record,structured_missing_handling_candidate_later,feature_engineering_and_modeling,no
cc_payment_to_min_inst_ratio_max_min,structured_missing_or_history_availability,ratio_rate_numeric,credit_card_history,80.72621792391168,78.22296077465944,possible_absence_of_history_or_unknown_record,structured_missing_handling_candidate_later,feature_engineering_and_modeling,no
cc_payment_to_min_inst_ratio_max_sum,structured_missing_or_history_availability,ratio_rate_numeric,credit_card_history,71.73922233676193,65.83579517479075,possible_absence_of_history_or_unknown_record,structured_missing_handling_candidate_later,feature_engineering_and_modeling,no
cc_payment_to_min_inst_ratio_min_mean,structured_missing_or_history_availability,ratio_rate_numeric,credit_card_history,80.72621792391168,78.22296077465944,possible_absence_of_history_or_unknown_record,structured_missing_handling_candidate_later,feature_engineering_and_modeling,no
cc_payment_to_min_inst_ratio_min_max,structured_missing_or_history_availability,ratio_rate_numeric,credit_card_history,80.72621792391168,78.22296077465944,possible_absence_of_history_or_unknown_record,structured_missing_handling_candidate_later,feature_engineering_and_modeling,no
cc_payment_to_min_inst_ratio_min_min,structured_missing_or_history_availability,ratio_rate_numeric,credit_card_history,80.72621792391168,78.22296077465944,possible_absence_of_history_or_unknown_record,structured_missing_handling_candidate_later,feature_engineering_and_modeling,no
cc_payment_to_min_inst_ratio_min_sum,structured_missing_or_history_availability,ratio_rate_numeric,credit_card_history,71.73922233676193,65.83579517479075,possible_absence_of_history_or_unknown_record,structured_missing_handling_candidate_later,feature_engineering_and_modeling,no
cc_payment_to_min_inst_ratio_std_mean,structured_missing_or_history_availability,ratio_rate_numeric,credit_card_history,81.12880514843371,78.8835548990645,possible_absence_of_history_or_unknown_record,structured_missing_handling_candidate_later,feature_engineering_and_modeling,no
cc_payment_to_min_inst_ratio_std_max,structured_missing_or_history_availability,ratio_rate_numeric,credit_card_history,81.12880514843371,78.8835548990645,possible_absence_of_history_or_unknown_record,structured_missing_handling_candidate_later,feature_engineering_and_modeling,no
cc_payment_to_min_inst_ratio_std_min,structured_missing_or_history_availability,ratio_rate_numeric,credit_card_history,81.12880514843371,78.8835548990645,possible_absence_of_history_or_unknown_record,structured_missing_handling_candidate_later,feature_engineering_and_modeling,no
cc_payment_to_min_inst_ratio_std_sum,structured_missing_or_history_availability,ratio_rate_numeric,credit_card_history,71.73922233676193,65.83579517479075,possible_absence_of_history_or_unknown_record,structured_missing_handling_candidate_later,feature_engineering_and_modeling,no
cc_total_payment_to_min_inst_ratio_mean_mean,structured_missing_or_history_availability,ratio_rate_numeric,credit_card_history,80.72296600772006,78.21885770556376,possible_absence_of_history_or_unknown_record,structured_missing_handling_candidate_later,feature_engineering_and_modeling,no
cc_total_payment_to_min_inst_ratio_mean_max,structured_missing_or_history_availability,ratio_rate_numeric,credit_card_history,80.72296600772006,78.21885770556376,possible_absence_of_history_or_unknown_record,structured_missing_handling_candidate_later,feature_engineering_and_modeling,no
cc_total_payment_to_min_inst_ratio_mean_min,structured_missing_or_history_availability,ratio_rate_numeric,credit_card_history,80.72296600772006,78.21885770556376,possible_absence_of_history_or_unknown_record,structured_missing_handling_candidate_later,feature_engineering_and_modeling,no
cc_total_payment_to_min_inst_ratio_mean_sum,structured_missing_or_history_availability,ratio_rate_numeric,credit_card_history,71.73922233676193,65.83579517479075,possible_absence_of_history_or_unknown_record,structured_missing_handling_candidate_later,feature_engineering_and_modeling,no
cc_total_payment_to_min_inst_ratio_max_mean,structured_missing_or_history_availability,ratio_rate_numeric,credit_card_history,80.72296600772006,78.21885770556376,possible_absence_of_history_or_unknown_record,structured_missing_handling_candidate_later,feature_engineering_and_modeling,no
cc_total_payment_to_min_inst_ratio_max_max,structured_missing_or_history_availability,ratio_rate_numeric,credit_card_history,80.72296600772006,78.21885770556376,possible_absence_of_history_or_unknown_record,structured_missing_handling_candidate_later,feature_engineering_and_modeling,no
cc_total_payment_to_min_inst_ratio_max_min,structured_missing_or_history_availability,ratio_rate_numeric,credit_card_history,80.72296600772006,78.21885770556376,possible_absence_of_history_or_unknown_record,structured_missing_handling_candidate_later,feature_engineering_and_modeling,no
cc_total_payment_to_min_inst_ratio_max_sum,structured_missing_or_history_availability,ratio_rate_numeric,credit_card_history,71.73922233676193,65.83579517479075,possible_absence_of_history_or_unknown_record,structured_missing_handling_candidate_later,feature_engineering_and_modeling,no
cc_total_payment_to_min_inst_ratio_min_mean,structured_missing_or_history_availability,ratio_rate_numeric,credit_card_history,80.72296600772006,78.21885770556376,possible_absence_of_history_or_unknown_record,structured_missing_handling_candidate_later,feature_engineering_and_modeling,no
cc_total_payment_to_min_inst_ratio_min_max,structured_missing_or_history_availability,ratio_rate_numeric,credit_card_history,80.72296600772006,78.21885770556376,possible_absence_of_history_or_unknown_record,structured_missing_handling_candidate_later,feature_engineering_and_modeling,no
cc_total_payment_to_min_inst_ratio_min_min,structured_missing_or_history_availability,ratio_rate_numeric,credit_card_history,80.72296600772006,78.21885770556376,possible_absence_of_history_or_unknown_record,structured_missing_handling_candidate_later,feature_engineering_and_modeling,no
cc_total_payment_to_min_inst_ratio_min_sum,structured_missing_or_history_availability,ratio_rate_numeric,credit_card_history,71.73922233676193,65.83579517479075,possible_absence_of_history_or_unknown_record,structured_missing_handling_candidate_later,feature_engineering_and_modeling,no
cc_total_payment_to_min_inst_ratio_std_mean,structured_missing_or_history_availability,ratio_rate_numeric,credit_card_history,81.12782957357622,78.88150336451666,possible_absence_of_history_or_unknown_record,structured_missing_handling_candidate_later,feature_engineering_and_modeling,no
cc_total_payment_to_min_inst_ratio_std_max,structured_missing_or_history_availability,ratio_rate_numeric,credit_card_history,81.12782957357622,78.88150336451666,possible_absence_of_history_or_unknown_record,structured_missing_handling_candidate_later,feature_engineering_and_modeling,no
cc_total_payment_to_min_inst_ratio_std_min,structured_missing_or_history_availability,ratio_rate_numeric,credit_card_history,81.12782957357622,78.88150336451666,possible_absence_of_history_or_unknown_record,structured_missing_handling_candidate_later,feature_engineering_and_modeling,no
cc_total_payment_to_min_inst_ratio_std_sum,structured_missing_or_history_availability,ratio_rate_numeric,credit_card_history,71.73922233676193,65.83579517479075,possible_absence_of_history_or_unknown_record,structured_missing_handling_candidate_later,feature_engineering_and_modeling,no
cc_atm_drawing_share_mean_mean,structured_missing_or_history_availability,ratio_rate_numeric,credit_card_history,80.60687259967936,78.19423929098967,possible_absence_of_history_or_unknown_record,structured_missing_handling_candidate_later,feature_engineering_and_modeling,no
cc_atm_drawing_share_mean_max,structured_missing_or_history_availability,ratio_rate_numeric,credit_card_history,80.60687259967936,78.19423929098967,possible_absence_of_history_or_unknown_record,structured_missing_handling_candidate_later,feature_engineering_and_modeling,no
cc_atm_drawing_share_mean_min,structured_missing_or_history_availability,ratio_rate_numeric,credit_card_history,80.60687259967936,78.19423929098967,possible_absence_of_history_or_unknown_record,structured_missing_handling_candidate_later,feature_engineering_and_modeling,no
cc_atm_drawing_share_mean_sum,structured_missing_or_history_availability,ratio_rate_numeric,credit_card_history,71.73922233676193,65.83579517479075,possible_absence_of_history_or_unknown_record,structured_missing_handling_candidate_later,feature_engineering_and_modeling,no
cc_atm_drawing_share_max_mean,structured_missing_or_history_availability,ratio_rate_numeric,credit_card_history,80.60687259967936,78.19423929098967,possible_absence_of_history_or_unknown_record,structured_missing_handling_candidate_later,feature_engineering_and_modeling,no
cc_atm_drawing_share_max_max,structured_missing_or_history_availability,ratio_rate_numeric,credit_card_history,80.60687259967936,78.19423929098967,possible_absence_of_history_or_unknown_record,structured_missing_handling_candidate_later,feature_engineering_and_modeling,no
cc_atm_drawing_share_max_min,structured_missing_or_history_availability,ratio_rate_numeric,credit_card_history,80.60687259967936,78.19423929098967,possible_absence_of_history_or_unknown_record,structured_missing_handling_candidate_later,feature_engineering_and_modeling,no
cc_atm_drawing_share_max_sum,structured_missing_or_history_availability,ratio_rate_numeric,credit_card_history,71.73922233676193,65.83579517479075,possible_absence_of_history_or_unknown_record,structured_missing_handling_candidate_later,feature_engineering_and_modeling,no
cc_atm_drawing_share_min_mean,structured_missing_or_history_availability,ratio_rate_numeric,credit_card_history,80.60687259967936,78.19423929098967,possible_absence_of_history_or_unknown_record,structured_missing_handling_candidate_later,feature_engineering_and_modeling,no
cc_atm_drawing_share_min_max,structured_missing_or_history_availability,ratio_rate_numeric,credit_card_history,80.60687259967936,78.19423929098967,possible_absence_of_history_or_unknown_record,structured_missing_handling_candidate_later,feature_engineering_and_modeling,no
cc_atm_drawing_share_min_min,structured_missing_or_history_availability,ratio_rate_numeric,credit_card_history,80.60687259967936,78.19423929098967,possible_absence_of_history_or_unknown_record,structured_missing_handling_candidate_later,feature_engineering_and_modeling,no
cc_atm_drawing_share_min_sum,structured_missing_or_history_availability,ratio_rate_numeric,credit_card_history,71.73922233676193,65.83579517479075,possible_absence_of_history_or_unknown_record,structured_missing_handling_candidate_later,feature_engineering_and_modeling,no
cc_pos_drawing_share_mean_mean,structured_missing_or_history_availability,ratio_rate_numeric,credit_card_history,80.60687259967936,78.19423929098967,possible_absence_of_history_or_unknown_record,structured_missing_handling_candidate_later,feature_engineering_and_modeling,no
cc_pos_drawing_share_mean_max,structured_missing_or_history_availability,ratio_rate_numeric,credit_card_history,80.60687259967936,78.19423929098967,possible_absence_of_history_or_unknown_record,structured_missing_handling_candidate_later,feature_engineering_and_modeling,no
cc_pos_drawing_share_mean_min,structured_missing_or_history_availability,ratio_rate_numeric,credit_card_history,80.60687259967936,78.19423929098967,possible_absence_of_history_or_unknown_record,structured_missing_handling_candidate_later,feature_engineering_and_modeling,no
cc_pos_drawing_share_mean_sum,structured_missing_or_history_availability,ratio_rate_numeric,credit_card_history,71.73922233676193,65.83579517479075,possible_absence_of_history_or_unknown_record,structured_missing_handling_candidate_later,feature_engineering_and_modeling,no
cc_pos_drawing_share_max_mean,structured_missing_or_history_availability,ratio_rate_numeric,credit_card_history,80.60687259967936,78.19423929098967,possible_absence_of_history_or_unknown_record,structured_missing_handling_candidate_later,feature_engineering_and_modeling,no
cc_pos_drawing_share_max_max,structured_missing_or_history_availability,ratio_rate_numeric,credit_card_history,80.60687259967936,78.19423929098967,possible_absence_of_history_or_unknown_record,structured_missing_handling_candidate_later,feature_engineering_and_modeling,no
cc_pos_drawing_share_max_min,structured_missing_or_history_availability,ratio_rate_numeric,credit_card_history,80.60687259967936,78.19423929098967,possible_absence_of_history_or_unknown_record,structured_missing_handling_candidate_later,feature_engineering_and_modeling,no
cc_pos_drawing_share_max_sum,structured_missing_or_history_availability,ratio_rate_numeric,credit_card_history,71.73922233676193,65.83579517479075,possible_absence_of_history_or_unknown_record,structured_missing_handling_candidate_later,feature_engineering_and_modeling,no
cc_pos_drawing_share_min_mean,structured_missing_or_history_availability,ratio_rate_numeric,credit_card_history,80.60687259967936,78.19423929098967,possible_absence_of_history_or_unknown_record,structured_missing_handling_candidate_later,feature_engineering_and_modeling,no
cc_pos_drawing_share_min_max,structured_missing_or_history_availability,ratio_rate_numeric,credit_card_history,80.60687259967936,78.19423929098967,possible_absence_of_history_or_unknown_record,structured_missing_handling_candidate_later,feature_engineering_and_modeling,no
cc_pos_drawing_share_min_min,structured_missing_or_history_availability,ratio_rate_numeric,credit_card_history,80.60687259967936,78.19423929098967,possible_absence_of_history_or_unknown_record,structured_missing_handling_candidate_later,feature_engineering_and_modeling,no
cc_pos_drawing_share_min_sum,structured_missing_or_history_availability,ratio_rate_numeric,credit_card_history,71.73922233676193,65.83579517479075,possible_absence_of_history_or_unknown_record,structured_missing_handling_candidate_later,feature_engineering_and_modeling,no
cc_other_drawing_share_mean_mean,structured_missing_or_history_availability,ratio_rate_numeric,credit_card_history,80.60687259967936,78.19423929098967,possible_absence_of_history_or_unknown_record,structured_missing_handling_candidate_later,feature_engineering_and_modeling,no
cc_other_drawing_share_mean_max,structured_missing_or_history_availability,ratio_rate_numeric,credit_card_history,80.60687259967936,78.19423929098967,possible_absence_of_history_or_unknown_record,structured_missing_handling_candidate_later,feature_engineering_and_modeling,no
cc_other_drawing_share_mean_min,structured_missing_or_history_availability,ratio_rate_numeric,credit_card_history,80.60687259967936,78.19423929098967,possible_absence_of_history_or_unknown_record,structured_missing_handling_candidate_later,feature_engineering_and_modeling,no
cc_other_drawing_share_mean_sum,structured_missing_or_history_availability,ratio_rate_numeric,credit_card_history,71.73922233676193,65.83579517479075,possible_absence_of_history_or_unknown_record,structured_missing_handling_candidate_later,feature_engineering_and_modeling,no
cc_other_drawing_share_max_mean,structured_missing_or_history_availability,ratio_rate_numeric,credit_card_history,80.60687259967936,78.19423929098967,possible_absence_of_history_or_unknown_record,structured_missing_handling_candidate_later,feature_engineering_and_modeling,no
cc_other_drawing_share_max_max,structured_missing_or_history_availability,ratio_rate_numeric,credit_card_history,80.60687259967936,78.19423929098967,possible_absence_of_history_or_unknown_record,structured_missing_handling_candidate_later,feature_engineering_and_modeling,no
cc_other_drawing_share_max_min,structured_missing_or_history_availability,ratio_rate_numeric,credit_card_history,80.60687259967936,78.19423929098967,possible_absence_of_history_or_unknown_record,structured_missing_handling_candidate_later,feature_engineering_and_modeling,no
cc_other_drawing_share_max_sum,structured_missing_or_history_availability,ratio_rate_numeric,credit_card_history,71.73922233676193,65.83579517479075,possible_absence_of_history_or_unknown_record,structured_missing_handling_candidate_later,feature_engineering_and_modeling,no
cc_other_drawing_share_min_mean,structured_missing_or_history_availability,ratio_rate_numeric,credit_card_history,80.60687259967936,78.19423929098967,possible_absence_of_history_or_unknown_record,structured_missing_handling_candidate_later,feature_engineering_and_modeling,no
cc_other_drawing_share_min_max,structured_missing_or_history_availability,ratio_rate_numeric,credit_card_history,80.60687259967936,78.19423929098967,possible_absence_of_history_or_unknown_record,structured_missing_handling_candidate_later,feature_engineering_and_modeling,no
cc_other_drawing_share_min_min,structured_missing_or_history_availability,ratio_rate_numeric,credit_card_history,80.60687259967936,78.19423929098967,possible_absence_of_history_or_unknown_record,structured_missing_handling_candidate_later,feature_engineering_and_modeling,no
cc_other_drawing_share_min_sum,structured_missing_or_history_availability,ratio_rate_numeric,credit_card_history,71.73922233676193,65.83579517479075,possible_absence_of_history_or_unknown_record,structured_missing_handling_candidate_later,feature_engineering_and_modeling,no
cc_credit_limit_range_mean,structured_missing_or_history_availability,continuous_stat_numeric,credit_card_history,71.73922233676193,65.83579517479075,possible_absence_of_history_or_unknown_record,structured_missing_handling_candidate_later,feature_engineering_and_modeling,no
cc_credit_limit_range_max,structured_missing_or_history_availability,continuous_stat_numeric,credit_card_history,71.73922233676193,65.83579517479075,possible_absence_of_history_or_unknown_record,structured_missing_handling_candidate_later,feature_engineering_and_modeling,no
cc_credit_limit_range_min,structured_missing_or_history_availability,continuous_stat_numeric,credit_card_history,71.73922233676193,65.83579517479075,possible_absence_of_history_or_unknown_record,structured_missing_handling_candidate_later,feature_engineering_and_modeling,no
cc_credit_limit_range_sum,structured_missing_or_history_availability,continuous_stat_numeric,credit_card_history,71.73922233676193,65.83579517479075,possible_absence_of_history_or_unknown_record,structured_missing_handling_candidate_later,feature_engineering_and_modeling,no
cc_balance_range_mean,structured_missing_or_history_availability,continuous_stat_numeric,credit_card_history,71.73922233676193,65.83579517479075,possible_absence_of_history_or_unknown_record,structured_missing_handling_candidate_later,feature_engineering_and_modeling,no
cc_balance_range_max,structured_missing_or_history_availability,continuous_stat_numeric,credit_card_history,71.73922233676193,65.83579517479075,possible_absence_of_history_or_unknown_record,structured_missing_handling_candidate_later,feature_engineering_and_modeling,no
cc_balance_range_min,structured_missing_or_history_availability,continuous_stat_numeric,credit_card_history,71.73922233676193,65.83579517479075,possible_absence_of_history_or_unknown_record,structured_missing_handling_candidate_later,feature_engineering_and_modeling,no
cc_balance_range_sum,structured_missing_or_history_availability,continuous_stat_numeric,credit_card_history,71.73922233676193,65.83579517479075,possible_absence_of_history_or_unknown_record,structured_missing_handling_candidate_later,feature_engineering_and_modeling,no
cc_utilization_range_mean,structured_missing_or_history_availability,ratio_rate_numeric,credit_card_history,72.02181385381336,66.33636960446414,possible_absence_of_history_or_unknown_record,structured_missing_handling_candidate_later,feature_engineering_and_modeling,no
cc_utilization_range_max,structured_missing_or_history_availability,ratio_rate_numeric,credit_card_history,72.02181385381336,66.33636960446414,possible_absence_of_history_or_unknown_record,structured_missing_handling_candidate_later,feature_engineering_and_modeling,no
cc_utilization_range_min,structured_missing_or_history_availability,ratio_rate_numeric,credit_card_history,72.02181385381336,66.33636960446414,possible_absence_of_history_or_unknown_record,structured_missing_handling_candidate_later,feature_engineering_and_modeling,no
cc_utilization_range_sum,structured_missing_or_history_availability,ratio_rate_numeric,credit_card_history,71.73922233676193,65.83579517479075,possible_absence_of_history_or_unknown_record,structured_missing_handling_candidate_later,feature_engineering_and_modeling,no
cc_limit_change_flag_mean,structured_missing_or_history_availability,ratio_rate_numeric,credit_card_history,71.73922233676193,65.83579517479075,possible_absence_of_history_or_unknown_record,structured_missing_handling_candidate_later,feature_engineering_and_modeling,no
cc_limit_change_flag_max,structured_missing_or_history_availability,binary_flag,credit_card_history,71.73922233676193,65.83579517479075,possible_absence_of_history_or_unknown_record,structured_missing_handling_candidate_later,feature_engineering_and_modeling,no
cc_limit_change_flag_min,structured_missing_or_history_availability,binary_flag,credit_card_history,71.73922233676193,65.83579517479075,possible_absence_of_history_or_unknown_record,structured_missing_handling_candidate_later,feature_engineering_and_modeling,no
cc_limit_change_flag_sum,structured_missing_or_history_availability,discrete_count_numeric,credit_card_history,71.73922233676193,65.83579517479075,possible_absence_of_history_or_unknown_record,structured_missing_handling_candidate_later,feature_engineering_and_modeling,no
cc_recent_6m_utilization_mean_mean,structured_missing_or_history_availability,ratio_rate_numeric,credit_card_history,77.90030275339744,72.89512555391433,possible_absence_of_history_or_unknown_record,structured_missing_handling_candidate_later,feature_engineering_and_modeling,no
cc_recent_6m_utilization_mean_max,structured_missing_or_history_availability,ratio_rate_numeric,credit_card_history,77.90030275339744,72.89512555391433,possible_absence_of_history_or_unknown_record,structured_missing_handling_candidate_later,feature_engineering_and_modeling,no
cc_recent_6m_utilization_mean_min,structured_missing_or_history_availability,ratio_rate_numeric,credit_card_history,77.90030275339744,72.89512555391433,possible_absence_of_history_or_unknown_record,structured_missing_handling_candidate_later,feature_engineering_and_modeling,no
cc_recent_6m_utilization_mean_sum,structured_missing_or_history_availability,ratio_rate_numeric,credit_card_history,71.73922233676193,65.83579517479075,possible_absence_of_history_or_unknown_record,structured_missing_handling_candidate_later,feature_engineering_and_modeling,no
cc_old_utilization_mean_mean,structured_missing_or_history_availability,ratio_rate_numeric,credit_card_history,74.5537558006055,67.42778598391597,possible_absence_of_history_or_unknown_record,structured_missing_handling_candidate_later,feature_engineering_and_modeling,no
cc_old_utilization_mean_max,structured_missing_or_history_availability,ratio_rate_numeric,credit_card_history,74.5537558006055,67.42778598391597,possible_absence_of_history_or_unknown_record,structured_missing_handling_candidate_later,feature_engineering_and_modeling,no
cc_old_utilization_mean_min,structured_missing_or_history_availability,ratio_rate_numeric,credit_card_history,74.5537558006055,67.42778598391597,possible_absence_of_history_or_unknown_record,structured_missing_handling_candidate_later,feature_engineering_and_modeling,no
cc_old_utilization_mean_sum,structured_missing_or_history_availability,ratio_rate_numeric,credit_card_history,71.73922233676193,65.83579517479075,possible_absence_of_history_or_unknown_record,structured_missing_handling_candidate_later,feature_engineering_and_modeling,no
cc_utilization_trend_6m_vs_old_mean,structured_missing_or_history_availability,ratio_rate_numeric,credit_card_history,80.4576096464842,74.04808796980141,possible_absence_of_history_or_unknown_record,structured_missing_handling_candidate_later,feature_engineering_and_modeling,no
cc_utilization_trend_6m_vs_old_max,structured_missing_or_history_availability,ratio_rate_numeric,credit_card_history,80.4576096464842,74.04808796980141,possible_absence_of_history_or_unknown_record,structured_missing_handling_candidate_later,feature_engineering_and_modeling,no
cc_utilization_trend_6m_vs_old_min,structured_missing_or_history_availability,ratio_rate_numeric,credit_card_history,80.4576096464842,74.04808796980141,possible_absence_of_history_or_unknown_record,structured_missing_handling_candidate_later,feature_engineering_and_modeling,no
cc_utilization_trend_6m_vs_old_sum,structured_missing_or_history_availability,ratio_rate_numeric,credit_card_history,71.73922233676193,65.83579517479075,possible_absence_of_history_or_unknown_record,structured_missing_handling_candidate_later,feature_engineering_and_modeling,no
cc_recent_6m_dpd_mean_mean,structured_missing_or_history_availability,overdue_delay_numeric,credit_card_history,71.73922233676193,65.83989824388642,possible_absence_of_history_or_unknown_record,structured_missing_handling_candidate_later,feature_engineering_and_modeling,no
cc_recent_6m_dpd_mean_max,structured_missing_or_history_availability,overdue_delay_numeric,credit_card_history,71.73922233676193,65.83989824388642,possible_absence_of_history_or_unknown_record,structured_missing_handling_candidate_later,feature_engineering_and_modeling,no
cc_recent_6m_dpd_mean_min,structured_missing_or_history_availability,overdue_delay_numeric,credit_card_history,71.73922233676193,65.83989824388642,possible_absence_of_history_or_unknown_record,structured_missing_handling_candidate_later,feature_engineering_and_modeling,no
cc_recent_6m_dpd_mean_sum,structured_missing_or_history_availability,overdue_delay_numeric,credit_card_history,71.73922233676193,65.83579517479075,possible_absence_of_history_or_unknown_record,structured_missing_handling_candidate_later,feature_engineering_and_modeling,no
cc_old_dpd_mean_mean,structured_missing_or_history_availability,overdue_delay_numeric,credit_card_history,74.38628211673729,67.06466436894797,possible_absence_of_history_or_unknown_record,structured_missing_handling_candidate_later,feature_engineering_and_modeling,no
cc_old_dpd_mean_max,structured_missing_or_history_availability,overdue_delay_numeric,credit_card_history,74.38628211673729,67.06466436894797,possible_absence_of_history_or_unknown_record,structured_missing_handling_candidate_later,feature_engineering_and_modeling,no
cc_old_dpd_mean_min,structured_missing_or_history_availability,overdue_delay_numeric,credit_card_history,74.38628211673729,67.06466436894797,possible_absence_of_history_or_unknown_record,structured_missing_handling_candidate_later,feature_engineering_and_modeling,no
cc_old_dpd_mean_sum,structured_missing_or_history_availability,overdue_delay_numeric,credit_card_history,71.73922233676193,65.83579517479075,possible_absence_of_history_or_unknown_record,structured_missing_handling_candidate_later,feature_engineering_and_modeling,no
cc_dpd_trend_6m_vs_old_mean,structured_missing_or_history_availability,overdue_delay_numeric,credit_card_history,74.38628211673729,67.06876743804365,possible_absence_of_history_or_unknown_record,structured_missing_handling_candidate_later,feature_engineering_and_modeling,no
cc_dpd_trend_6m_vs_old_max,structured_missing_or_history_availability,overdue_delay_numeric,credit_card_history,74.38628211673729,67.06876743804365,possible_absence_of_history_or_unknown_record,structured_missing_handling_candidate_later,feature_engineering_and_modeling,no
cc_dpd_trend_6m_vs_old_min,structured_missing_or_history_availability,overdue_delay_numeric,credit_card_history,74.38628211673729,67.06876743804365,possible_absence_of_history_or_unknown_record,structured_missing_handling_candidate_later,feature_engineering_and_modeling,no
cc_dpd_trend_6m_vs_old_sum,structured_missing_or_history_availability,overdue_delay_numeric,credit_card_history,71.73922233676193,65.83579517479075,possible_absence_of_history_or_unknown_record,structured_missing_handling_candidate_later,feature_engineering_and_modeling,no
cc_recent_6m_payment_less_min_mean_mean,structured_missing_or_history_availability,ratio_rate_numeric,credit_card_history,71.73922233676193,65.83989824388642,possible_absence_of_history_or_unknown_record,structured_missing_handling_candidate_later,feature_engineering_and_modeling,no
cc_recent_6m_payment_less_min_mean_max,structured_missing_or_history_availability,ratio_rate_numeric,credit_card_history,71.73922233676193,65.83989824388642,possible_absence_of_history_or_unknown_record,structured_missing_handling_candidate_later,feature_engineering_and_modeling,no
cc_recent_6m_payment_less_min_mean_min,structured_missing_or_history_availability,ratio_rate_numeric,credit_card_history,71.73922233676193,65.83989824388642,possible_absence_of_history_or_unknown_record,structured_missing_handling_candidate_later,feature_engineering_and_modeling,no
cc_recent_6m_payment_less_min_mean_sum,structured_missing_or_history_availability,ratio_rate_numeric,credit_card_history,71.73922233676193,65.83579517479075,possible_absence_of_history_or_unknown_record,structured_missing_handling_candidate_later,feature_engineering_and_modeling,no
cc_old_payment_less_min_mean_mean,structured_missing_or_history_availability,ratio_rate_numeric,credit_card_history,74.38628211673729,67.06466436894797,possible_absence_of_history_or_unknown_record,structured_missing_handling_candidate_later,feature_engineering_and_modeling,no
cc_old_payment_less_min_mean_max,structured_missing_or_history_availability,ratio_rate_numeric,credit_card_history,74.38628211673729,67.06466436894797,possible_absence_of_history_or_unknown_record,structured_missing_handling_candidate_later,feature_engineering_and_modeling,no
cc_old_payment_less_min_mean_min,structured_missing_or_history_availability,ratio_rate_numeric,credit_card_history,74.38628211673729,67.06466436894797,possible_absence_of_history_or_unknown_record,structured_missing_handling_candidate_later,feature_engineering_and_modeling,no
cc_old_payment_less_min_mean_sum,structured_missing_or_history_availability,ratio_rate_numeric,credit_card_history,71.73922233676193,65.83579517479075,possible_absence_of_history_or_unknown_record,structured_missing_handling_candidate_later,feature_engineering_and_modeling,no
cc_payment_less_min_trend_6m_vs_old_mean,structured_missing_or_history_availability,ratio_rate_numeric,credit_card_history,74.38628211673729,67.06876743804365,possible_absence_of_history_or_unknown_record,structured_missing_handling_candidate_later,feature_engineering_and_modeling,no
cc_payment_less_min_trend_6m_vs_old_max,structured_missing_or_history_availability,continuous_stat_numeric,credit_card_history,74.38628211673729,67.06876743804365,possible_absence_of_history_or_unknown_record,structured_missing_handling_candidate_later,feature_engineering_and_modeling,no
cc_payment_less_min_trend_6m_vs_old_min,structured_missing_or_history_availability,continuous_stat_numeric,credit_card_history,74.38628211673729,67.06876743804365,possible_absence_of_history_or_unknown_record,structured_missing_handling_candidate_later,feature_engineering_and_modeling,no
cc_payment_less_min_trend_6m_vs_old_sum,structured_missing_or_history_availability,continuous_stat_numeric,credit_card_history,71.73922233676193,65.83579517479075,possible_absence_of_history_or_unknown_record,structured_missing_handling_candidate_later,feature_engineering_and_modeling,no
cc_recent_6m_high_util_80_mean_mean,structured_missing_or_history_availability,ratio_rate_numeric,credit_card_history,71.73922233676193,65.83989824388642,possible_absence_of_history_or_unknown_record,structured_missing_handling_candidate_later,feature_engineering_and_modeling,no
cc_recent_6m_high_util_80_mean_max,structured_missing_or_history_availability,ratio_rate_numeric,credit_card_history,71.73922233676193,65.83989824388642,possible_absence_of_history_or_unknown_record,structured_missing_handling_candidate_later,feature_engineering_and_modeling,no
cc_recent_6m_high_util_80_mean_min,structured_missing_or_history_availability,ratio_rate_numeric,credit_card_history,71.73922233676193,65.83989824388642,possible_absence_of_history_or_unknown_record,structured_missing_handling_candidate_later,feature_engineering_and_modeling,no
cc_recent_6m_high_util_80_mean_sum,structured_missing_or_history_availability,ratio_rate_numeric,credit_card_history,71.73922233676193,65.83579517479075,possible_absence_of_history_or_unknown_record,structured_missing_handling_candidate_later,feature_engineering_and_modeling,no
cc_old_high_util_80_mean_mean,structured_missing_or_history_availability,ratio_rate_numeric,credit_card_history,74.38628211673729,67.06466436894797,possible_absence_of_history_or_unknown_record,structured_missing_handling_candidate_later,feature_engineering_and_modeling,no
cc_old_high_util_80_mean_max,structured_missing_or_history_availability,ratio_rate_numeric,credit_card_history,74.38628211673729,67.06466436894797,possible_absence_of_history_or_unknown_record,structured_missing_handling_candidate_later,feature_engineering_and_modeling,no
cc_old_high_util_80_mean_min,structured_missing_or_history_availability,ratio_rate_numeric,credit_card_history,74.38628211673729,67.06466436894797,possible_absence_of_history_or_unknown_record,structured_missing_handling_candidate_later,feature_engineering_and_modeling,no
cc_old_high_util_80_mean_sum,structured_missing_or_history_availability,ratio_rate_numeric,credit_card_history,71.73922233676193,65.83579517479075,possible_absence_of_history_or_unknown_record,structured_missing_handling_candidate_later,feature_engineering_and_modeling,no
cc_high_util_80_trend_6m_vs_old_mean,structured_missing_or_history_availability,ratio_rate_numeric,credit_card_history,74.38628211673729,67.06876743804365,possible_absence_of_history_or_unknown_record,structured_missing_handling_candidate_later,feature_engineering_and_modeling,no
cc_high_util_80_trend_6m_vs_old_max,structured_missing_or_history_availability,ratio_rate_numeric,credit_card_history,74.38628211673729,67.06876743804365,possible_absence_of_history_or_unknown_record,structured_missing_handling_candidate_later,feature_engineering_and_modeling,no
cc_high_util_80_trend_6m_vs_old_min,structured_missing_or_history_availability,ratio_rate_numeric,credit_card_history,74.38628211673729,67.06876743804365,possible_absence_of_history_or_unknown_record,structured_missing_handling_candidate_later,feature_engineering_and_modeling,no
cc_high_util_80_trend_6m_vs_old_sum,structured_missing_or_history_availability,ratio_rate_numeric,credit_card_history,71.73922233676193,65.83579517479075,possible_absence_of_history_or_unknown_record,structured_missing_handling_candidate_later,feature_engineering_and_modeling,no
cc_latest_months_balance_mean,structured_missing_or_history_availability,date_duration_numeric,credit_card_history,71.73922233676193,65.83579517479075,possible_absence_of_history_or_unknown_record,structured_missing_handling_candidate_later,feature_engineering_and_modeling,no
cc_latest_months_balance_max,structured_missing_or_history_availability,date_duration_numeric,credit_card_history,71.73922233676193,65.83579517479075,possible_absence_of_history_or_unknown_record,structured_missing_handling_candidate_later,feature_engineering_and_modeling,no
cc_latest_months_balance_min,structured_missing_or_history_availability,date_duration_numeric,credit_card_history,71.73922233676193,65.83579517479075,possible_absence_of_history_or_unknown_record,structured_missing_handling_candidate_later,feature_engineering_and_modeling,no
cc_latest_months_balance_sum,structured_missing_or_history_availability,date_duration_numeric,credit_card_history,71.73922233676193,65.83579517479075,possible_absence_of_history_or_unknown_record,structured_missing_handling_candidate_later,feature_engineering_and_modeling,no
cc_latest_status_active_flag_mean,structured_missing_or_history_availability,ratio_rate_numeric,credit_card_history,71.73922233676193,65.83579517479075,possible_absence_of_history_or_unknown_record,structured_missing_handling_candidate_later,feature_engineering_and_modeling,no
cc_latest_status_active_flag_max,structured_missing_or_history_availability,binary_flag,credit_card_history,71.73922233676193,65.83579517479075,possible_absence_of_history_or_unknown_record,structured_missing_handling_candidate_later,feature_engineering_and_modeling,no
cc_latest_status_active_flag_min,structured_missing_or_history_availability,binary_flag,credit_card_history,71.73922233676193,65.83579517479075,possible_absence_of_history_or_unknown_record,structured_missing_handling_candidate_later,feature_engineering_and_modeling,no
cc_latest_status_active_flag_sum,structured_missing_or_history_availability,discrete_count_numeric,credit_card_history,71.73922233676193,65.83579517479075,possible_absence_of_history_or_unknown_record,structured_missing_handling_candidate_later,feature_engineering_and_modeling,no
cc_latest_status_completed_flag_mean,structured_missing_or_history_availability,ratio_rate_numeric,credit_card_history,71.73922233676193,65.83579517479075,possible_absence_of_history_or_unknown_record,structured_missing_handling_candidate_later,feature_engineering_and_modeling,no
cc_latest_status_completed_flag_max,structured_missing_or_history_availability,binary_flag,credit_card_history,71.73922233676193,65.83579517479075,possible_absence_of_history_or_unknown_record,structured_missing_handling_candidate_later,feature_engineering_and_modeling,no
cc_latest_status_completed_flag_min,structured_missing_or_history_availability,binary_flag,credit_card_history,71.73922233676193,65.83579517479075,possible_absence_of_history_or_unknown_record,structured_missing_handling_candidate_later,feature_engineering_and_modeling,no
cc_latest_status_completed_flag_sum,structured_missing_or_history_availability,discrete_count_numeric,credit_card_history,71.73922233676193,65.83579517479075,possible_absence_of_history_or_unknown_record,structured_missing_handling_candidate_later,feature_engineering_and_modeling,no
cc_latest_balance_mean,structured_missing_or_history_availability,continuous_amount_numeric,credit_card_history,71.73922233676193,65.83579517479075,possible_absence_of_history_or_unknown_record,structured_missing_handling_candidate_later,feature_engineering_and_modeling,no
cc_latest_balance_max,structured_missing_or_history_availability,continuous_amount_numeric,credit_card_history,71.73922233676193,65.83579517479075,possible_absence_of_history_or_unknown_record,structured_missing_handling_candidate_later,feature_engineering_and_modeling,no
cc_latest_balance_min,structured_missing_or_history_availability,continuous_amount_numeric,credit_card_history,71.73922233676193,65.83579517479075,possible_absence_of_history_or_unknown_record,structured_missing_handling_candidate_later,feature_engineering_and_modeling,no
cc_latest_balance_sum,structured_missing_or_history_availability,continuous_amount_numeric,credit_card_history,71.73922233676193,65.83579517479075,possible_absence_of_history_or_unknown_record,structured_missing_handling_candidate_later,feature_engineering_and_modeling,no
cc_latest_credit_limit_mean,structured_missing_or_history_availability,continuous_amount_numeric,credit_card_history,71.73922233676193,65.83579517479075,possible_absence_of_history_or_unknown_record,structured_missing_handling_candidate_later,feature_engineering_and_modeling,no
cc_latest_credit_limit_max,structured_missing_or_history_availability,continuous_amount_numeric,credit_card_history,71.73922233676193,65.83579517479075,possible_absence_of_history_or_unknown_record,structured_missing_handling_candidate_later,feature_engineering_and_modeling,no
cc_latest_credit_limit_min,structured_missing_or_history_availability,continuous_amount_numeric,credit_card_history,71.73922233676193,65.83579517479075,possible_absence_of_history_or_unknown_record,structured_missing_handling_candidate_later,feature_engineering_and_modeling,no
cc_latest_credit_limit_sum,structured_missing_or_history_availability,continuous_amount_numeric,credit_card_history,71.73922233676193,65.83579517479075,possible_absence_of_history_or_unknown_record,structured_missing_handling_candidate_later,feature_engineering_and_modeling,no
cc_latest_credit_utilization_mean,structured_missing_or_history_availability,ratio_rate_numeric,credit_card_history,78.59588762678408,72.98744460856722,possible_absence_of_history_or_unknown_record,structured_missing_handling_candidate_later,feature_engineering_and_modeling,no
cc_latest_credit_utilization_max,structured_missing_or_history_availability,ratio_rate_numeric,credit_card_history,78.59588762678408,72.98744460856722,possible_absence_of_history_or_unknown_record,structured_missing_handling_candidate_later,feature_engineering_and_modeling,no
cc_latest_credit_utilization_min,structured_missing_or_history_availability,ratio_rate_numeric,credit_card_history,78.59588762678408,72.98744460856722,possible_absence_of_history_or_unknown_record,structured_missing_handling_candidate_later,feature_engineering_and_modeling,no
cc_latest_credit_utilization_sum,structured_missing_or_history_availability,ratio_rate_numeric,credit_card_history,71.73922233676193,65.83579517479075,possible_absence_of_history_or_unknown_record,structured_missing_handling_candidate_later,feature_engineering_and_modeling,no
cc_latest_total_receivable_to_limit_mean,structured_missing_or_history_availability,ratio_rate_numeric,credit_card_history,78.59588762678408,72.98744460856722,possible_absence_of_history_or_unknown_record,structured_missing_handling_candidate_later,feature_engineering_and_modeling,no
cc_latest_total_receivable_to_limit_max,structured_missing_or_history_availability,ratio_rate_numeric,credit_card_history,78.59588762678408,72.98744460856722,possible_absence_of_history_or_unknown_record,structured_missing_handling_candidate_later,feature_engineering_and_modeling,no
cc_latest_total_receivable_to_limit_min,structured_missing_or_history_availability,ratio_rate_numeric,credit_card_history,78.59588762678408,72.98744460856722,possible_absence_of_history_or_unknown_record,structured_missing_handling_candidate_later,feature_engineering_and_modeling,no
cc_latest_total_receivable_to_limit_sum,structured_missing_or_history_availability,ratio_rate_numeric,credit_card_history,71.73922233676193,65.83579517479075,possible_absence_of_history_or_unknown_record,structured_missing_handling_candidate_later,feature_engineering_and_modeling,no
cc_latest_total_receivable_mean,structured_missing_or_history_availability,continuous_amount_numeric,credit_card_history,71.73922233676193,65.83579517479075,possible_absence_of_history_or_unknown_record,structured_missing_handling_candidate_later,feature_engineering_and_modeling,no
cc_latest_total_receivable_max,structured_missing_or_history_availability,continuous_amount_numeric,credit_card_history,71.73922233676193,65.83579517479075,possible_absence_of_history_or_unknown_record,structured_missing_handling_candidate_later,feature_engineering_and_modeling,no
cc_latest_total_receivable_min,structured_missing_or_history_availability,continuous_amount_numeric,credit_card_history,71.73922233676193,65.83579517479075,possible_absence_of_history_or_unknown_record,structured_missing_handling_candidate_later,feature_engineering_and_modeling,no
cc_latest_total_receivable_sum,structured_missing_or_history_availability,continuous_amount_numeric,credit_card_history,71.73922233676193,65.83579517479075,possible_absence_of_history_or_unknown_record,structured_missing_handling_candidate_later,feature_engineering_and_modeling,no
cc_latest_payment_current_mean,structured_missing_or_history_availability,continuous_amount_numeric,credit_card_history,80.14379973399326,77.31002790086985,possible_absence_of_history_or_unknown_record,structured_missing_handling_candidate_later,feature_engineering_and_modeling,no
cc_latest_payment_current_max,structured_missing_or_history_availability,continuous_amount_numeric,credit_card_history,80.14379973399326,77.31002790086985,possible_absence_of_history_or_unknown_record,structured_missing_handling_candidate_later,feature_engineering_and_modeling,no
cc_latest_payment_current_min,structured_missing_or_history_availability,continuous_amount_numeric,credit_card_history,80.14379973399326,77.31002790086985,possible_absence_of_history_or_unknown_record,structured_missing_handling_candidate_later,feature_engineering_and_modeling,no
cc_latest_payment_current_sum,structured_missing_or_history_availability,continuous_amount_numeric,credit_card_history,71.73922233676193,65.83579517479075,possible_absence_of_history_or_unknown_record,structured_missing_handling_candidate_later,feature_engineering_and_modeling,no
cc_latest_payment_total_mean,structured_missing_or_history_availability,continuous_amount_numeric,credit_card_history,71.73922233676193,65.83579517479075,possible_absence_of_history_or_unknown_record,structured_missing_handling_candidate_later,feature_engineering_and_modeling,no
cc_latest_payment_total_max,structured_missing_or_history_availability,continuous_amount_numeric,credit_card_history,71.73922233676193,65.83579517479075,possible_absence_of_history_or_unknown_record,structured_missing_handling_candidate_later,feature_engineering_and_modeling,no
cc_latest_payment_total_min,structured_missing_or_history_availability,continuous_amount_numeric,credit_card_history,71.73922233676193,65.83579517479075,possible_absence_of_history_or_unknown_record,structured_missing_handling_candidate_later,feature_engineering_and_modeling,no
cc_latest_payment_total_sum,structured_missing_or_history_availability,continuous_amount_numeric,credit_card_history,71.73922233676193,65.83579517479075,possible_absence_of_history_or_unknown_record,structured_missing_handling_candidate_later,feature_engineering_and_modeling,no
cc_latest_min_instalment_mean,structured_missing_or_history_availability,continuous_amount_numeric,credit_card_history,71.73922233676193,65.83579517479075,possible_absence_of_history_or_unknown_record,structured_missing_handling_candidate_later,feature_engineering_and_modeling,no
cc_latest_min_instalment_max,structured_missing_or_history_availability,continuous_amount_numeric,credit_card_history,71.73922233676193,65.83579517479075,possible_absence_of_history_or_unknown_record,structured_missing_handling_candidate_later,feature_engineering_and_modeling,no
cc_latest_min_instalment_min,structured_missing_or_history_availability,continuous_amount_numeric,credit_card_history,71.73922233676193,65.83579517479075,possible_absence_of_history_or_unknown_record,structured_missing_handling_candidate_later,feature_engineering_and_modeling,no
cc_latest_min_instalment_sum,structured_missing_or_history_availability,continuous_amount_numeric,credit_card_history,71.73922233676193,65.83579517479075,possible_absence_of_history_or_unknown_record,structured_missing_handling_candidate_later,feature_engineering_and_modeling,no
cc_latest_payment_less_than_min_flag_mean,structured_missing_or_history_availability,ratio_rate_numeric,credit_card_history,71.73922233676193,65.83579517479075,possible_absence_of_history_or_unknown_record,structured_missing_handling_candidate_later,feature_engineering_and_modeling,no
cc_latest_payment_less_than_min_flag_max,structured_missing_or_history_availability,binary_flag,credit_card_history,71.73922233676193,65.83579517479075,possible_absence_of_history_or_unknown_record,structured_missing_handling_candidate_later,feature_engineering_and_modeling,no
cc_latest_payment_less_than_min_flag_min,structured_missing_or_history_availability,binary_flag,credit_card_history,71.73922233676193,65.83579517479075,possible_absence_of_history_or_unknown_record,structured_missing_handling_candidate_later,feature_engineering_and_modeling,no
cc_latest_payment_less_than_min_flag_sum,structured_missing_or_history_availability,discrete_count_numeric,credit_card_history,71.73922233676193,65.83579517479075,possible_absence_of_history_or_unknown_record,structured_missing_handling_candidate_later,feature_engineering_and_modeling,no
cc_latest_drawing_amount_mean,structured_missing_or_history_availability,continuous_amount_numeric,credit_card_history,71.73922233676193,65.83579517479075,possible_absence_of_history_or_unknown_record,structured_missing_handling_candidate_later,feature_engineering_and_modeling,no
cc_latest_drawing_amount_max,structured_missing_or_history_availability,continuous_amount_numeric,credit_card_history,71.73922233676193,65.83579517479075,possible_absence_of_history_or_unknown_record,structured_missing_handling_candidate_later,feature_engineering_and_modeling,no
cc_latest_drawing_amount_min,structured_missing_or_history_availability,continuous_amount_numeric,credit_card_history,71.73922233676193,65.83579517479075,possible_absence_of_history_or_unknown_record,structured_missing_handling_candidate_later,feature_engineering_and_modeling,no
cc_latest_drawing_amount_sum,structured_missing_or_history_availability,continuous_amount_numeric,credit_card_history,71.73922233676193,65.83579517479075,possible_absence_of_history_or_unknown_record,structured_missing_handling_candidate_later,feature_engineering_and_modeling,no
cc_latest_dpd_mean,structured_missing_or_history_availability,overdue_delay_numeric,credit_card_history,71.73922233676193,65.83579517479075,possible_absence_of_history_or_unknown_record,structured_missing_handling_candidate_later,feature_engineering_and_modeling,no
cc_latest_dpd_max,structured_missing_or_history_availability,overdue_delay_numeric,credit_card_history,71.73922233676193,65.83579517479075,possible_absence_of_history_or_unknown_record,structured_missing_handling_candidate_later,feature_engineering_and_modeling,no
cc_latest_dpd_min,structured_missing_or_history_availability,overdue_delay_numeric,credit_card_history,71.73922233676193,65.83579517479075,possible_absence_of_history_or_unknown_record,structured_missing_handling_candidate_later,feature_engineering_and_modeling,no
cc_latest_dpd_sum,structured_missing_or_history_availability,overdue_delay_numeric,credit_card_history,71.73922233676193,65.83579517479075,possible_absence_of_history_or_unknown_record,structured_missing_handling_candidate_later,feature_engineering_and_modeling,no
cc_latest_dpd_def_mean,structured_missing_or_history_availability,overdue_delay_numeric,credit_card_history,71.73922233676193,65.83579517479075,possible_absence_of_history_or_unknown_record,structured_missing_handling_candidate_later,feature_engineering_and_modeling,no
cc_latest_dpd_def_max,structured_missing_or_history_availability,overdue_delay_numeric,credit_card_history,71.73922233676193,65.83579517479075,possible_absence_of_history_or_unknown_record,structured_missing_handling_candidate_later,feature_engineering_and_modeling,no
cc_latest_dpd_def_min,structured_missing_or_history_availability,overdue_delay_numeric,credit_card_history,71.73922233676193,65.83579517479075,possible_absence_of_history_or_unknown_record,structured_missing_handling_candidate_later,feature_engineering_and_modeling,no
cc_latest_dpd_def_sum,structured_missing_or_history_availability,overdue_delay_numeric,credit_card_history,71.73922233676193,65.83579517479075,possible_absence_of_history_or_unknown_record,structured_missing_handling_candidate_later,feature_engineering_and_modeling,no
cc_latest_has_dpd_mean,structured_missing_or_history_availability,ratio_rate_numeric,credit_card_history,71.73922233676193,65.83579517479075,possible_absence_of_history_or_unknown_record,structured_missing_handling_candidate_later,feature_engineering_and_modeling,no
cc_latest_has_dpd_max,structured_missing_or_history_availability,binary_flag,credit_card_history,71.73922233676193,65.83579517479075,possible_absence_of_history_or_unknown_record,structured_missing_handling_candidate_later,feature_engineering_and_modeling,no
cc_latest_has_dpd_min,structured_missing_or_history_availability,binary_flag,credit_card_history,71.73922233676193,65.83579517479075,possible_absence_of_history_or_unknown_record,structured_missing_handling_candidate_later,feature_engineering_and_modeling,no
cc_latest_has_dpd_sum,structured_missing_or_history_availability,binary_flag,credit_card_history,71.73922233676193,65.83579517479075,possible_absence_of_history_or_unknown_record,structured_missing_handling_candidate_later,feature_engineering_and_modeling,no
cc_latest_has_dpd_def_mean,structured_missing_or_history_availability,ratio_rate_numeric,credit_card_history,71.73922233676193,65.83579517479075,possible_absence_of_history_or_unknown_record,structured_missing_handling_candidate_later,feature_engineering_and_modeling,no
cc_latest_has_dpd_def_max,structured_missing_or_history_availability,binary_flag,credit_card_history,71.73922233676193,65.83579517479075,possible_absence_of_history_or_unknown_record,structured_missing_handling_candidate_later,feature_engineering_and_modeling,no
cc_latest_has_dpd_def_min,structured_missing_or_history_availability,binary_flag,credit_card_history,71.73922233676193,65.83579517479075,possible_absence_of_history_or_unknown_record,structured_missing_handling_candidate_later,feature_engineering_and_modeling,no
cc_latest_has_dpd_def_sum,structured_missing_or_history_availability,binary_flag,credit_card_history,71.73922233676193,65.83579517479075,possible_absence_of_history_or_unknown_record,structured_missing_handling_candidate_later,feature_engineering_and_modeling,no
cc_latest_high_utilization_80plus_flag_mean,structured_missing_or_history_availability,ratio_rate_numeric,credit_card_history,71.73922233676193,65.83579517479075,possible_absence_of_history_or_unknown_record,structured_missing_handling_candidate_later,feature_engineering_and_modeling,no
cc_latest_high_utilization_80plus_flag_max,structured_missing_or_history_availability,binary_flag,credit_card_history,71.73922233676193,65.83579517479075,possible_absence_of_history_or_unknown_record,structured_missing_handling_candidate_later,feature_engineering_and_modeling,no
cc_latest_high_utilization_80plus_flag_min,structured_missing_or_history_availability,binary_flag,credit_card_history,71.73922233676193,65.83579517479075,possible_absence_of_history_or_unknown_record,structured_missing_handling_candidate_later,feature_engineering_and_modeling,no
cc_latest_high_utilization_80plus_flag_sum,structured_missing_or_history_availability,discrete_count_numeric,credit_card_history,71.73922233676193,65.83579517479075,possible_absence_of_history_or_unknown_record,structured_missing_handling_candidate_later,feature_engineering_and_modeling,no
cc_latest_no_payment_with_balance_flag_mean,structured_missing_or_history_availability,ratio_rate_numeric,credit_card_history,71.73922233676193,65.83579517479075,possible_absence_of_history_or_unknown_record,structured_missing_handling_candidate_later,feature_engineering_and_modeling,no
cc_latest_no_payment_with_balance_flag_max,structured_missing_or_history_availability,binary_flag,credit_card_history,71.73922233676193,65.83579517479075,possible_absence_of_history_or_unknown_record,structured_missing_handling_candidate_later,feature_engineering_and_modeling,no
cc_latest_no_payment_with_balance_flag_min,structured_missing_or_history_availability,binary_flag,credit_card_history,71.73922233676193,65.83579517479075,possible_absence_of_history_or_unknown_record,structured_missing_handling_candidate_later,feature_engineering_and_modeling,no
cc_latest_no_payment_with_balance_flag_sum,structured_missing_or_history_availability,discrete_count_numeric,credit_card_history,71.73922233676193,65.83579517479075,possible_absence_of_history_or_unknown_record,structured_missing_handling_candidate_later,feature_engineering_and_modeling,no
cc_contract_with_dpd_count,structured_missing_or_history_availability,discrete_count_numeric,credit_card_history,71.73922233676193,65.83579517479075,possible_absence_of_history_or_unknown_record,structured_missing_handling_candidate_later,feature_engineering_and_modeling,no
cc_contract_with_dpd_ratio,structured_missing_or_history_availability,ratio_rate_numeric,credit_card_history,71.73922233676193,65.83579517479075,possible_absence_of_history_or_unknown_record,structured_missing_handling_candidate_later,feature_engineering_and_modeling,no
cc_contract_with_dpd_def_count,structured_missing_or_history_availability,discrete_count_numeric,credit_card_history,71.73922233676193,65.83579517479075,possible_absence_of_history_or_unknown_record,structured_missing_handling_candidate_later,feature_engineering_and_modeling,no
cc_contract_with_dpd_def_ratio,structured_missing_or_history_availability,ratio_rate_numeric,credit_card_history,71.73922233676193,65.83579517479075,possible_absence_of_history_or_unknown_record,structured_missing_handling_candidate_later,feature_engineering_and_modeling,no
cc_contract_with_dpd_30plus_count,structured_missing_or_history_availability,binary_flag,credit_card_history,71.73922233676193,65.83579517479075,possible_absence_of_history_or_unknown_record,structured_missing_handling_candidate_later,feature_engineering_and_modeling,no
cc_contract_with_dpd_30plus_ratio,structured_missing_or_history_availability,ratio_rate_numeric,credit_card_history,71.73922233676193,65.83579517479075,possible_absence_of_history_or_unknown_record,structured_missing_handling_candidate_later,feature_engineering_and_modeling,no
cc_contract_with_dpd_60plus_count,structured_missing_or_history_availability,binary_flag,credit_card_history,71.73922233676193,65.83579517479075,possible_absence_of_history_or_unknown_record,structured_missing_handling_candidate_later,feature_engineering_and_modeling,no
cc_contract_with_dpd_60plus_ratio,structured_missing_or_history_availability,ratio_rate_numeric,credit_card_history,71.73922233676193,65.83579517479075,possible_absence_of_history_or_unknown_record,structured_missing_handling_candidate_later,feature_engineering_and_modeling,no
cc_contract_with_dpd_90plus_count,structured_missing_or_history_availability,binary_flag,credit_card_history,71.73922233676193,65.83579517479075,possible_absence_of_history_or_unknown_record,structured_missing_handling_candidate_later,feature_engineering_and_modeling,no
cc_contract_with_dpd_90plus_ratio,structured_missing_or_history_availability,ratio_rate_numeric,credit_card_history,71.73922233676193,65.83579517479075,possible_absence_of_history_or_unknown_record,structured_missing_handling_candidate_later,feature_engineering_and_modeling,no
cc_contract_with_dpd_def_30plus_count,structured_missing_or_history_availability,binary_flag,credit_card_history,71.73922233676193,65.83579517479075,possible_absence_of_history_or_unknown_record,structured_missing_handling_candidate_later,feature_engineering_and_modeling,no
cc_contract_with_dpd_def_30plus_ratio,structured_missing_or_history_availability,ratio_rate_numeric,credit_card_history,71.73922233676193,65.83579517479075,possible_absence_of_history_or_unknown_record,structured_missing_handling_candidate_later,feature_engineering_and_modeling,no
cc_contract_with_dpd_def_60plus_count,structured_missing_or_history_availability,binary_flag,credit_card_history,71.73922233676193,65.83579517479075,possible_absence_of_history_or_unknown_record,structured_missing_handling_candidate_later,feature_engineering_and_modeling,no
cc_contract_with_dpd_def_60plus_ratio,structured_missing_or_history_availability,ratio_rate_numeric,credit_card_history,71.73922233676193,65.83579517479075,possible_absence_of_history_or_unknown_record,structured_missing_handling_candidate_later,feature_engineering_and_modeling,no
cc_contract_with_dpd_def_90plus_count,structured_missing_or_history_availability,binary_flag,credit_card_history,71.73922233676193,65.83579517479075,possible_absence_of_history_or_unknown_record,structured_missing_handling_candidate_later,feature_engineering_and_modeling,no
cc_contract_with_dpd_def_90plus_ratio,structured_missing_or_history_availability,ratio_rate_numeric,credit_card_history,71.73922233676193,65.83579517479075,possible_absence_of_history_or_unknown_record,structured_missing_handling_candidate_later,feature_engineering_and_modeling,no
cc_contract_with_high_utilization_80plus_count,structured_missing_or_history_availability,ratio_rate_numeric,credit_card_history,71.73922233676193,65.83579517479075,possible_absence_of_history_or_unknown_record,structured_missing_handling_candidate_later,feature_engineering_and_modeling,no
cc_contract_with_high_utilization_80plus_ratio,structured_missing_or_history_availability,ratio_rate_numeric,credit_card_history,71.73922233676193,65.83579517479075,possible_absence_of_history_or_unknown_record,structured_missing_handling_candidate_later,feature_engineering_and_modeling,no
cc_contract_with_high_utilization_100plus_count,structured_missing_or_history_availability,ratio_rate_numeric,credit_card_history,71.73922233676193,65.83579517479075,possible_absence_of_history_or_unknown_record,structured_missing_handling_candidate_later,feature_engineering_and_modeling,no
cc_contract_with_high_utilization_100plus_ratio,structured_missing_or_history_availability,ratio_rate_numeric,credit_card_history,71.73922233676193,65.83579517479075,possible_absence_of_history_or_unknown_record,structured_missing_handling_candidate_later,feature_engineering_and_modeling,no
cc_contract_with_payment_less_than_min_count,structured_missing_or_history_availability,discrete_count_numeric,credit_card_history,71.73922233676193,65.83579517479075,possible_absence_of_history_or_unknown_record,structured_missing_handling_candidate_later,feature_engineering_and_modeling,no
cc_contract_with_payment_less_than_min_ratio,structured_missing_or_history_availability,ratio_rate_numeric,credit_card_history,71.73922233676193,65.83579517479075,possible_absence_of_history_or_unknown_record,structured_missing_handling_candidate_later,feature_engineering_and_modeling,no
cc_contract_with_no_payment_with_balance_count,structured_missing_or_history_availability,discrete_count_numeric,credit_card_history,71.73922233676193,65.83579517479075,possible_absence_of_history_or_unknown_record,structured_missing_handling_candidate_later,feature_engineering_and_modeling,no
cc_contract_with_no_payment_with_balance_ratio,structured_missing_or_history_availability,ratio_rate_numeric,credit_card_history,71.73922233676193,65.83579517479075,possible_absence_of_history_or_unknown_record,structured_missing_handling_candidate_later,feature_engineering_and_modeling,no
cc_contract_with_limit_change_count,structured_missing_or_history_availability,discrete_count_numeric,credit_card_history,71.73922233676193,65.83579517479075,possible_absence_of_history_or_unknown_record,structured_missing_handling_candidate_later,feature_engineering_and_modeling,no
cc_contract_with_limit_change_ratio,structured_missing_or_history_availability,ratio_rate_numeric,credit_card_history,71.73922233676193,65.83579517479075,possible_absence_of_history_or_unknown_record,structured_missing_handling_candidate_later,feature_engineering_and_modeling,no
cc_latest_months_balance,structured_missing_or_history_availability,date_duration_numeric,credit_card_history,71.73922233676193,65.83579517479075,possible_absence_of_history_or_unknown_record,structured_missing_handling_candidate_later,feature_engineering_and_modeling,no
cc_latest_status_active_flag,structured_missing_or_history_availability,binary_flag,credit_card_history,71.73922233676193,65.83579517479075,possible_absence_of_history_or_unknown_record,structured_missing_handling_candidate_later,feature_engineering_and_modeling,no
cc_latest_status_completed_flag,structured_missing_or_history_availability,binary_flag,credit_card_history,71.73922233676193,65.83579517479075,possible_absence_of_history_or_unknown_record,structured_missing_handling_candidate_later,feature_engineering_and_modeling,no
cc_latest_status_signed_flag,structured_missing_or_history_availability,binary_flag,credit_card_history,71.73922233676193,65.83579517479075,possible_absence_of_history_or_unknown_record,structured_missing_handling_candidate_later,feature_engineering_and_modeling,no
cc_latest_status_demand_flag,structured_missing_or_history_availability,binary_flag,credit_card_history,71.73922233676193,65.83579517479075,possible_absence_of_history_or_unknown_record,structured_missing_handling_candidate_later,feature_engineering_and_modeling,no
cc_latest_status_refused_flag,structured_missing_or_history_availability,binary_flag,credit_card_history,71.73922233676193,65.83579517479075,possible_absence_of_history_or_unknown_record,structured_missing_handling_candidate_later,feature_engineering_and_modeling,no
cc_latest_status_approved_flag,structured_missing_or_history_availability,binary_flag,credit_card_history,71.73922233676193,65.83579517479075,possible_absence_of_history_or_unknown_record,structured_missing_handling_candidate_later,feature_engineering_and_modeling,no
cc_latest_status_canceled_flag,structured_missing_or_history_availability,binary_flag,credit_card_history,71.73922233676193,65.83579517479075,possible_absence_of_history_or_unknown_record,structured_missing_handling_candidate_later,feature_engineering_and_modeling,no
cc_latest_balance,structured_missing_or_history_availability,continuous_amount_numeric,credit_card_history,71.73922233676193,65.83579517479075,possible_absence_of_history_or_unknown_record,structured_missing_handling_candidate_later,feature_engineering_and_modeling,no
cc_latest_credit_limit,structured_missing_or_history_availability,continuous_amount_numeric,credit_card_history,71.73922233676193,65.83579517479075,possible_absence_of_history_or_unknown_record,structured_missing_handling_candidate_later,feature_engineering_and_modeling,no
cc_latest_credit_utilization,structured_missing_or_history_availability,ratio_rate_numeric,credit_card_history,78.62060218984035,73.03462990316757,possible_absence_of_history_or_unknown_record,structured_missing_handling_candidate_later,feature_engineering_and_modeling,no
cc_latest_credit_utilization_capped,structured_missing_or_history_availability,ratio_rate_numeric,credit_card_history,78.62060218984035,73.03462990316757,possible_absence_of_history_or_unknown_record,structured_missing_handling_candidate_later,feature_engineering_and_modeling,no
cc_latest_total_receivable,structured_missing_or_history_availability,continuous_amount_numeric,credit_card_history,71.73922233676193,65.83579517479075,possible_absence_of_history_or_unknown_record,structured_missing_handling_candidate_later,feature_engineering_and_modeling,no
cc_latest_principal_receivable,structured_missing_or_history_availability,continuous_amount_numeric,credit_card_history,71.73922233676193,65.83579517479075,possible_absence_of_history_or_unknown_record,structured_missing_handling_candidate_later,feature_engineering_and_modeling,no
cc_latest_recivable,structured_missing_or_history_availability,continuous_amount_numeric,credit_card_history,71.73922233676193,65.83579517479075,possible_absence_of_history_or_unknown_record,structured_missing_handling_candidate_later,feature_engineering_and_modeling,no
cc_latest_total_receivable_to_limit,structured_missing_or_history_availability,ratio_rate_numeric,credit_card_history,78.62060218984035,73.03462990316757,possible_absence_of_history_or_unknown_record,structured_missing_handling_candidate_later,feature_engineering_and_modeling,no
cc_latest_payment_current,structured_missing_or_history_availability,continuous_amount_numeric,credit_card_history,80.17827004562439,77.36541933366158,possible_absence_of_history_or_unknown_record,structured_missing_handling_candidate_later,feature_engineering_and_modeling,no
cc_latest_payment_total,structured_missing_or_history_availability,continuous_amount_numeric,credit_card_history,71.73922233676193,65.83579517479075,possible_absence_of_history_or_unknown_record,structured_missing_handling_candidate_later,feature_engineering_and_modeling,no
cc_latest_min_instalment,structured_missing_or_history_availability,continuous_amount_numeric,credit_card_history,71.73922233676193,65.83579517479075,possible_absence_of_history_or_unknown_record,structured_missing_handling_candidate_later,feature_engineering_and_modeling,no
cc_latest_payment_to_balance_ratio,structured_missing_or_history_availability,ratio_rate_numeric,credit_card_history,90.03450283079304,88.71861152141803,possible_absence_of_history_or_unknown_record,structured_missing_handling_candidate_later,feature_engineering_and_modeling,no
cc_latest_payment_to_min_inst_ratio,structured_missing_or_history_availability,ratio_rate_numeric,credit_card_history,90.06344488489843,88.83144592154932,possible_absence_of_history_or_unknown_record,structured_missing_handling_candidate_later,feature_engineering_and_modeling,no
cc_latest_payment_less_than_min_flag,structured_missing_or_history_availability,binary_flag,credit_card_history,71.73922233676193,65.83579517479075,possible_absence_of_history_or_unknown_record,structured_missing_handling_candidate_later,feature_engineering_and_modeling,no
cc_latest_no_payment_with_balance_flag,structured_missing_or_history_availability,binary_flag,credit_card_history,71.73922233676193,65.83579517479075,possible_absence_of_history_or_unknown_record,structured_missing_handling_candidate_later,feature_engineering_and_modeling,no
cc_latest_drawing_amount,structured_missing_or_history_availability,continuous_amount_numeric,credit_card_history,71.73922233676193,65.83579517479075,possible_absence_of_history_or_unknown_record,structured_missing_handling_candidate_later,feature_engineering_and_modeling,no
cc_latest_drawing_count,structured_missing_or_history_availability,discrete_count_numeric,credit_card_history,71.73922233676193,65.83579517479075,possible_absence_of_history_or_unknown_record,structured_missing_handling_candidate_later,feature_engineering_and_modeling,no
cc_latest_has_drawing_flag,structured_missing_or_history_availability,binary_flag,credit_card_history,71.73922233676193,65.83579517479075,possible_absence_of_history_or_unknown_record,structured_missing_handling_candidate_later,feature_engineering_and_modeling,no
cc_latest_has_atm_drawing_flag,structured_missing_or_history_availability,binary_flag,credit_card_history,71.73922233676193,65.83579517479075,possible_absence_of_history_or_unknown_record,structured_missing_handling_candidate_later,feature_engineering_and_modeling,no
cc_latest_has_pos_drawing_flag,structured_missing_or_history_availability,binary_flag,credit_card_history,71.73922233676193,65.83579517479075,possible_absence_of_history_or_unknown_record,structured_missing_handling_candidate_later,feature_engineering_and_modeling,no
cc_latest_atm_drawing_share,structured_missing_or_history_availability,ratio_rate_numeric,credit_card_history,93.98135351255728,93.28327589036599,possible_absence_of_history_or_unknown_record,structured_missing_handling_candidate_later,feature_engineering_and_modeling,no
cc_latest_pos_drawing_share,structured_missing_or_history_availability,ratio_rate_numeric,credit_card_history,93.98135351255728,93.28327589036599,possible_absence_of_history_or_unknown_record,structured_missing_handling_candidate_later,feature_engineering_and_modeling,no
cc_latest_dpd,structured_missing_or_history_availability,overdue_delay_numeric,credit_card_history,71.73922233676193,65.83579517479075,possible_absence_of_history_or_unknown_record,structured_missing_handling_candidate_later,feature_engineering_and_modeling,no
cc_latest_dpd_def,structured_missing_or_history_availability,overdue_delay_numeric,credit_card_history,71.73922233676193,65.83579517479075,possible_absence_of_history_or_unknown_record,structured_missing_handling_candidate_later,feature_engineering_and_modeling,no
cc_latest_has_dpd,structured_missing_or_history_availability,binary_flag,credit_card_history,71.73922233676193,65.83579517479075,possible_absence_of_history_or_unknown_record,structured_missing_handling_candidate_later,feature_engineering_and_modeling,no
cc_latest_has_dpd_def,structured_missing_or_history_availability,binary_flag,credit_card_history,71.73922233676193,65.83579517479075,possible_absence_of_history_or_unknown_record,structured_missing_handling_candidate_later,feature_engineering_and_modeling,no
cc_latest_dpd_30plus_flag,structured_missing_or_history_availability,binary_flag,credit_card_history,71.73922233676193,65.83579517479075,possible_absence_of_history_or_unknown_record,structured_missing_handling_candidate_later,feature_engineering_and_modeling,no
cc_latest_dpd_60plus_flag,structured_missing_or_history_availability,binary_flag,credit_card_history,71.73922233676193,65.83579517479075,possible_absence_of_history_or_unknown_record,structured_missing_handling_candidate_later,feature_engineering_and_modeling,no
cc_latest_dpd_90plus_flag,structured_missing_or_history_availability,binary_flag,credit_card_history,71.73922233676193,65.83579517479075,possible_absence_of_history_or_unknown_record,structured_missing_handling_candidate_later,feature_engineering_and_modeling,no
cc_latest_high_utilization_80plus_flag,structured_missing_or_history_availability,binary_flag,credit_card_history,71.73922233676193,65.83579517479075,possible_absence_of_history_or_unknown_record,structured_missing_handling_candidate_later,feature_engineering_and_modeling,no
cc_latest_high_utilization_100plus_flag,structured_missing_or_history_availability,binary_flag,credit_card_history,71.73922233676193,65.83579517479075,possible_absence_of_history_or_unknown_record,structured_missing_handling_candidate_later,feature_engineering_and_modeling,no
cc_latest_over_limit_flag,structured_missing_or_history_availability,binary_flag,credit_card_history,71.73922233676193,65.83579517479075,possible_absence_of_history_or_unknown_record,structured_missing_handling_candidate_later,feature_engineering_and_modeling,no
cc_latest_invalid_credit_limit_flag,structured_missing_or_history_availability,binary_flag,credit_card_history,71.73922233676193,65.83579517479075,possible_absence_of_history_or_unknown_record,structured_missing_handling_candidate_later,feature_engineering_and_modeling,no
