feature,feature_category,role,universal_priority,universal_action,next_analysis_route,universal_reason,missing_pct_train,missing_pct_test,missing_gap_pct,n_unique_train,n_unique_test,constant_train,constant_test,missing_pct_combined,n_unique_combined,dominant_share_pct,issue_reasons
SK_ID_CURR,id,id,P0_exclude_non_feature,exclude_from_model; keep for tracking,exclude_from_model_tracking_only,identifier column; not a predictive feature,0.0,0.0,0.0,307511,48744.0,False,False,0.0,356255,0.000280697814767512,high_unique_pct
TARGET,target,target,P0_exclude_non_feature,exclude_from_features; use only as target,exclude_from_features_target_analysis_only,target column; absent from test by design,0.0,,,2,,False,False,0.0,2,91.92711805431351,train_test_presence_issue
NAME_CONTRACT_TYPE,categorical_binary,feature,P3_normal_type_specific_eda,route_to_categorical_nominal_eda,categorical_nominal_eda,no universal-level issue; continue type-specific EDA,0.0,0.0,0.0,2,2.0,False,False,0.0,2,91.65822234073909,
CODE_GENDER,categorical_nominal,feature,P3_normal_type_specific_eda,route_to_categorical_nominal_eda,categorical_nominal_eda,no universal-level issue; continue type-specific EDA,0.0,0.0,0.0,3,2.0,False,False,0.0,3,65.99935439502603,
FLAG_OWN_CAR,categorical_binary,feature,P3_normal_type_specific_eda,route_to_categorical_nominal_eda,categorical_nominal_eda,no universal-level issue; continue type-specific EDA,0.0,0.0,0.0,2,2.0,False,False,0.0,2,66.02995045683569,
FLAG_OWN_REALTY,categorical_binary,feature,P3_normal_type_specific_eda,route_to_categorical_nominal_eda,categorical_nominal_eda,no universal-level issue; continue type-specific EDA,0.0,0.0,0.0,2,2.0,False,False,0.0,2,69.32393931313244,
CNT_CHILDREN,discrete_count_numeric,feature,P3_normal_type_specific_eda,route_to_discrete_count_eda,discrete_count_eda,no universal-level issue; continue type-specific EDA,0.0,0.0,0.0,15,11.0,False,False,0.0,16,70.19017276950498,
AMT_INCOME_TOTAL,continuous_amount_numeric,feature,P3_normal_type_specific_eda,route_to_continuous_numeric_eda,continuous_numeric_eda,no universal-level issue; continue type-specific EDA,0.0,0.0,0.0,2548,606.0,False,False,0.0,2741,11.59618812367546,
AMT_CREDIT,continuous_amount_numeric,feature,P3_normal_type_specific_eda,route_to_continuous_numeric_eda,continuous_numeric_eda,no universal-level issue; continue type-specific EDA,0.0,0.0,0.0,5603,2937.0,False,False,0.0,6480,3.319813055255365,
AMT_ANNUITY,continuous_amount_numeric,feature,P3_normal_type_specific_eda,route_to_continuous_numeric_eda,continuous_numeric_eda,no universal-level issue; continue type-specific EDA,0.003902299429939092,0.04923682914820286,0.04533452971826377,13672,7491.0,False,False,0.01010512133163043,14166,1.810500905250453,
AMT_GOODS_PRICE,continuous_amount_numeric,feature,P3_normal_type_specific_eda,route_to_continuous_numeric_eda,continuous_numeric_eda,no universal-level issue; continue type-specific EDA,0.09040327012692229,0.0,0.09040327012692229,1002,677.0,False,False,0.07803399250536834,1291,8.620510589325061,
NAME_TYPE_SUITE,categorical_nominal,feature,P3_normal_type_specific_eda,route_to_categorical_nominal_eda,categorical_nominal_eda,no universal-level issue; continue type-specific EDA,0.4201475719567755,1.868947973083867,1.448800401127091,7,7.0,False,False,0.618377285932829,7,80.91198720017965,
NAME_INCOME_TYPE,categorical_nominal,feature,P3_normal_type_specific_eda,route_to_categorical_nominal_eda,categorical_nominal_eda,no universal-level issue; continue type-specific EDA,0.0,0.0,0.0,8,7.0,False,False,0.0,8,51.45387433158833,
NAME_EDUCATION_TYPE,categorical_ordinal,feature,P3_normal_type_specific_eda,route_to_categorical_ordinal_eda,categorical_ordinal_eda,no universal-level issue; continue type-specific EDA,0.0,0.0,0.0,5,5.0,False,False,0.0,5,70.84223379320991,
NAME_FAMILY_STATUS,categorical_nominal,feature,P3_normal_type_specific_eda,route_to_categorical_nominal_eda,categorical_nominal_eda,no universal-level issue; continue type-specific EDA,0.0,0.0,0.0,6,5.0,False,False,0.0,6,64.1998007045515,
NAME_HOUSING_TYPE,categorical_nominal,feature,P3_normal_type_specific_eda,route_to_categorical_nominal_eda,categorical_nominal_eda,no universal-level issue; continue type-specific EDA,0.0,0.0,0.0,6,6.0,False,False,0.0,6,88.84450744550954,
REGION_POPULATION_RELATIVE,ratio_rate_numeric,feature,P3_normal_type_specific_eda,route_to_ratio_rate_eda,ratio_rate_eda,no universal-level issue; continue type-specific EDA,0.0,0.0,0.0,81,81.0,False,False,0.0,82,5.330451502435054,
DAYS_BIRTH,date_duration_numeric,feature,P3_normal_type_specific_eda,route_to_date_duration_eda,date_duration_eda,no universal-level issue; continue type-specific EDA,0.0,0.0,0.0,17460,15477.0,False,False,0.0,17467,0.0140348907383756,
DAYS_EMPLOYED,date_duration_numeric,feature,P3_normal_type_specific_eda,route_to_date_duration_eda,date_duration_eda,no universal-level issue; continue type-specific EDA,0.0,0.0,0.0,12574,7863.0,False,False,0.0,12896,18.14655232909012,
DAYS_REGISTRATION,ratio_rate_numeric,feature,P3_normal_type_specific_eda,route_to_ratio_rate_eda,ratio_rate_eda,no universal-level issue; continue type-specific EDA,0.0,0.0,0.0,15688,12618.0,False,False,0.0,15898,0.03452583121640398,
DAYS_ID_PUBLISH,date_duration_numeric,feature,P3_normal_type_specific_eda,route_to_date_duration_eda,date_duration_eda,no universal-level issue; continue type-specific EDA,0.0,0.0,0.0,6168,5880.0,False,False,0.0,6224,0.05220979354675723,
OWN_CAR_AGE,date_duration_numeric,feature,P2_missingness_review,route_to_date_duration_eda; consider_missingness_logic_later,date_duration_eda,high combined missingness,65.9908100848425,66.28918430986378,0.2983742250212913,62,52.0,False,False,66.0316346437243,63,66.0316346437243,high_missing
FLAG_MOBIL,binary_flag,feature,P2_low_variance_review,route_to_binary_flag_eda; low_variance_review_later,binary_flag_eda,near-constant combined distribution,0.0,0.0,0.0,2,2.0,False,False,0.0,2,99.99943860437045,near_constant
FLAG_EMP_PHONE,binary_flag,feature,P3_normal_type_specific_eda,route_to_binary_flag_eda,binary_flag_eda,no universal-level issue; continue type-specific EDA,0.0,0.0,0.0,2,2.0,False,False,0.0,2,81.84979859931791,
FLAG_WORK_PHONE,binary_flag,feature,P3_normal_type_specific_eda,route_to_binary_flag_eda,binary_flag_eda,no universal-level issue; continue type-specific EDA,0.0,0.0,0.0,2,2.0,False,False,0.0,2,79.99017557648314,
FLAG_CONT_MOBILE,binary_flag,feature,P2_low_variance_review,route_to_binary_flag_eda; low_variance_review_later,binary_flag_eda,near-constant combined distribution,0.0,0.0,0.0,2,2.0,False,False,0.0,2,99.81698502477158,near_constant
FLAG_PHONE,binary_flag,feature,P3_normal_type_specific_eda,route_to_binary_flag_eda,binary_flag_eda,no universal-level issue; continue type-specific EDA,0.0,0.0,0.0,2,2.0,False,False,0.0,2,72.13877699962106,
FLAG_EMAIL,binary_flag,feature,P3_normal_type_specific_eda,route_to_binary_flag_eda,binary_flag_eda,no universal-level issue; continue type-specific EDA,0.0,0.0,0.0,2,2.0,False,False,0.0,2,92.87869643934822,
OCCUPATION_TYPE,categorical_nominal,feature,P3_normal_type_specific_eda,route_to_categorical_nominal_eda,categorical_nominal_eda,no universal-level issue; continue type-specific EDA,31.34554536260492,32.01419661907106,0.6686512564661484,18,18.0,False,False,31.43703246270228,18,31.43703246270228,
CNT_FAM_MEMBERS,discrete_count_numeric,feature,P3_normal_type_specific_eda,route_to_discrete_count_eda,discrete_count_eda,no universal-level issue; continue type-specific EDA,0.0006503832383231819,0.0,0.0006503832383231819,17,12.0,False,False,0.0005613956295350241,18,51.76376471909167,
REGION_RATING_CLIENT,categorical_ordinal,feature,P3_normal_type_specific_eda,route_to_categorical_ordinal_eda,categorical_ordinal_eda,no universal-level issue; continue type-specific EDA,0.0,0.0,0.0,3,3.0,False,False,0.0,3,73.6382647261091,
REGION_RATING_CLIENT_W_CITY,categorical_ordinal,feature,P3_normal_type_specific_eda,route_to_categorical_ordinal_eda,categorical_ordinal_eda,no universal-level issue; continue type-specific EDA,0.0,0.0,0.0,3,4.0,False,False,0.0,4,74.45790234523024,
WEEKDAY_APPR_PROCESS_START,cyclical_time,feature,P3_normal_type_specific_eda,route_to_cyclical_time_review,cyclical_time_review,no universal-level issue; continue type-specific EDA,0.0,0.0,0.0,7,7.0,False,False,0.0,7,17.86697730558168,
HOUR_APPR_PROCESS_START,cyclical_time,feature,P3_normal_type_specific_eda,route_to_cyclical_time_review,cyclical_time_review,no universal-level issue; continue type-specific EDA,0.0,0.0,0.0,24,24.0,False,False,0.0,24,12.40572062146496,
REG_REGION_NOT_LIVE_REGION,binary_flag,feature,P3_normal_type_specific_eda,route_to_binary_flag_eda,binary_flag_eda,no universal-level issue; continue type-specific EDA,0.0,0.0,0.0,2,2.0,False,False,0.0,2,98.43510968267111,
REG_REGION_NOT_WORK_REGION,binary_flag,feature,P3_normal_type_specific_eda,route_to_binary_flag_eda,binary_flag_eda,no universal-level issue; continue type-specific EDA,0.0,0.0,0.0,2,2.0,False,False,0.0,2,94.86294929193976,
LIVE_REGION_NOT_WORK_REGION,binary_flag,feature,P3_normal_type_specific_eda,route_to_binary_flag_eda,binary_flag_eda,no universal-level issue; continue type-specific EDA,0.0,0.0,0.0,2,2.0,False,False,0.0,2,95.91528539950318,
REG_CITY_NOT_LIVE_CITY,binary_flag,feature,P3_normal_type_specific_eda,route_to_binary_flag_eda,binary_flag_eda,no universal-level issue; continue type-specific EDA,0.0,0.0,0.0,2,2.0,False,False,0.0,2,92.19239028224166,
REG_CITY_NOT_WORK_CITY,binary_flag,feature,P3_normal_type_specific_eda,route_to_binary_flag_eda,binary_flag_eda,no universal-level issue; continue type-specific EDA,0.0,0.0,0.0,2,2.0,False,False,0.0,2,77.03386619135169,
LIVE_CITY_NOT_WORK_CITY,binary_flag,feature,P3_normal_type_specific_eda,route_to_binary_flag_eda,binary_flag_eda,no universal-level issue; continue type-specific EDA,0.0,0.0,0.0,2,2.0,False,False,0.0,2,82.1175843146061,
ORGANIZATION_TYPE,categorical_nominal,feature,P3_normal_type_specific_eda,route_to_categorical_nominal_eda,categorical_nominal_eda,no universal-level issue; continue type-specific EDA,0.0,0.0,0.0,58,58.0,False,False,0.0,58,22.12797013375251,
EXT_SOURCE_1,score_index_numeric,feature,P2_missingness_review,route_to_continuous_numeric_eda; consider_missingness_logic_later,continuous_numeric_eda,high combined missingness,56.38107254699833,42.12210733628755,14.25896521071078,114584,27207.0,False,False,54.43011326156826,134315,54.43011326156826,high_missing
EXT_SOURCE_2,score_index_numeric,feature,P3_normal_type_specific_eda,route_to_continuous_numeric_eda,continuous_numeric_eda,no universal-level issue; continue type-specific EDA,0.2146264686466501,0.01641227638273429,0.1982141922639158,119831,38885.0,False,False,0.187506140264698,127157,0.2304529059241274,
EXT_SOURCE_3,score_index_numeric,feature,P3_normal_type_specific_eda,route_to_continuous_numeric_eda,continuous_numeric_eda,no universal-level issue; continue type-specific EDA,19.82530706218639,17.7827014606926,2.042605601493793,814,702.0,False,False,19.54583093570616,814,19.54583093570616,
APARTMENTS_AVG,property_normalized_numeric,feature,P2_missingness_review,route_to_continuous_numeric_eda; consider_missingness_logic_later,continuous_numeric_eda,high combined missingness,50.74972927797705,49.00500574429673,1.744723533680322,2339,1543.0,False,False,50.51101037178426,2391,50.51101037178426,high_missing
BASEMENTAREA_AVG,property_normalized_numeric,feature,P2_missingness_review,route_to_continuous_numeric_eda; consider_missingness_logic_later,continuous_numeric_eda,high combined missingness,58.51595552679416,56.7064664368948,1.809489089899358,3780,2816.0,False,False,58.26837518069922,3831,58.26837518069922,high_missing
YEARS_BEGINEXPLUATATION_AVG,property_normalized_numeric,feature,P3_normal_type_specific_eda,route_to_continuous_numeric_eda,continuous_numeric_eda,no universal-level issue; continue type-specific EDA,48.78101921557278,46.88987362547185,1.891145590100926,285,175.0,False,False,48.52226635415644,294,48.52226635415644,
YEARS_BUILD_AVG,property_normalized_numeric,feature,P2_missingness_review,route_to_continuous_numeric_eda; consider_missingness_logic_later,continuous_numeric_eda,high combined missingness,66.49778381911543,65.27572624322994,1.222057575885486,149,130.0,False,False,66.3305778164517,149,66.3305778164517,high_missing
COMMONAREA_AVG,property_normalized_numeric,feature,P2_missingness_review,route_to_continuous_numeric_eda; consider_missingness_logic_later,continuous_numeric_eda,high combined missingness,69.87229725115525,68.71614967996061,1.156147571194637,3181,2042.0,False,False,69.71410927565928,3271,69.71410927565928,high_missing
ELEVATORS_AVG,property_normalized_numeric,feature,P2_missingness_review,route_to_continuous_numeric_eda; consider_missingness_logic_later,continuous_numeric_eda,high combined missingness,53.29597965601231,51.67610372558674,1.619875930425565,257,181.0,False,False,53.07434281624117,266,53.07434281624117,high_missing
ENTRANCES_AVG,property_normalized_numeric,feature,P2_missingness_review,route_to_continuous_numeric_eda; consider_missingness_logic_later,continuous_numeric_eda,high combined missingness,50.3487680115508,48.37313310356146,1.975634907989338,285,200.0,False,False,50.07845503922752,294,50.07845503922752,high_missing
FLOORSMAX_AVG,property_normalized_numeric,feature,P3_normal_type_specific_eda,route_to_continuous_numeric_eda,continuous_numeric_eda,no universal-level issue; continue type-specific EDA,49.76082156410665,47.84383719021829,1.916984373888361,403,252.0,False,False,49.49853335391784,414,49.49853335391784,
FLOORSMIN_AVG,property_normalized_numeric,feature,P2_missingness_review,route_to_continuous_numeric_eda; consider_missingness_logic_later,continuous_numeric_eda,high combined missingness,67.84862980511267,66.60512063023141,1.243509174881254,305,198.0,False,False,67.67848872296528,318,67.67848872296528,high_missing
LANDAREA_AVG,property_normalized_numeric,feature,P2_missingness_review,route_to_continuous_numeric_eda; consider_missingness_logic_later,continuous_numeric_eda,high combined missingness,59.37673774271489,57.96405711472181,1.412680627993083,3527,2540.0,False,False,59.1834500568413,3580,59.1834500568413,high_missing
LIVINGAPARTMENTS_AVG,property_normalized_numeric,feature,P2_missingness_review,route_to_continuous_numeric_eda; consider_missingness_logic_later,continuous_numeric_eda,high combined missingness,68.35495315614726,67.24930247825374,1.105650677893522,1868,1211.0,False,False,68.2036743343953,1917,68.2036743343953,high_missing
LIVINGAREA_AVG,property_normalized_numeric,feature,P3_normal_type_specific_eda,route_to_continuous_numeric_eda,continuous_numeric_eda,no universal-level issue; continue type-specific EDA,50.19332641759156,48.31774167076973,1.875584746821829,5199,3848.0,False,False,49.93670264276992,5272,49.93670264276992,
NONLIVINGAPARTMENTS_AVG,property_normalized_numeric,feature,P2_missingness_review,route_to_continuous_numeric_eda; consider_missingness_logic_later,continuous_numeric_eda,high combined missingness,69.43296337366793,68.41252256688003,1.020440806787903,386,241.0,False,False,69.2933432513228,410,69.2933432513228,high_missing
NONLIVINGAREA_AVG,property_normalized_numeric,feature,P2_missingness_review,route_to_continuous_numeric_eda; consider_missingness_logic_later,continuous_numeric_eda,high combined missingness,55.17916432257708,53.51222714590514,1.666937176671944,3290,2026.0,False,False,54.95108840577676,3397,54.95108840577676,high_missing
APARTMENTS_MODE,property_normalized_numeric,feature,P2_missingness_review,route_to_continuous_numeric_eda; consider_missingness_logic_later,continuous_numeric_eda,high combined missingness,50.74972927797705,49.00500574429673,1.744723533680322,760,636.0,False,False,50.51101037178426,770,50.51101037178426,high_missing
BASEMENTAREA_MODE,property_normalized_numeric,feature,P2_missingness_review,route_to_continuous_numeric_eda; consider_missingness_logic_later,continuous_numeric_eda,high combined missingness,58.51595552679416,56.7064664368948,1.809489089899358,3841,2835.0,False,False,58.26837518069922,3891,58.26837518069922,high_missing
YEARS_BEGINEXPLUATATION_MODE,property_normalized_numeric,feature,P3_normal_type_specific_eda,route_to_continuous_numeric_eda,continuous_numeric_eda,no universal-level issue; continue type-specific EDA,48.78101921557278,46.88987362547185,1.891145590100926,221,160.0,False,False,48.52226635415644,224,48.52226635415644,
YEARS_BUILD_MODE,property_normalized_numeric,feature,P2_missingness_review,route_to_continuous_numeric_eda; consider_missingness_logic_later,continuous_numeric_eda,high combined missingness,66.49778381911543,65.27572624322994,1.222057575885486,154,132.0,False,False,66.3305778164517,154,66.3305778164517,high_missing
COMMONAREA_MODE,property_normalized_numeric,feature,P2_missingness_review,route_to_continuous_numeric_eda; consider_missingness_logic_later,continuous_numeric_eda,high combined missingness,69.87229725115525,68.71614967996061,1.156147571194637,3128,2001.0,False,False,69.71410927565928,3215,69.71410927565928,high_missing
ELEVATORS_MODE,property_normalized_numeric,feature,P2_missingness_review,route_to_continuous_numeric_eda; consider_missingness_logic_later,continuous_numeric_eda,high combined missingness,53.29597965601231,51.67610372558674,1.619875930425565,26,26.0,False,False,53.07434281624117,26,53.07434281624117,high_missing
ENTRANCES_MODE,property_normalized_numeric,feature,P2_missingness_review,route_to_continuous_numeric_eda; consider_missingness_logic_later,continuous_numeric_eda,high combined missingness,50.3487680115508,48.37313310356146,1.975634907989338,30,30.0,False,False,50.07845503922752,30,50.07845503922752,high_missing
FLOORSMAX_MODE,property_normalized_numeric,feature,P3_normal_type_specific_eda,route_to_continuous_numeric_eda,continuous_numeric_eda,no universal-level issue; continue type-specific EDA,49.76082156410665,47.84383719021829,1.916984373888361,25,25.0,False,False,49.49853335391784,25,49.49853335391784,
FLOORSMIN_MODE,property_normalized_numeric,feature,P2_missingness_review,route_to_continuous_numeric_eda; consider_missingness_logic_later,continuous_numeric_eda,high combined missingness,67.84862980511267,66.60512063023141,1.243509174881254,25,25.0,False,False,67.67848872296528,25,67.67848872296528,high_missing
LANDAREA_MODE,property_normalized_numeric,feature,P2_missingness_review,route_to_continuous_numeric_eda; consider_missingness_logic_later,continuous_numeric_eda,high combined missingness,59.37673774271489,57.96405711472181,1.412680627993083,3563,2560.0,False,False,59.1834500568413,3621,59.1834500568413,high_missing
LIVINGAPARTMENTS_MODE,property_normalized_numeric,feature,P2_missingness_review,route_to_continuous_numeric_eda; consider_missingness_logic_later,continuous_numeric_eda,high combined missingness,68.35495315614726,67.24930247825374,1.105650677893522,736,602.0,False,False,68.2036743343953,749,68.2036743343953,high_missing
LIVINGAREA_MODE,property_normalized_numeric,feature,P3_normal_type_specific_eda,route_to_continuous_numeric_eda,continuous_numeric_eda,no universal-level issue; continue type-specific EDA,50.19332641759156,48.31774167076973,1.875584746821829,5301,3842.0,False,False,49.93670264276992,5382,49.93670264276992,
NONLIVINGAPARTMENTS_MODE,property_normalized_numeric,feature,P2_missingness_review,route_to_continuous_numeric_eda; consider_missingness_logic_later,continuous_numeric_eda,high combined missingness,69.43296337366793,68.41252256688003,1.020440806787903,167,106.0,False,False,69.2933432513228,178,69.2933432513228,high_missing
NONLIVINGAREA_MODE,property_normalized_numeric,feature,P2_missingness_review,route_to_continuous_numeric_eda; consider_missingness_logic_later,continuous_numeric_eda,high combined missingness,55.17916432257708,53.51222714590514,1.666937176671944,3327,2025.0,False,False,54.95108840577676,3432,54.95108840577676,high_missing
APARTMENTS_MEDI,property_normalized_numeric,feature,P2_missingness_review,route_to_continuous_numeric_eda; consider_missingness_logic_later,continuous_numeric_eda,high combined missingness,50.74972927797705,49.00500574429673,1.744723533680322,1148,918.0,False,False,50.51101037178426,1163,50.51101037178426,high_missing
BASEMENTAREA_MEDI,property_normalized_numeric,feature,P2_missingness_review,route_to_continuous_numeric_eda; consider_missingness_logic_later,continuous_numeric_eda,high combined missingness,58.51595552679416,56.7064664368948,1.809489089899358,3772,2805.0,False,False,58.26837518069922,3821,58.26837518069922,high_missing
YEARS_BEGINEXPLUATATION_MEDI,property_normalized_numeric,feature,P3_normal_type_specific_eda,route_to_continuous_numeric_eda,continuous_numeric_eda,no universal-level issue; continue type-specific EDA,48.78101921557278,46.88987362547185,1.891145590100926,245,169.0,False,False,48.52226635415644,250,48.52226635415644,
YEARS_BUILD_MEDI,property_normalized_numeric,feature,P2_missingness_review,route_to_continuous_numeric_eda; consider_missingness_logic_later,continuous_numeric_eda,high combined missingness,66.49778381911543,65.27572624322994,1.222057575885486,151,129.0,False,False,66.3305778164517,151,66.3305778164517,high_missing
COMMONAREA_MEDI,property_normalized_numeric,feature,P2_missingness_review,route_to_continuous_numeric_eda; consider_missingness_logic_later,continuous_numeric_eda,high combined missingness,69.87229725115525,68.71614967996061,1.156147571194637,3202,2034.0,False,False,69.71410927565928,3289,69.71410927565928,high_missing
ELEVATORS_MEDI,property_normalized_numeric,feature,P2_missingness_review,route_to_continuous_numeric_eda; consider_missingness_logic_later,continuous_numeric_eda,high combined missingness,53.29597965601231,51.67610372558674,1.619875930425565,46,43.0,False,False,53.07434281624117,46,53.07434281624117,high_missing
ENTRANCES_MEDI,property_normalized_numeric,feature,P2_missingness_review,route_to_continuous_numeric_eda; consider_missingness_logic_later,continuous_numeric_eda,high combined missingness,50.3487680115508,48.37313310356146,1.975634907989338,46,43.0,False,False,50.07845503922752,46,50.07845503922752,high_missing
FLOORSMAX_MEDI,property_normalized_numeric,feature,P3_normal_type_specific_eda,route_to_continuous_numeric_eda,continuous_numeric_eda,no universal-level issue; continue type-specific EDA,49.76082156410665,47.84383719021829,1.916984373888361,49,47.0,False,False,49.49853335391784,49,49.49853335391784,
FLOORSMIN_MEDI,property_normalized_numeric,feature,P2_missingness_review,route_to_continuous_numeric_eda; consider_missingness_logic_later,continuous_numeric_eda,high combined missingness,67.84862980511267,66.60512063023141,1.243509174881254,47,44.0,False,False,67.67848872296528,47,67.67848872296528,high_missing
LANDAREA_MEDI,property_normalized_numeric,feature,P2_missingness_review,route_to_continuous_numeric_eda; consider_missingness_logic_later,continuous_numeric_eda,high combined missingness,59.37673774271489,57.96405711472181,1.412680627993083,3560,2562.0,False,False,59.1834500568413,3618,59.1834500568413,high_missing
LIVINGAPARTMENTS_MEDI,property_normalized_numeric,feature,P2_missingness_review,route_to_continuous_numeric_eda; consider_missingness_logic_later,continuous_numeric_eda,high combined missingness,68.35495315614726,67.24930247825374,1.105650677893522,1097,843.0,False,False,68.2036743343953,1119,68.2036743343953,high_missing
LIVINGAREA_MEDI,property_normalized_numeric,feature,P3_normal_type_specific_eda,route_to_continuous_numeric_eda,continuous_numeric_eda,no universal-level issue; continue type-specific EDA,50.19332641759156,48.31774167076973,1.875584746821829,5281,3885.0,False,False,49.93670264276992,5360,49.93670264276992,
NONLIVINGAPARTMENTS_MEDI,property_normalized_numeric,feature,P2_missingness_review,route_to_continuous_numeric_eda; consider_missingness_logic_later,continuous_numeric_eda,high combined missingness,69.43296337366793,68.41252256688003,1.020440806787903,214,134.0,False,False,69.2933432513228,231,69.2933432513228,high_missing
NONLIVINGAREA_MEDI,property_normalized_numeric,feature,P2_missingness_review,route_to_continuous_numeric_eda; consider_missingness_logic_later,continuous_numeric_eda,high combined missingness,55.17916432257708,53.51222714590514,1.666937176671944,3323,2030.0,False,False,54.95108840577676,3419,54.95108840577676,high_missing
FONDKAPREMONT_MODE,categorical_nominal,feature,P2_missingness_review,route_to_categorical_nominal_eda; consider_missingness_logic_later,categorical_nominal_eda,high combined missingness,68.38617155158677,67.28417856556705,1.101992986019724,4,4.0,False,False,68.23539318746403,4,68.23539318746403,high_missing
HOUSETYPE_MODE,categorical_nominal,feature,P3_normal_type_specific_eda,route_to_categorical_nominal_eda,categorical_nominal_eda,no universal-level issue; continue type-specific EDA,50.176091261776,48.45519448547513,1.720896776300869,3,3.0,False,False,49.94063241217667,3,49.94063241217667,
TOTALAREA_MODE,property_normalized_numeric,feature,P3_normal_type_specific_eda,route_to_continuous_numeric_eda,continuous_numeric_eda,no universal-level issue; continue type-specific EDA,48.26851722377411,46.41391761037256,1.854599613401554,5116,3820.0,False,False,48.01476470505677,5191,48.01476470505677,
WALLSMATERIAL_MODE,categorical_nominal,feature,P2_missingness_review,route_to_categorical_nominal_eda; consider_missingness_logic_later,categorical_nominal_eda,high combined missingness,50.8407829313423,49.01731495158378,1.823467979758512,7,7.0,False,False,50.59128994680776,7,50.59128994680776,high_missing
EMERGENCYSTATE_MODE,categorical_binary,feature,P3_normal_type_specific_eda,route_to_categorical_nominal_eda,categorical_nominal_eda,no universal-level issue; continue type-specific EDA,47.39830445089769,45.56253077301822,1.835773677879473,2,2.0,False,False,47.14712775961039,2,52.09947930555361,
OBS_30_CNT_SOCIAL_CIRCLE,discrete_count_numeric,feature,P3_normal_type_specific_eda,route_to_discrete_count_eda,discrete_count_eda,no universal-level issue; continue type-specific EDA,0.3320206431639844,0.05949450188741178,0.2725261412765726,33,28.0,False,False,0.2947327055058876,36,53.3143394478674,
DEF_30_CNT_SOCIAL_CIRCLE,discrete_count_numeric,feature,P3_normal_type_specific_eda,route_to_discrete_count_eda,discrete_count_eda,no universal-level issue; continue type-specific EDA,0.3320206431639844,0.05949450188741178,0.2725261412765726,10,8.0,False,False,0.2947327055058876,10,88.28479600286312,
OBS_60_CNT_SOCIAL_CIRCLE,discrete_count_numeric,feature,P3_normal_type_specific_eda,route_to_discrete_count_eda,discrete_count_eda,no universal-level issue; continue type-specific EDA,0.3320206431639844,0.05949450188741178,0.2725261412765726,33,27.0,False,False,0.2947327055058876,35,53.55882724452991,
DEF_60_CNT_SOCIAL_CIRCLE,discrete_count_numeric,feature,P3_normal_type_specific_eda,route_to_discrete_count_eda,discrete_count_eda,no universal-level issue; continue type-specific EDA,0.3320206431639844,0.05949450188741178,0.2725261412765726,9,7.0,False,False,0.2947327055058876,9,91.32082356738853,
DAYS_LAST_PHONE_CHANGE,date_duration_numeric,feature,P3_normal_type_specific_eda,route_to_date_duration_eda,date_duration_eda,no universal-level issue; continue type-specific EDA,0.0003251916191615909,0.0,0.0003251916191615909,3773,3579.0,False,False,0.000280697814767512,3846,12.20277610138805,
FLAG_DOCUMENT_2,binary_flag,feature,P1_stability_review,route_to_binary_flag_eda; also stability_review,binary_flag_eda,constant in test; near-constant combined distribution,0.0,0.0,0.0,2,1.0,False,True,0.0,2,99.99635092840802,constant_test; near_constant
FLAG_DOCUMENT_3,binary_flag,feature,P3_normal_type_specific_eda,route_to_binary_flag_eda,binary_flag_eda,no universal-level issue; continue type-specific EDA,0.0,0.0,0.0,2,2.0,False,False,0.0,2,72.0503571879693,
FLAG_DOCUMENT_4,binary_flag,feature,P2_low_variance_review,route_to_binary_flag_eda; low_variance_review_later,binary_flag_eda,near-constant combined distribution,0.0,0.0,0.0,2,2.0,False,False,0.0,2,99.99157906555698,near_constant
FLAG_DOCUMENT_5,binary_flag,feature,P3_normal_type_specific_eda,route_to_binary_flag_eda,binary_flag_eda,no universal-level issue; continue type-specific EDA,0.0,0.0,0.0,2,2.0,False,False,0.0,2,98.49349482814276,
FLAG_DOCUMENT_6,binary_flag,feature,P3_normal_type_specific_eda,route_to_binary_flag_eda,binary_flag_eda,no universal-level issue; continue type-specific EDA,0.0,0.0,0.0,2,2.0,False,False,0.0,2,91.20236908955664,
FLAG_DOCUMENT_7,binary_flag,feature,P2_low_variance_review,route_to_binary_flag_eda; low_variance_review_later,binary_flag_eda,near-constant combined distribution,0.0,0.0,0.0,2,2.0,False,False,0.0,2,99.98287743329918,near_constant
FLAG_DOCUMENT_8,binary_flag,feature,P3_normal_type_specific_eda,route_to_binary_flag_eda,binary_flag_eda,no universal-level issue; continue type-specific EDA,0.0,0.0,0.0,2,2.0,False,False,0.0,2,91.76544890598026,
FLAG_DOCUMENT_9,binary_flag,feature,P2_low_variance_review,route_to_binary_flag_eda; low_variance_review_later,binary_flag_eda,near-constant combined distribution,0.0,0.0,0.0,2,2.0,False,False,0.0,2,99.60225119647444,near_constant
FLAG_DOCUMENT_10,binary_flag,feature,P1_stability_review,route_to_binary_flag_eda; also stability_review,binary_flag_eda,constant in test; near-constant combined distribution,0.0,0.0,0.0,2,1.0,False,True,0.0,2,99.99803511529663,constant_test; near_constant
FLAG_DOCUMENT_11,binary_flag,feature,P2_low_variance_review,route_to_binary_flag_eda; low_variance_review_later,binary_flag_eda,near-constant combined distribution,0.0,0.0,0.0,2,2.0,False,False,0.0,2,99.64632075339294,near_constant
FLAG_DOCUMENT_12,binary_flag,feature,P1_stability_review,route_to_binary_flag_eda; also stability_review,binary_flag_eda,constant in test; near-constant combined distribution,0.0,0.0,0.0,2,1.0,False,True,0.0,2,99.99943860437045,constant_test; near_constant
FLAG_DOCUMENT_13,binary_flag,feature,P1_stability_review,route_to_binary_flag_eda; also stability_review,binary_flag_eda,constant in test; near-constant combined distribution,0.0,0.0,0.0,2,1.0,False,True,0.0,2,99.69572356879202,constant_test; near_constant
FLAG_DOCUMENT_14,binary_flag,feature,P1_stability_review,route_to_binary_flag_eda; also stability_review,binary_flag_eda,constant in test; near-constant combined distribution,0.0,0.0,0.0,2,1.0,False,True,0.0,2,99.74652987326493,constant_test; near_constant
FLAG_DOCUMENT_15,binary_flag,feature,P1_stability_review,route_to_binary_flag_eda; also stability_review,binary_flag_eda,constant in test; near-constant combined distribution,0.0,0.0,0.0,2,1.0,False,True,0.0,2,99.89558041290648,constant_test; near_constant
FLAG_DOCUMENT_16,binary_flag,feature,P1_stability_review,route_to_binary_flag_eda; also stability_review,binary_flag_eda,constant in test; near-constant combined distribution,0.0,0.0,0.0,2,1.0,False,True,0.0,2,99.14302957151479,constant_test; near_constant
FLAG_DOCUMENT_17,binary_flag,feature,P1_stability_review,route_to_binary_flag_eda; also stability_review,binary_flag_eda,constant in test; near-constant combined distribution,0.0,0.0,0.0,2,1.0,False,True,0.0,2,99.97698277918906,constant_test; near_constant
FLAG_DOCUMENT_18,binary_flag,feature,P2_low_variance_review,route_to_binary_flag_eda; low_variance_review_later,binary_flag_eda,near-constant combined distribution,0.0,0.0,0.0,2,2.0,False,False,0.0,2,99.27692242915889,near_constant
FLAG_DOCUMENT_19,binary_flag,feature,P1_stability_review,route_to_binary_flag_eda; also stability_review,binary_flag_eda,constant in test; near-constant combined distribution,0.0,0.0,0.0,2,1.0,False,True,0.0,2,99.94863229989754,constant_test; near_constant
FLAG_DOCUMENT_20,binary_flag,feature,P1_stability_review,route_to_binary_flag_eda; also stability_review,binary_flag_eda,constant in test; near-constant combined distribution,0.0,0.0,0.0,2,1.0,False,True,0.0,2,99.95621114089627,constant_test; near_constant
FLAG_DOCUMENT_21,binary_flag,feature,P1_stability_review,route_to_binary_flag_eda; also stability_review,binary_flag_eda,constant in test; near-constant combined distribution,0.0,0.0,0.0,2,1.0,False,True,0.0,2,99.97108812507895,constant_test; near_constant
AMT_REQ_CREDIT_BUREAU_HOUR,discrete_count_numeric,feature,P3_normal_type_specific_eda,route_to_discrete_count_eda,discrete_count_eda,no universal-level issue; continue type-specific EDA,13.5016308359701,12.40973247989496,1.091898356075136,5,3.0,False,False,13.35223365286101,5,86.1663695948127,
AMT_REQ_CREDIT_BUREAU_DAY,discrete_count_numeric,feature,P3_normal_type_specific_eda,route_to_discrete_count_eda,discrete_count_eda,no universal-level issue; continue type-specific EDA,13.5016308359701,12.40973247989496,1.091898356075136,9,3.0,False,False,13.35223365286101,9,86.21015845391643,
AMT_REQ_CREDIT_BUREAU_WEEK,discrete_count_numeric,feature,P3_normal_type_specific_eda,route_to_discrete_count_eda,discrete_count_eda,no universal-level issue; continue type-specific EDA,13.5016308359701,12.40973247989496,1.091898356075136,9,3.0,False,False,13.35223365286101,9,84.21916885377047,
AMT_REQ_CREDIT_BUREAU_MON,discrete_count_numeric,feature,P3_normal_type_specific_eda,route_to_discrete_count_eda,discrete_count_eda,no universal-level issue; continue type-specific EDA,13.5016308359701,12.40973247989496,1.091898356075136,24,7.0,False,False,13.35223365286101,24,74.26534364429973,
AMT_REQ_CREDIT_BUREAU_QRT,discrete_count_numeric,feature,P3_normal_type_specific_eda,route_to_discrete_count_eda,discrete_count_eda,no universal-level issue; continue type-specific EDA,13.5016308359701,12.40973247989496,1.091898356075136,11,8.0,False,False,13.35223365286101,11,67.08004098188096,
AMT_REQ_CREDIT_BUREAU_YEAR,discrete_count_numeric,feature,P3_normal_type_specific_eda,route_to_discrete_count_eda,discrete_count_eda,no universal-level issue; continue type-specific EDA,13.5016308359701,12.40973247989496,1.091898356075136,25,16.0,False,False,13.35223365286101,25,23.1968674123872,
has_bureau_history,binary_flag,feature,P3_normal_type_specific_eda,route_to_binary_flag_eda,binary_flag_eda,no universal-level issue; continue type-specific EDA,0.0,0.0,0.0,2,2.0,False,False,0.0,2,85.84047943186762,
bureau_record_count,discrete_count_numeric,feature,P3_normal_type_specific_eda,route_to_discrete_count_eda,discrete_count_eda,no universal-level issue; continue type-specific EDA,14.31493507549323,13.17905793533563,1.135877140157604,60,49.0,False,False,14.15952056813238,64,14.15952056813238,
bureau_unique_credit_type_count,discrete_count_numeric,feature,P3_normal_type_specific_eda,route_to_discrete_count_eda,discrete_count_eda,no universal-level issue; continue type-specific EDA,14.31493507549323,13.17905793533563,1.135877140157604,6,5.0,False,False,14.15952056813238,6,46.77913292445018,
bureau_unique_currency_count,discrete_count_numeric,feature,P3_normal_type_specific_eda,route_to_discrete_count_eda,discrete_count_eda,no universal-level issue; continue type-specific EDA,14.31493507549323,13.17905793533563,1.135877140157604,3,3.0,False,False,14.15952056813238,3,85.53957137443685,
bureau_active_count,discrete_count_numeric,feature,P3_normal_type_specific_eda,route_to_discrete_count_eda,discrete_count_eda,no universal-level issue; continue type-specific EDA,14.31493507549323,13.17905793533563,1.135877140157604,23,19.0,False,False,14.15952056813238,23,23.99629478884507,
bureau_active_ratio,ratio_rate_numeric,feature,P3_normal_type_specific_eda,route_to_ratio_rate_eda,ratio_rate_eda,no universal-level issue; continue type-specific EDA,14.31493507549323,13.17905793533563,1.135877140157604,296,208.0,False,False,14.15952056813238,315,15.15655920618658,
bureau_closed_count,discrete_count_numeric,feature,P3_normal_type_specific_eda,route_to_discrete_count_eda,discrete_count_eda,no universal-level issue; continue type-specific EDA,14.31493507549323,13.17905793533563,1.135877140157604,54,42.0,False,False,14.15952056813238,57,17.31765168208166,
bureau_closed_ratio,ratio_rate_numeric,feature,P3_normal_type_specific_eda,route_to_ratio_rate_eda,ratio_rate_eda,no universal-level issue; continue type-specific EDA,14.31493507549323,13.17905793533563,1.135877140157604,304,208.0,False,False,14.15952056813238,319,14.93059746529873,
bureau_sold_count,discrete_count_numeric,feature,P3_normal_type_specific_eda,route_to_discrete_count_eda,discrete_count_eda,no universal-level issue; continue type-specific EDA,14.31493507549323,13.17905793533563,1.135877140157604,8,6.0,False,False,14.15952056813238,8,84.15039788915243,
bureau_sold_ratio,ratio_rate_numeric,feature,P3_normal_type_specific_eda,route_to_ratio_rate_eda,ratio_rate_eda,no universal-level issue; continue type-specific EDA,14.31493507549323,13.17905793533563,1.135877140157604,70,53.0,False,False,14.15952056813238,76,84.15039788915243,
bureau_bad_debt_count,binary_flag,feature,P3_normal_type_specific_eda,route_to_binary_flag_eda,binary_flag_eda,no universal-level issue; continue type-specific EDA,14.31493507549323,13.17905793533563,1.135877140157604,2,2.0,False,False,14.15952056813238,2,85.8345847777575,
bureau_bad_debt_ratio,ratio_rate_numeric,feature,P3_normal_type_specific_eda,route_to_ratio_rate_eda,ratio_rate_eda,no universal-level issue; continue type-specific EDA,14.31493507549323,13.17905793533563,1.135877140157604,15,2.0,False,False,14.15952056813238,16,85.8345847777575,
bureau_overdue_days_record_count,discrete_count_numeric,feature,P3_normal_type_specific_eda,route_to_discrete_count_eda,discrete_count_eda,no universal-level issue; continue type-specific EDA,14.31493507549323,13.17905793533563,1.135877140157604,8,7.0,False,False,14.15952056813238,8,84.75586307560596,
bureau_overdue_days_record_ratio,ratio_rate_numeric,feature,P3_normal_type_specific_eda,route_to_ratio_rate_eda,ratio_rate_eda,no universal-level issue; continue type-specific EDA,14.31493507549323,13.17905793533563,1.135877140157604,67,39.0,False,False,14.15952056813238,71,84.75586307560596,
bureau_overdue_amount_record_count,discrete_count_numeric,feature,P3_normal_type_specific_eda,route_to_discrete_count_eda,discrete_count_eda,no universal-level issue; continue type-specific EDA,14.31493507549323,13.17905793533563,1.135877140157604,8,7.0,False,False,14.15952056813238,8,84.77354703793631,
bureau_overdue_amount_record_ratio,ratio_rate_numeric,feature,P3_normal_type_specific_eda,route_to_ratio_rate_eda,ratio_rate_eda,no universal-level issue; continue type-specific EDA,14.31493507549323,13.17905793533563,1.135877140157604,68,40.0,False,False,14.15952056813238,72,84.77354703793631,
bureau_debt_record_count,discrete_count_numeric,feature,P3_normal_type_specific_eda,route_to_discrete_count_eda,discrete_count_eda,no universal-level issue; continue type-specific EDA,14.31493507549323,13.17905793533563,1.135877140157604,18,16.0,False,False,14.15952056813238,19,27.56199912983677,
bureau_debt_record_ratio,ratio_rate_numeric,feature,P3_normal_type_specific_eda,route_to_ratio_rate_eda,ratio_rate_eda,no universal-level issue; continue type-specific EDA,14.31493507549323,13.17905793533563,1.135877140157604,259,197.0,False,False,14.15952056813238,279,25.33831104124855,
bureau_future_enddate_count,discrete_count_numeric,feature,P3_normal_type_specific_eda,route_to_discrete_count_eda,discrete_count_eda,no universal-level issue; continue type-specific EDA,14.31493507549323,13.17905793533563,1.135877140157604,28,22.0,False,False,14.15952056813238,28,24.20092349581058,
bureau_future_enddate_ratio,ratio_rate_numeric,feature,P3_normal_type_specific_eda,route_to_ratio_rate_eda,ratio_rate_eda,no universal-level issue; continue type-specific EDA,14.31493507549323,13.17905793533563,1.135877140157604,313,237.0,False,False,14.15952056813238,341,18.48900366310648,
bureau_recent_6m_count,discrete_count_numeric,feature,P3_normal_type_specific_eda,route_to_discrete_count_eda,discrete_count_eda,no universal-level issue; continue type-specific EDA,14.31493507549323,13.17905793533563,1.135877140157604,28,25.0,False,False,14.15952056813238,32,59.48941067493789,
bureau_recent_6m_ratio,ratio_rate_numeric,feature,P3_normal_type_specific_eda,route_to_ratio_rate_eda,ratio_rate_eda,no universal-level issue; continue type-specific EDA,14.31493507549323,13.17905793533563,1.135877140157604,261,183.0,False,False,14.15952056813238,288,59.48941067493789,
bureau_recent_12m_count,discrete_count_numeric,feature,P3_normal_type_specific_eda,route_to_discrete_count_eda,discrete_count_eda,no universal-level issue; continue type-specific EDA,14.31493507549323,13.17905793533563,1.135877140157604,32,37.0,False,False,14.15952056813238,38,36.69674811581592,
bureau_recent_12m_ratio,ratio_rate_numeric,feature,P3_normal_type_specific_eda,route_to_ratio_rate_eda,ratio_rate_eda,no universal-level issue; continue type-specific EDA,14.31493507549323,13.17905793533563,1.135877140157604,317,237.0,False,False,14.15952056813238,349,36.69674811581592,
bureau_recent_24m_count,discrete_count_numeric,feature,P3_normal_type_specific_eda,route_to_discrete_count_eda,discrete_count_eda,no universal-level issue; continue type-specific EDA,14.31493507549323,13.17905793533563,1.135877140157604,42,38.0,False,False,14.15952056813238,45,22.94564286817027,
bureau_recent_24m_ratio,ratio_rate_numeric,feature,P3_normal_type_specific_eda,route_to_ratio_rate_eda,ratio_rate_eda,no universal-level issue; continue type-specific EDA,14.31493507549323,13.17905793533563,1.135877140157604,366,270.0,False,False,14.15952056813238,397,17.56915692411335,
bureau_recent_update_6m_count,discrete_count_numeric,feature,P3_normal_type_specific_eda,route_to_discrete_count_eda,discrete_count_eda,no universal-level issue; continue type-specific EDA,14.31493507549323,13.17905793533563,1.135877140157604,35,34.0,False,False,14.15952056813238,37,22.67869924632637,
bureau_recent_update_6m_ratio,ratio_rate_numeric,feature,P3_normal_type_specific_eda,route_to_ratio_rate_eda,ratio_rate_eda,no universal-level issue; continue type-specific EDA,14.31493507549323,13.17905793533563,1.135877140157604,338,251.0,False,False,14.15952056813238,372,14.15952056813238,
bureau_recent_update_12m_count,discrete_count_numeric,feature,P3_normal_type_specific_eda,route_to_discrete_count_eda,discrete_count_eda,no universal-level issue; continue type-specific EDA,14.31493507549323,13.17905793533563,1.135877140157604,39,38.0,False,False,14.15952056813238,45,20.09824423516863,
bureau_recent_update_12m_ratio,ratio_rate_numeric,feature,P3_normal_type_specific_eda,route_to_ratio_rate_eda,ratio_rate_eda,no universal-level issue; continue type-specific EDA,14.31493507549323,13.17905793533563,1.135877140157604,360,260.0,False,False,14.15952056813238,392,18.13813139464709,
bureau_with_balance_count,discrete_count_numeric,feature,P3_normal_type_specific_eda,route_to_discrete_count_eda,discrete_count_eda,no universal-level issue; continue type-specific EDA,14.31493507549323,13.17905793533563,1.135877140157604,57,49.0,False,False,14.15952056813238,61,48.07483403741702,
bureau_with_balance_ratio,ratio_rate_numeric,feature,P3_normal_type_specific_eda,route_to_ratio_rate_eda,ratio_rate_eda,no universal-level issue; continue type-specific EDA,14.31493507549323,13.17905793533563,1.135877140157604,48,38.0,False,False,14.15952056813238,60,48.07483403741702,
bureau_type_consumer_credit_count,discrete_count_numeric,feature,P3_normal_type_specific_eda,route_to_discrete_count_eda,discrete_count_eda,no universal-level issue; continue type-specific EDA,14.31493507549323,13.17905793533563,1.135877140157604,54,43.0,False,False,14.15952056813238,57,15.49311588609283,
bureau_type_consumer_credit_ratio,ratio_rate_numeric,feature,P3_normal_type_specific_eda,route_to_ratio_rate_eda,ratio_rate_eda,no universal-level issue; continue type-specific EDA,14.31493507549323,13.17905793533563,1.135877140157604,329,233.0,False,False,14.15952056813238,363,25.91205737463334,
bureau_type_credit_card_count,discrete_count_numeric,feature,P3_normal_type_specific_eda,route_to_discrete_count_eda,discrete_count_eda,no universal-level issue; continue type-specific EDA,14.31493507549323,13.17905793533563,1.135877140157604,22,19.0,False,False,14.15952056813238,22,29.71074090188208,
bureau_type_credit_card_ratio,ratio_rate_numeric,feature,P3_normal_type_specific_eda,route_to_ratio_rate_eda,ratio_rate_eda,no universal-level issue; continue type-specific EDA,14.31493507549323,13.17905793533563,1.135877140157604,295,206.0,False,False,14.15952056813238,315,29.71074090188208,
bureau_type_car_loan_count,discrete_count_numeric,feature,P3_normal_type_specific_eda,route_to_discrete_count_eda,discrete_count_eda,no universal-level issue; continue type-specific EDA,14.31493507549323,13.17905793533563,1.135877140157604,10,9.0,False,False,14.15952056813238,11,79.44169204642742,
bureau_type_car_loan_ratio,ratio_rate_numeric,feature,P3_normal_type_specific_eda,route_to_ratio_rate_eda,ratio_rate_eda,no universal-level issue; continue type-specific EDA,14.31493507549323,13.17905793533563,1.135877140157604,102,72.0,False,False,14.15952056813238,109,79.44169204642742,
bureau_type_mortgage_count,discrete_count_numeric,feature,P3_normal_type_specific_eda,route_to_discrete_count_eda,discrete_count_eda,no universal-level issue; continue type-specific EDA,14.31493507549323,13.17905793533563,1.135877140157604,8,5.0,False,False,14.15952056813238,8,81.10959846177597,
bureau_type_mortgage_ratio,ratio_rate_numeric,feature,P3_normal_type_specific_eda,route_to_ratio_rate_eda,ratio_rate_eda,no universal-level issue; continue type-specific EDA,14.31493507549323,13.17905793533563,1.135877140157604,75,54.0,False,False,14.15952056813238,79,81.10959846177597,
bureau_type_microloan_count,discrete_count_numeric,feature,P3_normal_type_specific_eda,route_to_discrete_count_eda,discrete_count_eda,no universal-level issue; continue type-specific EDA,14.31493507549323,13.17905793533563,1.135877140157604,30,31.0,False,False,14.15952056813238,37,84.55909390745393,
bureau_type_microloan_ratio,ratio_rate_numeric,feature,P3_normal_type_specific_eda,route_to_ratio_rate_eda,ratio_rate_eda,no universal-level issue; continue type-specific EDA,14.31493507549323,13.17905793533563,1.135877140157604,194,151.0,False,False,14.15952056813238,227,84.55909390745393,
bureau_type_business_loan_count,discrete_count_numeric,feature,P3_normal_type_specific_eda,route_to_discrete_count_eda,discrete_count_eda,no universal-level issue; continue type-specific EDA,14.31493507549323,13.17905793533563,1.135877140157604,8,5.0,False,False,14.15952056813238,8,85.39164362605437,
bureau_type_business_loan_ratio,ratio_rate_numeric,feature,P3_normal_type_specific_eda,route_to_ratio_rate_eda,ratio_rate_eda,no universal-level issue; continue type-specific EDA,14.31493507549323,13.17905793533563,1.135877140157604,57,36.0,False,False,14.15952056813238,60,85.39164362605437,
bureau_type_working_capital_loan_count,discrete_count_numeric,feature,P3_normal_type_specific_eda,route_to_discrete_count_eda,discrete_count_eda,no universal-level issue; continue type-specific EDA,14.31493507549323,13.17905793533563,1.135877140157604,5,4.0,False,False,14.15952056813238,5,85.72427053655387,
bureau_type_working_capital_loan_ratio,ratio_rate_numeric,feature,P3_normal_type_specific_eda,route_to_ratio_rate_eda,ratio_rate_eda,no universal-level issue; continue type-specific EDA,14.31493507549323,13.17905793533563,1.135877140157604,43,28.0,False,False,14.15952056813238,48,85.72427053655387,
bureau_type_other_count,discrete_count_numeric,feature,P3_normal_type_specific_eda,route_to_discrete_count_eda,discrete_count_eda,no universal-level issue; continue type-specific EDA,14.31493507549323,13.17905793533563,1.135877140157604,5,5.0,False,False,14.15952056813238,5,85.4034329342746,
bureau_type_other_ratio,ratio_rate_numeric,feature,P3_normal_type_specific_eda,route_to_ratio_rate_eda,ratio_rate_eda,no universal-level issue; continue type-specific EDA,14.31493507549323,13.17905793533563,1.135877140157604,50,34.0,False,False,14.15952056813238,54,85.4034329342746,
bureau_record_per_credit_type_avg,continuous_amount_numeric,feature,P3_normal_type_specific_eda,route_to_continuous_numeric_eda,continuous_numeric_eda,no universal-level issue; continue type-specific EDA,14.31493507549323,13.17905793533563,1.135877140157604,132,98.0,False,False,14.15952056813238,137,16.98221779343448,
bureau_credit_amount_sum,continuous_amount_numeric,feature,P3_normal_type_specific_eda,route_to_continuous_numeric_eda,continuous_numeric_eda,no universal-level issue; continue type-specific EDA,14.31493507549323,13.17905793533563,1.135877140157604,205537,37222.0,False,False,14.15952056813238,236268,14.15952056813238,
bureau_credit_amount_mean,continuous_amount_numeric,feature,P3_normal_type_specific_eda,route_to_continuous_numeric_eda,continuous_numeric_eda,no universal-level issue; continue type-specific EDA,14.31526026711239,13.18110946988347,1.134150797228921,209360,37627.0,False,False,14.16008196376191,241031,14.16008196376191,
bureau_credit_amount_max,continuous_amount_numeric,feature,P3_normal_type_specific_eda,route_to_continuous_numeric_eda,continuous_numeric_eda,no universal-level issue; continue type-specific EDA,14.31526026711239,13.18110946988347,1.134150797228921,65151,16048.0,False,False,14.16008196376191,73773,14.16008196376191,
bureau_credit_amount_min,continuous_amount_numeric,feature,P3_normal_type_specific_eda,route_to_continuous_numeric_eda,continuous_numeric_eda,no universal-level issue; continue type-specific EDA,14.31526026711239,13.18110946988347,1.134150797228921,55801,15859.0,False,False,14.16008196376191,61581,14.23418618686053,
bureau_credit_amount_std,continuous_stat_numeric,feature,P3_normal_type_specific_eda,route_to_continuous_numeric_eda,continuous_numeric_eda,no universal-level issue; continue type-specific EDA,26.04524716189015,24.35786968652552,1.687377475364624,209690,35447.0,False,False,25.81437453509424,242766,25.81437453509424,
bureau_debt_amount_sum,continuous_amount_numeric,feature,P3_normal_type_specific_eda,route_to_continuous_numeric_eda,continuous_numeric_eda,no universal-level issue; continue type-specific EDA,14.31493507549323,13.17905793533563,1.135877140157604,154969,29299.0,False,False,14.15952056813238,176821,24.98940365749253,
bureau_debt_amount_mean,continuous_amount_numeric,feature,P3_normal_type_specific_eda,route_to_continuous_numeric_eda,continuous_numeric_eda,no universal-level issue; continue type-specific EDA,16.70834539252255,15.25521089775152,1.453134494771028,169264,29820.0,False,False,16.50952267336599,195032,22.63940155225892,
bureau_debt_amount_max,continuous_amount_numeric,feature,P3_normal_type_specific_eda,route_to_continuous_numeric_eda,continuous_numeric_eda,no universal-level issue; continue type-specific EDA,16.70834539252255,15.25521089775152,1.453134494771028,138938,28613.0,False,False,16.50952267336599,157142,22.96444962175969,
bureau_debt_amount_min,continuous_amount_numeric,feature,P3_normal_type_specific_eda,route_to_continuous_numeric_eda,continuous_numeric_eda,no universal-level issue; continue type-specific EDA,16.70834539252255,15.25521089775152,1.453134494771028,28602,3840.0,False,False,16.50952267336599,31581,72.90873110552835,
bureau_debt_amount_std,continuous_stat_numeric,feature,P3_normal_type_specific_eda,route_to_continuous_numeric_eda,continuous_numeric_eda,no universal-level issue; continue type-specific EDA,30.3660682056902,28.15936320367635,2.206705002013852,164401,27763.0,False,False,30.06413945067438,191132,30.06413945067438,
bureau_limit_amount_sum,continuous_amount_numeric,feature,P3_normal_type_specific_eda,route_to_continuous_numeric_eda,continuous_numeric_eda,no universal-level issue; continue type-specific EDA,14.31493507549323,13.17905793533563,1.135877140157604,37274,6239.0,False,False,14.15952056813238,42963,69.97796522154076,
bureau_limit_amount_mean,continuous_amount_numeric,feature,P3_normal_type_specific_eda,route_to_continuous_numeric_eda,continuous_numeric_eda,no universal-level issue; continue type-specific EDA,21.15989346722556,21.9165435745938,0.7566501073682339,38907,6496.0,False,False,21.26342086426857,44857,62.87406492540456,
bureau_limit_amount_max,continuous_amount_numeric,feature,P3_normal_type_specific_eda,route_to_continuous_numeric_eda,continuous_numeric_eda,no universal-level issue; continue type-specific EDA,21.15989346722556,21.9165435745938,0.7566501073682339,34311,5963.0,False,False,21.26342086426857,39697,62.89062609647584,
bureau_annuity_amount_sum,continuous_amount_numeric,feature,P3_normal_type_specific_eda,route_to_continuous_numeric_eda,continuous_numeric_eda,no universal-level issue; continue type-specific EDA,14.31493507549323,13.17905793533563,1.135877140157604,36090,20568.0,False,False,14.15952056813238,48199,60.53079956772537,
bureau_annuity_amount_mean,continuous_amount_numeric,feature,P1_stability_review,route_to_continuous_numeric_eda; also stability_review,continuous_numeric_eda,high combined missingness; large train-test missingness gap,73.98174374250027,21.60060725422616,52.38113648827411,40538,23653.0,False,False,66.81478154692566,58038,66.81478154692566,high_missing; large_train_test_missing_gap
bureau_annuity_amount_max,continuous_amount_numeric,feature,P1_stability_review,route_to_continuous_numeric_eda; also stability_review,continuous_numeric_eda,high combined missingness; large train-test missingness gap,73.98174374250027,21.60060725422616,52.38113648827411,23582,15377.0,False,False,66.81478154692566,30558,66.81478154692566,high_missing; large_train_test_missing_gap
bureau_overdue_amount_sum,continuous_amount_numeric,feature,P3_normal_type_specific_eda,route_to_continuous_numeric_eda,continuous_numeric_eda,no universal-level issue; continue type-specific EDA,14.31493507549323,13.17905793533563,1.135877140157604,1218,290.0,False,False,14.15952056813238,1369,84.77354703793631,
bureau_overdue_amount_mean,continuous_amount_numeric,feature,P3_normal_type_specific_eda,route_to_continuous_numeric_eda,continuous_numeric_eda,no universal-level issue; continue type-specific EDA,14.31493507549323,13.17905793533563,1.135877140157604,1871,378.0,False,False,14.15952056813238,2079,84.77354703793631,
bureau_overdue_amount_max,continuous_amount_numeric,feature,P3_normal_type_specific_eda,route_to_continuous_numeric_eda,continuous_numeric_eda,no universal-level issue; continue type-specific EDA,14.31493507549323,13.17905793533563,1.135877140157604,1203,289.0,False,False,14.15952056813238,1350,84.77354703793631,
bureau_max_overdue_amount_sum,continuous_amount_numeric,feature,P3_normal_type_specific_eda,route_to_continuous_numeric_eda,continuous_numeric_eda,no universal-level issue; continue type-specific EDA,14.31493507549323,13.17905793533563,1.135877140157604,50190,8937.0,False,False,14.15952056813238,56528,63.29988351040687,
bureau_max_overdue_amount_mean,continuous_amount_numeric,feature,P3_normal_type_specific_eda,route_to_continuous_numeric_eda,continuous_numeric_eda,no universal-level issue; continue type-specific EDA,40.20181391885168,40.33111767602166,0.1293037571699784,55206,9238.0,False,False,40.21950569114819,62464,40.21950569114819,
bureau_max_overdue_amount_max,continuous_amount_numeric,feature,P3_normal_type_specific_eda,route_to_continuous_numeric_eda,continuous_numeric_eda,no universal-level issue; continue type-specific EDA,40.20181391885168,40.33111767602166,0.1293037571699784,44798,8724.0,False,False,40.21950569114819,50443,40.21950569114819,
bureau_overdue_days_sum,overdue_delay_numeric,feature,P3_normal_type_specific_eda,route_to_overdue_delay_eda,overdue_delay_eda,no universal-level issue; continue type-specific EDA,14.31493507549323,13.17905793533563,1.135877140157604,879,167.0,False,False,14.15952056813238,927,84.75586307560596,
bureau_overdue_days_mean,overdue_delay_numeric,feature,P3_normal_type_specific_eda,route_to_overdue_delay_eda,overdue_delay_eda,no universal-level issue; continue type-specific EDA,14.31493507549323,13.17905793533563,1.135877140157604,1541,297.0,False,False,14.15952056813238,1657,84.75586307560596,
bureau_overdue_days_max,overdue_delay_numeric,feature,P3_normal_type_specific_eda,route_to_overdue_delay_eda,overdue_delay_eda,no universal-level issue; continue type-specific EDA,14.31493507549323,13.17905793533563,1.135877140157604,868,163.0,False,False,14.15952056813238,917,84.75586307560596,
bureau_prolong_sum,discrete_count_numeric,feature,P3_normal_type_specific_eda,route_to_discrete_count_eda,discrete_count_eda,no universal-level issue; continue type-specific EDA,14.31493507549323,13.17905793533563,1.135877140157604,10,6.0,False,False,14.15952056813238,10,83.37146145317259,
bureau_prolong_mean,discrete_count_numeric,feature,P3_normal_type_specific_eda,route_to_discrete_count_eda,discrete_count_eda,no universal-level issue; continue type-specific EDA,14.31493507549323,13.17905793533563,1.135877140157604,111,41.0,False,False,14.15952056813238,111,83.37146145317259,
bureau_prolong_max,discrete_count_numeric,feature,P3_normal_type_specific_eda,route_to_discrete_count_eda,discrete_count_eda,no universal-level issue; continue type-specific EDA,14.31493507549323,13.17905793533563,1.135877140157604,10,6.0,False,False,14.15952056813238,10,83.37146145317259,
bureau_days_credit_min,date_duration_numeric,feature,P3_normal_type_specific_eda,route_to_date_duration_eda,date_duration_eda,no universal-level issue; continue type-specific EDA,14.31493507549323,13.17905793533563,1.135877140157604,2922,2915.0,False,False,14.15952056813238,2922,14.15952056813238,
bureau_days_credit_max,date_duration_numeric,feature,P3_normal_type_specific_eda,route_to_date_duration_eda,date_duration_eda,no universal-level issue; continue type-specific EDA,14.31493507549323,13.17905793533563,1.135877140157604,2923,2553.0,False,False,14.15952056813238,2923,14.15952056813238,
bureau_days_credit_mean,date_duration_numeric,feature,P3_normal_type_specific_eda,route_to_date_duration_eda,date_duration_eda,no universal-level issue; continue type-specific EDA,14.31493507549323,13.17905793533563,1.135877140157604,64556,22765.0,False,False,14.15952056813238,69801,14.15952056813238,
bureau_days_credit_std,continuous_stat_numeric,feature,P3_normal_type_specific_eda,route_to_continuous_numeric_eda,continuous_numeric_eda,no universal-level issue; continue type-specific EDA,26.04524716189015,24.35581815197768,1.689429009912466,187547,33084.0,False,False,25.81409383727948,216865,25.81409383727948,
bureau_days_enddate_min,date_duration_numeric,feature,P3_normal_type_specific_eda,route_to_date_duration_eda,date_duration_eda,no universal-level issue; continue type-specific EDA,15.04629102698765,13.86837354341047,1.177917483577181,6828,4580.0,False,False,14.8851244193064,7154,14.8851244193064,
bureau_days_enddate_max,date_duration_numeric,feature,P3_normal_type_specific_eda,route_to_date_duration_eda,date_duration_eda,no universal-level issue; continue type-specific EDA,15.04629102698765,13.86837354341047,1.177917483577181,13030,7744.0,False,False,14.8851244193064,13537,14.8851244193064,
bureau_days_enddate_mean,date_duration_numeric,feature,P3_normal_type_specific_eda,route_to_date_duration_eda,date_duration_eda,no universal-level issue; continue type-specific EDA,15.04629102698765,13.86837354341047,1.177917483577181,97903,27831.0,False,False,14.8851244193064,108600,14.8851244193064,
bureau_days_enddate_fact_min,date_duration_numeric,feature,P3_normal_type_specific_eda,route_to_date_duration_eda,date_duration_eda,no universal-level issue; continue type-specific EDA,25.09048456803171,22.4519940915805,2.63849047645121,2916,2855.0,False,False,24.72947748101781,2917,24.72947748101781,
bureau_days_enddate_fact_max,date_duration_numeric,feature,P3_normal_type_specific_eda,route_to_date_duration_eda,date_duration_eda,no universal-level issue; continue type-specific EDA,25.09048456803171,22.4519940915805,2.63849047645121,2807,2475.0,False,False,24.72947748101781,2816,24.72947748101781,
bureau_days_enddate_fact_mean,date_duration_numeric,feature,P3_normal_type_specific_eda,route_to_date_duration_eda,date_duration_eda,no universal-level issue; continue type-specific EDA,25.09048456803171,22.4519940915805,2.63849047645121,42356,16512.0,False,False,24.72947748101781,45759,24.72947748101781,
bureau_days_update_min,date_duration_numeric,feature,P3_normal_type_specific_eda,route_to_date_duration_eda,date_duration_eda,no universal-level issue; continue type-specific EDA,14.31493507549323,13.17905793533563,1.135877140157604,2969,2826.0,False,False,14.15952056813238,2971,14.15952056813238,
bureau_days_update_max,date_duration_numeric,feature,P3_normal_type_specific_eda,route_to_date_duration_eda,date_duration_eda,no universal-level issue; continue type-specific EDA,14.31493507549323,13.17905793533563,1.135877140157604,2663,1746.0,False,False,14.15952056813238,2694,14.15952056813238,
bureau_days_update_mean,date_duration_numeric,feature,P3_normal_type_specific_eda,route_to_date_duration_eda,date_duration_eda,no universal-level issue; continue type-specific EDA,14.31493507549323,13.17905793533563,1.135877140157604,55038,19788.0,False,False,14.15952056813238,59481,14.15952056813238,
bureau_days_update_std,continuous_stat_numeric,feature,P3_normal_type_specific_eda,route_to_continuous_numeric_eda,continuous_numeric_eda,no universal-level issue; continue type-specific EDA,26.04524716189015,24.35581815197768,1.689429009912466,184348,32583.0,False,False,25.81409383727948,213821,25.81409383727948,
bureau_debt_to_credit_mean,ratio_rate_numeric,feature,P3_normal_type_specific_eda,route_to_ratio_rate_eda,ratio_rate_eda,no universal-level issue; continue type-specific EDA,17.11613568295118,15.69013622189398,1.4259994610572,178887,29827.0,False,False,16.92102566981516,207991,22.38452793645002,
bureau_debt_to_credit_max,ratio_rate_numeric,feature,P3_normal_type_specific_eda,route_to_ratio_rate_eda,ratio_rate_eda,no universal-level issue; continue type-specific EDA,17.11613568295118,15.69013622189398,1.4259994610572,149849,27492.0,False,False,16.92102566981516,172882,22.612735259856,
bureau_debt_to_credit_min,ratio_rate_numeric,feature,P3_normal_type_specific_eda,route_to_ratio_rate_eda,ratio_rate_eda,no universal-level issue; continue type-specific EDA,17.11613568295118,15.69013622189398,1.4259994610572,31232,4136.0,False,False,16.92102566981516,35150,72.39477340668903,
bureau_overdue_to_credit_mean,ratio_rate_numeric,feature,P3_normal_type_specific_eda,route_to_ratio_rate_eda,ratio_rate_eda,no universal-level issue; continue type-specific EDA,14.66711759904524,13.5750041030691,1.092113495976141,2877,459.0,False,False,14.51769097977572,3268,84.4375517536596,
bureau_overdue_to_credit_max,ratio_rate_numeric,feature,P3_normal_type_specific_eda,route_to_ratio_rate_eda,ratio_rate_eda,no universal-level issue; continue type-specific EDA,14.66711759904524,13.5750041030691,1.092113495976141,2703,445.0,False,False,14.51769097977572,3066,84.4375517536596,
bureau_annuity_to_credit_mean,ratio_rate_numeric,feature,P1_stability_review,route_to_ratio_rate_eda; also stability_review,ratio_rate_eda,high combined missingness; large train-test missingness gap,74.16645258218405,21.92474971278516,52.24170286939889,56346,26545.0,False,False,67.01856816044686,81741,67.01856816044686,high_missing; large_train_test_missing_gap
bureau_annuity_to_credit_max,ratio_rate_numeric,feature,P1_stability_review,route_to_ratio_rate_eda; also stability_review,ratio_rate_eda,high combined missingness; large train-test missingness gap,74.16645258218405,21.92474971278516,52.24170286939889,50146,19640.0,False,False,67.01856816044686,67321,67.01856816044686,high_missing; large_train_test_missing_gap
bureau_debt_to_limit_mean,ratio_rate_numeric,feature,P1_missingness_review,route_to_ratio_rate_eda; also missingness_review,ratio_rate_eda,extreme combined missingness,84.13292532624848,84.32627605448876,0.1933507282402758,33979,5617.0,False,False,84.15938021922499,39519,84.15938021922499,extreme_missing
bureau_debt_to_limit_max,ratio_rate_numeric,feature,P1_missingness_review,route_to_ratio_rate_eda; also missingness_review,ratio_rate_eda,extreme combined missingness,84.13292532624848,84.32627605448876,0.1933507282402758,33139,5608.0,False,False,84.15938021922499,38647,84.15938021922499,extreme_missing
bureau_enddate_gap_mean,continuous_stat_numeric,feature,P3_normal_type_specific_eda,route_to_continuous_numeric_eda,continuous_numeric_eda,no universal-level issue; continue type-specific EDA,25.58347506268068,22.92589857213196,2.657576490548728,40961,13702.0,False,False,25.21985656341666,45437,25.21985656341666,
bureau_enddate_gap_max,continuous_stat_numeric,feature,P3_normal_type_specific_eda,route_to_continuous_numeric_eda,continuous_numeric_eda,no universal-level issue; continue type-specific EDA,25.58347506268068,22.92589857213196,2.657576490548728,4640,2498.0,False,False,25.21985656341666,4866,25.21985656341666,
bureau_enddate_gap_min,continuous_stat_numeric,feature,P3_normal_type_specific_eda,route_to_continuous_numeric_eda,continuous_numeric_eda,no universal-level issue; continue type-specific EDA,25.58347506268068,22.92589857213196,2.657576490548728,8833,4222.0,False,False,25.21985656341666,9387,25.21985656341666,
bureau_credit_history_span,date_duration_numeric,feature,P3_normal_type_specific_eda,route_to_date_duration_eda,date_duration_eda,no universal-level issue; continue type-specific EDA,14.31493507549323,13.17905793533563,1.135877140157604,2917,2892.0,False,False,14.15952056813238,2917,14.15952056813238,
bureau_total_debt_to_credit_ratio,ratio_rate_numeric,feature,P3_normal_type_specific_eda,route_to_ratio_rate_eda,ratio_rate_eda,no universal-level issue; continue type-specific EDA,14.66711759904524,13.5750041030691,1.092113495976141,184238,30232.0,False,False,14.51769097977572,214145,24.64947860380907,
bureau_total_overdue_to_credit_ratio,ratio_rate_numeric,feature,P3_normal_type_specific_eda,route_to_ratio_rate_eda,ratio_rate_eda,no universal-level issue; continue type-specific EDA,14.66711759904524,13.5750041030691,1.092113495976141,3315,468.0,False,False,14.51769097977572,3777,84.41565732410773,
bureau_total_annuity_to_credit_ratio,ratio_rate_numeric,feature,P3_normal_type_specific_eda,route_to_ratio_rate_eda,ratio_rate_eda,no universal-level issue; continue type-specific EDA,14.66711759904524,13.5750041030691,1.092113495976141,59075,29461.0,False,False,14.51769097977572,88182,60.19761126159633,
bureau_active_credit_amount_sum,continuous_amount_numeric,feature,P3_normal_type_specific_eda,route_to_continuous_numeric_eda,continuous_numeric_eda,no universal-level issue; continue type-specific EDA,29.38463989906052,28.8835548990645,0.5010849999960207,95909,19411.0,False,False,29.31607977431896,109759,29.31607977431896,
bureau_active_credit_amount_mean,continuous_amount_numeric,feature,P3_normal_type_specific_eda,route_to_continuous_numeric_eda,continuous_numeric_eda,no universal-level issue; continue type-specific EDA,29.38496509067968,28.88765796816018,0.4973071225194978,99456,20194.0,False,False,29.31692186776326,113987,29.31692186776326,
bureau_active_credit_amount_max,continuous_amount_numeric,feature,P3_normal_type_specific_eda,route_to_continuous_numeric_eda,continuous_numeric_eda,no universal-level issue; continue type-specific EDA,29.38496509067968,28.88765796816018,0.4973071225194978,44479,10705.0,False,False,29.31692186776326,50548,29.31692186776326,
bureau_active_debt_amount_sum,continuous_amount_numeric,feature,P3_normal_type_specific_eda,route_to_continuous_numeric_eda,continuous_numeric_eda,no universal-level issue; continue type-specific EDA,29.38463989906052,28.8835548990645,0.5010849999960207,153469,29182.0,False,False,29.31607977431896,175241,29.31607977431896,
bureau_active_debt_amount_mean,continuous_amount_numeric,feature,P3_normal_type_specific_eda,route_to_continuous_numeric_eda,continuous_numeric_eda,no universal-level issue; continue type-specific EDA,32.84337796046321,31.58132282947645,1.262055130986759,158567,29360.0,False,False,32.67069935860549,181801,32.67069935860549,
bureau_active_debt_amount_max,continuous_amount_numeric,feature,P3_normal_type_specific_eda,route_to_continuous_numeric_eda,continuous_numeric_eda,no universal-level issue; continue type-specific EDA,32.84337796046321,31.58132282947645,1.262055130986759,138477,28515.0,False,False,32.67069935860549,156640,32.67069935860549,
bureau_active_limit_amount_sum,continuous_amount_numeric,feature,P3_normal_type_specific_eda,route_to_continuous_numeric_eda,continuous_numeric_eda,no universal-level issue; continue type-specific EDA,29.38463989906052,28.8835548990645,0.5010849999960207,36029,6180.0,False,False,29.31607977431896,41660,55.4622391264684,
bureau_active_limit_amount_mean,continuous_amount_numeric,feature,P3_normal_type_specific_eda,route_to_continuous_numeric_eda,continuous_numeric_eda,no universal-level issue; continue type-specific EDA,38.62723609887126,39.7341211225997,1.106885023728445,36899,6295.0,False,False,38.77868380794656,42681,45.9996350928408,
bureau_active_limit_amount_max,continuous_amount_numeric,feature,P3_normal_type_specific_eda,route_to_continuous_numeric_eda,continuous_numeric_eda,no universal-level issue; continue type-specific EDA,38.62723609887126,39.7341211225997,1.106885023728445,33471,5940.0,False,False,38.77868380794656,38832,46.01507347265301,
bureau_active_annuity_amount_sum,continuous_amount_numeric,feature,P3_normal_type_specific_eda,route_to_continuous_numeric_eda,continuous_numeric_eda,no universal-level issue; continue type-specific EDA,29.38463989906052,28.8835548990645,0.5010849999960207,25173,19337.0,False,False,29.31607977431896,37016,50.00070174453693,
bureau_active_annuity_amount_mean,continuous_amount_numeric,feature,P1_stability_review,route_to_continuous_numeric_eda; also stability_review,continuous_numeric_eda,high combined missingness; large train-test missingness gap,80.05079493091304,35.62284588872476,44.42794904218828,26828,20527.0,False,False,73.97201442786768,41052,73.97201442786768,high_missing; large_train_test_missing_gap
bureau_active_annuity_amount_max,continuous_amount_numeric,feature,P1_stability_review,route_to_continuous_numeric_eda; also stability_review,continuous_numeric_eda,high combined missingness; large train-test missingness gap,80.05079493091304,35.62284588872476,44.42794904218828,19214,14527.0,False,False,73.97201442786768,26211,73.97201442786768,high_missing; large_train_test_missing_gap
bureau_active_overdue_amount_sum,continuous_amount_numeric,feature,P3_normal_type_specific_eda,route_to_continuous_numeric_eda,continuous_numeric_eda,no universal-level issue; continue type-specific EDA,29.38463989906052,28.8835548990645,0.5010849999960207,1197,289.0,False,False,29.31607977431896,1346,69.6647064602602,
bureau_active_overdue_amount_mean,continuous_amount_numeric,feature,P3_normal_type_specific_eda,route_to_continuous_numeric_eda,continuous_numeric_eda,no universal-level issue; continue type-specific EDA,29.38463989906052,28.8835548990645,0.5010849999960207,1556,339.0,False,False,29.31607977431896,1733,69.6647064602602,
bureau_active_overdue_amount_max,continuous_amount_numeric,feature,P3_normal_type_specific_eda,route_to_continuous_numeric_eda,continuous_numeric_eda,no universal-level issue; continue type-specific EDA,29.38463989906052,28.8835548990645,0.5010849999960207,1181,287.0,False,False,29.31607977431896,1326,69.6647064602602,
bureau_active_overdue_days_sum,overdue_delay_numeric,feature,P3_normal_type_specific_eda,route_to_overdue_delay_eda,overdue_delay_eda,no universal-level issue; continue type-specific EDA,29.38463989906052,28.8835548990645,0.5010849999960207,769,155.0,False,False,29.31607977431896,811,69.64477691541171,
bureau_active_overdue_days_mean,overdue_delay_numeric,feature,P3_normal_type_specific_eda,route_to_overdue_delay_eda,overdue_delay_eda,no universal-level issue; continue type-specific EDA,29.38463989906052,28.8835548990645,0.5010849999960207,1141,227.0,False,False,29.31607977431896,1227,69.64477691541171,
bureau_active_overdue_days_max,overdue_delay_numeric,feature,P3_normal_type_specific_eda,route_to_overdue_delay_eda,overdue_delay_eda,no universal-level issue; continue type-specific EDA,29.38463989906052,28.8835548990645,0.5010849999960207,761,151.0,False,False,29.31607977431896,805,69.64477691541171,
bureau_closed_credit_amount_sum,continuous_amount_numeric,feature,P3_normal_type_specific_eda,route_to_continuous_numeric_eda,continuous_numeric_eda,no universal-level issue; continue type-specific EDA,25.15227097567242,22.53405547349417,2.618215502178241,168750,32490.0,False,False,24.79403797841434,193541,24.79403797841434,
bureau_closed_credit_amount_mean,continuous_amount_numeric,feature,P3_normal_type_specific_eda,route_to_continuous_numeric_eda,continuous_numeric_eda,no universal-level issue; continue type-specific EDA,25.15227097567242,22.53405547349417,2.618215502178241,171402,32727.0,False,False,24.79403797841434,196932,24.79403797841434,
bureau_closed_credit_amount_max,continuous_amount_numeric,feature,P3_normal_type_specific_eda,route_to_continuous_numeric_eda,continuous_numeric_eda,no universal-level issue; continue type-specific EDA,25.15227097567242,22.53405547349417,2.618215502178241,69097,17432.0,False,False,24.79403797841434,77450,24.79403797841434,
bureau_closed_debt_amount_sum,continuous_amount_numeric,feature,P3_normal_type_specific_eda,route_to_continuous_numeric_eda,continuous_numeric_eda,no universal-level issue; continue type-specific EDA,25.15227097567242,22.53405547349417,2.618215502178241,6086,790.0,False,False,24.79403797841434,6757,73.11785097753014,
bureau_closed_debt_amount_mean,continuous_amount_numeric,feature,P3_normal_type_specific_eda,route_to_continuous_numeric_eda,continuous_numeric_eda,no universal-level issue; continue type-specific EDA,28.99993821359236,26.13860167405219,2.861336539540165,6338,805.0,False,False,28.60844058329006,7074,69.30344837265442,
bureau_closed_debt_amount_max,continuous_amount_numeric,feature,P3_normal_type_specific_eda,route_to_continuous_numeric_eda,continuous_numeric_eda,no universal-level issue; continue type-specific EDA,28.99993821359236,26.13860167405219,2.861336539540165,4761,786.0,False,False,28.60844058329006,5419,69.70653043466056,
bureau_closed_limit_amount_sum,continuous_amount_numeric,feature,P3_normal_type_specific_eda,route_to_continuous_numeric_eda,continuous_numeric_eda,no universal-level issue; continue type-specific EDA,25.15227097567242,22.53405547349417,2.618215502178241,2422,97.0,False,False,24.79403797841434,2496,73.9978386268263,
bureau_closed_limit_amount_mean,continuous_amount_numeric,feature,P3_normal_type_specific_eda,route_to_continuous_numeric_eda,continuous_numeric_eda,no universal-level issue; continue type-specific EDA,35.29597315217992,36.46602658788774,1.170053435707821,2568,128.0,False,False,35.45606377454352,2646,63.33581283069712,
bureau_closed_limit_amount_max,continuous_amount_numeric,feature,P3_normal_type_specific_eda,route_to_continuous_numeric_eda,continuous_numeric_eda,no universal-level issue; continue type-specific EDA,35.29597315217992,36.46602658788774,1.170053435707821,2321,97.0,False,False,35.45606377454352,2395,63.34311097388107,
bureau_closed_annuity_amount_sum,continuous_amount_numeric,feature,P3_normal_type_specific_eda,route_to_continuous_numeric_eda,continuous_numeric_eda,no universal-level issue; continue type-specific EDA,25.15227097567242,22.53405547349417,2.618215502178241,23121,4590.0,False,False,24.79403797841434,25104,62.51617521157598,
bureau_closed_annuity_amount_mean,continuous_amount_numeric,feature,P1_stability_review,route_to_continuous_numeric_eda; also stability_review,continuous_numeric_eda,high combined missingness; large train-test missingness gap,78.53442641076253,40.11980961759396,38.41461679316858,25539,5059.0,False,False,73.27841012757716,28843,73.27841012757716,high_missing; large_train_test_missing_gap
bureau_closed_annuity_amount_max,continuous_amount_numeric,feature,P1_stability_review,route_to_continuous_numeric_eda; also stability_review,continuous_numeric_eda,high combined missingness; large train-test missingness gap,78.53442641076253,40.11980961759396,38.41461679316858,17576,4393.0,False,False,73.27841012757716,19170,73.27841012757716,high_missing; large_train_test_missing_gap
bureau_closed_overdue_amount_sum,continuous_amount_numeric,feature,P3_normal_type_specific_eda,route_to_continuous_numeric_eda,continuous_numeric_eda,no universal-level issue; continue type-specific EDA,25.15227097567242,22.53405547349417,2.618215502178241,71,16.0,False,False,24.79403797841434,75,75.16273455811147,
bureau_closed_overdue_amount_mean,continuous_amount_numeric,feature,P3_normal_type_specific_eda,route_to_continuous_numeric_eda,continuous_numeric_eda,no universal-level issue; continue type-specific EDA,25.15227097567242,22.53405547349417,2.618215502178241,107,16.0,False,False,24.79403797841434,115,75.16273455811147,
bureau_closed_overdue_amount_max,continuous_amount_numeric,feature,P3_normal_type_specific_eda,route_to_continuous_numeric_eda,continuous_numeric_eda,no universal-level issue; continue type-specific EDA,25.15227097567242,22.53405547349417,2.618215502178241,71,16.0,False,False,24.79403797841434,75,75.16273455811147,
bureau_closed_overdue_days_sum,overdue_delay_numeric,feature,P3_normal_type_specific_eda,route_to_overdue_delay_eda,overdue_delay_eda,no universal-level issue; continue type-specific EDA,25.15227097567242,22.53405547349417,2.618215502178241,69,11.0,False,False,24.79403797841434,79,75.18294480077473,
bureau_closed_overdue_days_mean,overdue_delay_numeric,feature,P3_normal_type_specific_eda,route_to_overdue_delay_eda,overdue_delay_eda,no universal-level issue; continue type-specific EDA,25.15227097567242,22.53405547349417,2.618215502178241,70,11.0,False,False,24.79403797841434,80,75.18294480077473,
bureau_closed_overdue_days_max,overdue_delay_numeric,feature,P3_normal_type_specific_eda,route_to_overdue_delay_eda,overdue_delay_eda,no universal-level issue; continue type-specific EDA,25.15227097567242,22.53405547349417,2.618215502178241,69,11.0,False,False,24.79403797841434,79,75.18294480077473,
bureau_recent_12m_credit_amount_sum,continuous_amount_numeric,feature,P2_missingness_review,route_to_continuous_numeric_eda; consider_missingness_logic_later,continuous_numeric_eda,high combined missingness,50.64826949279863,52.16847201706877,1.520202524270132,72349,14209.0,False,False,50.85626868394829,81939,50.85626868394829,high_missing
bureau_recent_12m_credit_amount_mean,continuous_amount_numeric,feature,P2_missingness_review,route_to_continuous_numeric_eda; consider_missingness_logic_later,continuous_numeric_eda,high combined missingness,50.64891987603696,52.17667815526013,1.527758279223178,73647,14591.0,False,False,50.8579528708369,83574,50.8579528708369,high_missing
bureau_recent_12m_credit_amount_max,continuous_amount_numeric,feature,P2_missingness_review,route_to_continuous_numeric_eda; consider_missingness_logic_later,continuous_numeric_eda,high combined missingness,50.64891987603696,52.17667815526013,1.527758279223178,43220,10360.0,False,False,50.8579528708369,48838,50.8579528708369,high_missing
bureau_recent_12m_debt_amount_sum,continuous_amount_numeric,feature,P2_missingness_review,route_to_continuous_numeric_eda; consider_missingness_logic_later,continuous_numeric_eda,high combined missingness,50.64826949279863,52.16847201706877,1.520202524270132,96230,17688.0,False,False,50.85626868394829,108740,50.85626868394829,high_missing
bureau_recent_12m_debt_amount_mean,continuous_amount_numeric,feature,P2_missingness_review,route_to_continuous_numeric_eda; consider_missingness_logic_later,continuous_numeric_eda,high combined missingness,54.32391036418209,54.58928278352207,0.2653724193399825,99496,17894.0,False,False,54.36021950569114,113059,54.36021950569114,high_missing
bureau_recent_12m_debt_amount_max,continuous_amount_numeric,feature,P2_missingness_review,route_to_continuous_numeric_eda; consider_missingness_logic_later,continuous_numeric_eda,high combined missingness,54.32391036418209,54.58928278352207,0.2653724193399825,91124,17387.0,False,False,54.36021950569114,102559,54.36021950569114,high_missing
bureau_recent_12m_limit_amount_sum,continuous_amount_numeric,feature,P2_missingness_review,route_to_continuous_numeric_eda; consider_missingness_logic_later,continuous_numeric_eda,high combined missingness,50.64826949279863,52.16847201706877,1.520202524270132,13903,2385.0,False,False,50.85626868394829,16125,50.85626868394829,high_missing
bureau_recent_12m_limit_amount_mean,continuous_amount_numeric,feature,P2_missingness_review,route_to_continuous_numeric_eda; consider_missingness_logic_later,continuous_numeric_eda,high combined missingness,59.64729716985734,62.02199245035286,2.374695280495523,14127,2427.0,False,False,59.97221091633802,16389,59.97221091633802,high_missing
bureau_recent_12m_limit_amount_max,continuous_amount_numeric,feature,P2_missingness_review,route_to_continuous_numeric_eda; consider_missingness_logic_later,continuous_numeric_eda,high combined missingness,59.64729716985734,62.02199245035286,2.374695280495523,13626,2352.0,False,False,59.97221091633802,15807,59.97221091633802,high_missing
bureau_recent_12m_annuity_amount_sum,continuous_amount_numeric,feature,P2_missingness_review,route_to_continuous_numeric_eda; consider_missingness_logic_later,continuous_numeric_eda,high combined missingness,50.64826949279863,52.16847201706877,1.520202524270132,16652,11580.0,False,False,50.85626868394829,23704,50.85626868394829,high_missing
bureau_recent_12m_annuity_amount_mean,continuous_amount_numeric,feature,P1_stability_review,route_to_continuous_numeric_eda; also stability_review,continuous_numeric_eda,extreme combined missingness; large train-test missingness gap,86.65608709932327,59.12727720334811,27.52880989597517,17370,12193.0,False,False,82.88950330521678,25555,82.88950330521678,extreme_missing; large_train_test_missing_gap
bureau_recent_12m_annuity_amount_max,continuous_amount_numeric,feature,P1_stability_review,route_to_continuous_numeric_eda; also stability_review,continuous_numeric_eda,extreme combined missingness; large train-test missingness gap,86.65608709932327,59.12727720334811,27.52880989597517,14355,10234.0,False,False,82.88950330521678,19893,82.88950330521678,extreme_missing; large_train_test_missing_gap
bureau_recent_12m_overdue_amount_sum,continuous_amount_numeric,feature,P2_missingness_review,route_to_continuous_numeric_eda; consider_missingness_logic_later,continuous_numeric_eda,high combined missingness,50.64826949279863,52.16847201706877,1.520202524270132,591,116.0,False,False,50.85626868394829,661,50.85626868394829,high_missing
bureau_recent_12m_overdue_amount_mean,continuous_amount_numeric,feature,P2_missingness_review,route_to_continuous_numeric_eda; consider_missingness_logic_later,continuous_numeric_eda,high combined missingness,50.64826949279863,52.16847201706877,1.520202524270132,697,121.0,False,False,50.85626868394829,776,50.85626868394829,high_missing
bureau_recent_12m_overdue_amount_max,continuous_amount_numeric,feature,P2_missingness_review,route_to_continuous_numeric_eda; consider_missingness_logic_later,continuous_numeric_eda,high combined missingness,50.64826949279863,52.16847201706877,1.520202524270132,588,116.0,False,False,50.85626868394829,657,50.85626868394829,high_missing
bureau_recent_12m_overdue_days_sum,overdue_delay_numeric,feature,P2_missingness_review,route_to_overdue_delay_eda; consider_missingness_logic_later,overdue_delay_eda,high combined missingness,50.64826949279863,52.16847201706877,1.520202524270132,148,57.0,False,False,50.85626868394829,157,50.85626868394829,high_missing
bureau_recent_12m_overdue_days_mean,overdue_delay_numeric,feature,P2_missingness_review,route_to_overdue_delay_eda; consider_missingness_logic_later,overdue_delay_eda,high combined missingness,50.64826949279863,52.16847201706877,1.520202524270132,292,77.0,False,False,50.85626868394829,311,50.85626868394829,high_missing
bureau_recent_12m_overdue_days_max,overdue_delay_numeric,feature,P2_missingness_review,route_to_overdue_delay_eda; consider_missingness_logic_later,overdue_delay_eda,high combined missingness,50.64826949279863,52.16847201706877,1.520202524270132,142,57.0,False,False,50.85626868394829,150,50.85626868394829,high_missing
bureau_recent_24m_credit_amount_sum,continuous_amount_numeric,feature,P3_normal_type_specific_eda,route_to_continuous_numeric_eda,continuous_numeric_eda,no universal-level issue; continue type-specific EDA,31.83528394106227,31.05612998522895,0.7791539558333156,121924,23700.0,False,False,31.72867749224572,139537,31.72867749224572,
bureau_recent_24m_credit_amount_mean,continuous_amount_numeric,feature,P3_normal_type_specific_eda,route_to_continuous_numeric_eda,continuous_numeric_eda,no universal-level issue; continue type-specific EDA,31.8359343243006,31.0581815197768,0.7777528045238,124427,24240.0,False,False,31.72951958569002,142576,31.72951958569002,
bureau_recent_24m_credit_amount_max,continuous_amount_numeric,feature,P3_normal_type_specific_eda,route_to_continuous_numeric_eda,continuous_numeric_eda,no universal-level issue; continue type-specific EDA,31.8359343243006,31.0581815197768,0.7777528045238,55243,13530.0,False,False,31.72951958569002,62596,31.72951958569002,
bureau_recent_24m_debt_amount_sum,continuous_amount_numeric,feature,P3_normal_type_specific_eda,route_to_continuous_numeric_eda,continuous_numeric_eda,no universal-level issue; continue type-specific EDA,31.83528394106227,31.05612998522895,0.7791539558333156,128535,24554.0,False,False,31.72867749224572,146584,31.72867749224572,
bureau_recent_24m_debt_amount_mean,continuous_amount_numeric,feature,P3_normal_type_specific_eda,route_to_continuous_numeric_eda,continuous_numeric_eda,no universal-level issue; continue type-specific EDA,35.54572031569602,33.74569177744953,1.800028538246494,135833,24864.0,False,False,35.29943439390325,155918,35.29943439390325,
bureau_recent_24m_debt_amount_max,continuous_amount_numeric,feature,P3_normal_type_specific_eda,route_to_continuous_numeric_eda,continuous_numeric_eda,no universal-level issue; continue type-specific EDA,35.54572031569602,33.74569177744953,1.800028538246494,119444,24070.0,False,False,35.29943439390325,135241,35.29943439390325,
bureau_recent_24m_limit_amount_sum,continuous_amount_numeric,feature,P3_normal_type_specific_eda,route_to_continuous_numeric_eda,continuous_numeric_eda,no universal-level issue; continue type-specific EDA,31.83528394106227,31.05612998522895,0.7791539558333156,23323,4205.0,False,False,31.72867749224572,27209,58.28914681899201,
bureau_recent_24m_limit_amount_mean,continuous_amount_numeric,feature,P3_normal_type_specific_eda,route_to_continuous_numeric_eda,continuous_numeric_eda,no universal-level issue; continue type-specific EDA,41.099993170976,41.7076973576235,0.6077041866475028,23995,4317.0,False,False,41.18314128924506,27988,48.83468302199267,
bureau_recent_24m_limit_amount_max,continuous_amount_numeric,feature,P3_normal_type_specific_eda,route_to_continuous_numeric_eda,continuous_numeric_eda,no universal-level issue; continue type-specific EDA,41.099993170976,41.7076973576235,0.6077041866475028,22199,4093.0,False,False,41.18314128924506,25962,48.85152489087872,
bureau_recent_24m_annuity_amount_sum,continuous_amount_numeric,feature,P3_normal_type_specific_eda,route_to_continuous_numeric_eda,continuous_numeric_eda,no universal-level issue; continue type-specific EDA,31.83528394106227,31.05612998522895,0.7791539558333156,24079,16409.0,False,False,31.72867749224572,33848,49.58835665464345,
bureau_recent_24m_annuity_amount_mean,continuous_amount_numeric,feature,P1_stability_review,route_to_continuous_numeric_eda; also stability_review,continuous_numeric_eda,high combined missingness; large train-test missingness gap,80.68426820503983,41.15378302970622,39.53048517533361,26057,17765.0,False,False,75.27557507964801,38255,75.27557507964801,high_missing; large_train_test_missing_gap
bureau_recent_24m_annuity_amount_max,continuous_amount_numeric,feature,P1_stability_review,route_to_continuous_numeric_eda; also stability_review,continuous_numeric_eda,high combined missingness; large train-test missingness gap,80.68426820503983,41.15378302970622,39.53048517533361,18692,13286.0,False,False,75.27557507964801,25214,75.27557507964801,high_missing; large_train_test_missing_gap
bureau_recent_24m_overdue_amount_sum,continuous_amount_numeric,feature,P3_normal_type_specific_eda,route_to_continuous_numeric_eda,continuous_numeric_eda,no universal-level issue; continue type-specific EDA,31.83528394106227,31.05612998522895,0.7791539558333156,845,190.0,False,False,31.72867749224572,953,67.67315546448471,
bureau_recent_24m_overdue_amount_mean,continuous_amount_numeric,feature,P3_normal_type_specific_eda,route_to_continuous_numeric_eda,continuous_numeric_eda,no universal-level issue; continue type-specific EDA,31.83528394106227,31.05612998522895,0.7791539558333156,1081,214.0,False,False,31.72867749224572,1220,67.67315546448471,
bureau_recent_24m_overdue_amount_max,continuous_amount_numeric,feature,P3_normal_type_specific_eda,route_to_continuous_numeric_eda,continuous_numeric_eda,no universal-level issue; continue type-specific EDA,31.83528394106227,31.05612998522895,0.7791539558333156,842,190.0,False,False,31.72867749224572,949,67.67315546448471,
bureau_recent_24m_overdue_days_sum,overdue_delay_numeric,feature,P3_normal_type_specific_eda,route_to_overdue_delay_eda,overdue_delay_eda,no universal-level issue; continue type-specific EDA,31.83528394106227,31.05612998522895,0.7791539558333156,226,85.0,False,False,31.72867749224572,241,67.69168152025937,
bureau_recent_24m_overdue_days_mean,overdue_delay_numeric,feature,P3_normal_type_specific_eda,route_to_overdue_delay_eda,overdue_delay_eda,no universal-level issue; continue type-specific EDA,31.83528394106227,31.05612998522895,0.7791539558333156,529,153.0,False,False,31.72867749224572,566,67.69168152025937,
bureau_recent_24m_overdue_days_max,overdue_delay_numeric,feature,P3_normal_type_specific_eda,route_to_overdue_delay_eda,overdue_delay_eda,no universal-level issue; continue type-specific EDA,31.83528394106227,31.05612998522895,0.7791539558333156,216,88.0,False,False,31.72867749224572,232,67.69168152025937,
bureau_overdue_credit_amount_sum,continuous_amount_numeric,feature,P1_missingness_review,route_to_continuous_numeric_eda; also missingness_review,continuous_numeric_eda,extreme combined missingness,98.91581114171527,99.04193336615789,0.126122224442625,1661,317.0,False,False,98.93306760606869,1883,98.93306760606869,extreme_missing
bureau_overdue_credit_amount_mean,continuous_amount_numeric,feature,P1_missingness_review,route_to_continuous_numeric_eda; also missingness_review,continuous_numeric_eda,extreme combined missingness,98.91581114171527,99.04193336615789,0.126122224442625,1667,319.0,False,False,98.93306760606869,1892,98.93306760606869,extreme_missing
bureau_overdue_credit_amount_max,continuous_amount_numeric,feature,P1_missingness_review,route_to_continuous_numeric_eda; also missingness_review,continuous_numeric_eda,extreme combined missingness,98.91581114171527,99.04193336615789,0.126122224442625,1607,308.0,False,False,98.93306760606869,1820,98.93306760606869,extreme_missing
bureau_overdue_debt_amount_sum,continuous_amount_numeric,feature,P1_missingness_review,route_to_continuous_numeric_eda; also missingness_review,continuous_numeric_eda,extreme combined missingness,98.91581114171527,99.04193336615789,0.126122224442625,2254,331.0,False,False,98.93306760606869,2568,98.93306760606869,extreme_missing
bureau_overdue_debt_amount_mean,continuous_amount_numeric,feature,P1_missingness_review,route_to_continuous_numeric_eda; also missingness_review,continuous_numeric_eda,extreme combined missingness; near-constant combined distribution,99.02735186708767,99.13630395535861,0.1089520882709394,2258,331.0,False,False,99.04225905601325,2573,99.04225905601325,extreme_missing; near_constant
bureau_overdue_debt_amount_max,continuous_amount_numeric,feature,P1_missingness_review,route_to_continuous_numeric_eda; also missingness_review,continuous_numeric_eda,extreme combined missingness; near-constant combined distribution,99.02735186708767,99.13630395535861,0.1089520882709394,2254,331.0,False,False,99.04225905601325,2568,99.04225905601325,extreme_missing; near_constant
bureau_overdue_limit_amount_sum,continuous_amount_numeric,feature,P1_missingness_review,route_to_continuous_numeric_eda; also missingness_review,continuous_numeric_eda,extreme combined missingness,98.91581114171527,99.04193336615789,0.126122224442625,108,8.0,False,False,98.93306760606869,115,98.93306760606869,extreme_missing
bureau_overdue_limit_amount_mean,continuous_amount_numeric,feature,P1_missingness_review,route_to_continuous_numeric_eda; also missingness_review,continuous_numeric_eda,extreme combined missingness; near-constant combined distribution,99.33205641424209,99.51994091580502,0.1878845015629338,108,8.0,False,False,99.35776339981193,115,99.35776339981193,extreme_missing; near_constant
bureau_overdue_limit_amount_max,continuous_amount_numeric,feature,P1_missingness_review,route_to_continuous_numeric_eda; also missingness_review,continuous_numeric_eda,extreme combined missingness; near-constant combined distribution,99.33205641424209,99.51994091580502,0.1878845015629338,108,8.0,False,False,99.35776339981193,115,99.35776339981193,extreme_missing; near_constant
bureau_overdue_annuity_amount_sum,continuous_amount_numeric,feature,P1_missingness_review,route_to_continuous_numeric_eda; also missingness_review,continuous_numeric_eda,extreme combined missingness,98.91581114171527,99.04193336615789,0.126122224442625,444,220.0,False,False,98.93306760606869,649,98.93306760606869,extreme_missing
bureau_overdue_annuity_amount_mean,continuous_amount_numeric,feature,P1_missingness_review,route_to_continuous_numeric_eda; also missingness_review,continuous_numeric_eda,extreme combined missingness; near-constant combined distribution,99.74895207000725,99.43787953389135,0.3110725361159012,445,220.0,False,False,99.70639008575318,650,99.70639008575318,extreme_missing; near_constant
bureau_overdue_annuity_amount_max,continuous_amount_numeric,feature,P1_missingness_review,route_to_continuous_numeric_eda; also missingness_review,continuous_numeric_eda,extreme combined missingness; near-constant combined distribution,99.74895207000725,99.43787953389135,0.3110725361159012,443,220.0,False,False,99.70639008575318,647,99.70639008575318,extreme_missing; near_constant
bureau_overdue_overdue_amount_sum,continuous_amount_numeric,feature,P1_missingness_review,route_to_continuous_numeric_eda; also missingness_review,continuous_numeric_eda,extreme combined missingness,98.91581114171527,99.04193336615789,0.126122224442625,1217,289.0,False,False,98.93306760606869,1368,98.93306760606869,extreme_missing
bureau_overdue_overdue_amount_mean,continuous_amount_numeric,feature,P1_missingness_review,route_to_continuous_numeric_eda; also missingness_review,continuous_numeric_eda,extreme combined missingness,98.91581114171527,99.04193336615789,0.126122224442625,1233,289.0,False,False,98.93306760606869,1385,98.93306760606869,extreme_missing
bureau_overdue_overdue_amount_max,continuous_amount_numeric,feature,P1_missingness_review,route_to_continuous_numeric_eda; also missingness_review,continuous_numeric_eda,extreme combined missingness,98.91581114171527,99.04193336615789,0.126122224442625,1202,288.0,False,False,98.93306760606869,1349,98.93306760606869,extreme_missing
bureau_overdue_overdue_days_sum,overdue_delay_numeric,feature,P1_missingness_review,route_to_overdue_delay_eda; also missingness_review,overdue_delay_eda,extreme combined missingness,98.91581114171527,99.04193336615789,0.126122224442625,680,150.0,False,False,98.93306760606869,719,98.93306760606869,extreme_missing
bureau_overdue_overdue_days_mean,overdue_delay_numeric,feature,P1_missingness_review,route_to_overdue_delay_eda; also missingness_review,overdue_delay_eda,extreme combined missingness,98.91581114171527,99.04193336615789,0.126122224442625,735,152.0,False,False,98.93306760606869,778,98.93306760606869,extreme_missing
bureau_overdue_overdue_days_max,overdue_delay_numeric,feature,P1_missingness_review,route_to_overdue_delay_eda; also missingness_review,overdue_delay_eda,extreme combined missingness,98.91581114171527,99.04193336615789,0.126122224442625,665,147.0,False,False,98.93306760606869,706,98.93306760606869,extreme_missing
bureau_active_debt_to_credit_ratio,ratio_rate_numeric,feature,P3_normal_type_specific_eda,route_to_ratio_rate_eda,ratio_rate_eda,no universal-level issue; continue type-specific EDA,30.38590489445906,29.97497127851633,0.4109336159427279,177617,29747.0,False,False,30.32967958344444,206343,30.32967958344444,
bureau_active_debt_share,ratio_rate_numeric,feature,P3_normal_type_specific_eda,route_to_ratio_rate_eda,ratio_rate_eda,no universal-level issue; continue type-specific EDA,39.5514306805285,37.87748235680289,1.673948323725611,5118,772.0,False,False,39.32239547515123,5887,58.68914120503572,
bureau_bal_month_count_sum,discrete_count_numeric,feature,P3_normal_type_specific_eda,route_to_discrete_count_eda,discrete_count_eda,no universal-level issue; continue type-specific EDA,14.31493507549323,13.17905793533563,1.135877140157604,1102,1189.0,False,False,14.15952056813238,1269,48.07483403741702,
bureau_bal_month_count_mean,discrete_count_numeric,feature,P1_stability_review,route_to_discrete_count_eda; also stability_review,discrete_count_eda,high combined missingness; large train-test missingness gap,70.0072517731073,13.19752174626621,56.80973002684109,5673,4498.0,False,False,62.23435460554939,6833,62.23435460554939,high_missing; large_train_test_missing_gap
bureau_bal_month_count_max,discrete_count_numeric,feature,P1_stability_review,route_to_discrete_count_eda; also stability_review,discrete_count_eda,high combined missingness; large train-test missingness gap,70.0072517731073,13.19752174626621,56.80973002684109,97,97.0,False,False,62.23435460554939,97,62.23435460554939,high_missing; large_train_test_missing_gap
bureau_bal_unique_status_count_sum,discrete_count_numeric,feature,P3_normal_type_specific_eda,route_to_discrete_count_eda,discrete_count_eda,no universal-level issue; continue type-specific EDA,14.31493507549323,13.17905793533563,1.135877140157604,105,91.0,False,False,14.15952056813238,111,48.07483403741702,
bureau_bal_unique_status_count_mean,ratio_rate_numeric,feature,P1_stability_review,route_to_ratio_rate_eda; also stability_review,ratio_rate_eda,high combined missingness; large train-test missingness gap,70.0072517731073,13.19752174626621,56.80973002684109,635,439.0,False,False,62.23435460554939,683,62.23435460554939,high_missing; large_train_test_missing_gap
bureau_bal_unique_status_count_max,discrete_count_numeric,feature,P1_stability_review,route_to_discrete_count_eda; also stability_review,discrete_count_eda,high combined missingness; large train-test missingness gap,70.0072517731073,13.19752174626621,56.80973002684109,8,8.0,False,False,62.23435460554939,8,62.23435460554939,high_missing; large_train_test_missing_gap
bureau_bal_late_count_sum,discrete_count_numeric,feature,P3_normal_type_specific_eda,route_to_discrete_count_eda,discrete_count_eda,no universal-level issue; continue type-specific EDA,14.31493507549323,13.17905793533563,1.135877140157604,162,93.0,False,False,14.15952056813238,165,72.2204600637184,
bureau_bal_late_count_mean,discrete_count_numeric,feature,P1_stability_review,route_to_discrete_count_eda; also stability_review,discrete_count_eda,high combined missingness; large train-test missingness gap,70.0072517731073,13.19752174626621,56.80973002684109,907,631.0,False,False,62.23435460554939,1017,62.23435460554939,high_missing; large_train_test_missing_gap
bureau_bal_late_count_max,discrete_count_numeric,feature,P1_stability_review,route_to_discrete_count_eda; also stability_review,discrete_count_eda,high combined missingness; large train-test missingness gap,70.0072517731073,13.19752174626621,56.80973002684109,85,74.0,False,False,62.23435460554939,88,62.23435460554939,high_missing; large_train_test_missing_gap
bureau_bal_severe_late_count_sum,discrete_count_numeric,feature,P3_normal_type_specific_eda,route_to_discrete_count_eda,discrete_count_eda,no universal-level issue; continue type-specific EDA,14.31493507549323,13.17905793533563,1.135877140157604,132,77.0,False,False,14.15952056813238,135,84.4849896843553,
bureau_bal_severe_late_count_mean,discrete_count_numeric,feature,P1_stability_review,route_to_discrete_count_eda; also stability_review,discrete_count_eda,high combined missingness; large train-test missingness gap,70.0072517731073,13.19752174626621,56.80973002684109,526,296.0,False,False,62.23435460554939,597,62.23435460554939,high_missing; large_train_test_missing_gap
bureau_bal_severe_late_count_max,discrete_count_numeric,feature,P1_stability_review,route_to_discrete_count_eda; also stability_review,discrete_count_eda,high combined missingness; large train-test missingness gap,70.0072517731073,13.19752174626621,56.80973002684109,81,70.0,False,False,62.23435460554939,84,62.23435460554939,high_missing; large_train_test_missing_gap
bureau_bal_status_0_count_sum,discrete_count_numeric,feature,P3_normal_type_specific_eda,route_to_discrete_count_eda,discrete_count_eda,no universal-level issue; continue type-specific EDA,14.31493507549323,13.17905793533563,1.135877140157604,451,390.0,False,False,14.15952056813238,468,49.15467853082764,
bureau_bal_status_0_count_mean,ratio_rate_numeric,feature,P1_stability_review,route_to_ratio_rate_eda; also stability_review,ratio_rate_eda,high combined missingness; large train-test missingness gap,70.0072517731073,13.19752174626621,56.80973002684109,3195,2619.0,False,False,62.23435460554939,3700,62.23435460554939,high_missing; large_train_test_missing_gap
bureau_bal_status_0_count_max,discrete_count_numeric,feature,P1_stability_review,route_to_discrete_count_eda; also stability_review,discrete_count_eda,high combined missingness; large train-test missingness gap,70.0072517731073,13.19752174626621,56.80973002684109,96,96.0,False,False,62.23435460554939,96,62.23435460554939,high_missing; large_train_test_missing_gap
bureau_bal_status_1_count_sum,discrete_count_numeric,feature,P3_normal_type_specific_eda,route_to_discrete_count_eda,discrete_count_eda,no universal-level issue; continue type-specific EDA,14.31493507549323,13.17905793533563,1.135877140157604,101,73.0,False,False,14.15952056813238,103,72.58873559669338,
bureau_bal_status_1_count_mean,ratio_rate_numeric,feature,P1_stability_review,route_to_ratio_rate_eda; also stability_review,ratio_rate_eda,high combined missingness; large train-test missingness gap,70.0072517731073,13.19752174626621,56.80973002684109,661,529.0,False,False,62.23435460554939,760,62.23435460554939,high_missing; large_train_test_missing_gap
bureau_bal_status_1_count_max,discrete_count_numeric,feature,P1_stability_review,route_to_discrete_count_eda; also stability_review,discrete_count_eda,high combined missingness; large train-test missingness gap,70.0072517731073,13.19752174626621,56.80973002684109,49,45.0,False,False,62.23435460554939,51,62.23435460554939,high_missing; large_train_test_missing_gap
bureau_bal_status_2_count_sum,discrete_count_numeric,feature,P3_normal_type_specific_eda,route_to_discrete_count_eda,discrete_count_eda,no universal-level issue; continue type-specific EDA,14.31493507549323,13.17905793533563,1.135877140157604,32,20.0,False,False,14.15952056813238,33,83.4758810402661,
bureau_bal_status_2_count_mean,ratio_rate_numeric,feature,P1_stability_review,route_to_ratio_rate_eda; also stability_review,ratio_rate_eda,high combined missingness; large train-test missingness gap,70.0072517731073,13.19752174626621,56.80973002684109,208,138.0,False,False,62.23435460554939,222,62.23435460554939,high_missing; large_train_test_missing_gap
bureau_bal_status_2_count_max,discrete_count_numeric,feature,P1_stability_review,route_to_discrete_count_eda; also stability_review,discrete_count_eda,high combined missingness; large train-test missingness gap,70.0072517731073,13.19752174626621,56.80973002684109,17,15.0,False,False,62.23435460554939,18,62.23435460554939,high_missing; large_train_test_missing_gap
bureau_bal_status_3_count_sum,discrete_count_numeric,feature,P3_normal_type_specific_eda,route_to_discrete_count_eda,discrete_count_eda,no universal-level issue; continue type-specific EDA,14.31493507549323,13.17905793533563,1.135877140157604,24,14.0,False,False,14.15952056813238,24,84.74407376738571,
bureau_bal_status_3_count_mean,ratio_rate_numeric,feature,P1_stability_review,route_to_ratio_rate_eda; also stability_review,ratio_rate_eda,high combined missingness; large train-test missingness gap,70.0072517731073,13.19752174626621,56.80973002684109,128,76.0,False,False,62.23435460554939,141,62.23435460554939,high_missing; large_train_test_missing_gap
bureau_bal_status_3_count_max,discrete_count_numeric,feature,P1_stability_review,route_to_discrete_count_eda; also stability_review,discrete_count_eda,high combined missingness; large train-test missingness gap,70.0072517731073,13.19752174626621,56.80973002684109,11,11.0,False,False,62.23435460554939,12,62.23435460554939,high_missing; large_train_test_missing_gap
bureau_bal_status_4_count_sum,discrete_count_numeric,feature,P3_normal_type_specific_eda,route_to_discrete_count_eda,discrete_count_eda,no universal-level issue; continue type-specific EDA,14.31493507549323,13.17905793533563,1.135877140157604,19,11.0,False,False,14.15952056813238,19,85.04891159422324,
bureau_bal_status_4_count_mean,ratio_rate_numeric,feature,P1_stability_review,route_to_ratio_rate_eda; also stability_review,ratio_rate_eda,high combined missingness; large train-test missingness gap,70.0072517731073,13.19752174626621,56.80973002684109,105,65.0,False,False,62.23435460554939,110,62.23435460554939,high_missing; large_train_test_missing_gap
bureau_bal_status_4_count_max,discrete_count_numeric,feature,P1_stability_review,route_to_discrete_count_eda; also stability_review,discrete_count_eda,high combined missingness; large train-test missingness gap,70.0072517731073,13.19752174626621,56.80973002684109,10,11.0,False,False,62.23435460554939,12,62.23435460554939,high_missing; large_train_test_missing_gap
bureau_bal_status_5_count_sum,discrete_count_numeric,feature,P3_normal_type_specific_eda,route_to_discrete_count_eda,discrete_count_eda,no universal-level issue; continue type-specific EDA,14.31493507549323,13.17905793533563,1.135877140157604,132,72.0,False,False,14.15952056813238,134,85.00231575697184,
bureau_bal_status_5_count_mean,ratio_rate_numeric,feature,P1_stability_review,route_to_ratio_rate_eda; also stability_review,ratio_rate_eda,high combined missingness; large train-test missingness gap,70.0072517731073,13.19752174626621,56.80973002684109,468,255.0,False,False,62.23435460554939,544,62.23435460554939,high_missing; large_train_test_missing_gap
bureau_bal_status_5_count_max,discrete_count_numeric,feature,P1_stability_review,route_to_discrete_count_eda; also stability_review,discrete_count_eda,high combined missingness; large train-test missingness gap,70.0072517731073,13.19752174626621,56.80973002684109,81,64.0,False,False,62.23435460554939,83,62.23435460554939,high_missing; large_train_test_missing_gap
bureau_bal_status_C_count_sum,discrete_count_numeric,feature,P3_normal_type_specific_eda,route_to_discrete_count_eda,discrete_count_eda,no universal-level issue; continue type-specific EDA,14.31493507549323,13.17905793533563,1.135877140157604,764,800.0,False,False,14.15952056813238,870,55.15431362366844,
bureau_bal_status_C_count_mean,ratio_rate_numeric,feature,P1_stability_review,route_to_ratio_rate_eda; also stability_review,ratio_rate_eda,high combined missingness; large train-test missingness gap,70.0072517731073,13.19752174626621,56.80973002684109,4745,3886.0,False,False,62.23435460554939,5638,62.23435460554939,high_missing; large_train_test_missing_gap
bureau_bal_status_C_count_max,discrete_count_numeric,feature,P1_stability_review,route_to_discrete_count_eda; also stability_review,discrete_count_eda,high combined missingness; large train-test missingness gap,70.0072517731073,13.19752174626621,56.80973002684109,97,96.0,False,False,62.23435460554939,97,62.23435460554939,high_missing; large_train_test_missing_gap
bureau_bal_status_X_count_sum,discrete_count_numeric,feature,P3_normal_type_specific_eda,route_to_discrete_count_eda,discrete_count_eda,no universal-level issue; continue type-specific EDA,14.31493507549323,13.17905793533563,1.135877140157604,536,540.0,False,False,14.15952056813238,611,54.51544539725758,
bureau_bal_status_X_count_mean,ratio_rate_numeric,feature,P1_stability_review,route_to_ratio_rate_eda; also stability_review,ratio_rate_eda,high combined missingness; large train-test missingness gap,70.0072517731073,13.19752174626621,56.80973002684109,3482,3209.0,False,False,62.23435460554939,4338,62.23435460554939,high_missing; large_train_test_missing_gap
bureau_bal_status_X_count_max,discrete_count_numeric,feature,P1_stability_review,route_to_discrete_count_eda; also stability_review,discrete_count_eda,high combined missingness; large train-test missingness gap,70.0072517731073,13.19752174626621,56.80973002684109,98,97.0,False,False,62.23435460554939,98,62.23435460554939,high_missing; large_train_test_missing_gap
bureau_bal_recent_6m_count_sum,discrete_count_numeric,feature,P3_normal_type_specific_eda,route_to_discrete_count_eda,discrete_count_eda,no universal-level issue; continue type-specific EDA,14.31493507549323,13.17905793533563,1.135877140157604,221,246.0,False,False,14.15952056813238,264,48.91271701449804,
bureau_bal_recent_6m_count_mean,discrete_count_numeric,feature,P1_stability_review,route_to_discrete_count_eda; also stability_review,discrete_count_eda,high combined missingness; large train-test missingness gap,70.0072517731073,13.19752174626621,56.80973002684109,1173,445.0,False,False,62.23435460554939,1281,62.23435460554939,high_missing; large_train_test_missing_gap
bureau_bal_recent_6m_count_max,discrete_count_numeric,feature,P1_stability_review,route_to_discrete_count_eda; also stability_review,discrete_count_eda,high combined missingness; large train-test missingness gap,70.0072517731073,13.19752174626621,56.80973002684109,8,7.0,False,False,62.23435460554939,8,62.23435460554939,high_missing; large_train_test_missing_gap
bureau_bal_recent_6m_late_count_sum,discrete_count_numeric,feature,P3_normal_type_specific_eda,route_to_discrete_count_eda,discrete_count_eda,no universal-level issue; continue type-specific EDA,14.31493507549323,13.17905793533563,1.135877140157604,37,22.0,False,False,14.15952056813238,37,80.82890064700847,
bureau_bal_recent_6m_late_count_mean,discrete_count_numeric,feature,P1_stability_review,route_to_discrete_count_eda; also stability_review,discrete_count_eda,high combined missingness; large train-test missingness gap,70.0072517731073,13.19752174626621,56.80973002684109,267,189.0,False,False,62.23435460554939,293,62.23435460554939,high_missing; large_train_test_missing_gap
bureau_bal_recent_6m_late_count_max,discrete_count_numeric,feature,P1_stability_review,route_to_discrete_count_eda; also stability_review,discrete_count_eda,high combined missingness; large train-test missingness gap,70.0072517731073,13.19752174626621,56.80973002684109,8,8.0,False,False,62.23435460554939,8,62.23435460554939,high_missing; large_train_test_missing_gap
bureau_bal_recent_6m_severe_late_count_sum,discrete_count_numeric,feature,P3_normal_type_specific_eda,route_to_discrete_count_eda,discrete_count_eda,no universal-level issue; continue type-specific EDA,14.31493507549323,13.17905793533563,1.135877140157604,37,9.0,False,False,14.15952056813238,37,85.49325623500022,
bureau_bal_recent_6m_severe_late_count_mean,discrete_count_numeric,feature,P1_stability_review,route_to_discrete_count_eda; also stability_review,discrete_count_eda,high combined missingness; large train-test missingness gap,70.0072517731073,13.19752174626621,56.80973002684109,156,44.0,False,False,62.23435460554939,162,62.23435460554939,high_missing; large_train_test_missing_gap
bureau_bal_recent_6m_severe_late_count_max,discrete_count_numeric,feature,P1_stability_review,route_to_discrete_count_eda; also stability_review,discrete_count_eda,high combined missingness; large train-test missingness gap,70.0072517731073,13.19752174626621,56.80973002684109,8,8.0,False,False,62.23435460554939,8,62.23435460554939,high_missing; large_train_test_missing_gap
bureau_bal_recent_12m_count_sum,discrete_count_numeric,feature,P3_normal_type_specific_eda,route_to_discrete_count_eda,discrete_count_eda,no universal-level issue; continue type-specific EDA,14.31493507549323,13.17905793533563,1.135877140157604,352,403.0,False,False,14.15952056813238,423,48.68563248235112,
bureau_bal_recent_12m_count_mean,discrete_count_numeric,feature,P1_stability_review,route_to_discrete_count_eda; also stability_review,discrete_count_eda,high combined missingness; large train-test missingness gap,70.0072517731073,13.19752174626621,56.80973002684109,1860,868.0,False,False,62.23435460554939,2055,62.23435460554939,high_missing; large_train_test_missing_gap
bureau_bal_recent_12m_count_max,discrete_count_numeric,feature,P1_stability_review,route_to_discrete_count_eda; also stability_review,discrete_count_eda,high combined missingness; large train-test missingness gap,70.0072517731073,13.19752174626621,56.80973002684109,14,13.0,False,False,62.23435460554939,14,62.23435460554939,high_missing; large_train_test_missing_gap
bureau_bal_recent_12m_late_count_sum,discrete_count_numeric,feature,P3_normal_type_specific_eda,route_to_discrete_count_eda,discrete_count_eda,no universal-level issue; continue type-specific EDA,14.31493507549323,13.17905793533563,1.135877140157604,60,32.0,False,False,14.15952056813238,60,79.03215393468162,
bureau_bal_recent_12m_late_count_mean,discrete_count_numeric,feature,P1_stability_review,route_to_discrete_count_eda; also stability_review,discrete_count_eda,high combined missingness; large train-test missingness gap,70.0072517731073,13.19752174626621,56.80973002684109,408,263.0,False,False,62.23435460554939,442,62.23435460554939,high_missing; large_train_test_missing_gap
bureau_bal_recent_12m_late_count_max,discrete_count_numeric,feature,P1_stability_review,route_to_discrete_count_eda; also stability_review,discrete_count_eda,high combined missingness; large train-test missingness gap,70.0072517731073,13.19752174626621,56.80973002684109,14,14.0,False,False,62.23435460554939,14,62.23435460554939,high_missing; large_train_test_missing_gap
bureau_bal_recent_12m_severe_late_count_sum,discrete_count_numeric,feature,P3_normal_type_specific_eda,route_to_discrete_count_eda,discrete_count_eda,no universal-level issue; continue type-specific EDA,14.31493507549323,13.17905793533563,1.135877140157604,55,18.0,False,False,14.15952056813238,55,85.4112924730881,
bureau_bal_recent_12m_severe_late_count_mean,discrete_count_numeric,feature,P1_stability_review,route_to_discrete_count_eda; also stability_review,discrete_count_eda,high combined missingness; large train-test missingness gap,70.0072517731073,13.19752174626621,56.80973002684109,223,68.0,False,False,62.23435460554939,234,62.23435460554939,high_missing; large_train_test_missing_gap
bureau_bal_recent_12m_severe_late_count_max,discrete_count_numeric,feature,P1_stability_review,route_to_discrete_count_eda; also stability_review,discrete_count_eda,high combined missingness; large train-test missingness gap,70.0072517731073,13.19752174626621,56.80973002684109,14,14.0,False,False,62.23435460554939,14,62.23435460554939,high_missing; large_train_test_missing_gap
bureau_bal_old_count_sum,discrete_count_numeric,feature,P3_normal_type_specific_eda,route_to_discrete_count_eda,discrete_count_eda,no universal-level issue; continue type-specific EDA,14.31493507549323,13.17905793533563,1.135877140157604,889,931.0,False,False,14.15952056813238,1003,50.63227182776382,
bureau_bal_old_count_mean,discrete_count_numeric,feature,P1_stability_review,route_to_discrete_count_eda; also stability_review,discrete_count_eda,high combined missingness; large train-test missingness gap,70.0072517731073,13.19752174626621,56.80973002684109,5143,4254.0,False,False,62.23435460554939,6163,62.23435460554939,high_missing; large_train_test_missing_gap
bureau_bal_old_count_max,discrete_count_numeric,feature,P1_stability_review,route_to_discrete_count_eda; also stability_review,discrete_count_eda,high combined missingness; large train-test missingness gap,70.0072517731073,13.19752174626621,56.80973002684109,85,85.0,False,False,62.23435460554939,85,62.23435460554939,high_missing; large_train_test_missing_gap
bureau_bal_old_late_count_sum,discrete_count_numeric,feature,P3_normal_type_specific_eda,route_to_discrete_count_eda,discrete_count_eda,no universal-level issue; continue type-specific EDA,14.31493507549323,13.17905793533563,1.135877140157604,138,85.0,False,False,14.15952056813238,140,74.85115998371953,
bureau_bal_old_late_count_mean,discrete_count_numeric,feature,P1_stability_review,route_to_discrete_count_eda; also stability_review,discrete_count_eda,high combined missingness; large train-test missingness gap,70.0072517731073,13.19752174626621,56.80973002684109,811,560.0,False,False,62.23435460554939,900,62.23435460554939,high_missing; large_train_test_missing_gap
bureau_bal_old_late_count_max,discrete_count_numeric,feature,P1_stability_review,route_to_discrete_count_eda; also stability_review,discrete_count_eda,high combined missingness; large train-test missingness gap,70.0072517731073,13.19752174626621,56.80973002684109,76,65.0,False,False,62.23435460554939,77,62.23435460554939,high_missing; large_train_test_missing_gap
bureau_bal_late_ratio_mean,ratio_rate_numeric,feature,P1_stability_review,route_to_ratio_rate_eda; also stability_review,ratio_rate_eda,high combined missingness; large train-test missingness gap,70.0072517731073,13.19752174626621,56.80973002684109,14068,8265.0,False,False,62.23435460554939,20485,62.23435460554939,high_missing; large_train_test_missing_gap
bureau_bal_late_ratio_max,ratio_rate_numeric,feature,P1_stability_review,route_to_ratio_rate_eda; also stability_review,ratio_rate_eda,high combined missingness; large train-test missingness gap,70.0072517731073,13.19752174626621,56.80973002684109,1323,1082.0,False,False,62.23435460554939,1535,62.23435460554939,high_missing; large_train_test_missing_gap
bureau_bal_late_ratio_min,ratio_rate_numeric,feature,P1_stability_review,route_to_ratio_rate_eda; also stability_review,ratio_rate_eda,high combined missingness; large train-test missingness gap,70.0072517731073,13.19752174626621,56.80973002684109,595,308.0,False,False,62.23435460554939,658,62.23435460554939,high_missing; large_train_test_missing_gap
bureau_bal_severe_late_ratio_mean,ratio_rate_numeric,feature,P1_stability_review,route_to_ratio_rate_eda; also stability_review,ratio_rate_eda,high combined missingness; large train-test missingness gap,70.0072517731073,13.19752174626621,56.80973002684109,2287,1022.0,False,False,62.23435460554939,2889,62.23435460554939,high_missing; large_train_test_missing_gap
bureau_bal_severe_late_ratio_max,ratio_rate_numeric,feature,P1_stability_review,route_to_ratio_rate_eda; also stability_review,ratio_rate_eda,high combined missingness; large train-test missingness gap,70.0072517731073,13.19752174626621,56.80973002684109,927,560.0,False,False,62.23435460554939,1090,62.23435460554939,high_missing; large_train_test_missing_gap
bureau_bal_severe_late_ratio_min,ratio_rate_numeric,feature,P1_stability_review,route_to_ratio_rate_eda; also stability_review,ratio_rate_eda,high combined missingness; large train-test missingness gap,70.0072517731073,13.19752174626621,56.80973002684109,294,90.0,False,False,62.23435460554939,345,62.23435460554939,high_missing; large_train_test_missing_gap
bureau_bal_status_0_ratio_mean,ratio_rate_numeric,feature,P1_stability_review,route_to_ratio_rate_eda; also stability_review,ratio_rate_eda,high combined missingness; large train-test missingness gap,70.0072517731073,13.19752174626621,56.80973002684109,59102,32403.0,False,False,62.23435460554939,88252,62.23435460554939,high_missing; large_train_test_missing_gap
bureau_bal_status_0_ratio_max,ratio_rate_numeric,feature,P1_stability_review,route_to_ratio_rate_eda; also stability_review,ratio_rate_eda,high combined missingness; large train-test missingness gap,70.0072517731073,13.19752174626621,56.80973002684109,2021,1940.0,False,False,62.23435460554939,2352,62.23435460554939,high_missing; large_train_test_missing_gap
bureau_bal_status_0_ratio_min,ratio_rate_numeric,feature,P1_stability_review,route_to_ratio_rate_eda; also stability_review,ratio_rate_eda,high combined missingness; large train-test missingness gap,70.0072517731073,13.19752174626621,56.80973002684109,1745,1538.0,False,False,62.23435460554939,1930,62.23435460554939,high_missing; large_train_test_missing_gap
bureau_bal_status_1_ratio_mean,ratio_rate_numeric,feature,P1_stability_review,route_to_ratio_rate_eda; also stability_review,ratio_rate_eda,high combined missingness; large train-test missingness gap,70.0072517731073,13.19752174626621,56.80973002684109,13113,7875.0,False,False,62.23435460554939,19243,62.23435460554939,high_missing; large_train_test_missing_gap
bureau_bal_status_1_ratio_max,ratio_rate_numeric,feature,P1_stability_review,route_to_ratio_rate_eda; also stability_review,ratio_rate_eda,high combined missingness; large train-test missingness gap,70.0072517731073,13.19752174626621,56.80973002684109,879,861.0,False,False,62.23435460554939,1063,62.23435460554939,high_missing; large_train_test_missing_gap
bureau_bal_status_1_ratio_min,ratio_rate_numeric,feature,P1_stability_review,route_to_ratio_rate_eda; also stability_review,ratio_rate_eda,high combined missingness; large train-test missingness gap,70.0072517731073,13.19752174626621,56.80973002684109,424,254.0,False,False,62.23435460554939,457,62.23435460554939,high_missing; large_train_test_missing_gap
bureau_bal_status_2_ratio_mean,ratio_rate_numeric,feature,P1_stability_review,route_to_ratio_rate_eda; also stability_review,ratio_rate_eda,high combined missingness; large train-test missingness gap,70.0072517731073,13.19752174626621,56.80973002684109,2755,1178.0,False,False,62.23435460554939,3345,62.23435460554939,high_missing; large_train_test_missing_gap
bureau_bal_status_2_ratio_max,ratio_rate_numeric,feature,P1_stability_review,route_to_ratio_rate_eda; also stability_review,ratio_rate_eda,high combined missingness; large train-test missingness gap,70.0072517731073,13.19752174626621,56.80973002684109,337,253.0,False,False,62.23435460554939,380,62.23435460554939,high_missing; large_train_test_missing_gap
bureau_bal_status_2_ratio_min,ratio_rate_numeric,feature,P1_stability_review,route_to_ratio_rate_eda; also stability_review,ratio_rate_eda,high combined missingness; large train-test missingness gap,70.0072517731073,13.19752174626621,56.80973002684109,170,85.0,False,False,62.23435460554939,177,62.23435460554939,high_missing; large_train_test_missing_gap
bureau_bal_status_3_ratio_mean,ratio_rate_numeric,feature,P1_stability_review,route_to_ratio_rate_eda; also stability_review,ratio_rate_eda,high combined missingness; large train-test missingness gap,70.0072517731073,13.19752174626621,56.80973002684109,1453,627.0,False,False,62.23435460554939,1727,62.23435460554939,high_missing; large_train_test_missing_gap
bureau_bal_status_3_ratio_max,ratio_rate_numeric,feature,P1_stability_review,route_to_ratio_rate_eda; also stability_review,ratio_rate_eda,high combined missingness; large train-test missingness gap,70.0072517731073,13.19752174626621,56.80973002684109,210,153.0,False,False,62.23435460554939,224,62.23435460554939,high_missing; large_train_test_missing_gap
bureau_bal_status_3_ratio_min,ratio_rate_numeric,feature,P1_stability_review,route_to_ratio_rate_eda; also stability_review,ratio_rate_eda,high combined missingness; large train-test missingness gap,70.0072517731073,13.19752174626621,56.80973002684109,115,52.0,False,False,62.23435460554939,124,62.23435460554939,high_missing; large_train_test_missing_gap
bureau_bal_status_4_ratio_mean,ratio_rate_numeric,feature,P1_stability_review,route_to_ratio_rate_eda; also stability_review,ratio_rate_eda,high combined missingness; large train-test missingness gap,70.0072517731073,13.19752174626621,56.80973002684109,1121,477.0,False,False,62.23435460554939,1315,62.23435460554939,high_missing; large_train_test_missing_gap
bureau_bal_status_4_ratio_max,ratio_rate_numeric,feature,P1_stability_review,route_to_ratio_rate_eda; also stability_review,ratio_rate_eda,high combined missingness; large train-test missingness gap,70.0072517731073,13.19752174626621,56.80973002684109,171,123.0,False,False,62.23435460554939,187,62.23435460554939,high_missing; large_train_test_missing_gap
bureau_bal_status_4_ratio_min,ratio_rate_numeric,feature,P1_stability_review,route_to_ratio_rate_eda; also stability_review,ratio_rate_eda,high combined missingness; large train-test missingness gap,70.0072517731073,13.19752174626621,56.80973002684109,98,39.0,False,False,62.23435460554939,104,62.23435460554939,high_missing; large_train_test_missing_gap
bureau_bal_status_5_ratio_mean,ratio_rate_numeric,feature,P1_stability_review,route_to_ratio_rate_eda; also stability_review,ratio_rate_eda,high combined missingness; large train-test missingness gap,70.0072517731073,13.19752174626621,56.80973002684109,1628,664.0,False,False,62.23435460554939,2076,62.23435460554939,high_missing; large_train_test_missing_gap
bureau_bal_status_5_ratio_max,ratio_rate_numeric,feature,P1_stability_review,route_to_ratio_rate_eda; also stability_review,ratio_rate_eda,high combined missingness; large train-test missingness gap,70.0072517731073,13.19752174626621,56.80973002684109,864,462.0,False,False,62.23435460554939,1022,62.23435460554939,high_missing; large_train_test_missing_gap
bureau_bal_status_5_ratio_min,ratio_rate_numeric,feature,P1_stability_review,route_to_ratio_rate_eda; also stability_review,ratio_rate_eda,high combined missingness; large train-test missingness gap,70.0072517731073,13.19752174626621,56.80973002684109,237,58.0,False,False,62.23435460554939,280,62.23435460554939,high_missing; large_train_test_missing_gap
bureau_bal_status_C_ratio_mean,ratio_rate_numeric,feature,P1_stability_review,route_to_ratio_rate_eda; also stability_review,ratio_rate_eda,high combined missingness; large train-test missingness gap,70.0072517731073,13.19752174626621,56.80973002684109,49918,27924.0,False,False,62.23435460554939,74523,62.23435460554939,high_missing; large_train_test_missing_gap
bureau_bal_status_C_ratio_max,ratio_rate_numeric,feature,P1_stability_review,route_to_ratio_rate_eda; also stability_review,ratio_rate_eda,high combined missingness; large train-test missingness gap,70.0072517731073,13.19752174626621,56.80973002684109,2124,1890.0,False,False,62.23435460554939,2311,62.23435460554939,high_missing; large_train_test_missing_gap
bureau_bal_status_C_ratio_min,ratio_rate_numeric,feature,P1_stability_review,route_to_ratio_rate_eda; also stability_review,ratio_rate_eda,high combined missingness; large train-test missingness gap,70.0072517731073,13.19752174626621,56.80973002684109,1616,1273.0,False,False,62.23435460554939,1889,62.23435460554939,high_missing; large_train_test_missing_gap
bureau_bal_status_X_ratio_mean,ratio_rate_numeric,feature,P1_stability_review,route_to_ratio_rate_eda; also stability_review,ratio_rate_eda,high combined missingness; large train-test missingness gap,70.0072517731073,13.19752174626621,56.80973002684109,40428,25838.0,False,False,62.23435460554939,62867,62.23435460554939,high_missing; large_train_test_missing_gap
bureau_bal_status_X_ratio_max,ratio_rate_numeric,feature,P1_stability_review,route_to_ratio_rate_eda; also stability_review,ratio_rate_eda,high combined missingness; large train-test missingness gap,70.0072517731073,13.19752174626621,56.80973002684109,2133,2051.0,False,False,62.23435460554939,2467,62.23435460554939,high_missing; large_train_test_missing_gap
bureau_bal_status_X_ratio_min,ratio_rate_numeric,feature,P1_stability_review,route_to_ratio_rate_eda; also stability_review,ratio_rate_eda,high combined missingness; large train-test missingness gap,70.0072517731073,13.19752174626621,56.80973002684109,1346,975.0,False,False,62.23435460554939,1557,62.23435460554939,high_missing; large_train_test_missing_gap
bureau_bal_recent_6m_late_ratio_mean,ratio_rate_numeric,feature,P1_stability_review,route_to_ratio_rate_eda; also stability_review,ratio_rate_eda,high combined missingness; large train-test missingness gap,70.0072517731073,13.19752174626621,56.80973002684109,659,332.0,False,False,62.23435460554939,728,62.23435460554939,high_missing; large_train_test_missing_gap
bureau_bal_recent_6m_late_ratio_max,ratio_rate_numeric,feature,P1_stability_review,route_to_ratio_rate_eda; also stability_review,ratio_rate_eda,high combined missingness; large train-test missingness gap,70.0072517731073,13.19752174626621,56.80973002684109,19,19.0,False,False,62.23435460554939,19,62.23435460554939,high_missing; large_train_test_missing_gap
bureau_bal_recent_6m_late_ratio_min,ratio_rate_numeric,feature,P1_stability_review,route_to_ratio_rate_eda; also stability_review,ratio_rate_eda,high combined missingness; large train-test missingness gap,70.0072517731073,13.19752174626621,56.80973002684109,17,15.0,False,False,62.23435460554939,17,62.23435460554939,high_missing; large_train_test_missing_gap
bureau_bal_recent_12m_late_ratio_mean,ratio_rate_numeric,feature,P1_stability_review,route_to_ratio_rate_eda; also stability_review,ratio_rate_eda,high combined missingness; large train-test missingness gap,70.0072517731073,13.19752174626621,56.80973002684109,2091,974.0,False,False,62.23435460554939,2464,62.23435460554939,high_missing; large_train_test_missing_gap
bureau_bal_recent_12m_late_ratio_max,ratio_rate_numeric,feature,P1_stability_review,route_to_ratio_rate_eda; also stability_review,ratio_rate_eda,high combined missingness; large train-test missingness gap,70.0072517731073,13.19752174626621,56.80973002684109,59,56.0,False,False,62.23435460554939,59,62.23435460554939,high_missing; large_train_test_missing_gap
bureau_bal_recent_12m_late_ratio_min,ratio_rate_numeric,feature,P1_stability_review,route_to_ratio_rate_eda; also stability_review,ratio_rate_eda,high combined missingness; large train-test missingness gap,70.0072517731073,13.19752174626621,56.80973002684109,49,32.0,False,False,62.23435460554939,49,62.23435460554939,high_missing; large_train_test_missing_gap
bureau_bal_recent_12m_severe_late_ratio_mean,ratio_rate_numeric,feature,P1_stability_review,route_to_ratio_rate_eda; also stability_review,ratio_rate_eda,high combined missingness; large train-test missingness gap,70.0072517731073,13.19752174626621,56.80973002684109,346,70.0,False,False,62.23435460554939,361,62.23435460554939,high_missing; large_train_test_missing_gap
bureau_bal_recent_12m_severe_late_ratio_max,ratio_rate_numeric,feature,P1_stability_review,route_to_ratio_rate_eda; also stability_review,ratio_rate_eda,high combined missingness; large train-test missingness gap,70.0072517731073,13.19752174626621,56.80973002684109,53,22.0,False,False,62.23435460554939,53,62.23435460554939,high_missing; large_train_test_missing_gap
bureau_bal_recent_12m_severe_late_ratio_min,ratio_rate_numeric,feature,P1_stability_review,route_to_ratio_rate_eda; also stability_review,ratio_rate_eda,high combined missingness; large train-test missingness gap,70.0072517731073,13.19752174626621,56.80973002684109,23,6.0,False,False,62.23435460554939,24,62.23435460554939,high_missing; large_train_test_missing_gap
bureau_bal_old_late_ratio_mean,ratio_rate_numeric,feature,P1_stability_review,route_to_ratio_rate_eda; also stability_review,ratio_rate_eda,high combined missingness; large train-test missingness gap,70.0072517731073,13.19752174626621,56.80973002684109,11113,6018.0,False,False,62.23435460554939,15523,62.23435460554939,high_missing; large_train_test_missing_gap
bureau_bal_old_late_ratio_max,ratio_rate_numeric,feature,P1_stability_review,route_to_ratio_rate_eda; also stability_review,ratio_rate_eda,high combined missingness; large train-test missingness gap,70.0072517731073,13.19752174626621,56.80973002684109,1144,912.0,False,False,62.23435460554939,1321,62.23435460554939,high_missing; large_train_test_missing_gap
bureau_bal_old_late_ratio_min,ratio_rate_numeric,feature,P1_stability_review,route_to_ratio_rate_eda; also stability_review,ratio_rate_eda,high combined missingness; large train-test missingness gap,70.0072517731073,13.19752174626621,56.80973002684109,472,249.0,False,False,62.23435460554939,538,62.23435460554939,high_missing; large_train_test_missing_gap
bureau_bal_late_trend_12m_vs_old_mean,continuous_stat_numeric,feature,P1_stability_review,route_to_continuous_numeric_eda; also stability_review,continuous_numeric_eda,high combined missingness; large train-test missingness gap,70.0072517731073,13.19752174626621,56.80973002684109,11055,7378.0,False,False,62.23435460554939,16622,62.23435460554939,high_missing; large_train_test_missing_gap
bureau_bal_late_trend_12m_vs_old_max,continuous_stat_numeric,feature,P1_stability_review,route_to_continuous_numeric_eda; also stability_review,continuous_numeric_eda,high combined missingness; large train-test missingness gap,70.0072517731073,13.19752174626621,56.80973002684109,1383,832.0,False,False,62.23435460554939,1737,62.23435460554939,high_missing; large_train_test_missing_gap
bureau_bal_late_trend_12m_vs_old_min,continuous_stat_numeric,feature,P1_stability_review,route_to_continuous_numeric_eda; also stability_review,continuous_numeric_eda,high combined missingness; large train-test missingness gap,70.0072517731073,13.19752174626621,56.80973002684109,1472,1080.0,False,False,62.23435460554939,1765,62.23435460554939,high_missing; large_train_test_missing_gap
bureau_bal_month_min_mean,date_duration_numeric,feature,P1_stability_review,route_to_date_duration_eda; also stability_review,date_duration_eda,high combined missingness; large train-test missingness gap,70.0072517731073,13.19752174626621,56.80973002684109,5715,4496.0,False,False,62.23435460554939,6660,62.23435460554939,high_missing; large_train_test_missing_gap
bureau_bal_month_min_max,date_duration_numeric,feature,P1_stability_review,route_to_date_duration_eda; also stability_review,date_duration_eda,high combined missingness; large train-test missingness gap,70.0072517731073,13.19752174626621,56.80973002684109,97,96.0,False,False,62.23435460554939,97,62.23435460554939,high_missing; large_train_test_missing_gap
bureau_bal_month_min_min,date_duration_numeric,feature,P1_stability_review,route_to_date_duration_eda; also stability_review,date_duration_eda,high combined missingness; large train-test missingness gap,70.0072517731073,13.19752174626621,56.80973002684109,97,97.0,False,False,62.23435460554939,97,62.23435460554939,high_missing; large_train_test_missing_gap
bureau_bal_month_max_mean,date_duration_numeric,feature,P1_stability_review,route_to_date_duration_eda; also stability_review,date_duration_eda,high combined missingness; large train-test missingness gap,70.0072517731073,13.19752174626621,56.80973002684109,3958,160.0,False,False,62.23435460554939,4008,62.23435460554939,high_missing; large_train_test_missing_gap
bureau_bal_month_max_max,date_duration_numeric,feature,P1_stability_review,route_to_date_duration_eda; also stability_review,date_duration_eda,high combined missingness; large train-test missingness gap,70.0072517731073,13.19752174626621,56.80973002684109,91,3.0,False,False,62.23435460554939,91,62.23435460554939,high_missing; large_train_test_missing_gap
bureau_bal_month_max_min,date_duration_numeric,feature,P1_stability_review,route_to_date_duration_eda; also stability_review,date_duration_eda,high combined missingness; large train-test missingness gap,70.0072517731073,13.19752174626621,56.80973002684109,96,13.0,False,False,62.23435460554939,96,62.23435460554939,high_missing; large_train_test_missing_gap
bureau_bal_month_mean_mean,date_duration_numeric,feature,P1_stability_review,route_to_date_duration_eda; also stability_review,date_duration_eda,high combined missingness; large train-test missingness gap,70.0072517731073,13.19752174626621,56.80973002684109,7066,4485.0,False,False,62.23435460554939,8068,62.23435460554939,high_missing; large_train_test_missing_gap
bureau_bal_month_mean_max,date_duration_numeric,feature,P1_stability_review,route_to_date_duration_eda; also stability_review,date_duration_eda,high combined missingness; large train-test missingness gap,70.0072517731073,13.19752174626621,56.80973002684109,184,97.0,False,False,62.23435460554939,184,62.23435460554939,high_missing; large_train_test_missing_gap
bureau_bal_month_mean_min,date_duration_numeric,feature,P1_stability_review,route_to_date_duration_eda; also stability_review,date_duration_eda,high combined missingness; large train-test missingness gap,70.0072517731073,13.19752174626621,56.80973002684109,191,108.0,False,False,62.23435460554939,191,62.23435460554939,high_missing; large_train_test_missing_gap
bureau_bal_month_span_mean,date_duration_numeric,feature,P1_stability_review,route_to_date_duration_eda; also stability_review,date_duration_eda,high combined missingness; large train-test missingness gap,70.0072517731073,13.19752174626621,56.80973002684109,5673,4498.0,False,False,62.23435460554939,6833,62.23435460554939,high_missing; large_train_test_missing_gap
bureau_bal_month_span_max,date_duration_numeric,feature,P1_stability_review,route_to_date_duration_eda; also stability_review,date_duration_eda,high combined missingness; large train-test missingness gap,70.0072517731073,13.19752174626621,56.80973002684109,97,97.0,False,False,62.23435460554939,97,62.23435460554939,high_missing; large_train_test_missing_gap
bureau_bal_month_span_min,date_duration_numeric,feature,P1_stability_review,route_to_date_duration_eda; also stability_review,date_duration_eda,high combined missingness; large train-test missingness gap,70.0072517731073,13.19752174626621,56.80973002684109,97,96.0,False,False,62.23435460554939,97,62.23435460554939,high_missing; large_train_test_missing_gap
bureau_bal_max_late_status_mean,ratio_rate_numeric,feature,P1_stability_review,route_to_ratio_rate_eda; also stability_review,ratio_rate_eda,high combined missingness; large train-test missingness gap,70.0072517731073,13.19752174626621,56.80973002684109,378,244.0,False,False,62.23435460554939,404,62.23435460554939,high_missing; large_train_test_missing_gap
bureau_bal_max_late_status_max,overdue_delay_numeric,feature,P1_stability_review,route_to_overdue_delay_eda; also stability_review,overdue_delay_eda,high combined missingness; large train-test missingness gap,70.0072517731073,13.19752174626621,56.80973002684109,6,6.0,False,False,62.23435460554939,6,62.23435460554939,high_missing; large_train_test_missing_gap
bureau_bal_max_late_status_min,overdue_delay_numeric,feature,P1_stability_review,route_to_overdue_delay_eda; also stability_review,overdue_delay_eda,high combined missingness; large train-test missingness gap,70.0072517731073,13.19752174626621,56.80973002684109,6,6.0,False,False,62.23435460554939,6,62.23435460554939,high_missing; large_train_test_missing_gap
bureau_without_balance_count,discrete_count_numeric,feature,P3_normal_type_specific_eda,route_to_discrete_count_eda,discrete_count_eda,no universal-level issue; continue type-specific EDA,14.31493507549323,13.17905793533563,1.135877140157604,53,5.0,False,False,14.15952056813238,53,37.64382254284151,
bureau_without_balance_ratio,ratio_rate_numeric,feature,P3_normal_type_specific_eda,route_to_ratio_rate_eda,ratio_rate_eda,no universal-level issue; continue type-specific EDA,14.31493507549323,13.17905793533563,1.135877140157604,48,38.0,False,False,14.15952056813238,60,48.07483403741702,
bureau_latest_credit_active_flag,binary_flag,feature,P3_normal_type_specific_eda,route_to_binary_flag_eda,binary_flag_eda,no universal-level issue; continue type-specific EDA,14.31493507549323,13.17905793533563,1.135877140157604,2,2.0,False,False,14.15952056813238,2,60.48701070862164,
bureau_latest_credit_closed_flag,binary_flag,feature,P3_normal_type_specific_eda,route_to_binary_flag_eda,binary_flag_eda,no universal-level issue; continue type-specific EDA,14.31493507549323,13.17905793533563,1.135877140157604,2,2.0,False,False,14.15952056813238,2,60.68967453088378,
bureau_latest_credit_amount,continuous_amount_numeric,feature,P3_normal_type_specific_eda,route_to_continuous_numeric_eda,continuous_numeric_eda,no universal-level issue; continue type-specific EDA,14.31591065035072,13.19752174626621,1.118388904084512,65990,16920.0,False,False,14.16288894190959,73910,14.16288894190959,
bureau_latest_debt_amount,continuous_amount_numeric,feature,P3_normal_type_specific_eda,route_to_continuous_numeric_eda,continuous_numeric_eda,no universal-level issue; continue type-specific EDA,24.8586229435695,21.59855571967832,3.260067223891177,98832,20905.0,False,False,24.41256964814529,110992,28.99215449607725,
bureau_latest_limit_amount,continuous_amount_numeric,feature,P3_normal_type_specific_eda,route_to_continuous_numeric_eda,continuous_numeric_eda,no universal-level issue; continue type-specific EDA,38.56707564932636,42.3703430165764,3.803267367250037,12121,2138.0,False,False,39.08745140419082,14083,55.83949698951594,
bureau_latest_annuity_amount,continuous_amount_numeric,feature,P1_stability_review,route_to_continuous_numeric_eda; also stability_review,continuous_numeric_eda,high combined missingness; large train-test missingness gap,80.60297030024942,39.20482520925652,41.39814509099291,16112,11223.0,False,False,74.938737701927,21962,74.938737701927,high_missing; large_train_test_missing_gap
bureau_latest_overdue_days,overdue_delay_numeric,feature,P3_normal_type_specific_eda,route_to_overdue_delay_eda,overdue_delay_eda,no universal-level issue; continue type-specific EDA,14.31493507549323,13.17905793533563,1.135877140157604,221,65.0,False,False,14.15952056813238,235,85.52216810992125,
bureau_latest_overdue_amount,continuous_amount_numeric,feature,P3_normal_type_specific_eda,route_to_continuous_numeric_eda,continuous_numeric_eda,no universal-level issue; continue type-specific EDA,14.31493507549323,13.17905793533563,1.135877140157604,511,103.0,False,False,14.15952056813238,564,85.51374717547824,
bureau_latest_debt_to_credit,ratio_rate_numeric,feature,P3_normal_type_specific_eda,route_to_ratio_rate_eda,ratio_rate_eda,no universal-level issue; continue type-specific EDA,26.74245799337259,24.07886098801904,2.663597005353555,119830,21054.0,False,False,26.37801574714741,138656,27.13449635794585,
bureau_latest_overdue_to_credit,ratio_rate_numeric,feature,P3_normal_type_specific_eda,route_to_ratio_rate_eda,ratio_rate_eda,no universal-level issue; continue type-specific EDA,16.34868346172982,15.85631052026916,0.4923729414606619,915,118.0,False,False,16.28131534996,1019,83.3972856521312,
bureau_latest_days_credit,date_duration_numeric,feature,P3_normal_type_specific_eda,route_to_date_duration_eda,date_duration_eda,no universal-level issue; continue type-specific EDA,14.31493507549323,13.17905793533563,1.135877140157604,2923,2553.0,False,False,14.15952056813238,2923,14.15952056813238,
bureau_latest_days_enddate,date_duration_numeric,feature,P3_normal_type_specific_eda,route_to_date_duration_eda,date_duration_eda,no universal-level issue; continue type-specific EDA,21.14428426950581,20.1296569834236,1.014627286082206,9969,5658.0,False,False,21.00545957249723,10549,21.00545957249723,
bureau_latest_days_update,date_duration_numeric,feature,P3_normal_type_specific_eda,route_to_date_duration_eda,date_duration_eda,no universal-level issue; continue type-specific EDA,14.31493507549323,13.17905793533563,1.135877140157604,2704,1878.0,False,False,14.15952056813238,2732,14.15952056813238,
bureau_latest_type_consumer_credit_flag,binary_flag,feature,P3_normal_type_specific_eda,route_to_binary_flag_eda,binary_flag_eda,no universal-level issue; continue type-specific EDA,14.31493507549323,13.17905793533563,1.135877140157604,2,2.0,False,False,14.15952056813238,2,58.07637787539824,
bureau_latest_type_credit_card_flag,binary_flag,feature,P3_normal_type_specific_eda,route_to_binary_flag_eda,binary_flag_eda,no universal-level issue; continue type-specific EDA,14.31493507549323,13.17905793533563,1.135877140157604,2,2.0,False,False,14.15952056813238,2,62.19056574644566,
bureau_latest_type_car_loan_flag,binary_flag,feature,P3_normal_type_specific_eda,route_to_binary_flag_eda,binary_flag_eda,no universal-level issue; continue type-specific EDA,14.31493507549323,13.17905793533563,1.135877140157604,2,2.0,False,False,14.15952056813238,2,84.24948421776537,
bureau_latest_type_mortgage_flag,binary_flag,feature,P3_normal_type_specific_eda,route_to_binary_flag_eda,binary_flag_eda,no universal-level issue; continue type-specific EDA,14.31493507549323,13.17905793533563,1.135877140157604,2,2.0,False,False,14.15952056813238,2,84.36962288248586,
bureau_latest_type_microloan_flag,binary_flag,feature,P3_normal_type_specific_eda,route_to_binary_flag_eda,binary_flag_eda,no universal-level issue; continue type-specific EDA,14.31493507549323,13.17905793533563,1.135877140157604,2,2.0,False,False,14.15952056813238,2,84.9543164306466,
bureau_latest_type_business_loan_flag,binary_flag,feature,P3_normal_type_specific_eda,route_to_binary_flag_eda,binary_flag_eda,no universal-level issue; continue type-specific EDA,14.31493507549323,13.17905793533563,1.135877140157604,2,2.0,False,False,14.15952056813238,2,85.79528708369006,
bureau_latest_type_working_capital_loan_flag,binary_flag,feature,P3_normal_type_specific_eda,route_to_binary_flag_eda,binary_flag_eda,no universal-level issue; continue type-specific EDA,14.31493507549323,13.17905793533563,1.135877140157604,2,2.0,False,False,14.15952056813238,2,85.78518196235842,
bureau_latest_bal_late_ratio,ratio_rate_numeric,feature,P1_stability_review,route_to_ratio_rate_eda; also stability_review,ratio_rate_eda,high combined missingness; large train-test missingness gap,70.04497400093005,13.64680781224356,56.3981661886865,693,444.0,False,False,62.32838837349652,791,62.32838837349652,high_missing; large_train_test_missing_gap
bureau_latest_bal_severe_late_ratio,ratio_rate_numeric,feature,P1_stability_review,route_to_ratio_rate_eda; also stability_review,ratio_rate_eda,high combined missingness; large train-test missingness gap,70.04497400093005,13.64680781224356,56.3981661886865,390,128.0,False,False,62.32838837349652,455,62.32838837349652,high_missing; large_train_test_missing_gap
bureau_latest_bal_max_late_status,overdue_delay_numeric,feature,P1_stability_review,route_to_overdue_delay_eda; also stability_review,overdue_delay_eda,high combined missingness; large train-test missingness gap,70.04497400093005,13.64680781224356,56.3981661886865,6,6.0,False,False,62.32838837349652,6,62.32838837349652,high_missing; large_train_test_missing_gap
has_previous_application_history,binary_flag,feature,P3_normal_type_specific_eda,route_to_binary_flag_eda,binary_flag_eda,no universal-level issue; continue type-specific EDA,0.0,0.0,0.0,2,2.0,False,False,0.0,2,95.11641941867482,
prev_application_count,discrete_count_numeric,feature,P3_normal_type_specific_eda,route_to_discrete_count_eda,discrete_count_eda,no universal-level issue; continue type-specific EDA,5.350702901684818,1.936648613162645,3.414054288522173,65,48.0,False,False,4.883580581325175,67,16.97042848521424,
prev_unique_contract_type_count,discrete_count_numeric,feature,P3_normal_type_specific_eda,route_to_discrete_count_eda,discrete_count_eda,no universal-level issue; continue type-specific EDA,5.350702901684818,1.936648613162645,3.414054288522173,4,4.0,False,False,4.883580581325175,4,36.3141569942878,
prev_unique_contract_status_count,discrete_count_numeric,feature,P3_normal_type_specific_eda,route_to_discrete_count_eda,discrete_count_eda,no universal-level issue; continue type-specific EDA,5.350702901684818,1.936648613162645,3.414054288522173,4,4.0,False,False,4.883580581325175,4,40.85388275252277,
prev_unique_client_type_count,discrete_count_numeric,feature,P3_normal_type_specific_eda,route_to_discrete_count_eda,discrete_count_eda,no universal-level issue; continue type-specific EDA,5.350702901684818,1.936648613162645,3.414054288522173,4,4.0,False,False,4.883580581325175,4,56.79471165316978,
prev_unique_portfolio_count,discrete_count_numeric,feature,P3_normal_type_specific_eda,route_to_discrete_count_eda,discrete_count_eda,no universal-level issue; continue type-specific EDA,5.350702901684818,1.936648613162645,3.414054288522173,5,5.0,False,False,4.883580581325175,5,31.07549367728172,
prev_unique_channel_count,discrete_count_numeric,feature,P3_normal_type_specific_eda,route_to_discrete_count_eda,discrete_count_eda,no universal-level issue; continue type-specific EDA,5.350702901684818,1.936648613162645,3.414054288522173,7,6.0,False,False,4.883580581325175,7,36.7806767624314,
prev_unique_product_combination_count,discrete_count_numeric,feature,P3_normal_type_specific_eda,route_to_discrete_count_eda,discrete_count_eda,no universal-level issue; continue type-specific EDA,5.350702901684818,1.936648613162645,3.414054288522173,13,13.0,False,False,4.883580581325175,13,21.47843539038049,
prev_approved_count,discrete_count_numeric,feature,P3_normal_type_specific_eda,route_to_discrete_count_eda,discrete_count_eda,no universal-level issue; continue type-specific EDA,5.350702901684818,1.936648613162645,3.414054288522173,26,20.0,False,False,4.883580581325175,26,24.80498519319027,
prev_approved_ratio,ratio_rate_numeric,feature,P3_normal_type_specific_eda,route_to_ratio_rate_eda,ratio_rate_eda,no universal-level issue; continue type-specific EDA,5.350702901684818,1.936648613162645,3.414054288522173,362,247.0,False,False,4.883580581325175,387,40.59311448260375,
prev_refused_count,discrete_count_numeric,feature,P3_normal_type_specific_eda,route_to_discrete_count_eda,discrete_count_eda,no universal-level issue; continue type-specific EDA,5.350702901684818,1.936648613162645,3.414054288522173,46,31.0,False,False,4.883580581325175,47,61.91632398141781,
prev_refused_ratio,ratio_rate_numeric,feature,P3_normal_type_specific_eda,route_to_ratio_rate_eda,ratio_rate_eda,no universal-level issue; continue type-specific EDA,5.350702901684818,1.936648613162645,3.414054288522173,397,257.0,False,False,4.883580581325175,423,61.91632398141781,
prev_canceled_count,discrete_count_numeric,feature,P3_normal_type_specific_eda,route_to_discrete_count_eda,discrete_count_eda,no universal-level issue; continue type-specific EDA,5.350702901684818,1.936648613162645,3.414054288522173,39,26.0,False,False,4.883580581325175,40,57.86950358591459,
prev_canceled_ratio,ratio_rate_numeric,feature,P3_normal_type_specific_eda,route_to_ratio_rate_eda,ratio_rate_eda,no universal-level issue; continue type-specific EDA,5.350702901684818,1.936648613162645,3.414054288522173,362,246.0,False,False,4.883580581325175,387,57.86950358591459,
prev_unused_offer_count,discrete_count_numeric,feature,P3_normal_type_specific_eda,route_to_discrete_count_eda,discrete_count_eda,no universal-level issue; continue type-specific EDA,5.350702901684818,1.936648613162645,3.414054288522173,11,8.0,False,False,4.883580581325175,13,88.91889236642292,
prev_unused_offer_ratio,ratio_rate_numeric,feature,P3_normal_type_specific_eda,route_to_ratio_rate_eda,ratio_rate_eda,no universal-level issue; continue type-specific EDA,5.350702901684818,1.936648613162645,3.414054288522173,118,80.0,False,False,4.883580581325175,124,88.91889236642292,
prev_cash_loan_count,discrete_count_numeric,feature,P3_normal_type_specific_eda,route_to_discrete_count_eda,discrete_count_eda,no universal-level issue; continue type-specific EDA,5.350702901684818,1.936648613162645,3.414054288522173,59,45.0,False,False,4.883580581325175,60,38.74528076798922,
prev_cash_loan_ratio,ratio_rate_numeric,feature,P3_normal_type_specific_eda,route_to_ratio_rate_eda,ratio_rate_eda,no universal-level issue; continue type-specific EDA,5.350702901684818,1.936648613162645,3.414054288522173,407,275.0,False,False,4.883580581325175,425,38.74528076798922,
prev_consumer_loan_count,discrete_count_numeric,feature,P3_normal_type_specific_eda,route_to_discrete_count_eda,discrete_count_eda,no universal-level issue; continue type-specific EDA,5.350702901684818,1.936648613162645,3.414054288522173,36,26.0,False,False,4.883580581325175,37,36.68439741196615,
prev_consumer_loan_ratio,ratio_rate_numeric,feature,P3_normal_type_specific_eda,route_to_ratio_rate_eda,ratio_rate_eda,no universal-level issue; continue type-specific EDA,5.350702901684818,1.936648613162645,3.414054288522173,377,251.0,False,False,4.883580581325175,392,30.81528680299224,
prev_revolving_loan_count,discrete_count_numeric,feature,P3_normal_type_specific_eda,route_to_discrete_count_eda,discrete_count_eda,no universal-level issue; continue type-specific EDA,5.350702901684818,1.936648613162645,3.414054288522173,27,18.0,False,False,4.883580581325175,28,60.4656776746993,
prev_revolving_loan_ratio,ratio_rate_numeric,feature,P3_normal_type_specific_eda,route_to_ratio_rate_eda,ratio_rate_eda,no universal-level issue; continue type-specific EDA,5.350702901684818,1.936648613162645,3.414054288522173,278,186.0,False,False,4.883580581325175,299,60.4656776746993,
prev_contract_xna_count,discrete_count_numeric,feature,P3_normal_type_specific_eda,route_to_discrete_count_eda,discrete_count_eda,no universal-level issue; continue type-specific EDA,5.350702901684818,1.936648613162645,3.414054288522173,4,3.0,False,False,4.883580581325175,4,95.02799960702306,
prev_contract_xna_ratio,ratio_rate_numeric,feature,P3_normal_type_specific_eda,route_to_ratio_rate_eda,ratio_rate_eda,no universal-level issue; continue type-specific EDA,5.350702901684818,1.936648613162645,3.414054288522173,40,18.0,False,False,4.883580581325175,41,95.02799960702306,
prev_recent_6m_count,discrete_count_numeric,feature,P3_normal_type_specific_eda,route_to_discrete_count_eda,discrete_count_eda,no universal-level issue; continue type-specific EDA,5.350702901684818,1.936648613162645,3.414054288522173,38,21.0,False,False,4.883580581325175,38,66.35078805911496,
prev_recent_6m_ratio,ratio_rate_numeric,feature,P3_normal_type_specific_eda,route_to_ratio_rate_eda,ratio_rate_eda,no universal-level issue; continue type-specific EDA,5.350702901684818,1.936648613162645,3.414054288522173,364,201.0,False,False,4.883580581325175,371,66.35078805911496,
prev_recent_12m_count,discrete_count_numeric,feature,P3_normal_type_specific_eda,route_to_discrete_count_eda,discrete_count_eda,no universal-level issue; continue type-specific EDA,5.350702901684818,1.936648613162645,3.414054288522173,54,31.0,False,False,4.883580581325175,54,40.23382127970134,
prev_recent_12m_ratio,ratio_rate_numeric,feature,P3_normal_type_specific_eda,route_to_ratio_rate_eda,ratio_rate_eda,no universal-level issue; continue type-specific EDA,5.350702901684818,1.936648613162645,3.414054288522173,436,283.0,False,False,4.883580581325175,462,40.23382127970134,
prev_recent_24m_count,discrete_count_numeric,feature,P3_normal_type_specific_eda,route_to_discrete_count_eda,discrete_count_eda,no universal-level issue; continue type-specific EDA,5.350702901684818,1.936648613162645,3.414054288522173,57,40.0,False,False,4.883580581325175,59,23.99573339321553,
prev_recent_24m_ratio,ratio_rate_numeric,feature,P3_normal_type_specific_eda,route_to_ratio_rate_eda,ratio_rate_eda,no universal-level issue; continue type-specific EDA,5.350702901684818,1.936648613162645,3.414054288522173,422,285.0,False,False,4.883580581325175,446,23.93341847833715,
prev_short_term_count,discrete_count_numeric,feature,P3_normal_type_specific_eda,route_to_discrete_count_eda,discrete_count_eda,no universal-level issue; continue type-specific EDA,5.350702901684818,1.936648613162645,3.414054288522173,37,24.0,False,False,4.883580581325175,37,27.66585732130075,
prev_short_term_ratio,ratio_rate_numeric,feature,P3_normal_type_specific_eda,route_to_ratio_rate_eda,ratio_rate_eda,no universal-level issue; continue type-specific EDA,5.350702901684818,1.936648613162645,3.414054288522173,403,270.0,False,False,4.883580581325175,428,29.44463937348248,
prev_medium_term_count,discrete_count_numeric,feature,P3_normal_type_specific_eda,route_to_discrete_count_eda,discrete_count_eda,no universal-level issue; continue type-specific EDA,5.350702901684818,1.936648613162645,3.414054288522173,24,20.0,False,False,4.883580581325175,25,55.27304879931509,
prev_medium_term_ratio,ratio_rate_numeric,feature,P3_normal_type_specific_eda,route_to_ratio_rate_eda,ratio_rate_eda,no universal-level issue; continue type-specific EDA,5.350702901684818,1.936648613162645,3.414054288522173,281,180.0,False,False,4.883580581325175,293,55.27304879931509,
prev_long_term_count,discrete_count_numeric,feature,P3_normal_type_specific_eda,route_to_discrete_count_eda,discrete_count_eda,no universal-level issue; continue type-specific EDA,5.350702901684818,1.936648613162645,3.414054288522173,30,21.0,False,False,4.883580581325175,30,66.45436555276417,
prev_long_term_ratio,ratio_rate_numeric,feature,P3_normal_type_specific_eda,route_to_ratio_rate_eda,ratio_rate_eda,no universal-level issue; continue type-specific EDA,5.350702901684818,1.936648613162645,3.414054288522173,360,214.0,False,False,4.883580581325175,375,66.45436555276417,
prev_repeater_client_count,discrete_count_numeric,feature,P3_normal_type_specific_eda,route_to_discrete_count_eda,discrete_count_eda,no universal-level issue; continue type-specific EDA,5.350702901684818,1.936648613162645,3.414054288522173,64,49.0,False,False,4.883580581325175,66,22.81652187337722,
prev_repeater_client_ratio,ratio_rate_numeric,feature,P3_normal_type_specific_eda,route_to_ratio_rate_eda,ratio_rate_eda,no universal-level issue; continue type-specific EDA,5.350702901684818,1.936648613162645,3.414054288522173,219,158.0,False,False,4.883580581325175,234,22.81652187337722,
prev_new_client_count,discrete_count_numeric,feature,P3_normal_type_specific_eda,route_to_discrete_count_eda,discrete_count_eda,no universal-level issue; continue type-specific EDA,5.350702901684818,1.936648613162645,3.414054288522173,18,14.0,False,False,4.883580581325175,20,71.39352430141331,
prev_new_client_ratio,ratio_rate_numeric,feature,P3_normal_type_specific_eda,route_to_ratio_rate_eda,ratio_rate_eda,no universal-level issue; continue type-specific EDA,5.350702901684818,1.936648613162645,3.414054288522173,161,112.0,False,False,4.883580581325175,171,18.03567669225695,
prev_refreshed_client_count,discrete_count_numeric,feature,P3_normal_type_specific_eda,route_to_discrete_count_eda,discrete_count_eda,no universal-level issue; continue type-specific EDA,5.350702901684818,1.936648613162645,3.414054288522173,24,17.0,False,False,4.883580581325175,25,69.96645661113529,
prev_refreshed_client_ratio,ratio_rate_numeric,feature,P3_normal_type_specific_eda,route_to_ratio_rate_eda,ratio_rate_eda,no universal-level issue; continue type-specific EDA,5.350702901684818,1.936648613162645,3.414054288522173,168,138.0,False,False,4.883580581325175,183,69.96645661113529,
prev_portfolio_cash_count,discrete_count_numeric,feature,P3_normal_type_specific_eda,route_to_discrete_count_eda,discrete_count_eda,no universal-level issue; continue type-specific EDA,5.350702901684818,1.936648613162645,3.414054288522173,39,32.0,False,False,4.883580581325175,39,46.14279097837223,
prev_portfolio_cash_ratio,ratio_rate_numeric,feature,P3_normal_type_specific_eda,route_to_ratio_rate_eda,ratio_rate_eda,no universal-level issue; continue type-specific EDA,5.350702901684818,1.936648613162645,3.414054288522173,414,271.0,False,False,4.883580581325175,431,46.14279097837223,
prev_portfolio_cards_count,discrete_count_numeric,feature,P3_normal_type_specific_eda,route_to_discrete_count_eda,discrete_count_eda,no universal-level issue; continue type-specific EDA,5.350702901684818,1.936648613162645,3.414054288522173,22,15.0,False,False,4.883580581325175,22,62.52235056350086,
prev_portfolio_cards_ratio,ratio_rate_numeric,feature,P3_normal_type_specific_eda,route_to_ratio_rate_eda,ratio_rate_eda,no universal-level issue; continue type-specific EDA,5.350702901684818,1.936648613162645,3.414054288522173,226,153.0,False,False,4.883580581325175,243,62.52235056350086,
prev_portfolio_pos_count,discrete_count_numeric,feature,P3_normal_type_specific_eda,route_to_discrete_count_eda,discrete_count_eda,no universal-level issue; continue type-specific EDA,5.350702901684818,1.936648613162645,3.414054288522173,34,26.0,False,False,4.883580581325175,35,38.25097191618364,
prev_portfolio_pos_ratio,ratio_rate_numeric,feature,P3_normal_type_specific_eda,route_to_ratio_rate_eda,ratio_rate_eda,no universal-level issue; continue type-specific EDA,5.350702901684818,1.936648613162645,3.414054288522173,364,241.0,False,False,4.883580581325175,377,28.44760073542827,
prev_portfolio_cars_count,discrete_count_numeric,feature,P3_normal_type_specific_eda,route_to_discrete_count_eda,discrete_count_eda,no universal-level issue; continue type-specific EDA,5.350702901684818,1.936648613162645,3.414054288522173,6,5.0,False,False,4.883580581325175,6,95.02406983761631,
prev_portfolio_cars_ratio,ratio_rate_numeric,feature,P3_normal_type_specific_eda,route_to_ratio_rate_eda,ratio_rate_eda,no universal-level issue; continue type-specific EDA,5.350702901684818,1.936648613162645,3.414054288522173,34,17.0,False,False,4.883580581325175,36,95.02406983761631,
prev_portfolio_xna_count,discrete_count_numeric,feature,P3_normal_type_specific_eda,route_to_discrete_count_eda,discrete_count_eda,no universal-level issue; continue type-specific EDA,5.350702901684818,1.936648613162645,3.414054288522173,44,29.0,False,False,4.883580581325175,46,52.46915832760241,
prev_portfolio_xna_ratio,ratio_rate_numeric,feature,P3_normal_type_specific_eda,route_to_ratio_rate_eda,ratio_rate_eda,no universal-level issue; continue type-specific EDA,5.350702901684818,1.936648613162645,3.414054288522173,390,260.0,False,False,4.883580581325175,411,52.46915832760241,
prev_channel_credit_cash_office_count,discrete_count_numeric,feature,P3_normal_type_specific_eda,route_to_discrete_count_eda,discrete_count_eda,no universal-level issue; continue type-specific EDA,5.350702901684818,1.936648613162645,3.414054288522173,56,44.0,False,False,4.883580581325175,58,44.53804157134636,
prev_channel_credit_cash_office_ratio,ratio_rate_numeric,feature,P3_normal_type_specific_eda,route_to_ratio_rate_eda,ratio_rate_eda,no universal-level issue; continue type-specific EDA,5.350702901684818,1.936648613162645,3.414054288522173,414,268.0,False,False,4.883580581325175,429,44.53804157134636,
prev_channel_country_wide_count,discrete_count_numeric,feature,P3_normal_type_specific_eda,route_to_discrete_count_eda,discrete_count_eda,no universal-level issue; continue type-specific EDA,5.350702901684818,1.936648613162645,3.414054288522173,35,25.0,False,False,4.883580581325175,36,31.556890429608,
prev_channel_country_wide_ratio,ratio_rate_numeric,feature,P3_normal_type_specific_eda,route_to_ratio_rate_eda,ratio_rate_eda,no universal-level issue; continue type-specific EDA,5.350702901684818,1.936648613162645,3.414054288522173,348,226.0,False,False,4.883580581325175,369,29.21194088504021,
prev_channel_contact_center_count,discrete_count_numeric,feature,P3_normal_type_specific_eda,route_to_discrete_count_eda,discrete_count_eda,no universal-level issue; continue type-specific EDA,5.350702901684818,1.936648613162645,3.414054288522173,21,18.0,False,False,4.883580581325175,23,81.64657338142622,
prev_channel_contact_center_ratio,ratio_rate_numeric,feature,P3_normal_type_specific_eda,route_to_ratio_rate_eda,ratio_rate_eda,no universal-level issue; continue type-specific EDA,5.350702901684818,1.936648613162645,3.414054288522173,222,155.0,False,False,4.883580581325175,238,81.64657338142622,
prev_channel_ap_cash_loan_count,discrete_count_numeric,feature,P3_normal_type_specific_eda,route_to_discrete_count_eda,discrete_count_eda,no universal-level issue; continue type-specific EDA,5.350702901684818,1.936648613162645,3.414054288522173,35,20.0,False,False,4.883580581325175,36,87.7612945783217,
prev_channel_ap_cash_loan_ratio,ratio_rate_numeric,feature,P3_normal_type_specific_eda,route_to_ratio_rate_eda,ratio_rate_eda,no universal-level issue; continue type-specific EDA,5.350702901684818,1.936648613162645,3.414054288522173,261,151.0,False,False,4.883580581325175,271,87.7612945783217,
prev_channel_regional_local_count,discrete_count_numeric,feature,P3_normal_type_specific_eda,route_to_discrete_count_eda,discrete_count_eda,no universal-level issue; continue type-specific EDA,5.350702901684818,1.936648613162645,3.414054288522173,19,15.0,False,False,4.883580581325175,20,73.88443670966022,
prev_channel_regional_local_ratio,ratio_rate_numeric,feature,P3_normal_type_specific_eda,route_to_ratio_rate_eda,ratio_rate_eda,no universal-level issue; continue type-specific EDA,5.350702901684818,1.936648613162645,3.414054288522173,201,132.0,False,False,4.883580581325175,209,73.88443670966022,
prev_channel_corporate_sales_count,ratio_rate_numeric,feature,P3_normal_type_specific_eda,route_to_ratio_rate_eda,ratio_rate_eda,no universal-level issue; continue type-specific EDA,5.350702901684818,1.936648613162645,3.414054288522173,23,14.0,False,False,4.883580581325175,23,94.4132713926822,
prev_channel_corporate_sales_ratio,ratio_rate_numeric,feature,P3_normal_type_specific_eda,route_to_ratio_rate_eda,ratio_rate_eda,no universal-level issue; continue type-specific EDA,5.350702901684818,1.936648613162645,3.414054288522173,129,64.0,False,False,4.883580581325175,137,94.4132713926822,
prev_yield_high_count,discrete_count_numeric,feature,P3_normal_type_specific_eda,route_to_discrete_count_eda,discrete_count_eda,no universal-level issue; continue type-specific EDA,5.350702901684818,1.936648613162645,3.414054288522173,31,21.0,False,False,4.883580581325175,31,42.01344542532736,
prev_yield_high_ratio,ratio_rate_numeric,feature,P3_normal_type_specific_eda,route_to_ratio_rate_eda,ratio_rate_eda,no universal-level issue; continue type-specific EDA,5.350702901684818,1.936648613162645,3.414054288522173,341,210.0,False,False,4.883580581325175,359,42.01344542532736,
prev_yield_middle_count,discrete_count_numeric,feature,P3_normal_type_specific_eda,route_to_discrete_count_eda,discrete_count_eda,no universal-level issue; continue type-specific EDA,5.350702901684818,1.936648613162645,3.414054288522173,28,22.0,False,False,4.883580581325175,29,36.91063985066877,
prev_yield_middle_ratio,ratio_rate_numeric,feature,P3_normal_type_specific_eda,route_to_ratio_rate_eda,ratio_rate_eda,no universal-level issue; continue type-specific EDA,5.350702901684818,1.936648613162645,3.414054288522173,329,219.0,False,False,4.883580581325175,345,36.91063985066877,
prev_yield_low_normal_count,discrete_count_numeric,feature,P3_normal_type_specific_eda,route_to_discrete_count_eda,discrete_count_eda,no universal-level issue; continue type-specific EDA,5.350702901684818,1.936648613162645,3.414054288522173,26,20.0,False,False,4.883580581325175,26,44.0201541031003,
prev_yield_low_normal_ratio,ratio_rate_numeric,feature,P3_normal_type_specific_eda,route_to_ratio_rate_eda,ratio_rate_eda,no universal-level issue; continue type-specific EDA,5.350702901684818,1.936648613162645,3.414054288522173,326,216.0,False,False,4.883580581325175,345,44.0201541031003,
prev_yield_low_action_count,discrete_count_numeric,feature,P3_normal_type_specific_eda,route_to_discrete_count_eda,discrete_count_eda,no universal-level issue; continue type-specific EDA,5.350702901684818,1.936648613162645,3.414054288522173,24,13.0,False,False,4.883580581325175,24,76.1819483235323,
prev_yield_low_action_ratio,ratio_rate_numeric,feature,P3_normal_type_specific_eda,route_to_ratio_rate_eda,ratio_rate_eda,no universal-level issue; continue type-specific EDA,5.350702901684818,1.936648613162645,3.414054288522173,230,140.0,False,False,4.883580581325175,242,76.1819483235323,
prev_yield_xna_count,discrete_count_numeric,feature,P3_normal_type_specific_eda,route_to_discrete_count_eda,discrete_count_eda,no universal-level issue; continue type-specific EDA,5.350702901684818,1.936648613162645,3.414054288522173,47,33.0,False,False,4.883580581325175,49,40.19620777252249,
prev_yield_xna_ratio,ratio_rate_numeric,feature,P3_normal_type_specific_eda,route_to_ratio_rate_eda,ratio_rate_eda,no universal-level issue; continue type-specific EDA,5.350702901684818,1.936648613162645,3.414054288522173,411,278.0,False,False,4.883580581325175,433,40.19620777252249,
prev_last_appl_in_day_count,discrete_count_numeric,feature,P3_normal_type_specific_eda,route_to_discrete_count_eda,discrete_count_eda,no universal-level issue; continue type-specific EDA,5.350702901684818,1.936648613162645,3.414054288522173,68,49.0,False,False,4.883580581325175,69,16.98334058469355,
prev_last_appl_in_day_ratio,ratio_rate_numeric,feature,P3_normal_type_specific_eda,route_to_ratio_rate_eda,ratio_rate_eda,no universal-level issue; continue type-specific EDA,5.350702901684818,1.936648613162645,3.414054288522173,94,61.0,False,False,4.883580581325175,103,93.77075409467938,
prev_insured_on_approval_count,discrete_count_numeric,feature,P3_normal_type_specific_eda,route_to_discrete_count_eda,discrete_count_eda,no universal-level issue; continue type-specific EDA,5.350702901684818,1.936648613162645,3.414054288522173,19,15.0,False,False,4.883580581325175,19,44.5473045992337,
prev_insured_on_approval_ratio,ratio_rate_numeric,feature,P3_normal_type_specific_eda,route_to_ratio_rate_eda,ratio_rate_eda,no universal-level issue; continue type-specific EDA,5.772476431737402,2.387986213687839,3.384490218049563,111,75.0,False,False,5.30939916632749,113,44.12148601423138,
prev_has_down_payment_count,discrete_count_numeric,feature,P3_normal_type_specific_eda,route_to_discrete_count_eda,discrete_count_eda,no universal-level issue; continue type-specific EDA,5.350702901684818,1.936648613162645,3.414054288522173,23,20.0,False,False,4.883580581325175,25,36.04945895496204,
prev_has_down_payment_ratio,ratio_rate_numeric,feature,P3_normal_type_specific_eda,route_to_ratio_rate_eda,ratio_rate_eda,no universal-level issue; continue type-specific EDA,5.350702901684818,1.936648613162645,3.414054288522173,299,185.0,False,False,4.883580581325175,310,31.2113514196292,
prev_has_interest_rate_count,ratio_rate_numeric,feature,P3_normal_type_specific_eda,route_to_ratio_rate_eda,ratio_rate_eda,no universal-level issue; continue type-specific EDA,5.350702901684818,1.936648613162645,3.414054288522173,4,5.0,False,False,4.883580581325175,5,93.5105472203899,
prev_has_interest_rate_ratio,ratio_rate_numeric,feature,P3_normal_type_specific_eda,route_to_ratio_rate_eda,ratio_rate_eda,no universal-level issue; continue type-specific EDA,5.350702901684818,1.936648613162645,3.414054288522173,53,43.0,False,False,4.883580581325175,57,93.5105472203899,
prev_refused_to_approved_ratio,ratio_rate_numeric,feature,P3_normal_type_specific_eda,route_to_ratio_rate_eda,ratio_rate_eda,no universal-level issue; continue type-specific EDA,5.673292987893116,2.279254882652224,3.394038105240892,283,186.0,False,False,5.208909348640721,297,61.78860647569858,
prev_approved_application_count,discrete_count_numeric,feature,P3_normal_type_specific_eda,route_to_discrete_count_eda,discrete_count_eda,no universal-level issue; continue type-specific EDA,5.673292987893116,2.279254882652224,3.394038105240892,25,19.0,False,False,5.208909348640721,25,24.80498519319027,
prev_approved_application_amount_sum,continuous_amount_numeric,feature,P3_normal_type_specific_eda,route_to_continuous_numeric_eda,continuous_numeric_eda,no universal-level issue; continue type-specific EDA,5.673292987893116,2.279254882652224,3.394038105240892,156438,37245.0,False,False,5.208909348640721,175387,5.208909348640721,
prev_approved_application_amount_mean,continuous_amount_numeric,feature,P3_normal_type_specific_eda,route_to_continuous_numeric_eda,continuous_numeric_eda,no universal-level issue; continue type-specific EDA,5.673292987893116,2.279254882652224,3.394038105240892,168359,37910.0,False,False,5.208909348640721,190456,5.208909348640721,
prev_approved_application_amount_max,continuous_amount_numeric,feature,P3_normal_type_specific_eda,route_to_continuous_numeric_eda,continuous_numeric_eda,no universal-level issue; continue type-specific EDA,5.673292987893116,2.279254882652224,3.394038105240892,50746,15694.0,False,False,5.208909348640721,55353,5.208909348640721,
prev_approved_credit_amount_sum,continuous_amount_numeric,feature,P3_normal_type_specific_eda,route_to_continuous_numeric_eda,continuous_numeric_eda,no universal-level issue; continue type-specific EDA,5.673292987893116,2.279254882652224,3.394038105240892,173010,41982.0,False,False,5.208909348640721,192526,5.208909348640721,
prev_approved_credit_amount_mean,continuous_amount_numeric,feature,P3_normal_type_specific_eda,route_to_continuous_numeric_eda,continuous_numeric_eda,no universal-level issue; continue type-specific EDA,5.673292987893116,2.279254882652224,3.394038105240892,185454,42175.0,False,False,5.208909348640721,209354,5.208909348640721,
prev_approved_credit_amount_max,continuous_amount_numeric,feature,P3_normal_type_specific_eda,route_to_continuous_numeric_eda,continuous_numeric_eda,no universal-level issue; continue type-specific EDA,5.673292987893116,2.279254882652224,3.394038105240892,58927,21179.0,False,False,5.208909348640721,63190,5.208909348640721,
prev_approved_annuity_amount_sum,continuous_amount_numeric,feature,P3_normal_type_specific_eda,route_to_continuous_numeric_eda,continuous_numeric_eda,no universal-level issue; continue type-specific EDA,5.673292987893116,2.279254882652224,3.394038105240892,259361,46541.0,False,False,5.208909348640721,298743,5.208909348640721,
prev_approved_annuity_amount_mean,continuous_amount_numeric,feature,P3_normal_type_specific_eda,route_to_continuous_numeric_eda,continuous_numeric_eda,no universal-level issue; continue type-specific EDA,5.67394337113144,2.279254882652224,3.394688488479216,258671,46495.0,False,False,5.209470744270256,298072,5.209470744270256,
prev_approved_annuity_amount_max,continuous_amount_numeric,feature,P3_normal_type_specific_eda,route_to_continuous_numeric_eda,continuous_numeric_eda,no universal-level issue; continue type-specific EDA,5.67394337113144,2.279254882652224,3.394688488479216,150768,34205.0,False,False,5.209470744270256,169694,5.209470744270256,
prev_approved_goods_price_sum,continuous_amount_numeric,feature,P3_normal_type_specific_eda,route_to_continuous_numeric_eda,continuous_numeric_eda,no universal-level issue; continue type-specific EDA,5.673292987893116,2.279254882652224,3.394038105240892,156438,37245.0,False,False,5.208909348640721,175387,5.208909348640721,
prev_approved_goods_price_mean,continuous_amount_numeric,feature,P3_normal_type_specific_eda,route_to_continuous_numeric_eda,continuous_numeric_eda,no universal-level issue; continue type-specific EDA,5.991655583052314,2.480305268340719,3.511350314711595,166569,37728.0,False,False,5.511220895145332,188377,5.511220895145332,
prev_approved_goods_price_max,continuous_amount_numeric,feature,P3_normal_type_specific_eda,route_to_continuous_numeric_eda,continuous_numeric_eda,no universal-level issue; continue type-specific EDA,5.991655583052314,2.480305268340719,3.511350314711595,50746,15694.0,False,False,5.511220895145332,55353,5.511220895145332,
prev_approved_down_payment_sum,continuous_amount_numeric,feature,P3_normal_type_specific_eda,route_to_continuous_numeric_eda,continuous_numeric_eda,no universal-level issue; continue type-specific EDA,5.673292987893116,2.279254882652224,3.394038105240892,34858,11627.0,False,False,5.208909348640721,38251,32.01302437860522,
prev_approved_down_payment_mean,continuous_amount_numeric,feature,P3_normal_type_specific_eda,route_to_continuous_numeric_eda,continuous_numeric_eda,no universal-level issue; continue type-specific EDA,11.77909082927115,8.16715903495815,3.611931794312998,48369,14262.0,False,False,11.28489424709829,53357,25.93703948014764,
prev_approved_down_payment_max,continuous_amount_numeric,feature,P3_normal_type_specific_eda,route_to_continuous_numeric_eda,continuous_numeric_eda,no universal-level issue; continue type-specific EDA,11.77909082927115,8.16715903495815,3.611931794312998,20985,8127.0,False,False,11.28489424709829,22866,25.93732017796241,
prev_approved_cnt_payment_sum,discrete_count_numeric,feature,P3_normal_type_specific_eda,route_to_discrete_count_eda,discrete_count_eda,no universal-level issue; continue type-specific EDA,5.673292987893116,2.279254882652224,3.394038105240892,345,261.0,False,False,5.208909348640721,348,11.05893250621044,
prev_approved_cnt_payment_mean,discrete_count_numeric,feature,P3_normal_type_specific_eda,route_to_discrete_count_eda,discrete_count_eda,no universal-level issue; continue type-specific EDA,5.673292987893116,2.279254882652224,3.394038105240892,1342,789.0,False,False,5.208909348640721,1392,13.59194958667247,
prev_approved_cnt_payment_max,discrete_count_numeric,feature,P3_normal_type_specific_eda,route_to_discrete_count_eda,discrete_count_eda,no universal-level issue; continue type-specific EDA,5.673292987893116,2.279254882652224,3.394038105240892,42,35.0,False,False,5.208909348640721,43,27.34473902120672,
prev_approved_credit_to_application_ratio_sum,ratio_rate_numeric,feature,P3_normal_type_specific_eda,route_to_ratio_rate_eda,ratio_rate_eda,no universal-level issue; continue type-specific EDA,5.673292987893116,2.279254882652224,3.394038105240892,223175,39710.0,False,False,5.208909348640721,257687,5.279645197962133,
prev_approved_credit_to_application_ratio_mean,ratio_rate_numeric,feature,P3_normal_type_specific_eda,route_to_ratio_rate_eda,ratio_rate_eda,no universal-level issue; continue type-specific EDA,6.005313631057101,2.482356802888561,3.52295682816854,211897,38822.0,False,False,5.523290901180334,243221,7.06937446491979,
prev_approved_credit_to_application_ratio_max,ratio_rate_numeric,feature,P3_normal_type_specific_eda,route_to_ratio_rate_eda,ratio_rate_eda,no universal-level issue; continue type-specific EDA,6.005313631057101,2.482356802888561,3.52295682816854,82071,19514.0,False,False,5.523290901180334,91742,13.83138482266915,
prev_approved_annuity_to_credit_ratio_sum,ratio_rate_numeric,feature,P3_normal_type_specific_eda,route_to_ratio_rate_eda,ratio_rate_eda,no universal-level issue; continue type-specific EDA,5.673292987893116,2.279254882652224,3.394038105240892,237316,43832.0,False,False,5.208909348640721,274941,5.208909348640721,
prev_approved_annuity_to_credit_ratio_mean,ratio_rate_numeric,feature,P3_normal_type_specific_eda,route_to_ratio_rate_eda,ratio_rate_eda,no universal-level issue; continue type-specific EDA,5.676870095703893,2.279254882652224,3.397615213051669,235675,43729.0,False,False,5.211997024603163,272967,5.211997024603163,
prev_approved_annuity_to_credit_ratio_max,ratio_rate_numeric,feature,P3_normal_type_specific_eda,route_to_ratio_rate_eda,ratio_rate_eda,no universal-level issue; continue type-specific EDA,5.676870095703893,2.279254882652224,3.397615213051669,91655,26294.0,False,False,5.211997024603163,103463,5.211997024603163,
prev_approved_application_credit_diff_sum,continuous_stat_numeric,feature,P3_normal_type_specific_eda,route_to_continuous_numeric_eda,continuous_numeric_eda,no universal-level issue; continue type-specific EDA,5.673292987893116,2.279254882652224,3.394038105240892,95977,28573.0,False,False,5.208909348640721,105315,6.819553409776705,
prev_approved_application_credit_diff_mean,continuous_stat_numeric,feature,P3_normal_type_specific_eda,route_to_continuous_numeric_eda,continuous_numeric_eda,no universal-level issue; continue type-specific EDA,5.673292987893116,2.279254882652224,3.394038105240892,127577,32133.0,False,False,5.208909348640721,142657,6.819553409776705,
prev_approved_application_credit_diff_max,continuous_stat_numeric,feature,P3_normal_type_specific_eda,route_to_continuous_numeric_eda,continuous_numeric_eda,no universal-level issue; continue type-specific EDA,5.673292987893116,2.279254882652224,3.394038105240892,33014,13063.0,False,False,5.208909348640721,35638,18.59903720649535,
prev_approved_recent_12m_count,discrete_count_numeric,feature,P3_normal_type_specific_eda,route_to_discrete_count_eda,discrete_count_eda,no universal-level issue; continue type-specific EDA,5.673292987893116,2.279254882652224,3.394038105240892,9,8.0,False,False,5.208909348640721,9,55.24469832002358,
prev_approved_recent_24m_count,discrete_count_numeric,feature,P3_normal_type_specific_eda,route_to_discrete_count_eda,discrete_count_eda,no universal-level issue; continue type-specific EDA,5.673292987893116,2.279254882652224,3.394038105240892,14,12.0,False,False,5.208909348640721,14,36.95639359447587,
prev_refused_application_count,discrete_count_numeric,feature,P2_missingness_review,route_to_discrete_count_eda; consider_missingness_logic_later,discrete_count_eda,high combined missingness,67.3852317478074,63.10725422616117,4.277977521646228,45,30.0,False,False,66.79990456274298,46,66.79990456274298,high_missing
prev_refused_application_amount_sum,continuous_amount_numeric,feature,P2_missingness_review,route_to_continuous_numeric_eda; consider_missingness_logic_later,continuous_numeric_eda,high combined missingness,67.3852317478074,63.10725422616117,4.277977521646228,30369,7025.0,False,False,66.79990456274298,34385,66.79990456274298,high_missing
prev_refused_application_amount_mean,continuous_amount_numeric,feature,P2_missingness_review,route_to_continuous_numeric_eda; consider_missingness_logic_later,continuous_numeric_eda,high combined missingness,67.3852317478074,63.10725422616117,4.277977521646228,32297,7559.0,False,False,66.79990456274298,36535,66.79990456274298,high_missing
prev_refused_application_amount_max,continuous_amount_numeric,feature,P2_missingness_review,route_to_continuous_numeric_eda; consider_missingness_logic_later,continuous_numeric_eda,high combined missingness,67.3852317478074,63.10725422616117,4.277977521646228,17300,4140.0,False,False,66.79990456274298,19128,66.79990456274298,high_missing
prev_refused_credit_amount_sum,continuous_amount_numeric,feature,P2_missingness_review,route_to_continuous_numeric_eda; consider_missingness_logic_later,continuous_numeric_eda,high combined missingness,67.3852317478074,63.10725422616117,4.277977521646228,52378,11477.0,False,False,66.79990456274298,59946,66.79990456274298,high_missing
prev_refused_credit_amount_mean,continuous_amount_numeric,feature,P2_missingness_review,route_to_continuous_numeric_eda; consider_missingness_logic_later,continuous_numeric_eda,high combined missingness,67.3852317478074,63.10725422616117,4.277977521646228,53226,11616.0,False,False,66.79990456274298,60958,66.79990456274298,high_missing
prev_refused_credit_amount_max,continuous_amount_numeric,feature,P2_missingness_review,route_to_continuous_numeric_eda; consider_missingness_logic_later,continuous_numeric_eda,high combined missingness,67.3852317478074,63.10725422616117,4.277977521646228,24804,6603.0,False,False,66.79990456274298,27308,66.79990456274298,high_missing
prev_refused_annuity_amount_sum,continuous_amount_numeric,feature,P2_missingness_review,route_to_continuous_numeric_eda; consider_missingness_logic_later,continuous_numeric_eda,high combined missingness,67.3852317478074,63.10725422616117,4.277977521646228,66466,13189.0,False,False,66.79990456274298,77117,66.79990456274298,high_missing
prev_refused_annuity_amount_mean,continuous_amount_numeric,feature,P2_missingness_review,route_to_continuous_numeric_eda; consider_missingness_logic_later,continuous_numeric_eda,high combined missingness,70.22220343337312,66.09634006236665,4.125863371006474,66076,13160.0,False,False,69.65768901489102,76663,69.65768901489102,high_missing
prev_refused_annuity_amount_max,continuous_amount_numeric,feature,P2_missingness_review,route_to_continuous_numeric_eda; consider_missingness_logic_later,continuous_numeric_eda,high combined missingness,70.22220343337312,66.09634006236665,4.125863371006474,43628,10431.0,False,False,69.65768901489102,49748,69.65768901489102,high_missing
prev_refused_goods_price_sum,continuous_amount_numeric,feature,P2_missingness_review,route_to_continuous_numeric_eda; consider_missingness_logic_later,continuous_numeric_eda,high combined missingness,67.3852317478074,63.10725422616117,4.277977521646228,30375,7025.0,False,False,66.79990456274298,34390,66.79990456274298,high_missing
prev_refused_goods_price_mean,continuous_amount_numeric,feature,P2_missingness_review,route_to_continuous_numeric_eda; consider_missingness_logic_later,continuous_numeric_eda,high combined missingness,69.68140977070739,65.51575578532743,4.165653985379961,31594,7411.0,False,False,69.11145106735344,35742,69.11145106735344,high_missing
prev_refused_goods_price_max,continuous_amount_numeric,feature,P2_missingness_review,route_to_continuous_numeric_eda; consider_missingness_logic_later,continuous_numeric_eda,high combined missingness,69.68140977070739,65.51575578532743,4.165653985379961,17298,4139.0,False,False,69.11145106735344,19126,69.11145106735344,high_missing
prev_refused_down_payment_sum,continuous_amount_numeric,feature,P2_missingness_review,route_to_continuous_numeric_eda; consider_missingness_logic_later,continuous_numeric_eda,high combined missingness,67.3852317478074,63.10725422616117,4.277977521646228,7966,2179.0,False,False,66.79990456274298,8693,66.79990456274298,high_missing
prev_refused_down_payment_mean,continuous_amount_numeric,feature,P1_missingness_review,route_to_continuous_numeric_eda; also missingness_review,continuous_numeric_eda,extreme combined missingness,85.31109456247094,84.74684063679632,0.5642539256746204,9009,2275.0,False,False,85.23389145415503,9918,85.23389145415503,extreme_missing
prev_refused_down_payment_max,continuous_amount_numeric,feature,P1_missingness_review,route_to_continuous_numeric_eda; also missingness_review,continuous_numeric_eda,extreme combined missingness,85.31109456247094,84.74684063679632,0.5642539256746204,6494,1949.0,False,False,85.23389145415503,7030,85.23389145415503,extreme_missing
prev_refused_cnt_payment_sum,discrete_count_numeric,feature,P2_missingness_review,route_to_discrete_count_eda; consider_missingness_logic_later,discrete_count_eda,high combined missingness,67.3852317478074,63.10725422616117,4.277977521646228,432,261.0,False,False,66.79990456274298,449,66.79990456274298,high_missing
prev_refused_cnt_payment_mean,discrete_count_numeric,feature,P2_missingness_review,route_to_discrete_count_eda; consider_missingness_logic_later,discrete_count_eda,high combined missingness,70.22220343337312,66.09634006236665,4.125863371006474,1091,526.0,False,False,69.65768901489102,1161,69.65768901489102,high_missing
prev_refused_cnt_payment_max,discrete_count_numeric,feature,P2_missingness_review,route_to_discrete_count_eda; consider_missingness_logic_later,discrete_count_eda,high combined missingness,70.22220343337312,66.09634006236665,4.125863371006474,33,26.0,False,False,69.65768901489102,33,69.65768901489102,high_missing
prev_refused_credit_to_application_ratio_sum,ratio_rate_numeric,feature,P2_missingness_review,route_to_ratio_rate_eda; consider_missingness_logic_later,ratio_rate_eda,high combined missingness,67.3852317478074,63.10725422616117,4.277977521646228,39183,7900.0,False,False,66.79990456274298,44907,66.79990456274298,high_missing
prev_refused_credit_to_application_ratio_mean,ratio_rate_numeric,feature,P2_missingness_review,route_to_ratio_rate_eda; consider_missingness_logic_later,ratio_rate_eda,high combined missingness,70.03684421045101,65.84605284752996,4.190791362921047,36502,7395.0,False,False,69.4634461270719,41632,69.4634461270719,high_missing
prev_refused_credit_to_application_ratio_max,ratio_rate_numeric,feature,P2_missingness_review,route_to_ratio_rate_eda; consider_missingness_logic_later,ratio_rate_eda,high combined missingness,70.03684421045101,65.84605284752996,4.190791362921047,18553,4195.0,False,False,69.4634461270719,20749,69.4634461270719,high_missing
prev_refused_annuity_to_credit_ratio_sum,ratio_rate_numeric,feature,P2_missingness_review,route_to_ratio_rate_eda; consider_missingness_logic_later,ratio_rate_eda,high combined missingness,67.3852317478074,63.10725422616117,4.277977521646228,55891,12269.0,False,False,66.79990456274298,64736,66.79990456274298,high_missing
prev_refused_annuity_to_credit_ratio_mean,ratio_rate_numeric,feature,P2_missingness_review,route_to_ratio_rate_eda; consider_missingness_logic_later,ratio_rate_eda,high combined missingness,70.2231790082306,66.10249466601019,4.120684342220414,53990,12017.0,False,False,69.65937320177963,62586,69.65937320177963,high_missing
prev_refused_annuity_to_credit_ratio_max,ratio_rate_numeric,feature,P2_missingness_review,route_to_ratio_rate_eda; consider_missingness_logic_later,ratio_rate_eda,high combined missingness,70.2231790082306,66.10249466601019,4.120684342220414,28336,8678.0,False,False,69.65937320177963,32117,69.65937320177963,high_missing
prev_refused_application_credit_diff_sum,continuous_stat_numeric,feature,P2_missingness_review,route_to_continuous_numeric_eda; consider_missingness_logic_later,continuous_numeric_eda,high combined missingness,67.3852317478074,63.10725422616117,4.277977521646228,30781,7668.0,False,False,66.79990456274298,34363,66.79990456274298,high_missing
prev_refused_application_credit_diff_mean,continuous_stat_numeric,feature,P2_missingness_review,route_to_continuous_numeric_eda; consider_missingness_logic_later,continuous_numeric_eda,high combined missingness,67.3852317478074,63.10725422616117,4.277977521646228,34907,8207.0,False,False,66.79990456274298,39364,66.79990456274298,high_missing
prev_refused_application_credit_diff_max,continuous_stat_numeric,feature,P2_missingness_review,route_to_continuous_numeric_eda; consider_missingness_logic_later,continuous_numeric_eda,high combined missingness,67.3852317478074,63.10725422616117,4.277977521646228,13166,4082.0,False,False,66.79990456274298,14244,66.79990456274298,high_missing
prev_refused_recent_12m_count,discrete_count_numeric,feature,P2_missingness_review,route_to_discrete_count_eda; consider_missingness_logic_later,discrete_count_eda,high combined missingness,67.3852317478074,63.10725422616117,4.277977521646228,34,21.0,False,False,66.79990456274298,34,66.79990456274298,high_missing
prev_refused_recent_24m_count,discrete_count_numeric,feature,P2_missingness_review,route_to_discrete_count_eda; consider_missingness_logic_later,discrete_count_eda,high combined missingness,67.3852317478074,63.10725422616117,4.277977521646228,39,26.0,False,False,66.79990456274298,40,66.79990456274298,high_missing
prev_canceled_application_count,discrete_count_numeric,feature,P2_missingness_review,route_to_discrete_count_eda; consider_missingness_logic_later,discrete_count_eda,high combined missingness,63.99283277671368,54.93188905301165,9.060943723702032,38,25.0,False,False,62.75308416723976,39,62.75308416723976,high_missing
prev_canceled_application_amount_sum,continuous_amount_numeric,feature,P2_missingness_review,route_to_continuous_numeric_eda; consider_missingness_logic_later,continuous_numeric_eda,high combined missingness,63.99283277671368,54.93188905301165,9.060943723702032,670,299.0,False,False,62.75308416723976,745,62.75308416723976,high_missing
prev_canceled_application_amount_mean,continuous_amount_numeric,feature,P2_missingness_review,route_to_continuous_numeric_eda; consider_missingness_logic_later,continuous_numeric_eda,high combined missingness,63.99283277671368,54.93188905301165,9.060943723702032,1218,492.0,False,False,62.75308416723976,1398,62.75308416723976,high_missing
prev_canceled_application_amount_max,continuous_amount_numeric,feature,P2_missingness_review,route_to_continuous_numeric_eda; consider_missingness_logic_later,continuous_numeric_eda,high combined missingness,63.99283277671368,54.93188905301165,9.060943723702032,554,265.0,False,False,62.75308416723976,615,62.75308416723976,high_missing
prev_canceled_credit_amount_sum,continuous_amount_numeric,feature,P2_missingness_review,route_to_continuous_numeric_eda; consider_missingness_logic_later,continuous_numeric_eda,high combined missingness,63.99283277671368,54.93188905301165,9.060943723702032,1937,668.0,False,False,62.75308416723976,2221,62.75308416723976,high_missing
prev_canceled_credit_amount_mean,continuous_amount_numeric,feature,P2_missingness_review,route_to_continuous_numeric_eda; consider_missingness_logic_later,continuous_numeric_eda,high combined missingness,63.99283277671368,54.93188905301165,9.060943723702032,2939,921.0,False,False,62.75308416723976,3415,62.75308416723976,high_missing
prev_canceled_credit_amount_max,continuous_amount_numeric,feature,P2_missingness_review,route_to_continuous_numeric_eda; consider_missingness_logic_later,continuous_numeric_eda,high combined missingness,63.99283277671368,54.93188905301165,9.060943723702032,1568,587.0,False,False,62.75308416723976,1788,62.75308416723976,high_missing
prev_canceled_annuity_amount_sum,continuous_amount_numeric,feature,P2_missingness_review,route_to_continuous_numeric_eda; consider_missingness_logic_later,continuous_numeric_eda,high combined missingness,63.99283277671368,54.93188905301165,9.060943723702032,4388,1263.0,False,False,62.75308416723976,5118,62.75308416723976,high_missing
prev_canceled_annuity_amount_mean,continuous_amount_numeric,feature,P1_missingness_review,route_to_continuous_numeric_eda; also missingness_review,continuous_numeric_eda,extreme combined missingness,97.44139234043661,96.7647300180535,0.676662322383109,4306,1254.0,False,False,97.34880913952085,5014,97.34880913952085,extreme_missing
prev_canceled_annuity_amount_max,continuous_amount_numeric,feature,P1_missingness_review,route_to_continuous_numeric_eda; also missingness_review,continuous_numeric_eda,extreme combined missingness,97.44139234043661,96.7647300180535,0.676662322383109,4007,1214.0,False,False,97.34880913952085,4642,97.34880913952085,extreme_missing
prev_canceled_goods_price_sum,continuous_amount_numeric,feature,P2_missingness_review,route_to_continuous_numeric_eda; consider_missingness_logic_later,continuous_numeric_eda,high combined missingness,63.99283277671368,54.93188905301165,9.060943723702032,670,299.0,False,False,62.75308416723976,745,62.75308416723976,high_missing
prev_canceled_goods_price_mean,continuous_amount_numeric,feature,P1_missingness_review,route_to_continuous_numeric_eda; also missingness_review,continuous_numeric_eda,extreme combined missingness,97.38220746574919,96.70728705071393,0.6749204150352597,681,303.0,False,False,97.28986259841967,758,97.28986259841967,extreme_missing
prev_canceled_goods_price_max,continuous_amount_numeric,feature,P1_missingness_review,route_to_continuous_numeric_eda; also missingness_review,continuous_numeric_eda,extreme combined missingness,97.38220746574919,96.70728705071393,0.6749204150352597,554,265.0,False,False,97.28986259841967,615,97.28986259841967,extreme_missing
prev_canceled_down_payment_sum,continuous_amount_numeric,feature,P2_missingness_review,route_to_continuous_numeric_eda; consider_missingness_logic_later,continuous_numeric_eda,high combined missingness,63.99283277671368,54.93188905301165,9.060943723702032,90,29.0,False,False,62.75308416723976,111,62.75308416723976,high_missing
prev_canceled_down_payment_mean,continuous_amount_numeric,feature,P1_missingness_review,route_to_continuous_numeric_eda; also missingness_review,continuous_numeric_eda,extreme combined missingness; near-constant combined distribution,99.84228206470664,99.79074347612014,0.05153858858649585,92,29.0,False,False,99.83523038273147,113,99.83523038273147,extreme_missing; near_constant
prev_canceled_down_payment_max,continuous_amount_numeric,feature,P1_missingness_review,route_to_continuous_numeric_eda; also missingness_review,continuous_numeric_eda,extreme combined missingness; near-constant combined distribution,99.84228206470664,99.79074347612014,0.05153858858649585,90,29.0,False,False,99.83523038273147,111,99.83523038273147,extreme_missing; near_constant
prev_canceled_cnt_payment_sum,discrete_count_numeric,feature,P2_missingness_review,route_to_discrete_count_eda; consider_missingness_logic_later,discrete_count_eda,high combined missingness,63.99283277671368,54.93188905301165,9.060943723702032,46,32.0,False,False,62.75308416723976,48,62.75308416723976,high_missing
prev_canceled_cnt_payment_mean,discrete_count_numeric,feature,P1_missingness_review,route_to_discrete_count_eda; also missingness_review,discrete_count_eda,extreme combined missingness,97.44139234043661,96.7647300180535,0.676662322383109,44,29.0,False,False,97.34880913952085,45,97.34880913952085,extreme_missing
prev_canceled_cnt_payment_max,discrete_count_numeric,feature,P1_missingness_review,route_to_discrete_count_eda; also missingness_review,discrete_count_eda,extreme combined missingness,97.44139234043661,96.7647300180535,0.676662322383109,22,17.0,False,False,97.34880913952085,23,97.34880913952085,extreme_missing
prev_canceled_credit_to_application_ratio_sum,ratio_rate_numeric,feature,P2_missingness_review,route_to_ratio_rate_eda; consider_missingness_logic_later,ratio_rate_eda,high combined missingness,63.99283277671368,54.93188905301165,9.060943723702032,921,316.0,False,False,62.75308416723976,1058,62.75308416723976,high_missing
prev_canceled_credit_to_application_ratio_mean,ratio_rate_numeric,feature,P1_missingness_review,route_to_ratio_rate_eda; also missingness_review,ratio_rate_eda,extreme combined missingness,97.38448380708333,96.70933858526178,0.6751452218215519,829,277.0,False,False,97.2921081809378,952,97.2921081809378,extreme_missing
prev_canceled_credit_to_application_ratio_max,ratio_rate_numeric,feature,P1_missingness_review,route_to_ratio_rate_eda; also missingness_review,ratio_rate_eda,extreme combined missingness,97.38448380708333,96.70933858526178,0.6751452218215519,705,251.0,False,False,97.2921081809378,808,97.2921081809378,extreme_missing
prev_canceled_annuity_to_credit_ratio_sum,ratio_rate_numeric,feature,P2_missingness_review,route_to_ratio_rate_eda; consider_missingness_logic_later,ratio_rate_eda,high combined missingness,63.99283277671368,54.93188905301165,9.060943723702032,2579,862.0,False,False,62.75308416723976,3023,62.75308416723976,high_missing
prev_canceled_annuity_to_credit_ratio_mean,ratio_rate_numeric,feature,P1_missingness_review,route_to_ratio_rate_eda; also missingness_review,ratio_rate_eda,extreme combined missingness,97.44139234043661,96.7647300180535,0.676662322383109,2456,840.0,False,False,97.34880913952085,2870,97.34880913952085,extreme_missing
prev_canceled_annuity_to_credit_ratio_max,ratio_rate_numeric,feature,P1_missingness_review,route_to_ratio_rate_eda; also missingness_review,ratio_rate_eda,extreme combined missingness,97.44139234043661,96.7647300180535,0.676662322383109,2127,781.0,False,False,97.34880913952085,2475,97.34880913952085,extreme_missing
prev_canceled_application_credit_diff_sum,continuous_stat_numeric,feature,P2_missingness_review,route_to_continuous_numeric_eda; consider_missingness_logic_later,continuous_numeric_eda,high combined missingness,63.99283277671368,54.93188905301165,9.060943723702032,1134,393.0,False,False,62.75308416723976,1282,62.75308416723976,high_missing
prev_canceled_application_credit_diff_mean,continuous_stat_numeric,feature,P2_missingness_review,route_to_continuous_numeric_eda; consider_missingness_logic_later,continuous_numeric_eda,high combined missingness,63.99283277671368,54.93188905301165,9.060943723702032,1616,504.0,False,False,62.75308416723976,1864,62.75308416723976,high_missing
prev_canceled_application_credit_diff_max,continuous_stat_numeric,feature,P2_missingness_review,route_to_continuous_numeric_eda; consider_missingness_logic_later,continuous_numeric_eda,high combined missingness,63.99283277671368,54.93188905301165,9.060943723702032,499,163.0,False,False,62.75308416723976,563,62.75308416723976,high_missing
prev_canceled_recent_12m_count,discrete_count_numeric,feature,P2_missingness_review,route_to_discrete_count_eda; consider_missingness_logic_later,discrete_count_eda,high combined missingness,63.99283277671368,54.93188905301165,9.060943723702032,38,21.0,False,False,62.75308416723976,38,62.75308416723976,high_missing
prev_canceled_recent_24m_count,discrete_count_numeric,feature,P2_missingness_review,route_to_discrete_count_eda; consider_missingness_logic_later,discrete_count_eda,high combined missingness,63.99283277671368,54.93188905301165,9.060943723702032,39,26.0,False,False,62.75308416723976,40,62.75308416723976,high_missing
prev_unused_offer_application_count,discrete_count_numeric,feature,P1_missingness_review,route_to_discrete_count_eda; also missingness_review,discrete_count_eda,extreme combined missingness,93.81062791249744,93.75102576727392,0.05960214522352203,10,7.0,False,False,93.8024729477481,12,93.8024729477481,extreme_missing
prev_unused_offer_application_amount_sum,continuous_amount_numeric,feature,P1_missingness_review,route_to_continuous_numeric_eda; also missingness_review,continuous_numeric_eda,extreme combined missingness,93.81062791249744,93.75102576727392,0.05960214522352203,10401,2423.0,False,False,93.8024729477481,11479,93.8024729477481,extreme_missing
prev_unused_offer_application_amount_mean,continuous_amount_numeric,feature,P1_missingness_review,route_to_continuous_numeric_eda; also missingness_review,continuous_numeric_eda,extreme combined missingness,93.81062791249744,93.75102576727392,0.05960214522352203,10355,2402.0,False,False,93.8024729477481,11445,93.8024729477481,extreme_missing
prev_unused_offer_application_amount_max,continuous_amount_numeric,feature,P1_missingness_review,route_to_continuous_numeric_eda; also missingness_review,continuous_numeric_eda,extreme combined missingness,93.81062791249744,93.75102576727392,0.05960214522352203,9361,2323.0,False,False,93.8024729477481,10271,93.8024729477481,extreme_missing
prev_unused_offer_credit_amount_sum,continuous_amount_numeric,feature,P1_missingness_review,route_to_continuous_numeric_eda; also missingness_review,continuous_numeric_eda,extreme combined missingness,93.81062791249744,93.75102576727392,0.05960214522352203,10407,2425.0,False,False,93.8024729477481,11486,93.8024729477481,extreme_missing
prev_unused_offer_credit_amount_mean,continuous_amount_numeric,feature,P1_missingness_review,route_to_continuous_numeric_eda; also missingness_review,continuous_numeric_eda,extreme combined missingness,93.81062791249744,93.75102576727392,0.05960214522352203,10361,2404.0,False,False,93.8024729477481,11452,93.8024729477481,extreme_missing
prev_unused_offer_credit_amount_max,continuous_amount_numeric,feature,P1_missingness_review,route_to_continuous_numeric_eda; also missingness_review,continuous_numeric_eda,extreme combined missingness,93.81062791249744,93.75102576727392,0.05960214522352203,9368,2325.0,False,False,93.8024729477481,10279,93.8024729477481,extreme_missing
prev_unused_offer_annuity_amount_sum,continuous_amount_numeric,feature,P1_missingness_review,route_to_continuous_numeric_eda; also missingness_review,continuous_numeric_eda,extreme combined missingness,93.81062791249744,93.75102576727392,0.05960214522352203,657,118.0,False,False,93.8024729477481,751,93.8024729477481,extreme_missing
prev_unused_offer_annuity_amount_mean,continuous_amount_numeric,feature,P1_missingness_review,route_to_continuous_numeric_eda; also missingness_review,continuous_numeric_eda,extreme combined missingness; near-constant combined distribution,99.7661872258228,99.75997045790251,0.006216767920292909,650,117.0,False,False,99.76533662685436,744,99.76533662685436,extreme_missing; near_constant
prev_unused_offer_annuity_amount_max,continuous_amount_numeric,feature,P1_missingness_review,route_to_continuous_numeric_eda; also missingness_review,continuous_numeric_eda,extreme combined missingness; near-constant combined distribution,99.7661872258228,99.75997045790251,0.006216767920292909,642,117.0,False,False,99.76533662685436,735,99.76533662685436,extreme_missing; near_constant
prev_unused_offer_goods_price_sum,continuous_amount_numeric,feature,P1_missingness_review,route_to_continuous_numeric_eda; also missingness_review,continuous_numeric_eda,extreme combined missingness,93.81062791249744,93.75102576727392,0.05960214522352203,10401,2423.0,False,False,93.8024729477481,11479,93.8024729477481,extreme_missing
prev_unused_offer_goods_price_mean,continuous_amount_numeric,feature,P1_missingness_review,route_to_continuous_numeric_eda; also missingness_review,continuous_numeric_eda,extreme combined missingness,93.81192867897408,93.75307730182176,0.05885137715232247,10355,2402.0,False,False,93.80387643682194,11445,93.80387643682194,extreme_missing
prev_unused_offer_goods_price_max,continuous_amount_numeric,feature,P1_missingness_review,route_to_continuous_numeric_eda; also missingness_review,continuous_numeric_eda,extreme combined missingness,93.81192867897408,93.75307730182176,0.05885137715232247,9361,2323.0,False,False,93.80387643682194,10271,93.80387643682194,extreme_missing
prev_unused_offer_down_payment_sum,continuous_amount_numeric,feature,P1_missingness_review,route_to_continuous_numeric_eda; also missingness_review,continuous_numeric_eda,extreme combined missingness,93.81062791249744,93.75102576727392,0.05960214522352203,3,1.0,False,False,93.8024729477481,3,93.8024729477481,extreme_missing
prev_unused_offer_down_payment_mean,continuous_amount_numeric,feature,P1_missingness_review,route_to_continuous_numeric_eda; also missingness_review,continuous_numeric_eda,extreme combined missingness,94.37385979688531,94.29878549154768,0.07507430533763682,3,1.0,False,False,94.36358787946835,3,94.36358787946835,extreme_missing
prev_unused_offer_down_payment_max,continuous_amount_numeric,feature,P1_missingness_review,route_to_continuous_numeric_eda; also missingness_review,continuous_numeric_eda,extreme combined missingness,94.37385979688531,94.29878549154768,0.07507430533763682,3,1.0,False,False,94.36358787946835,3,94.36358787946835,extreme_missing
prev_unused_offer_cnt_payment_sum,discrete_count_numeric,feature,P1_missingness_review,route_to_discrete_count_eda; also missingness_review,discrete_count_eda,extreme combined missingness,93.81062791249744,93.75102576727392,0.05960214522352203,15,8.0,False,False,93.8024729477481,16,93.8024729477481,extreme_missing
prev_unused_offer_cnt_payment_mean,discrete_count_numeric,feature,P1_missingness_review,route_to_discrete_count_eda; also missingness_review,discrete_count_eda,extreme combined missingness; near-constant combined distribution,99.7661872258228,99.75997045790251,0.006216767920292909,11,6.0,False,False,99.76533662685436,11,99.76533662685436,extreme_missing; near_constant
prev_unused_offer_cnt_payment_max,discrete_count_numeric,feature,P1_missingness_review,route_to_discrete_count_eda; also missingness_review,discrete_count_eda,extreme combined missingness; near-constant combined distribution,99.7661872258228,99.75997045790251,0.006216767920292909,9,5.0,False,False,99.76533662685436,9,99.76533662685436,extreme_missing; near_constant
prev_unused_offer_credit_to_application_ratio_sum,ratio_rate_numeric,feature,P1_missingness_review,route_to_ratio_rate_eda; also missingness_review,ratio_rate_eda,extreme combined missingness,93.81062791249744,93.75102576727392,0.05960214522352203,19,9.0,False,False,93.8024729477481,22,93.8024729477481,extreme_missing
prev_unused_offer_credit_to_application_ratio_mean,ratio_rate_numeric,feature,P1_missingness_review,route_to_ratio_rate_eda; also missingness_review,ratio_rate_eda,extreme combined missingness,93.91468923062915,93.86180863285738,0.05288059777177523,9,2.0,False,False,93.90745393047115,10,93.90745393047115,extreme_missing
prev_unused_offer_credit_to_application_ratio_max,ratio_rate_numeric,feature,P1_missingness_review,route_to_ratio_rate_eda; also missingness_review,ratio_rate_eda,extreme combined missingness,93.91468923062915,93.86180863285738,0.05288059777177523,9,2.0,False,False,93.90745393047115,10,93.90745393047115,extreme_missing
prev_unused_offer_annuity_to_credit_ratio_sum,ratio_rate_numeric,feature,P1_missingness_review,route_to_ratio_rate_eda; also missingness_review,ratio_rate_eda,extreme combined missingness,93.81062791249744,93.75102576727392,0.05960214522352203,348,101.0,False,False,93.8024729477481,387,93.8024729477481,extreme_missing
prev_unused_offer_annuity_to_credit_ratio_mean,ratio_rate_numeric,feature,P1_missingness_review,route_to_ratio_rate_eda; also missingness_review,ratio_rate_eda,extreme combined missingness; near-constant combined distribution,99.7661872258228,99.75997045790251,0.006216767920292909,318,98.0,False,False,99.76533662685436,354,99.76533662685436,extreme_missing; near_constant
prev_unused_offer_annuity_to_credit_ratio_max,ratio_rate_numeric,feature,P1_missingness_review,route_to_ratio_rate_eda; also missingness_review,ratio_rate_eda,extreme combined missingness; near-constant combined distribution,99.7661872258228,99.75997045790251,0.006216767920292909,311,95.0,False,False,99.76533662685436,344,99.76533662685436,extreme_missing; near_constant
prev_unused_offer_application_credit_diff_sum,continuous_stat_numeric,feature,P1_missingness_review,route_to_continuous_numeric_eda; also missingness_review,continuous_numeric_eda,extreme combined missingness,93.81062791249744,93.75102576727392,0.05960214522352203,10,3.0,False,False,93.8024729477481,11,93.8024729477481,extreme_missing
prev_unused_offer_application_credit_diff_mean,continuous_stat_numeric,feature,P1_missingness_review,route_to_continuous_numeric_eda; also missingness_review,continuous_numeric_eda,extreme combined missingness,93.81062791249744,93.75102576727392,0.05960214522352203,10,3.0,False,False,93.8024729477481,11,93.8024729477481,extreme_missing
prev_unused_offer_application_credit_diff_max,continuous_stat_numeric,feature,P1_missingness_review,route_to_continuous_numeric_eda; also missingness_review,continuous_numeric_eda,extreme combined missingness,93.81062791249744,93.75102576727392,0.05960214522352203,9,3.0,False,False,93.8024729477481,10,93.8024729477481,extreme_missing
prev_unused_offer_recent_12m_count,discrete_count_numeric,feature,P1_missingness_review,route_to_discrete_count_eda; also missingness_review,discrete_count_eda,extreme combined missingness,93.81062791249744,93.75102576727392,0.05960214522352203,9,5.0,False,False,93.8024729477481,9,93.8024729477481,extreme_missing
prev_unused_offer_recent_24m_count,discrete_count_numeric,feature,P1_missingness_review,route_to_discrete_count_eda; also missingness_review,discrete_count_eda,extreme combined missingness,93.81062791249744,93.75102576727392,0.05960214522352203,9,8.0,False,False,93.8024729477481,9,93.8024729477481,extreme_missing
prev_latest_approved_flag,binary_flag,feature,P3_normal_type_specific_eda,route_to_binary_flag_eda,binary_flag_eda,no universal-level issue; continue type-specific EDA,5.350702901684818,1.936648613162645,3.414054288522173,2,2.0,False,False,4.883580581325175,2,57.99385271785658,
prev_latest_refused_flag,binary_flag,feature,P3_normal_type_specific_eda,route_to_binary_flag_eda,binary_flag_eda,no universal-level issue; continue type-specific EDA,5.350702901684818,1.936648613162645,3.414054288522173,2,2.0,False,False,4.883580581325175,2,84.4746038652089,
prev_latest_canceled_flag,binary_flag,feature,P3_normal_type_specific_eda,route_to_binary_flag_eda,binary_flag_eda,no universal-level issue; continue type-specific EDA,5.350702901684818,1.936648613162645,3.414054288522173,2,2.0,False,False,4.883580581325175,2,70.3931172895819,
prev_latest_unused_offer_flag,binary_flag,feature,P3_normal_type_specific_eda,route_to_binary_flag_eda,binary_flag_eda,no universal-level issue; continue type-specific EDA,5.350702901684818,1.936648613162645,3.414054288522173,2,2.0,False,False,4.883580581325175,2,93.35897040041543,
prev_latest_cash_loan_flag,binary_flag,feature,P3_normal_type_specific_eda,route_to_binary_flag_eda,binary_flag_eda,no universal-level issue; continue type-specific EDA,5.350702901684818,1.936648613162645,3.414054288522173,2,2.0,False,False,4.883580581325175,2,52.2749154397833,
prev_latest_consumer_loan_flag,binary_flag,feature,P3_normal_type_specific_eda,route_to_binary_flag_eda,binary_flag_eda,no universal-level issue; continue type-specific EDA,5.350702901684818,1.936648613162645,3.414054288522173,2,2.0,False,False,4.883580581325175,2,53.10943004308712,
prev_latest_revolving_loan_flag,binary_flag,feature,P3_normal_type_specific_eda,route_to_binary_flag_eda,binary_flag_eda,no universal-level issue; continue type-specific EDA,5.350702901684818,1.936648613162645,3.414054288522173,2,2.0,False,False,4.883580581325175,2,84.86870359714248,
prev_latest_application_amount,continuous_amount_numeric,feature,P3_normal_type_specific_eda,route_to_continuous_numeric_eda,continuous_numeric_eda,no universal-level issue; continue type-specific EDA,5.350702901684818,1.936648613162645,3.414054288522173,41881,13163.0,False,False,4.883580581325175,45604,27.3147043550266,
prev_latest_credit_amount,continuous_amount_numeric,feature,P3_normal_type_specific_eda,route_to_continuous_numeric_eda,continuous_numeric_eda,no universal-level issue; continue type-specific EDA,5.350702901684818,1.936648613162645,3.414054288522173,49775,17637.0,False,False,4.883580581325175,53455,25.54490463291743,
prev_latest_annuity_amount,continuous_amount_numeric,feature,P3_normal_type_specific_eda,route_to_continuous_numeric_eda,continuous_numeric_eda,no universal-level issue; continue type-specific EDA,32.38290662773039,31.97726899720991,0.4056376305204807,119417,25466.0,False,False,32.32740593114482,134803,32.32740593114482,
prev_latest_goods_price,continuous_amount_numeric,feature,P3_normal_type_specific_eda,route_to_continuous_numeric_eda,continuous_numeric_eda,no universal-level issue; continue type-specific EDA,32.11397315868376,31.32282947644838,0.7911436822353721,41881,13163.0,False,False,32.00572623542126,45604,32.00572623542126,
prev_latest_down_payment,continuous_amount_numeric,feature,P2_missingness_review,route_to_continuous_numeric_eda; consider_missingness_logic_later,continuous_numeric_eda,high combined missingness,57.47371638738127,56.89520761529624,0.5785087720850299,11004,3780.0,False,False,57.39456288332795,11962,57.39456288332795,high_missing
prev_latest_credit_to_application_ratio,ratio_rate_numeric,feature,P3_normal_type_specific_eda,route_to_ratio_rate_eda,ratio_rate_eda,no universal-level issue; continue type-specific EDA,32.29250335760347,31.60388970950271,0.6886136481007625,58214,13082.0,False,False,32.19828493635178,65545,32.19828493635178,
prev_latest_annuity_to_credit_ratio,ratio_rate_numeric,feature,P3_normal_type_specific_eda,route_to_ratio_rate_eda,ratio_rate_eda,no universal-level issue; continue type-specific EDA,32.48013892185971,32.20088626292467,0.2792526589350359,67606,18698.0,False,False,32.44193063956997,77454,32.44193063956997,
prev_latest_down_payment_ratio,ratio_rate_numeric,feature,P2_missingness_review,route_to_ratio_rate_eda; consider_missingness_logic_later,ratio_rate_eda,high combined missingness,57.47404157900042,56.89520761529624,0.5788339637041844,24370,5239.0,False,False,57.39484358114272,27246,57.39484358114272,high_missing
prev_latest_application_credit_diff,continuous_stat_numeric,feature,P3_normal_type_specific_eda,route_to_continuous_numeric_eda,continuous_numeric_eda,no universal-level issue; continue type-specific EDA,5.350702901684818,1.936648613162645,3.414054288522173,24479,9700.0,False,False,4.883580581325175,26230,46.07205512905082,
prev_latest_days_decision,date_duration_numeric,feature,P3_normal_type_specific_eda,route_to_date_duration_eda,date_duration_eda,no universal-level issue; continue type-specific EDA,5.350702901684818,1.936648613162645,3.414054288522173,2922,2659.0,False,False,4.883580581325175,2922,4.883580581325175,
prev_latest_cnt_payment,discrete_count_numeric,feature,P3_normal_type_specific_eda,route_to_discrete_count_eda,discrete_count_eda,no universal-level issue; continue type-specific EDA,32.3819310528729,31.97726899720991,0.404662055662989,39,31.0,False,False,32.32656383770053,40,32.32656383770053,
prev_latest_hour_process,cyclical_time,feature,P3_normal_type_specific_eda,route_to_cyclical_time_review,cyclical_time_review,no universal-level issue; continue type-specific EDA,5.350702901684818,1.936648613162645,3.414054288522173,24,24.0,False,False,4.883580581325175,24,10.82146215491712,
prev_latest_sellerplace_area,continuous_amount_numeric,feature,P3_normal_type_specific_eda,route_to_continuous_numeric_eda,continuous_numeric_eda,no universal-level issue; continue type-specific EDA,5.350702901684818,1.936648613162645,3.414054288522173,1631,1016.0,False,False,4.883580581325175,1661,43.82563051746642,
prev_latest_last_appl_in_day,binary_flag,feature,P3_normal_type_specific_eda,route_to_binary_flag_eda,binary_flag_eda,no universal-level issue; continue type-specific EDA,5.350702901684818,1.936648613162645,3.414054288522173,2,2.0,False,False,4.883580581325175,2,94.962877713997,
prev_latest_insured_on_approval,binary_flag,feature,P3_normal_type_specific_eda,route_to_binary_flag_eda,binary_flag_eda,no universal-level issue; continue type-specific EDA,43.82770047250342,44.99630723781389,1.168606765310464,2,2.0,False,False,43.98759315658727,2,43.98759315658727,
prev_latest_has_down_payment,binary_flag,feature,P3_normal_type_specific_eda,route_to_binary_flag_eda,binary_flag_eda,no universal-level issue; continue type-specific EDA,5.350702901684818,1.936648613162645,3.414054288522173,2,2.0,False,False,4.883580581325175,2,77.19498673702824,
prev_latest_has_interest_rate,binary_flag,feature,P3_normal_type_specific_eda,route_to_binary_flag_eda,binary_flag_eda,no universal-level issue; continue type-specific EDA,5.350702901684818,1.936648613162645,3.414054288522173,2,2.0,False,False,4.883580581325175,2,94.2406422366002,
has_pos_cash_history,binary_flag,feature,P3_normal_type_specific_eda,route_to_binary_flag_eda,binary_flag_eda,no universal-level issue; continue type-specific EDA,0.0,0.0,0.0,2,2.0,False,False,0.0,2,94.66589942597297,
pos_contract_count,discrete_count_numeric,feature,P3_normal_type_specific_eda,route_to_discrete_count_eda,discrete_count_eda,no universal-level issue; continue type-specific EDA,5.875236983392464,1.920236336779911,3.955000646612553,25,20.0,False,False,5.334100574027032,25,29.11846851272263,
pos_month_record_count_sum,discrete_count_numeric,feature,P3_normal_type_specific_eda,route_to_discrete_count_eda,discrete_count_eda,no universal-level issue; continue type-specific EDA,5.875236983392464,1.920236336779911,3.955000646612553,227,201.0,False,False,5.334100574027032,234,5.334100574027032,
pos_month_record_count_mean,discrete_count_numeric,feature,P3_normal_type_specific_eda,route_to_discrete_count_eda,discrete_count_eda,no universal-level issue; continue type-specific EDA,5.875236983392464,1.920236336779911,3.955000646612553,1193,841.0,False,False,5.334100574027032,1250,6.261245456204123,
pos_month_record_count_max,discrete_count_numeric,feature,P3_normal_type_specific_eda,route_to_discrete_count_eda,discrete_count_eda,no universal-level issue; continue type-specific EDA,5.875236983392464,1.920236336779911,3.955000646612553,96,95.0,False,False,5.334100574027032,96,14.20948477916099,
pos_month_min,date_duration_numeric,feature,P3_normal_type_specific_eda,route_to_date_duration_eda,date_duration_eda,no universal-level issue; continue type-specific EDA,5.875236983392464,1.920236336779911,3.955000646612553,96,96.0,False,False,5.334100574027032,96,9.368008870050947,
pos_month_max,date_duration_numeric,feature,P3_normal_type_specific_eda,route_to_date_duration_eda,date_duration_eda,no universal-level issue; continue type-specific EDA,5.875236983392464,1.920236336779911,3.955000646612553,96,95.0,False,False,5.334100574027032,96,22.38396654082048,
pos_month_span_mean,date_duration_numeric,feature,P3_normal_type_specific_eda,route_to_date_duration_eda,date_duration_eda,no universal-level issue; continue type-specific EDA,5.875236983392464,1.920236336779911,3.955000646612553,1191,841.0,False,False,5.334100574027032,1248,6.251982428316795,
pos_month_span_max,date_duration_numeric,feature,P3_normal_type_specific_eda,route_to_date_duration_eda,date_duration_eda,no universal-level issue; continue type-specific EDA,5.875236983392464,1.920236336779911,3.955000646612553,96,95.0,False,False,5.334100574027032,96,14.19937965782936,
pos_month_count_sum,discrete_count_numeric,feature,P3_normal_type_specific_eda,route_to_discrete_count_eda,discrete_count_eda,no universal-level issue; continue type-specific EDA,5.875236983392464,1.920236336779911,3.955000646612553,227,201.0,False,False,5.334100574027032,234,5.334100574027032,
pos_month_count_mean,discrete_count_numeric,feature,P3_normal_type_specific_eda,route_to_discrete_count_eda,discrete_count_eda,no universal-level issue; continue type-specific EDA,5.875236983392464,1.920236336779911,3.955000646612553,1193,841.0,False,False,5.334100574027032,1250,6.261245456204123,
pos_month_count_max,discrete_count_numeric,feature,P3_normal_type_specific_eda,route_to_discrete_count_eda,discrete_count_eda,no universal-level issue; continue type-specific EDA,5.875236983392464,1.920236336779911,3.955000646612553,96,95.0,False,False,5.334100574027032,96,14.20948477916099,
pos_status_active_count_sum,discrete_count_numeric,feature,P3_normal_type_specific_eda,route_to_discrete_count_eda,discrete_count_eda,no universal-level issue; continue type-specific EDA,5.875236983392464,1.920236336779911,3.955000646612553,212,192.0,False,False,5.334100574027032,217,5.334100574027032,
pos_status_active_count_mean,ratio_rate_numeric,feature,P3_normal_type_specific_eda,route_to_ratio_rate_eda,ratio_rate_eda,no universal-level issue; continue type-specific EDA,5.875236983392464,1.920236336779911,3.955000646612553,1155,804.0,False,False,5.334100574027032,1210,6.449593689913124,
pos_status_active_count_max,discrete_count_numeric,feature,P3_normal_type_specific_eda,route_to_discrete_count_eda,discrete_count_eda,no universal-level issue; continue type-specific EDA,5.875236983392464,1.920236336779911,3.955000646612553,97,92.0,False,False,5.334100574027032,97,16.23949137555964,
pos_status_completed_count_sum,discrete_count_numeric,feature,P3_normal_type_specific_eda,route_to_discrete_count_eda,discrete_count_eda,no universal-level issue; continue type-specific EDA,5.875236983392464,1.920236336779911,3.955000646612553,47,34.0,False,False,5.334100574027032,52,34.15783638124378,
pos_status_completed_count_mean,ratio_rate_numeric,feature,P3_normal_type_specific_eda,route_to_ratio_rate_eda,ratio_rate_eda,no universal-level issue; continue type-specific EDA,5.875236983392464,1.920236336779911,3.955000646612553,186,101.0,False,False,5.334100574027032,204,43.48121429874669,
pos_status_completed_count_max,discrete_count_numeric,feature,P3_normal_type_specific_eda,route_to_discrete_count_eda,discrete_count_eda,no universal-level issue; continue type-specific EDA,5.875236983392464,1.920236336779911,3.955000646612553,37,19.0,False,False,5.334100574027032,41,83.98225989810669,
pos_status_signed_count_sum,discrete_count_numeric,feature,P3_normal_type_specific_eda,route_to_discrete_count_eda,discrete_count_eda,no universal-level issue; continue type-specific EDA,5.875236983392464,1.920236336779911,3.955000646612553,32,22.0,False,False,5.334100574027032,32,75.65816620117613,
pos_status_signed_count_mean,ratio_rate_numeric,feature,P3_normal_type_specific_eda,route_to_ratio_rate_eda,ratio_rate_eda,no universal-level issue; continue type-specific EDA,5.875236983392464,1.920236336779911,3.955000646612553,163,97.0,False,False,5.334100574027032,171,75.65816620117613,
pos_status_signed_count_max,discrete_count_numeric,feature,P3_normal_type_specific_eda,route_to_discrete_count_eda,discrete_count_eda,no universal-level issue; continue type-specific EDA,5.875236983392464,1.920236336779911,3.955000646612553,29,20.0,False,False,5.334100574027032,30,75.65816620117613,
pos_status_demand_count_sum,discrete_count_numeric,feature,P3_normal_type_specific_eda,route_to_discrete_count_eda,discrete_count_eda,no universal-level issue; continue type-specific EDA,5.875236983392464,1.920236336779911,3.955000646612553,53,22.0,False,False,5.334100574027032,59,94.56484821265666,
pos_status_demand_count_mean,ratio_rate_numeric,feature,P3_normal_type_specific_eda,route_to_ratio_rate_eda,ratio_rate_eda,no universal-level issue; continue type-specific EDA,5.875236983392464,1.920236336779911,3.955000646612553,106,36.0,False,False,5.334100574027032,123,94.56484821265666,
pos_status_demand_count_max,discrete_count_numeric,feature,P3_normal_type_specific_eda,route_to_discrete_count_eda,discrete_count_eda,no universal-level issue; continue type-specific EDA,5.875236983392464,1.920236336779911,3.955000646612553,52,22.0,False,False,5.334100574027032,56,94.56484821265666,
pos_status_returned_to_store_count_sum,ratio_rate_numeric,feature,P3_normal_type_specific_eda,route_to_ratio_rate_eda,ratio_rate_eda,no universal-level issue; continue type-specific EDA,5.875236983392464,1.920236336779911,3.955000646612553,5,5.0,False,False,5.334100574027032,5,93.24753336795273,
pos_status_returned_to_store_count_mean,ratio_rate_numeric,feature,P3_normal_type_specific_eda,route_to_ratio_rate_eda,ratio_rate_eda,no universal-level issue; continue type-specific EDA,5.875236983392464,1.920236336779911,3.955000646612553,33,28.0,False,False,5.334100574027032,34,93.24753336795273,
pos_status_returned_to_store_count_max,ratio_rate_numeric,feature,P3_normal_type_specific_eda,route_to_ratio_rate_eda,ratio_rate_eda,no universal-level issue; continue type-specific EDA,5.875236983392464,1.920236336779911,3.955000646612553,5,4.0,False,False,5.334100574027032,5,93.24753336795273,
pos_status_approved_count_sum,discrete_count_numeric,feature,P3_normal_type_specific_eda,route_to_discrete_count_eda,discrete_count_eda,no universal-level issue; continue type-specific EDA,5.875236983392464,1.920236336779911,3.955000646612553,12,7.0,False,False,5.334100574027032,14,93.37889994526392,
pos_status_approved_count_mean,ratio_rate_numeric,feature,P3_normal_type_specific_eda,route_to_ratio_rate_eda,ratio_rate_eda,no universal-level issue; continue type-specific EDA,5.875236983392464,1.920236336779911,3.955000646612553,44,26.0,False,False,5.334100574027032,45,93.37889994526392,
pos_status_approved_count_max,discrete_count_numeric,feature,P3_normal_type_specific_eda,route_to_discrete_count_eda,discrete_count_eda,no universal-level issue; continue type-specific EDA,5.875236983392464,1.920236336779911,3.955000646612553,12,7.0,False,False,5.334100574027032,14,93.37889994526392,
pos_status_canceled_count_sum,binary_flag,feature,P3_normal_type_specific_eda,route_to_binary_flag_eda,binary_flag_eda,no universal-level issue; continue type-specific EDA,5.875236983392464,1.920236336779911,3.955000646612553,2,2.0,False,False,5.334100574027032,2,94.66168895875145,
pos_status_canceled_count_mean,ratio_rate_numeric,feature,P3_normal_type_specific_eda,route_to_ratio_rate_eda,ratio_rate_eda,no universal-level issue; continue type-specific EDA,5.875236983392464,1.920236336779911,3.955000646612553,7,4.0,False,False,5.334100574027032,9,94.66168895875145,
pos_status_canceled_count_max,binary_flag,feature,P3_normal_type_specific_eda,route_to_binary_flag_eda,binary_flag_eda,no universal-level issue; continue type-specific EDA,5.875236983392464,1.920236336779911,3.955000646612553,2,2.0,False,False,5.334100574027032,2,94.66168895875145,
pos_status_amortized_debt_count_sum,discrete_count_numeric,feature,P3_normal_type_specific_eda,route_to_discrete_count_eda,discrete_count_eda,no universal-level issue; continue type-specific EDA,5.875236983392464,1.920236336779911,3.955000646612553,9,7.0,False,False,5.334100574027032,14,94.66112756312192,
pos_status_amortized_debt_count_mean,ratio_rate_numeric,feature,P3_normal_type_specific_eda,route_to_ratio_rate_eda,ratio_rate_eda,no universal-level issue; continue type-specific EDA,5.875236983392464,1.920236336779911,3.955000646612553,11,7.0,False,False,5.334100574027032,17,94.66112756312192,
pos_status_amortized_debt_count_max,discrete_count_numeric,feature,P3_normal_type_specific_eda,route_to_discrete_count_eda,discrete_count_eda,no universal-level issue; continue type-specific EDA,5.875236983392464,1.920236336779911,3.955000646612553,9,7.0,False,False,5.334100574027032,14,94.66112756312192,
pos_has_dpd_count_sum,discrete_count_numeric,feature,P3_normal_type_specific_eda,route_to_discrete_count_eda,discrete_count_eda,no universal-level issue; continue type-specific EDA,5.875236983392464,1.920236336779911,3.955000646612553,103,88.0,False,False,5.334100574027032,105,76.986428260656,
pos_has_dpd_count_mean,ratio_rate_numeric,feature,P3_normal_type_specific_eda,route_to_ratio_rate_eda,ratio_rate_eda,no universal-level issue; continue type-specific EDA,5.875236983392464,1.920236336779911,3.955000646612553,497,284.0,False,False,5.334100574027032,510,76.986428260656,
pos_has_dpd_count_max,discrete_count_numeric,feature,P3_normal_type_specific_eda,route_to_discrete_count_eda,discrete_count_eda,no universal-level issue; continue type-specific EDA,5.875236983392464,1.920236336779911,3.955000646612553,97,85.0,False,False,5.334100574027032,97,76.986428260656,
pos_dpd_30plus_count_sum,discrete_count_numeric,feature,P3_normal_type_specific_eda,route_to_discrete_count_eda,discrete_count_eda,no universal-level issue; continue type-specific EDA,5.875236983392464,1.920236336779911,3.955000646612553,99,90.0,False,False,5.334100574027032,101,92.32544104644145,
pos_dpd_30plus_count_mean,discrete_count_numeric,feature,P3_normal_type_specific_eda,route_to_discrete_count_eda,discrete_count_eda,no universal-level issue; continue type-specific EDA,5.875236983392464,1.920236336779911,3.955000646612553,421,214.0,False,False,5.334100574027032,434,92.32544104644145,
pos_dpd_30plus_count_max,discrete_count_numeric,feature,P3_normal_type_specific_eda,route_to_discrete_count_eda,discrete_count_eda,no universal-level issue; continue type-specific EDA,5.875236983392464,1.920236336779911,3.955000646612553,97,88.0,False,False,5.334100574027032,97,92.32544104644145,
pos_dpd_60plus_count_sum,discrete_count_numeric,feature,P3_normal_type_specific_eda,route_to_discrete_count_eda,discrete_count_eda,no universal-level issue; continue type-specific EDA,5.875236983392464,1.920236336779911,3.955000646612553,99,87.0,False,False,5.334100574027032,101,93.0490800129121,
pos_dpd_60plus_count_mean,discrete_count_numeric,feature,P3_normal_type_specific_eda,route_to_discrete_count_eda,discrete_count_eda,no universal-level issue; continue type-specific EDA,5.875236983392464,1.920236336779911,3.955000646612553,406,202.0,False,False,5.334100574027032,417,93.0490800129121,
pos_dpd_60plus_count_max,discrete_count_numeric,feature,P3_normal_type_specific_eda,route_to_discrete_count_eda,discrete_count_eda,no universal-level issue; continue type-specific EDA,5.875236983392464,1.920236336779911,3.955000646612553,97,84.0,False,False,5.334100574027032,97,93.0490800129121,
pos_dpd_90plus_count_sum,discrete_count_numeric,feature,P3_normal_type_specific_eda,route_to_discrete_count_eda,discrete_count_eda,no universal-level issue; continue type-specific EDA,5.875236983392464,1.920236336779911,3.955000646612553,99,86.0,False,False,5.334100574027032,101,93.19139380499922,
pos_dpd_90plus_count_mean,discrete_count_numeric,feature,P3_normal_type_specific_eda,route_to_discrete_count_eda,discrete_count_eda,no universal-level issue; continue type-specific EDA,5.875236983392464,1.920236336779911,3.955000646612553,406,202.0,False,False,5.334100574027032,418,93.19139380499922,
pos_dpd_90plus_count_max,discrete_count_numeric,feature,P3_normal_type_specific_eda,route_to_discrete_count_eda,discrete_count_eda,no universal-level issue; continue type-specific EDA,5.875236983392464,1.920236336779911,3.955000646612553,97,83.0,False,False,5.334100574027032,97,93.19139380499922,
pos_has_dpd_def_count_sum,discrete_count_numeric,feature,P3_normal_type_specific_eda,route_to_discrete_count_eda,discrete_count_eda,no universal-level issue; continue type-specific EDA,5.875236983392464,1.920236336779911,3.955000646612553,62,33.0,False,False,5.334100574027032,66,81.76811553522056,
pos_has_dpd_def_count_mean,ratio_rate_numeric,feature,P3_normal_type_specific_eda,route_to_ratio_rate_eda,ratio_rate_eda,no universal-level issue; continue type-specific EDA,5.875236983392464,1.920236336779911,3.955000646612553,229,132.0,False,False,5.334100574027032,245,81.76811553522056,
pos_has_dpd_def_count_max,discrete_count_numeric,feature,P3_normal_type_specific_eda,route_to_discrete_count_eda,discrete_count_eda,no universal-level issue; continue type-specific EDA,5.875236983392464,1.920236336779911,3.955000646612553,50,29.0,False,False,5.334100574027032,52,81.76811553522056,
pos_dpd_def_30plus_count_sum,discrete_count_numeric,feature,P3_normal_type_specific_eda,route_to_discrete_count_eda,discrete_count_eda,no universal-level issue; continue type-specific EDA,5.875236983392464,1.920236336779911,3.955000646612553,50,19.0,False,False,5.334100574027032,54,94.47614770319012,
pos_dpd_def_30plus_count_mean,discrete_count_numeric,feature,P3_normal_type_specific_eda,route_to_discrete_count_eda,discrete_count_eda,no universal-level issue; continue type-specific EDA,5.875236983392464,1.920236336779911,3.955000646612553,99,26.0,False,False,5.334100574027032,107,94.47614770319012,
pos_dpd_def_30plus_count_max,discrete_count_numeric,feature,P3_normal_type_specific_eda,route_to_discrete_count_eda,discrete_count_eda,no universal-level issue; continue type-specific EDA,5.875236983392464,1.920236336779911,3.955000646612553,46,19.0,False,False,5.334100574027032,49,94.47614770319012,
pos_dpd_def_60plus_count_sum,discrete_count_numeric,feature,P3_normal_type_specific_eda,route_to_discrete_count_eda,discrete_count_eda,no universal-level issue; continue type-specific EDA,5.875236983392464,1.920236336779911,3.955000646612553,49,17.0,False,False,5.334100574027032,53,94.5965670657254,
pos_dpd_def_60plus_count_mean,discrete_count_numeric,feature,P3_normal_type_specific_eda,route_to_discrete_count_eda,discrete_count_eda,no universal-level issue; continue type-specific EDA,5.875236983392464,1.920236336779911,3.955000646612553,80,18.0,False,False,5.334100574027032,90,94.5965670657254,
pos_dpd_def_60plus_count_max,discrete_count_numeric,feature,P3_normal_type_specific_eda,route_to_discrete_count_eda,discrete_count_eda,no universal-level issue; continue type-specific EDA,5.875236983392464,1.920236336779911,3.955000646612553,47,17.0,False,False,5.334100574027032,50,94.5965670657254,
pos_dpd_def_90plus_count_sum,discrete_count_numeric,feature,P3_normal_type_specific_eda,route_to_discrete_count_eda,discrete_count_eda,no universal-level issue; continue type-specific EDA,5.875236983392464,1.920236336779911,3.955000646612553,48,16.0,False,False,5.334100574027032,52,94.62351405594308,
pos_dpd_def_90plus_count_mean,discrete_count_numeric,feature,P3_normal_type_specific_eda,route_to_discrete_count_eda,discrete_count_eda,no universal-level issue; continue type-specific EDA,5.875236983392464,1.920236336779911,3.955000646612553,78,19.0,False,False,5.334100574027032,89,94.62351405594308,
pos_dpd_def_90plus_count_max,discrete_count_numeric,feature,P3_normal_type_specific_eda,route_to_discrete_count_eda,discrete_count_eda,no universal-level issue; continue type-specific EDA,5.875236983392464,1.920236336779911,3.955000646612553,46,16.0,False,False,5.334100574027032,49,94.62351405594308,
pos_is_recent_6m_count_sum,discrete_count_numeric,feature,P3_normal_type_specific_eda,route_to_discrete_count_eda,discrete_count_eda,no universal-level issue; continue type-specific EDA,5.875236983392464,1.920236336779911,3.955000646612553,27,24.0,False,False,5.334100574027032,27,40.75030525887356,
pos_is_recent_6m_count_mean,ratio_rate_numeric,feature,P3_normal_type_specific_eda,route_to_ratio_rate_eda,ratio_rate_eda,no universal-level issue; continue type-specific EDA,5.875236983392464,1.920236336779911,3.955000646612553,240,159.0,False,False,5.334100574027032,242,40.75030525887356,
pos_is_recent_6m_count_max,discrete_count_numeric,feature,P3_normal_type_specific_eda,route_to_discrete_count_eda,discrete_count_eda,no universal-level issue; continue type-specific EDA,5.875236983392464,1.920236336779911,3.955000646612553,7,7.0,False,False,5.334100574027032,7,40.75030525887356,
pos_is_recent_12m_count_sum,discrete_count_numeric,feature,P3_normal_type_specific_eda,route_to_discrete_count_eda,discrete_count_eda,no universal-level issue; continue type-specific EDA,5.875236983392464,1.920236336779911,3.955000646612553,51,47.0,False,False,5.334100574027032,51,27.23245989529972,
pos_is_recent_12m_count_mean,ratio_rate_numeric,feature,P3_normal_type_specific_eda,route_to_ratio_rate_eda,ratio_rate_eda,no universal-level issue; continue type-specific EDA,5.875236983392464,1.920236336779911,3.955000646612553,429,305.0,False,False,5.334100574027032,437,27.23245989529972,
pos_is_recent_12m_count_max,discrete_count_numeric,feature,P3_normal_type_specific_eda,route_to_discrete_count_eda,discrete_count_eda,no universal-level issue; continue type-specific EDA,5.875236983392464,1.920236336779911,3.955000646612553,13,13.0,False,False,5.334100574027032,13,27.23245989529972,
pos_is_recent_24m_count_sum,discrete_count_numeric,feature,P3_normal_type_specific_eda,route_to_discrete_count_eda,discrete_count_eda,no universal-level issue; continue type-specific EDA,5.875236983392464,1.920236336779911,3.955000646612553,96,90.0,False,False,5.334100574027032,97,14.24653689071031,
pos_is_recent_24m_count_mean,ratio_rate_numeric,feature,P3_normal_type_specific_eda,route_to_ratio_rate_eda,ratio_rate_eda,no universal-level issue; continue type-specific EDA,5.875236983392464,1.920236336779911,3.955000646612553,736,528.0,False,False,5.334100574027032,759,14.24653689071031,
pos_is_recent_24m_count_max,discrete_count_numeric,feature,P3_normal_type_specific_eda,route_to_discrete_count_eda,discrete_count_eda,no universal-level issue; continue type-specific EDA,5.875236983392464,1.920236336779911,3.955000646612553,25,25.0,False,False,5.334100574027032,25,14.24653689071031,
pos_recent_6m_has_dpd_count_sum,discrete_count_numeric,feature,P3_normal_type_specific_eda,route_to_discrete_count_eda,discrete_count_eda,no universal-level issue; continue type-specific EDA,5.875236983392464,1.920236336779911,3.955000646612553,18,9.0,False,False,5.334100574027032,18,93.04964140854165,
pos_recent_6m_has_dpd_count_mean,ratio_rate_numeric,feature,P3_normal_type_specific_eda,route_to_ratio_rate_eda,ratio_rate_eda,no universal-level issue; continue type-specific EDA,5.875236983392464,1.920236336779911,3.955000646612553,77,40.0,False,False,5.334100574027032,80,93.04964140854165,
pos_recent_6m_has_dpd_count_max,discrete_count_numeric,feature,P3_normal_type_specific_eda,route_to_discrete_count_eda,discrete_count_eda,no universal-level issue; continue type-specific EDA,5.875236983392464,1.920236336779911,3.955000646612553,7,7.0,False,False,5.334100574027032,7,93.04964140854165,
pos_recent_12m_has_dpd_count_sum,discrete_count_numeric,feature,P3_normal_type_specific_eda,route_to_discrete_count_eda,discrete_count_eda,no universal-level issue; continue type-specific EDA,5.875236983392464,1.920236336779911,3.955000646612553,21,16.0,False,False,5.334100574027032,23,91.52853995031649,
pos_recent_12m_has_dpd_count_mean,ratio_rate_numeric,feature,P3_normal_type_specific_eda,route_to_ratio_rate_eda,ratio_rate_eda,no universal-level issue; continue type-specific EDA,5.875236983392464,1.920236336779911,3.955000646612553,111,60.0,False,False,5.334100574027032,114,91.52853995031649,
pos_recent_12m_has_dpd_count_max,discrete_count_numeric,feature,P3_normal_type_specific_eda,route_to_discrete_count_eda,discrete_count_eda,no universal-level issue; continue type-specific EDA,5.875236983392464,1.920236336779911,3.955000646612553,13,13.0,False,False,5.334100574027032,13,91.52853995031649,
pos_recent_24m_has_dpd_count_sum,discrete_count_numeric,feature,P3_normal_type_specific_eda,route_to_discrete_count_eda,discrete_count_eda,no universal-level issue; continue type-specific EDA,5.875236983392464,1.920236336779911,3.955000646612553,33,26.0,False,False,5.334100574027032,35,88.82036743343953,
pos_recent_24m_has_dpd_count_mean,ratio_rate_numeric,feature,P3_normal_type_specific_eda,route_to_ratio_rate_eda,ratio_rate_eda,no universal-level issue; continue type-specific EDA,5.875236983392464,1.920236336779911,3.955000646612553,173,98.0,False,False,5.334100574027032,178,88.82036743343953,
pos_recent_24m_has_dpd_count_max,discrete_count_numeric,feature,P3_normal_type_specific_eda,route_to_discrete_count_eda,discrete_count_eda,no universal-level issue; continue type-specific EDA,5.875236983392464,1.920236336779911,3.955000646612553,25,24.0,False,False,5.334100574027032,25,88.82036743343953,
pos_recent_6m_has_dpd_def_count_sum,discrete_count_numeric,feature,P3_normal_type_specific_eda,route_to_discrete_count_eda,discrete_count_eda,no universal-level issue; continue type-specific EDA,5.875236983392464,1.920236336779911,3.955000646612553,18,9.0,False,False,5.334100574027032,18,93.62815960477747,
pos_recent_6m_has_dpd_def_count_mean,ratio_rate_numeric,feature,P3_normal_type_specific_eda,route_to_ratio_rate_eda,ratio_rate_eda,no universal-level issue; continue type-specific EDA,5.875236983392464,1.920236336779911,3.955000646612553,75,31.0,False,False,5.334100574027032,79,93.62815960477747,
pos_recent_6m_has_dpd_def_count_max,discrete_count_numeric,feature,P3_normal_type_specific_eda,route_to_discrete_count_eda,discrete_count_eda,no universal-level issue; continue type-specific EDA,5.875236983392464,1.920236336779911,3.955000646612553,7,7.0,False,False,5.334100574027032,7,93.62815960477747,
pos_recent_12m_has_dpd_def_count_sum,discrete_count_numeric,feature,P3_normal_type_specific_eda,route_to_discrete_count_eda,discrete_count_eda,no universal-level issue; continue type-specific EDA,5.875236983392464,1.920236336779911,3.955000646612553,21,13.0,False,False,5.334100574027032,23,92.39954526954007,
pos_recent_12m_has_dpd_def_count_mean,ratio_rate_numeric,feature,P3_normal_type_specific_eda,route_to_ratio_rate_eda,ratio_rate_eda,no universal-level issue; continue type-specific EDA,5.875236983392464,1.920236336779911,3.955000646612553,103,45.0,False,False,5.334100574027032,105,92.39954526954007,
pos_recent_12m_has_dpd_def_count_max,discrete_count_numeric,feature,P3_normal_type_specific_eda,route_to_discrete_count_eda,discrete_count_eda,no universal-level issue; continue type-specific EDA,5.875236983392464,1.920236336779911,3.955000646612553,13,12.0,False,False,5.334100574027032,13,92.39954526954007,
pos_recent_24m_has_dpd_def_count_sum,discrete_count_numeric,feature,P3_normal_type_specific_eda,route_to_discrete_count_eda,discrete_count_eda,no universal-level issue; continue type-specific EDA,5.875236983392464,1.920236336779911,3.955000646612553,30,20.0,False,False,5.334100574027032,32,90.1814711372472,
pos_recent_24m_has_dpd_def_count_mean,ratio_rate_numeric,feature,P3_normal_type_specific_eda,route_to_ratio_rate_eda,ratio_rate_eda,no universal-level issue; continue type-specific EDA,5.875236983392464,1.920236336779911,3.955000646612553,140,83.0,False,False,5.334100574027032,148,90.1814711372472,
pos_recent_24m_has_dpd_def_count_max,discrete_count_numeric,feature,P3_normal_type_specific_eda,route_to_discrete_count_eda,discrete_count_eda,no universal-level issue; continue type-specific EDA,5.875236983392464,1.920236336779911,3.955000646612553,22,17.0,False,False,5.334100574027032,23,90.1814711372472,
pos_missing_cnt_instalment_count_sum,discrete_count_numeric,feature,P3_normal_type_specific_eda,route_to_discrete_count_eda,discrete_count_eda,no universal-level issue; continue type-specific EDA,5.875236983392464,1.920236336779911,3.955000646612553,27,15.0,False,False,5.334100574027032,28,88.46135492835188,
pos_missing_cnt_instalment_count_mean,discrete_count_numeric,feature,P3_normal_type_specific_eda,route_to_discrete_count_eda,discrete_count_eda,no universal-level issue; continue type-specific EDA,5.875236983392464,1.920236336779911,3.955000646612553,81,48.0,False,False,5.334100574027032,84,88.46135492835188,
pos_missing_cnt_instalment_count_max,discrete_count_numeric,feature,P3_normal_type_specific_eda,route_to_discrete_count_eda,discrete_count_eda,no universal-level issue; continue type-specific EDA,5.875236983392464,1.920236336779911,3.955000646612553,27,12.0,False,False,5.334100574027032,28,88.46135492835188,
pos_missing_cnt_instalment_future_count_sum,discrete_count_numeric,feature,P3_normal_type_specific_eda,route_to_discrete_count_eda,discrete_count_eda,no universal-level issue; continue type-specific EDA,5.875236983392464,1.920236336779911,3.955000646612553,27,15.0,False,False,5.334100574027032,28,88.47735470379364,
pos_missing_cnt_instalment_future_count_mean,discrete_count_numeric,feature,P3_normal_type_specific_eda,route_to_discrete_count_eda,discrete_count_eda,no universal-level issue; continue type-specific EDA,5.875236983392464,1.920236336779911,3.955000646612553,82,49.0,False,False,5.334100574027032,86,88.47735470379364,
pos_missing_cnt_instalment_future_count_max,discrete_count_numeric,feature,P3_normal_type_specific_eda,route_to_discrete_count_eda,discrete_count_eda,no universal-level issue; continue type-specific EDA,5.875236983392464,1.920236336779911,3.955000646612553,27,12.0,False,False,5.334100574027032,28,88.47735470379364,
pos_is_near_completion_count_sum,discrete_count_numeric,feature,P3_normal_type_specific_eda,route_to_discrete_count_eda,discrete_count_eda,no universal-level issue; continue type-specific EDA,5.875236983392464,1.920236336779911,3.955000646612553,120,112.0,False,False,5.334100574027032,123,15.96188123675457,
pos_is_near_completion_count_mean,ratio_rate_numeric,feature,P3_normal_type_specific_eda,route_to_ratio_rate_eda,ratio_rate_eda,no universal-level issue; continue type-specific EDA,5.875236983392464,1.920236336779911,3.955000646612553,698,455.0,False,False,5.334100574027032,711,16.57717084672496,
pos_is_near_completion_count_max,discrete_count_numeric,feature,P3_normal_type_specific_eda,route_to_discrete_count_eda,discrete_count_eda,no universal-level issue; continue type-specific EDA,5.875236983392464,1.920236336779911,3.955000646612553,97,96.0,False,False,5.334100574027032,97,45.87949642812031,
pos_is_completed_by_future_count_sum,discrete_count_numeric,feature,P3_normal_type_specific_eda,route_to_discrete_count_eda,discrete_count_eda,no universal-level issue; continue type-specific EDA,5.875236983392464,1.920236336779911,3.955000646612553,112,105.0,False,False,5.334100574027032,116,25.62237722979327,
pos_is_completed_by_future_count_mean,ratio_rate_numeric,feature,P3_normal_type_specific_eda,route_to_ratio_rate_eda,ratio_rate_eda,no universal-level issue; continue type-specific EDA,5.875236983392464,1.920236336779911,3.955000646612553,579,363.0,False,False,5.334100574027032,596,37.46642152390844,
pos_is_completed_by_future_count_max,discrete_count_numeric,feature,P3_normal_type_specific_eda,route_to_discrete_count_eda,discrete_count_eda,no universal-level issue; continue type-specific EDA,5.875236983392464,1.920236336779911,3.955000646612553,97,95.0,False,False,5.334100574027032,97,48.38416302929082,
pos_has_future_installment_count_sum,discrete_count_numeric,feature,P3_normal_type_specific_eda,route_to_discrete_count_eda,discrete_count_eda,no universal-level issue; continue type-specific EDA,5.875236983392464,1.920236336779911,3.955000646612553,214,190.0,False,False,5.334100574027032,219,5.350661745098314,
pos_has_future_installment_count_mean,ratio_rate_numeric,feature,P3_normal_type_specific_eda,route_to_ratio_rate_eda,ratio_rate_eda,no universal-level issue; continue type-specific EDA,5.875236983392464,1.920236336779911,3.955000646612553,1085,753.0,False,False,5.334100574027032,1133,7.044673057220249,
pos_has_future_installment_count_max,discrete_count_numeric,feature,P3_normal_type_specific_eda,route_to_discrete_count_eda,discrete_count_eda,no universal-level issue; continue type-specific EDA,5.875236983392464,1.920236336779911,3.955000646612553,66,61.0,False,False,5.334100574027032,66,16.45057613226481,
pos_cnt_instalment_unique_count_sum_x,discrete_count_numeric,feature,P3_normal_type_specific_eda,route_to_discrete_count_eda,discrete_count_eda,no universal-level issue; continue type-specific EDA,5.875236983392464,1.920236336779911,3.955000646612553,37,30.0,False,False,5.334100574027032,37,21.04616075563852,
pos_cnt_instalment_unique_count_mean_x,discrete_count_numeric,feature,P3_normal_type_specific_eda,route_to_discrete_count_eda,discrete_count_eda,no universal-level issue; continue type-specific EDA,5.875236983392464,1.920236336779911,3.955000646612553,133,95.0,False,False,5.334100574027032,138,43.23279673267744,
pos_cnt_instalment_unique_count_max_x,discrete_count_numeric,feature,P3_normal_type_specific_eda,route_to_discrete_count_eda,discrete_count_eda,no universal-level issue; continue type-specific EDA,5.875236983392464,1.920236336779911,3.955000646612553,8,5.0,False,False,5.334100574027032,8,50.64237694909545,
pos_latest_paid_installment_count_sum,discrete_count_numeric,feature,P3_normal_type_specific_eda,route_to_discrete_count_eda,discrete_count_eda,no universal-level issue; continue type-specific EDA,5.875236983392464,1.920236336779911,3.955000646612553,219,199.0,False,False,5.334100574027032,227,5.334100574027032,
pos_latest_paid_installment_count_mean,discrete_count_numeric,feature,P3_normal_type_specific_eda,route_to_discrete_count_eda,discrete_count_eda,no universal-level issue; continue type-specific EDA,5.883041582252342,1.928442474971279,3.954599107281063,1109,763.0,False,False,5.341960112840521,1165,7.075269119029909,
pos_latest_paid_installment_count_max,discrete_count_numeric,feature,P3_normal_type_specific_eda,route_to_discrete_count_eda,discrete_count_eda,no universal-level issue; continue type-specific EDA,5.883041582252342,1.928442474971279,3.954599107281063,68,61.0,False,False,5.341960112840521,68,16.87078076097178,
pos_status_active_ratio_mean,ratio_rate_numeric,feature,P3_normal_type_specific_eda,route_to_ratio_rate_eda,ratio_rate_eda,no universal-level issue; continue type-specific EDA,5.875236983392464,1.920236336779911,3.955000646612553,36276,10361.0,False,False,5.334100574027032,41069,9.065978021361104,
pos_status_active_ratio_max,ratio_rate_numeric,feature,P3_normal_type_specific_eda,route_to_ratio_rate_eda,ratio_rate_eda,no universal-level issue; continue type-specific EDA,5.875236983392464,1.920236336779911,3.955000646612553,284,128.0,False,False,5.334100574027032,296,47.11288262620876,
pos_status_active_ratio_min,ratio_rate_numeric,feature,P3_normal_type_specific_eda,route_to_ratio_rate_eda,ratio_rate_eda,no universal-level issue; continue type-specific EDA,5.875236983392464,1.920236336779911,3.955000646612553,511,215.0,False,False,5.334100574027032,569,13.59784424078259,
pos_status_completed_ratio_mean,ratio_rate_numeric,feature,P3_normal_type_specific_eda,route_to_ratio_rate_eda,ratio_rate_eda,no universal-level issue; continue type-specific EDA,5.875236983392464,1.920236336779911,3.955000646612553,32281,9521.0,False,False,5.334100574027032,36614,10.38918752017516,
pos_status_completed_ratio_max,ratio_rate_numeric,feature,P3_normal_type_specific_eda,route_to_ratio_rate_eda,ratio_rate_eda,no universal-level issue; continue type-specific EDA,5.875236983392464,1.920236336779911,3.955000646612553,347,132.0,False,False,5.334100574027032,390,14.85284417060813,
pos_status_completed_ratio_min,ratio_rate_numeric,feature,P3_normal_type_specific_eda,route_to_ratio_rate_eda,ratio_rate_eda,no universal-level issue; continue type-specific EDA,5.875236983392464,1.920236336779911,3.955000646612553,175,83.0,False,False,5.334100574027032,183,51.0230031859202,
pos_status_signed_ratio_mean,ratio_rate_numeric,feature,P3_normal_type_specific_eda,route_to_ratio_rate_eda,ratio_rate_eda,no universal-level issue; continue type-specific EDA,5.875236983392464,1.920236336779911,3.955000646612553,2675,945.0,False,False,5.334100574027032,2935,75.65816620117613,
pos_status_signed_ratio_max,ratio_rate_numeric,feature,P3_normal_type_specific_eda,route_to_ratio_rate_eda,ratio_rate_eda,no universal-level issue; continue type-specific EDA,5.875236983392464,1.920236336779911,3.955000646612553,218,120.0,False,False,5.334100574027032,226,75.65816620117613,
pos_status_signed_ratio_min,ratio_rate_numeric,feature,P3_normal_type_specific_eda,route_to_ratio_rate_eda,ratio_rate_eda,no universal-level issue; continue type-specific EDA,5.875236983392464,1.920236336779911,3.955000646612553,109,61.0,False,False,5.334100574027032,116,91.6666432751821,
pos_status_demand_ratio_mean,ratio_rate_numeric,feature,P3_normal_type_specific_eda,route_to_ratio_rate_eda,ratio_rate_eda,no universal-level issue; continue type-specific EDA,5.875236983392464,1.920236336779911,3.955000646612553,214,46.0,False,False,5.334100574027032,239,94.56484821265666,
pos_status_demand_ratio_max,ratio_rate_numeric,feature,P3_normal_type_specific_eda,route_to_ratio_rate_eda,ratio_rate_eda,no universal-level issue; continue type-specific EDA,5.875236983392464,1.920236336779911,3.955000646612553,157,38.0,False,False,5.334100574027032,171,94.56484821265666,
pos_status_demand_ratio_min,ratio_rate_numeric,feature,P3_normal_type_specific_eda,route_to_ratio_rate_eda,ratio_rate_eda,no universal-level issue; continue type-specific EDA,5.875236983392464,1.920236336779911,3.955000646612553,47,5.0,False,False,5.334100574027032,47,94.64625057893925,
pos_status_returned_to_store_ratio_mean,ratio_rate_numeric,feature,P3_normal_type_specific_eda,route_to_ratio_rate_eda,ratio_rate_eda,no universal-level issue; continue type-specific EDA,5.875236983392464,1.920236336779911,3.955000646612553,204,101.0,False,False,5.334100574027032,221,93.24753336795273,
pos_status_returned_to_store_ratio_max,ratio_rate_numeric,feature,P3_normal_type_specific_eda,route_to_ratio_rate_eda,ratio_rate_eda,no universal-level issue; continue type-specific EDA,5.875236983392464,1.920236336779911,3.955000646612553,65,37.0,False,False,5.334100574027032,67,93.24753336795273,
pos_status_returned_to_store_ratio_min,ratio_rate_numeric,feature,P3_normal_type_specific_eda,route_to_ratio_rate_eda,ratio_rate_eda,no universal-level issue; continue type-specific EDA,5.875236983392464,1.920236336779911,3.955000646612553,39,21.0,False,False,5.334100574027032,41,94.45088489986105,
pos_status_approved_ratio_mean,ratio_rate_numeric,feature,P3_normal_type_specific_eda,route_to_ratio_rate_eda,ratio_rate_eda,no universal-level issue; continue type-specific EDA,5.875236983392464,1.920236336779911,3.955000646612553,262,130.0,False,False,5.334100574027032,277,93.37889994526392,
pos_status_approved_ratio_max,ratio_rate_numeric,feature,P3_normal_type_specific_eda,route_to_ratio_rate_eda,ratio_rate_eda,no universal-level issue; continue type-specific EDA,5.875236983392464,1.920236336779911,3.955000646612553,70,52.0,False,False,5.334100574027032,75,93.37889994526392,
pos_status_approved_ratio_min,ratio_rate_numeric,feature,P3_normal_type_specific_eda,route_to_ratio_rate_eda,ratio_rate_eda,no universal-level issue; continue type-specific EDA,5.875236983392464,1.920236336779911,3.955000646612553,48,31.0,False,False,5.334100574027032,53,94.46913025782095,
pos_status_canceled_ratio_mean,ratio_rate_numeric,feature,P3_normal_type_specific_eda,route_to_ratio_rate_eda,ratio_rate_eda,no universal-level issue; continue type-specific EDA,5.875236983392464,1.920236336779911,3.955000646612553,11,4.0,False,False,5.334100574027032,14,94.66168895875145,
pos_status_canceled_ratio_max,ratio_rate_numeric,feature,P3_normal_type_specific_eda,route_to_ratio_rate_eda,ratio_rate_eda,no universal-level issue; continue type-specific EDA,5.875236983392464,1.920236336779911,3.955000646612553,11,4.0,False,False,5.334100574027032,13,94.66168895875145,
pos_status_canceled_ratio_min,ratio_rate_numeric,feature,P3_normal_type_specific_eda,route_to_ratio_rate_eda,ratio_rate_eda,no universal-level issue; continue type-specific EDA,5.875236983392464,1.920236336779911,3.955000646612553,5,2.0,False,False,5.334100574027032,6,94.66449593689913,
pos_status_amortized_debt_ratio_mean,ratio_rate_numeric,feature,P3_normal_type_specific_eda,route_to_ratio_rate_eda,ratio_rate_eda,no universal-level issue; continue type-specific EDA,5.875236983392464,1.920236336779911,3.955000646612553,12,7.0,False,False,5.334100574027032,18,94.66112756312192,
pos_status_amortized_debt_ratio_max,ratio_rate_numeric,feature,P3_normal_type_specific_eda,route_to_ratio_rate_eda,ratio_rate_eda,no universal-level issue; continue type-specific EDA,5.875236983392464,1.920236336779911,3.955000646612553,12,7.0,False,False,5.334100574027032,18,94.66112756312192,
pos_status_amortized_debt_ratio_min,ratio_rate_numeric,feature,P3_normal_type_specific_eda,route_to_ratio_rate_eda,ratio_rate_eda,no universal-level issue; continue type-specific EDA,5.875236983392464,1.920236336779911,3.955000646612553,4,1.0,False,False,5.334100574027032,4,94.66505733252866,
pos_has_dpd_ratio_mean,ratio_rate_numeric,feature,P3_normal_type_specific_eda,route_to_ratio_rate_eda,ratio_rate_eda,no universal-level issue; continue type-specific EDA,5.875236983392464,1.920236336779911,3.955000646612553,6684,1747.0,False,False,5.334100574027032,7350,76.986428260656,
pos_has_dpd_ratio_max,ratio_rate_numeric,feature,P3_normal_type_specific_eda,route_to_ratio_rate_eda,ratio_rate_eda,no universal-level issue; continue type-specific EDA,5.875236983392464,1.920236336779911,3.955000646612553,1022,431.0,False,False,5.334100574027032,1065,76.986428260656,
pos_has_dpd_ratio_min,ratio_rate_numeric,feature,P3_normal_type_specific_eda,route_to_ratio_rate_eda,ratio_rate_eda,no universal-level issue; continue type-specific EDA,5.875236983392464,1.920236336779911,3.955000646612553,542,155.0,False,False,5.334100574027032,559,91.8100798585283,
pos_dpd_30plus_ratio_mean,ratio_rate_numeric,feature,P3_normal_type_specific_eda,route_to_ratio_rate_eda,ratio_rate_eda,no universal-level issue; continue type-specific EDA,5.875236983392464,1.920236336779911,3.955000646612553,1824,441.0,False,False,5.334100574027032,1959,92.32544104644145,
pos_dpd_30plus_ratio_max,ratio_rate_numeric,feature,P3_normal_type_specific_eda,route_to_ratio_rate_eda,ratio_rate_eda,no universal-level issue; continue type-specific EDA,5.875236983392464,1.920236336779911,3.955000646612553,883,305.0,False,False,5.334100574027032,929,92.32544104644145,
pos_dpd_30plus_ratio_min,ratio_rate_numeric,feature,P3_normal_type_specific_eda,route_to_ratio_rate_eda,ratio_rate_eda,no universal-level issue; continue type-specific EDA,5.875236983392464,1.920236336779911,3.955000646612553,421,72.0,False,False,5.334100574027032,442,94.28836086511066,
pos_dpd_60plus_ratio_mean,ratio_rate_numeric,feature,P3_normal_type_specific_eda,route_to_ratio_rate_eda,ratio_rate_eda,no universal-level issue; continue type-specific EDA,5.875236983392464,1.920236336779911,3.955000646612553,1646,386.0,False,False,5.334100574027032,1775,93.0490800129121,
pos_dpd_60plus_ratio_max,ratio_rate_numeric,feature,P3_normal_type_specific_eda,route_to_ratio_rate_eda,ratio_rate_eda,no universal-level issue; continue type-specific EDA,5.875236983392464,1.920236336779911,3.955000646612553,862,287.0,False,False,5.334100574027032,914,93.0490800129121,
pos_dpd_60plus_ratio_min,ratio_rate_numeric,feature,P3_normal_type_specific_eda,route_to_ratio_rate_eda,ratio_rate_eda,no universal-level issue; continue type-specific EDA,5.875236983392464,1.920236336779911,3.955000646612553,405,64.0,False,False,5.334100574027032,425,94.39586812816663,
pos_dpd_90plus_ratio_mean,ratio_rate_numeric,feature,P3_normal_type_specific_eda,route_to_ratio_rate_eda,ratio_rate_eda,no universal-level issue; continue type-specific EDA,5.875236983392464,1.920236336779911,3.955000646612553,1609,375.0,False,False,5.334100574027032,1740,93.19139380499922,
pos_dpd_90plus_ratio_max,ratio_rate_numeric,feature,P3_normal_type_specific_eda,route_to_ratio_rate_eda,ratio_rate_eda,no universal-level issue; continue type-specific EDA,5.875236983392464,1.920236336779911,3.955000646612553,881,294.0,False,False,5.334100574027032,934,93.19139380499922,
pos_dpd_90plus_ratio_min,ratio_rate_numeric,feature,P3_normal_type_specific_eda,route_to_ratio_rate_eda,ratio_rate_eda,no universal-level issue; continue type-specific EDA,5.875236983392464,1.920236336779911,3.955000646612553,419,59.0,False,False,5.334100574027032,441,94.41439418394127,
pos_has_dpd_def_ratio_mean,ratio_rate_numeric,feature,P3_normal_type_specific_eda,route_to_ratio_rate_eda,ratio_rate_eda,no universal-level issue; continue type-specific EDA,5.875236983392464,1.920236336779911,3.955000646612553,4117,1142.0,False,False,5.334100574027032,4531,81.76811553522056,
pos_has_dpd_def_ratio_max,ratio_rate_numeric,feature,P3_normal_type_specific_eda,route_to_ratio_rate_eda,ratio_rate_eda,no universal-level issue; continue type-specific EDA,5.875236983392464,1.920236336779911,3.955000646612553,452,241.0,False,False,5.334100574027032,466,81.76811553522056,
pos_has_dpd_def_ratio_min,ratio_rate_numeric,feature,P3_normal_type_specific_eda,route_to_ratio_rate_eda,ratio_rate_eda,no universal-level issue; continue type-specific EDA,5.875236983392464,1.920236336779911,3.955000646612553,239,98.0,False,False,5.334100574027032,245,92.78466267140111,
pos_dpd_def_30plus_ratio_mean,ratio_rate_numeric,feature,P3_normal_type_specific_eda,route_to_ratio_rate_eda,ratio_rate_eda,no universal-level issue; continue type-specific EDA,5.875236983392464,1.920236336779911,3.955000646612553,277,32.0,False,False,5.334100574027032,291,94.47614770319012,
pos_dpd_def_30plus_ratio_max,ratio_rate_numeric,feature,P3_normal_type_specific_eda,route_to_ratio_rate_eda,ratio_rate_eda,no universal-level issue; continue type-specific EDA,5.875236983392464,1.920236336779911,3.955000646612553,148,30.0,False,False,5.334100574027032,156,94.47614770319012,
pos_dpd_def_30plus_ratio_min,ratio_rate_numeric,feature,P3_normal_type_specific_eda,route_to_ratio_rate_eda,ratio_rate_eda,no universal-level issue; continue type-specific EDA,5.875236983392464,1.920236336779911,3.955000646612553,37,1.0,False,False,5.334100574027032,37,94.64512778768017,
pos_dpd_def_60plus_ratio_mean,ratio_rate_numeric,feature,P3_normal_type_specific_eda,route_to_ratio_rate_eda,ratio_rate_eda,no universal-level issue; continue type-specific EDA,5.875236983392464,1.920236336779911,3.955000646612553,170,19.0,False,False,5.334100574027032,181,94.5965670657254,
pos_dpd_def_60plus_ratio_max,ratio_rate_numeric,feature,P3_normal_type_specific_eda,route_to_ratio_rate_eda,ratio_rate_eda,no universal-level issue; continue type-specific EDA,5.875236983392464,1.920236336779911,3.955000646612553,109,19.0,False,False,5.334100574027032,118,94.5965670657254,
pos_dpd_def_60plus_ratio_min,ratio_rate_numeric,feature,P3_normal_type_specific_eda,route_to_ratio_rate_eda,ratio_rate_eda,no universal-level issue; continue type-specific EDA,5.875236983392464,1.920236336779911,3.955000646612553,20,1.0,False,False,5.334100574027032,20,94.66000477186284,
pos_dpd_def_90plus_ratio_mean,ratio_rate_numeric,feature,P3_normal_type_specific_eda,route_to_ratio_rate_eda,ratio_rate_eda,no universal-level issue; continue type-specific EDA,5.875236983392464,1.920236336779911,3.955000646612553,111,18.0,False,False,5.334100574027032,126,94.62351405594308,
pos_dpd_def_90plus_ratio_max,ratio_rate_numeric,feature,P3_normal_type_specific_eda,route_to_ratio_rate_eda,ratio_rate_eda,no universal-level issue; continue type-specific EDA,5.875236983392464,1.920236336779911,3.955000646612553,92,18.0,False,False,5.334100574027032,103,94.62351405594308,
pos_dpd_def_90plus_ratio_min,ratio_rate_numeric,feature,P3_normal_type_specific_eda,route_to_ratio_rate_eda,ratio_rate_eda,no universal-level issue; continue type-specific EDA,5.875236983392464,1.920236336779911,3.955000646612553,10,1.0,False,False,5.334100574027032,10,94.66309244782529,
pos_is_recent_6m_ratio_mean,ratio_rate_numeric,feature,P3_normal_type_specific_eda,route_to_ratio_rate_eda,ratio_rate_eda,no universal-level issue; continue type-specific EDA,5.875236983392464,1.920236336779911,3.955000646612553,10104,2987.0,False,False,5.334100574027032,11104,40.75030525887356,
pos_is_recent_6m_ratio_max,ratio_rate_numeric,feature,P3_normal_type_specific_eda,route_to_ratio_rate_eda,ratio_rate_eda,no universal-level issue; continue type-specific EDA,5.875236983392464,1.920236336779911,3.955000646612553,257,185.0,False,False,5.334100574027032,262,40.75030525887356,
pos_is_recent_6m_ratio_min,ratio_rate_numeric,feature,P3_normal_type_specific_eda,route_to_ratio_rate_eda,ratio_rate_eda,no universal-level issue; continue type-specific EDA,5.875236983392464,1.920236336779911,3.955000646612553,250,153.0,False,False,5.334100574027032,252,81.27212249652636,
pos_is_recent_12m_ratio_mean,ratio_rate_numeric,feature,P3_normal_type_specific_eda,route_to_ratio_rate_eda,ratio_rate_eda,no universal-level issue; continue type-specific EDA,5.875236983392464,1.920236336779911,3.955000646612553,14735,4203.0,False,False,5.334100574027032,16514,27.23245989529972,
pos_is_recent_12m_ratio_max,ratio_rate_numeric,feature,P3_normal_type_specific_eda,route_to_ratio_rate_eda,ratio_rate_eda,no universal-level issue; continue type-specific EDA,5.875236983392464,1.920236336779911,3.955000646612553,383,278.0,False,False,5.334100574027032,392,35.83949698951594,
pos_is_recent_12m_ratio_min,ratio_rate_numeric,feature,P3_normal_type_specific_eda,route_to_ratio_rate_eda,ratio_rate_eda,no universal-level issue; continue type-specific EDA,5.875236983392464,1.920236336779911,3.955000646612553,386,238.0,False,False,5.334100574027032,391,73.35363714193484,
pos_is_recent_24m_ratio_mean,ratio_rate_numeric,feature,P3_normal_type_specific_eda,route_to_ratio_rate_eda,ratio_rate_eda,no universal-level issue; continue type-specific EDA,5.875236983392464,1.920236336779911,3.955000646612553,12956,4505.0,False,False,5.334100574027032,14965,23.4767231337104,
pos_is_recent_24m_ratio_max,ratio_rate_numeric,feature,P3_normal_type_specific_eda,route_to_ratio_rate_eda,ratio_rate_eda,no universal-level issue; continue type-specific EDA,5.875236983392464,1.920236336779911,3.955000646612553,534,320.0,False,False,5.334100574027032,542,67.9462744382535,
pos_is_recent_24m_ratio_min,ratio_rate_numeric,feature,P3_normal_type_specific_eda,route_to_ratio_rate_eda,ratio_rate_eda,no universal-level issue; continue type-specific EDA,5.875236983392464,1.920236336779911,3.955000646612553,595,334.0,False,False,5.334100574027032,610,60.47915116980814,
pos_recent_6m_has_dpd_ratio_mean,ratio_rate_numeric,feature,P3_normal_type_specific_eda,route_to_ratio_rate_eda,ratio_rate_eda,no universal-level issue; continue type-specific EDA,5.875236983392464,1.920236336779911,3.955000646612553,657,218.0,False,False,5.334100574027032,698,93.04964140854165,
pos_recent_6m_has_dpd_ratio_max,ratio_rate_numeric,feature,P3_normal_type_specific_eda,route_to_ratio_rate_eda,ratio_rate_eda,no universal-level issue; continue type-specific EDA,5.875236983392464,1.920236336779911,3.955000646612553,260,106.0,False,False,5.334100574027032,266,93.04964140854165,
pos_recent_6m_has_dpd_ratio_min,ratio_rate_numeric,feature,P3_normal_type_specific_eda,route_to_ratio_rate_eda,ratio_rate_eda,no universal-level issue; continue type-specific EDA,5.875236983392464,1.920236336779911,3.955000646612553,187,57.0,False,False,5.334100574027032,192,94.30744831651485,
pos_recent_12m_has_dpd_ratio_mean,ratio_rate_numeric,feature,P3_normal_type_specific_eda,route_to_ratio_rate_eda,ratio_rate_eda,no universal-level issue; continue type-specific EDA,5.875236983392464,1.920236336779911,3.955000646612553,1073,344.0,False,False,5.334100574027032,1149,91.52853995031649,
pos_recent_12m_has_dpd_ratio_max,ratio_rate_numeric,feature,P3_normal_type_specific_eda,route_to_ratio_rate_eda,ratio_rate_eda,no universal-level issue; continue type-specific EDA,5.875236983392464,1.920236336779911,3.955000646612553,411,145.0,False,False,5.334100574027032,421,91.52853995031649,
pos_recent_12m_has_dpd_ratio_min,ratio_rate_numeric,feature,P3_normal_type_specific_eda,route_to_ratio_rate_eda,ratio_rate_eda,no universal-level issue; continue type-specific EDA,5.875236983392464,1.920236336779911,3.955000646612553,261,82.0,False,False,5.334100574027032,272,93.99559304430815,
pos_recent_24m_has_dpd_ratio_mean,ratio_rate_numeric,feature,P3_normal_type_specific_eda,route_to_ratio_rate_eda,ratio_rate_eda,no universal-level issue; continue type-specific EDA,5.875236983392464,1.920236336779911,3.955000646612553,1916,576.0,False,False,5.334100574027032,2086,88.82036743343953,
pos_recent_24m_has_dpd_ratio_max,ratio_rate_numeric,feature,P3_normal_type_specific_eda,route_to_ratio_rate_eda,ratio_rate_eda,no universal-level issue; continue type-specific EDA,5.875236983392464,1.920236336779911,3.955000646612553,567,227.0,False,False,5.334100574027032,595,88.82036743343953,
pos_recent_24m_has_dpd_ratio_min,ratio_rate_numeric,feature,P3_normal_type_specific_eda,route_to_ratio_rate_eda,ratio_rate_eda,no universal-level issue; continue type-specific EDA,5.875236983392464,1.920236336779911,3.955000646612553,340,97.0,False,False,5.334100574027032,355,93.50072279687302,
pos_recent_6m_has_dpd_def_ratio_mean,ratio_rate_numeric,feature,P3_normal_type_specific_eda,route_to_ratio_rate_eda,ratio_rate_eda,no universal-level issue; continue type-specific EDA,5.875236983392464,1.920236336779911,3.955000646612553,456,142.0,False,False,5.334100574027032,485,93.62815960477747,
pos_recent_6m_has_dpd_def_ratio_max,ratio_rate_numeric,feature,P3_normal_type_specific_eda,route_to_ratio_rate_eda,ratio_rate_eda,no universal-level issue; continue type-specific EDA,5.875236983392464,1.920236336779911,3.955000646612553,137,67.0,False,False,5.334100574027032,140,93.62815960477747,
pos_recent_6m_has_dpd_def_ratio_min,ratio_rate_numeric,feature,P3_normal_type_specific_eda,route_to_ratio_rate_eda,ratio_rate_eda,no universal-level issue; continue type-specific EDA,5.875236983392464,1.920236336779911,3.955000646612553,72,29.0,False,False,5.334100574027032,75,94.51179632566561,
pos_recent_12m_has_dpd_def_ratio_mean,ratio_rate_numeric,feature,P3_normal_type_specific_eda,route_to_ratio_rate_eda,ratio_rate_eda,no universal-level issue; continue type-specific EDA,5.875236983392464,1.920236336779911,3.955000646612553,754,254.0,False,False,5.334100574027032,808,92.39954526954007,
pos_recent_12m_has_dpd_def_ratio_max,ratio_rate_numeric,feature,P3_normal_type_specific_eda,route_to_ratio_rate_eda,ratio_rate_eda,no universal-level issue; continue type-specific EDA,5.875236983392464,1.920236336779911,3.955000646612553,189,101.0,False,False,5.334100574027032,193,92.39954526954007,
pos_recent_12m_has_dpd_def_ratio_min,ratio_rate_numeric,feature,P3_normal_type_specific_eda,route_to_ratio_rate_eda,ratio_rate_eda,no universal-level issue; continue type-specific EDA,5.875236983392464,1.920236336779911,3.955000646612553,93,47.0,False,False,5.334100574027032,98,94.27657155689043,
pos_recent_24m_has_dpd_def_ratio_mean,ratio_rate_numeric,feature,P3_normal_type_specific_eda,route_to_ratio_rate_eda,ratio_rate_eda,no universal-level issue; continue type-specific EDA,5.875236983392464,1.920236336779911,3.955000646612553,1395,455.0,False,False,5.334100574027032,1527,90.1814711372472,
pos_recent_24m_has_dpd_def_ratio_max,ratio_rate_numeric,feature,P3_normal_type_specific_eda,route_to_ratio_rate_eda,ratio_rate_eda,no universal-level issue; continue type-specific EDA,5.875236983392464,1.920236336779911,3.955000646612553,255,157.0,False,False,5.334100574027032,269,90.1814711372472,
pos_recent_24m_has_dpd_def_ratio_min,ratio_rate_numeric,feature,P3_normal_type_specific_eda,route_to_ratio_rate_eda,ratio_rate_eda,no universal-level issue; continue type-specific EDA,5.875236983392464,1.920236336779911,3.955000646612553,144,64.0,False,False,5.334100574027032,148,93.89538392443615,
pos_missing_cnt_instalment_ratio_mean,ratio_rate_numeric,feature,P3_normal_type_specific_eda,route_to_ratio_rate_eda,ratio_rate_eda,no universal-level issue; continue type-specific EDA,5.875236983392464,1.920236336779911,3.955000646612553,582,266.0,False,False,5.334100574027032,644,88.46135492835188,
pos_missing_cnt_instalment_ratio_max,ratio_rate_numeric,feature,P3_normal_type_specific_eda,route_to_ratio_rate_eda,ratio_rate_eda,no universal-level issue; continue type-specific EDA,5.875236983392464,1.920236336779911,3.955000646612553,97,66.0,False,False,5.334100574027032,104,88.46135492835188,
pos_missing_cnt_instalment_ratio_min,ratio_rate_numeric,feature,P3_normal_type_specific_eda,route_to_ratio_rate_eda,ratio_rate_eda,no universal-level issue; continue type-specific EDA,5.875236983392464,1.920236336779911,3.955000646612553,63,48.0,False,False,5.334100574027032,71,93.24921755484134,
pos_missing_cnt_instalment_future_ratio_mean,ratio_rate_numeric,feature,P3_normal_type_specific_eda,route_to_ratio_rate_eda,ratio_rate_eda,no universal-level issue; continue type-specific EDA,5.875236983392464,1.920236336779911,3.955000646612553,583,266.0,False,False,5.334100574027032,644,88.47735470379364,
pos_missing_cnt_instalment_future_ratio_max,ratio_rate_numeric,feature,P3_normal_type_specific_eda,route_to_ratio_rate_eda,ratio_rate_eda,no universal-level issue; continue type-specific EDA,5.875236983392464,1.920236336779911,3.955000646612553,100,66.0,False,False,5.334100574027032,107,88.47735470379364,
pos_missing_cnt_instalment_future_ratio_min,ratio_rate_numeric,feature,P3_normal_type_specific_eda,route_to_ratio_rate_eda,ratio_rate_eda,no universal-level issue; continue type-specific EDA,5.875236983392464,1.920236336779911,3.955000646612553,65,48.0,False,False,5.334100574027032,73,93.25230523080378,
pos_is_near_completion_ratio_mean,ratio_rate_numeric,feature,P3_normal_type_specific_eda,route_to_ratio_rate_eda,ratio_rate_eda,no universal-level issue; continue type-specific EDA,5.875236983392464,1.920236336779911,3.955000646612553,53321,14004.0,False,False,5.334100574027032,60575,5.334100574027032,
pos_is_near_completion_ratio_max,ratio_rate_numeric,feature,P3_normal_type_specific_eda,route_to_ratio_rate_eda,ratio_rate_eda,no universal-level issue; continue type-specific EDA,5.875236983392464,1.920236336779911,3.955000646612553,677,339.0,False,False,5.334100574027032,692,13.1492891327841,
pos_is_near_completion_ratio_min,ratio_rate_numeric,feature,P3_normal_type_specific_eda,route_to_ratio_rate_eda,ratio_rate_eda,no universal-level issue; continue type-specific EDA,5.875236983392464,1.920236336779911,3.955000646612553,501,206.0,False,False,5.334100574027032,512,30.54722038988926,
pos_is_completed_by_future_ratio_mean,ratio_rate_numeric,feature,P3_normal_type_specific_eda,route_to_ratio_rate_eda,ratio_rate_eda,no universal-level issue; continue type-specific EDA,5.875236983392464,1.920236336779911,3.955000646612553,40927,11127.0,False,False,5.334100574027032,46297,8.875384205133962,
pos_is_completed_by_future_ratio_max,ratio_rate_numeric,feature,P3_normal_type_specific_eda,route_to_ratio_rate_eda,ratio_rate_eda,no universal-level issue; continue type-specific EDA,5.875236983392464,1.920236336779911,3.955000646612553,716,322.0,False,False,5.334100574027032,742,11.40391012055971,
pos_is_completed_by_future_ratio_min,ratio_rate_numeric,feature,P3_normal_type_specific_eda,route_to_ratio_rate_eda,ratio_rate_eda,no universal-level issue; continue type-specific EDA,5.875236983392464,1.920236336779911,3.955000646612553,448,144.0,False,False,5.334100574027032,454,46.36005108700228,
pos_has_future_installment_ratio_mean,ratio_rate_numeric,feature,P3_normal_type_specific_eda,route_to_ratio_rate_eda,ratio_rate_eda,no universal-level issue; continue type-specific EDA,5.875236983392464,1.920236336779911,3.955000646612553,41352,11258.0,False,False,5.334100574027032,46798,8.369286045108138,
pos_has_future_installment_ratio_max,ratio_rate_numeric,feature,P3_normal_type_specific_eda,route_to_ratio_rate_eda,ratio_rate_eda,no universal-level issue; continue type-specific EDA,5.875236983392464,1.920236336779911,3.955000646612553,452,158.0,False,False,5.334100574027032,459,44.97031620608833,
pos_has_future_installment_ratio_min,ratio_rate_numeric,feature,P3_normal_type_specific_eda,route_to_ratio_rate_eda,ratio_rate_eda,no universal-level issue; continue type-specific EDA,5.875236983392464,1.920236336779911,3.955000646612553,717,329.0,False,False,5.334100574027032,743,11.04096784606532,
pos_latest_progress_ratio_mean,ratio_rate_numeric,feature,P3_normal_type_specific_eda,route_to_ratio_rate_eda,ratio_rate_eda,no universal-level issue; continue type-specific EDA,5.883041582252342,1.928442474971279,3.954599107281063,5098,1772.0,False,False,5.341960112840521,5519,48.4568637633156,
pos_latest_progress_ratio_max,ratio_rate_numeric,feature,P3_normal_type_specific_eda,route_to_ratio_rate_eda,ratio_rate_eda,no universal-level issue; continue type-specific EDA,5.883041582252342,1.928442474971279,3.954599107281063,253,146.0,False,False,5.341960112840521,267,85.790515220839,
pos_latest_progress_ratio_min,ratio_rate_numeric,feature,P3_normal_type_specific_eda,route_to_ratio_rate_eda,ratio_rate_eda,no universal-level issue; continue type-specific EDA,5.883041582252342,1.928442474971279,3.954599107281063,463,308.0,False,False,5.341960112840521,482,48.4568637633156,
pos_latest_future_ratio_mean,ratio_rate_numeric,feature,P3_normal_type_specific_eda,route_to_ratio_rate_eda,ratio_rate_eda,no universal-level issue; continue type-specific EDA,5.883041582252342,1.928442474971279,3.954599107281063,5098,1772.0,False,False,5.341960112840521,5519,48.4568637633156,
pos_latest_future_ratio_max,ratio_rate_numeric,feature,P3_normal_type_specific_eda,route_to_ratio_rate_eda,ratio_rate_eda,no universal-level issue; continue type-specific EDA,5.883041582252342,1.928442474971279,3.954599107281063,463,308.0,False,False,5.341960112840521,482,48.4568637633156,
pos_latest_future_ratio_min,ratio_rate_numeric,feature,P3_normal_type_specific_eda,route_to_ratio_rate_eda,ratio_rate_eda,no universal-level issue; continue type-specific EDA,5.883041582252342,1.928442474971279,3.954599107281063,253,146.0,False,False,5.341960112840521,267,85.790515220839,
pos_dpd_sum_mean,overdue_delay_numeric,feature,P3_normal_type_specific_eda,route_to_overdue_delay_eda,overdue_delay_eda,no universal-level issue; continue type-specific EDA,5.875236983392464,1.920236336779911,3.955000646612553,5280,1258.0,False,False,5.334100574027032,5788,76.986428260656,
pos_dpd_sum_max,overdue_delay_numeric,feature,P3_normal_type_specific_eda,route_to_overdue_delay_eda,overdue_delay_eda,no universal-level issue; continue type-specific EDA,5.875236983392464,1.920236336779911,3.955000646612553,3625,744.0,False,False,5.334100574027032,3997,76.986428260656,
pos_dpd_sum_min,overdue_delay_numeric,feature,P3_normal_type_specific_eda,route_to_overdue_delay_eda,overdue_delay_eda,no universal-level issue; continue type-specific EDA,5.875236983392464,1.920236336779911,3.955000646612553,962,166.0,False,False,5.334100574027032,1024,91.8100798585283,
pos_dpd_sum_sum,overdue_delay_numeric,feature,P3_normal_type_specific_eda,route_to_overdue_delay_eda,overdue_delay_eda,no universal-level issue; continue type-specific EDA,5.875236983392464,1.920236336779911,3.955000646612553,3708,771.0,False,False,5.334100574027032,4076,76.986428260656,
pos_dpd_mean_mean,overdue_delay_numeric,feature,P3_normal_type_specific_eda,route_to_overdue_delay_eda,overdue_delay_eda,no universal-level issue; continue type-specific EDA,5.875236983392464,1.920236336779911,3.955000646612553,14082,3239.0,False,False,5.334100574027032,15668,76.986428260656,
pos_dpd_mean_max,overdue_delay_numeric,feature,P3_normal_type_specific_eda,route_to_overdue_delay_eda,overdue_delay_eda,no universal-level issue; continue type-specific EDA,5.875236983392464,1.920236336779911,3.955000646612553,6529,1724.0,False,False,5.334100574027032,7120,76.986428260656,
pos_dpd_mean_min,overdue_delay_numeric,feature,P3_normal_type_specific_eda,route_to_overdue_delay_eda,overdue_delay_eda,no universal-level issue; continue type-specific EDA,5.875236983392464,1.920236336779911,3.955000646612553,1908,443.0,False,False,5.334100574027032,2029,91.8100798585283,
pos_dpd_mean_sum,overdue_delay_numeric,feature,P3_normal_type_specific_eda,route_to_overdue_delay_eda,overdue_delay_eda,no universal-level issue; continue type-specific EDA,5.875236983392464,1.920236336779911,3.955000646612553,11897,2582.0,False,False,5.334100574027032,13178,76.986428260656,
pos_dpd_max_mean,overdue_delay_numeric,feature,P3_normal_type_specific_eda,route_to_overdue_delay_eda,overdue_delay_eda,no universal-level issue; continue type-specific EDA,5.875236983392464,1.920236336779911,3.955000646612553,3461,919.0,False,False,5.334100574027032,3743,76.986428260656,
pos_dpd_max_max,overdue_delay_numeric,feature,P3_normal_type_specific_eda,route_to_overdue_delay_eda,overdue_delay_eda,no universal-level issue; continue type-specific EDA,5.875236983392464,1.920236336779911,3.955000646612553,1919,555.0,False,False,5.334100574027032,2025,76.986428260656,
pos_dpd_max_min,overdue_delay_numeric,feature,P3_normal_type_specific_eda,route_to_overdue_delay_eda,overdue_delay_eda,no universal-level issue; continue type-specific EDA,5.875236983392464,1.920236336779911,3.955000646612553,759,119.0,False,False,5.334100574027032,801,91.8100798585283,
pos_dpd_max_sum,overdue_delay_numeric,feature,P3_normal_type_specific_eda,route_to_overdue_delay_eda,overdue_delay_eda,no universal-level issue; continue type-specific EDA,5.875236983392464,1.920236336779911,3.955000646612553,1920,575.0,False,False,5.334100574027032,2029,76.986428260656,
pos_dpd_def_sum_mean,overdue_delay_numeric,feature,P3_normal_type_specific_eda,route_to_overdue_delay_eda,overdue_delay_eda,no universal-level issue; continue type-specific EDA,5.875236983392464,1.920236336779911,3.955000646612553,1039,442.0,False,False,5.334100574027032,1082,81.76811553522056,
pos_dpd_def_sum_max,overdue_delay_numeric,feature,P3_normal_type_specific_eda,route_to_overdue_delay_eda,overdue_delay_eda,no universal-level issue; continue type-specific EDA,5.875236983392464,1.920236336779911,3.955000646612553,335,129.0,False,False,5.334100574027032,354,81.76811553522056,
pos_dpd_def_sum_min,overdue_delay_numeric,feature,P3_normal_type_specific_eda,route_to_overdue_delay_eda,overdue_delay_eda,no universal-level issue; continue type-specific EDA,5.875236983392464,1.920236336779911,3.955000646612553,130,51.0,False,False,5.334100574027032,130,92.78466267140111,
pos_dpd_def_sum_sum,overdue_delay_numeric,feature,P3_normal_type_specific_eda,route_to_overdue_delay_eda,overdue_delay_eda,no universal-level issue; continue type-specific EDA,5.875236983392464,1.920236336779911,3.955000646612553,373,140.0,False,False,5.334100574027032,395,81.76811553522056,
pos_dpd_def_mean_mean,overdue_delay_numeric,feature,P3_normal_type_specific_eda,route_to_overdue_delay_eda,overdue_delay_eda,no universal-level issue; continue type-specific EDA,5.875236983392464,1.920236336779911,3.955000646612553,7160,1879.0,False,False,5.334100574027032,7890,81.76811553522056,
pos_dpd_def_mean_max,overdue_delay_numeric,feature,P3_normal_type_specific_eda,route_to_overdue_delay_eda,overdue_delay_eda,no universal-level issue; continue type-specific EDA,5.875236983392464,1.920236336779911,3.955000646612553,1911,774.0,False,False,5.334100574027032,1998,81.76811553522056,
pos_dpd_def_mean_min,overdue_delay_numeric,feature,P3_normal_type_specific_eda,route_to_overdue_delay_eda,overdue_delay_eda,no universal-level issue; continue type-specific EDA,5.875236983392464,1.920236336779911,3.955000646612553,813,239.0,False,False,5.334100574027032,840,92.78466267140111,
pos_dpd_def_mean_sum,overdue_delay_numeric,feature,P3_normal_type_specific_eda,route_to_overdue_delay_eda,overdue_delay_eda,no universal-level issue; continue type-specific EDA,5.875236983392464,1.920236336779911,3.955000646612553,5696,1385.0,False,False,5.334100574027032,6243,81.76811553522056,
pos_dpd_def_max_mean,overdue_delay_numeric,feature,P3_normal_type_specific_eda,route_to_overdue_delay_eda,overdue_delay_eda,no universal-level issue; continue type-specific EDA,5.875236983392464,1.920236336779911,3.955000646612553,652,283.0,False,False,5.334100574027032,682,81.76811553522056,
pos_dpd_def_max_max,overdue_delay_numeric,feature,P3_normal_type_specific_eda,route_to_overdue_delay_eda,overdue_delay_eda,no universal-level issue; continue type-specific EDA,5.875236983392464,1.920236336779911,3.955000646612553,200,59.0,False,False,5.334100574027032,217,81.76811553522056,
pos_dpd_def_max_min,overdue_delay_numeric,feature,P3_normal_type_specific_eda,route_to_overdue_delay_eda,overdue_delay_eda,no universal-level issue; continue type-specific EDA,5.875236983392464,1.920236336779911,3.955000646612553,73,27.0,False,False,5.334100574027032,73,92.78466267140111,
pos_dpd_def_max_sum,overdue_delay_numeric,feature,P3_normal_type_specific_eda,route_to_overdue_delay_eda,overdue_delay_eda,no universal-level issue; continue type-specific EDA,5.875236983392464,1.920236336779911,3.955000646612553,237,77.0,False,False,5.334100574027032,252,81.76811553522056,
pos_cnt_instalment_mean_mean,discrete_count_numeric,feature,P3_normal_type_specific_eda,route_to_discrete_count_eda,discrete_count_eda,no universal-level issue; continue type-specific EDA,5.883041582252342,1.928442474971279,3.954599107281063,48632,13097.0,False,False,5.341960112840521,55301,7.445509536708257,
pos_cnt_instalment_mean_max,discrete_count_numeric,feature,P3_normal_type_specific_eda,route_to_discrete_count_eda,discrete_count_eda,no universal-level issue; continue type-specific EDA,5.883041582252342,1.928442474971279,3.954599107281063,2841,1429.0,False,False,5.341960112840521,3061,18.79636777027691,
pos_cnt_instalment_mean_min,discrete_count_numeric,feature,P3_normal_type_specific_eda,route_to_discrete_count_eda,discrete_count_eda,no universal-level issue; continue type-specific EDA,5.883041582252342,1.928442474971279,3.954599107281063,1349,665.0,False,False,5.341960112840521,1417,19.9783862682629,
pos_cnt_instalment_mean_sum,discrete_count_numeric,feature,P3_normal_type_specific_eda,route_to_discrete_count_eda,discrete_count_eda,no universal-level issue; continue type-specific EDA,5.875236983392464,1.920236336779911,3.955000646612553,45270,12648.0,False,False,5.334100574027032,51388,6.440611359840563,
pos_cnt_instalment_max_mean,discrete_count_numeric,feature,P3_normal_type_specific_eda,route_to_discrete_count_eda,discrete_count_eda,no universal-level issue; continue type-specific EDA,5.883041582252342,1.928442474971279,3.954599107281063,1552,966.0,False,False,5.341960112840521,1621,13.73566686783344,
pos_cnt_instalment_max_max,discrete_count_numeric,feature,P3_normal_type_specific_eda,route_to_discrete_count_eda,discrete_count_eda,no universal-level issue; continue type-specific EDA,5.883041582252342,1.928442474971279,3.954599107281063,61,54.0,False,False,5.341960112840521,65,27.21056546574785,
pos_cnt_instalment_max_min,discrete_count_numeric,feature,P3_normal_type_specific_eda,route_to_discrete_count_eda,discrete_count_eda,no universal-level issue; continue type-specific EDA,5.883041582252342,1.928442474971279,3.954599107281063,46,38.0,False,False,5.341960112840521,47,28.59103731877448,
pos_cnt_instalment_max_sum,discrete_count_numeric,feature,P3_normal_type_specific_eda,route_to_discrete_count_eda,discrete_count_eda,no universal-level issue; continue type-specific EDA,5.875236983392464,1.920236336779911,3.955000646612553,361,292.0,False,False,5.334100574027032,364,10.69992000112279,
pos_cnt_instalment_future_mean_mean,discrete_count_numeric,feature,P3_normal_type_specific_eda,route_to_discrete_count_eda,discrete_count_eda,no universal-level issue; continue type-specific EDA,5.883041582252342,1.928442474971279,3.954599107281063,74176,17820.0,False,False,5.341960112840521,84033,5.341960112840521,
pos_cnt_instalment_future_mean_max,discrete_count_numeric,feature,P3_normal_type_specific_eda,route_to_discrete_count_eda,discrete_count_eda,no universal-level issue; continue type-specific EDA,5.883041582252342,1.928442474971279,3.954599107281063,6297,2815.0,False,False,5.341960112840521,6692,7.005656060967564,
pos_cnt_instalment_future_mean_min,discrete_count_numeric,feature,P3_normal_type_specific_eda,route_to_discrete_count_eda,discrete_count_eda,no universal-level issue; continue type-specific EDA,5.883041582252342,1.928442474971279,3.954599107281063,3545,1450.0,False,False,5.341960112840521,3769,13.57566911341595,
pos_cnt_instalment_future_mean_sum,discrete_count_numeric,feature,P3_normal_type_specific_eda,route_to_discrete_count_eda,discrete_count_eda,no universal-level issue; continue type-specific EDA,5.875236983392464,1.920236336779911,3.955000646612553,69150,16971.0,False,False,5.334100574027032,78144,5.334100574027032,
pos_cnt_instalment_future_max_mean,discrete_count_numeric,feature,P3_normal_type_specific_eda,route_to_discrete_count_eda,discrete_count_eda,no universal-level issue; continue type-specific EDA,5.883041582252342,1.928442474971279,3.954599107281063,1595,1003.0,False,False,5.341960112840521,1674,13.31854991508891,
pos_cnt_instalment_future_max_max,discrete_count_numeric,feature,P3_normal_type_specific_eda,route_to_discrete_count_eda,discrete_count_eda,no universal-level issue; continue type-specific EDA,5.883041582252342,1.928442474971279,3.954599107281063,62,56.0,False,False,5.341960112840521,65,26.77604524848774,
pos_cnt_instalment_future_max_min,discrete_count_numeric,feature,P3_normal_type_specific_eda,route_to_discrete_count_eda,discrete_count_eda,no universal-level issue; continue type-specific EDA,5.883041582252342,1.928442474971279,3.954599107281063,50,39.0,False,False,5.341960112840521,51,25.71669169555515,
pos_cnt_instalment_future_max_sum,discrete_count_numeric,feature,P3_normal_type_specific_eda,route_to_discrete_count_eda,discrete_count_eda,no universal-level issue; continue type-specific EDA,5.875236983392464,1.920236336779911,3.955000646612553,354,285.0,False,False,5.334100574027032,360,10.60504413973137,
pos_paid_installment_mean_mean,continuous_amount_numeric,feature,P3_normal_type_specific_eda,route_to_continuous_numeric_eda,continuous_numeric_eda,no universal-level issue; continue type-specific EDA,5.883041582252342,1.928442474971279,3.954599107281063,41360,10897.0,False,False,5.341960112840521,46543,5.341960112840521,
pos_paid_installment_mean_max,continuous_amount_numeric,feature,P3_normal_type_specific_eda,route_to_continuous_numeric_eda,continuous_numeric_eda,no universal-level issue; continue type-specific EDA,5.883041582252342,1.928442474971279,3.954599107281063,3081,1427.0,False,False,5.341960112840521,3255,11.18496582504105,
pos_paid_installment_mean_min,continuous_amount_numeric,feature,P3_normal_type_specific_eda,route_to_continuous_numeric_eda,continuous_numeric_eda,no universal-level issue; continue type-specific EDA,5.883041582252342,1.928442474971279,3.954599107281063,1631,703.0,False,False,5.341960112840521,1732,12.40038736298438,
pos_paid_installment_mean_sum,continuous_amount_numeric,feature,P3_normal_type_specific_eda,route_to_continuous_numeric_eda,continuous_numeric_eda,no universal-level issue; continue type-specific EDA,5.875236983392464,1.920236336779911,3.955000646612553,39180,10469.0,False,False,5.334100574027032,44070,5.334100574027032,
pos_paid_installment_max_mean,continuous_amount_numeric,feature,P3_normal_type_specific_eda,route_to_continuous_numeric_eda,continuous_numeric_eda,no universal-level issue; continue type-specific EDA,5.883041582252342,1.928442474971279,3.954599107281063,1126,784.0,False,False,5.341960112840521,1188,7.035129331518155,
pos_paid_installment_max_max,continuous_amount_numeric,feature,P3_normal_type_specific_eda,route_to_continuous_numeric_eda,continuous_numeric_eda,no universal-level issue; continue type-specific EDA,5.883041582252342,1.928442474971279,3.954599107281063,68,62.0,False,False,5.341960112840521,68,16.74278255743779,
pos_paid_installment_max_min,continuous_amount_numeric,feature,P3_normal_type_specific_eda,route_to_continuous_numeric_eda,continuous_numeric_eda,no universal-level issue; continue type-specific EDA,5.883041582252342,1.928442474971279,3.954599107281063,62,53.0,False,False,5.341960112840521,62,16.10475642447124,
pos_paid_installment_max_sum,continuous_amount_numeric,feature,P3_normal_type_specific_eda,route_to_continuous_numeric_eda,continuous_numeric_eda,no universal-level issue; continue type-specific EDA,5.875236983392464,1.920236336779911,3.955000646612553,222,201.0,False,False,5.334100574027032,229,5.334100574027032,
pos_progress_ratio_mean_mean,ratio_rate_numeric,feature,P3_normal_type_specific_eda,route_to_ratio_rate_eda,ratio_rate_eda,no universal-level issue; continue type-specific EDA,5.883041582252342,1.928442474971279,3.954599107281063,71963,17074.0,False,False,5.341960112840521,81993,11.90692060462309,
pos_progress_ratio_mean_max,ratio_rate_numeric,feature,P3_normal_type_specific_eda,route_to_ratio_rate_eda,ratio_rate_eda,no universal-level issue; continue type-specific EDA,5.883041582252342,1.928442474971279,3.954599107281063,5265,2081.0,False,False,5.341960112840521,5690,33.80050806304473,
pos_progress_ratio_mean_min,ratio_rate_numeric,feature,P3_normal_type_specific_eda,route_to_ratio_rate_eda,ratio_rate_eda,no universal-level issue; continue type-specific EDA,5.883041582252342,1.928442474971279,3.954599107281063,6805,2526.0,False,False,5.341960112840521,7396,16.60131085879496,
pos_progress_ratio_mean_sum,ratio_rate_numeric,feature,P3_normal_type_specific_eda,route_to_ratio_rate_eda,ratio_rate_eda,no universal-level issue; continue type-specific EDA,5.875236983392464,1.920236336779911,3.955000646612553,78149,18600.0,False,False,5.334100574027032,89022,9.037346844254818,
pos_progress_ratio_max_mean,ratio_rate_numeric,feature,P3_normal_type_specific_eda,route_to_ratio_rate_eda,ratio_rate_eda,no universal-level issue; continue type-specific EDA,5.883041582252342,1.928442474971279,3.954599107281063,5093,1771.0,False,False,5.341960112840521,5512,48.4568637633156,
pos_progress_ratio_max_max,ratio_rate_numeric,feature,P3_normal_type_specific_eda,route_to_ratio_rate_eda,ratio_rate_eda,no universal-level issue; continue type-specific EDA,5.883041582252342,1.928442474971279,3.954599107281063,253,146.0,False,False,5.341960112840521,267,85.790515220839,
pos_progress_ratio_max_min,ratio_rate_numeric,feature,P3_normal_type_specific_eda,route_to_ratio_rate_eda,ratio_rate_eda,no universal-level issue; continue type-specific EDA,5.883041582252342,1.928442474971279,3.954599107281063,459,307.0,False,False,5.341960112840521,477,48.4568637633156,
pos_progress_ratio_max_sum,ratio_rate_numeric,feature,P3_normal_type_specific_eda,route_to_ratio_rate_eda,ratio_rate_eda,no universal-level issue; continue type-specific EDA,5.875236983392464,1.920236336779911,3.955000646612553,6704,2496.0,False,False,5.334100574027032,7300,21.97134075311224,
pos_future_ratio_mean_mean,ratio_rate_numeric,feature,P3_normal_type_specific_eda,route_to_ratio_rate_eda,ratio_rate_eda,no universal-level issue; continue type-specific EDA,5.883041582252342,1.928442474971279,3.954599107281063,71896,17070.0,False,False,5.341960112840521,81912,11.90692060462309,
pos_future_ratio_mean_max,ratio_rate_numeric,feature,P3_normal_type_specific_eda,route_to_ratio_rate_eda,ratio_rate_eda,no universal-level issue; continue type-specific EDA,5.883041582252342,1.928442474971279,3.954599107281063,6805,2526.0,False,False,5.341960112840521,7396,16.60131085879496,
pos_future_ratio_mean_min,ratio_rate_numeric,feature,P3_normal_type_specific_eda,route_to_ratio_rate_eda,ratio_rate_eda,no universal-level issue; continue type-specific EDA,5.883041582252342,1.928442474971279,3.954599107281063,5265,2081.0,False,False,5.341960112840521,5690,33.80050806304473,
pos_future_ratio_mean_sum,ratio_rate_numeric,feature,P3_normal_type_specific_eda,route_to_ratio_rate_eda,ratio_rate_eda,no universal-level issue; continue type-specific EDA,5.875236983392464,1.920236336779911,3.955000646612553,79775,18775.0,False,False,5.334100574027032,90746,8.9433130763077,
pos_future_ratio_max_mean,ratio_rate_numeric,feature,P3_normal_type_specific_eda,route_to_ratio_rate_eda,ratio_rate_eda,no universal-level issue; continue type-specific EDA,5.883041582252342,1.928442474971279,3.954599107281063,1908,793.0,False,False,5.341960112840521,2115,81.83267603261709,
pos_future_ratio_max_max,ratio_rate_numeric,feature,P3_normal_type_specific_eda,route_to_ratio_rate_eda,ratio_rate_eda,no universal-level issue; continue type-specific EDA,5.883041582252342,1.928442474971279,3.954599107281063,206,116.0,False,False,5.341960112840521,218,92.54045557255337,
pos_future_ratio_max_min,ratio_rate_numeric,feature,P3_normal_type_specific_eda,route_to_ratio_rate_eda,ratio_rate_eda,no universal-level issue; continue type-specific EDA,5.883041582252342,1.928442474971279,3.954599107281063,193,121.0,False,False,5.341960112840521,204,82.66017319055172,
pos_future_ratio_max_sum,ratio_rate_numeric,feature,P3_normal_type_specific_eda,route_to_ratio_rate_eda,ratio_rate_eda,no universal-level issue; continue type-specific EDA,5.875236983392464,1.920236336779911,3.955000646612553,2335,982.0,False,False,5.334100574027032,2558,28.62528245217611,
pos_cnt_instalment_unique_count_mean_y,discrete_count_numeric,feature,P3_normal_type_specific_eda,route_to_discrete_count_eda,discrete_count_eda,no universal-level issue; continue type-specific EDA,5.875236983392464,1.920236336779911,3.955000646612553,133,95.0,False,False,5.334100574027032,138,43.23279673267744,
pos_cnt_instalment_unique_count_max_y,discrete_count_numeric,feature,P3_normal_type_specific_eda,route_to_discrete_count_eda,discrete_count_eda,no universal-level issue; continue type-specific EDA,5.875236983392464,1.920236336779911,3.955000646612553,8,5.0,False,False,5.334100574027032,8,50.64237694909545,
pos_cnt_instalment_unique_count_min,discrete_count_numeric,feature,P3_normal_type_specific_eda,route_to_discrete_count_eda,discrete_count_eda,no universal-level issue; continue type-specific EDA,5.875236983392464,1.920236336779911,3.955000646612553,4,4.0,False,False,5.334100574027032,4,81.4455937460527,
pos_cnt_instalment_unique_count_sum_y,discrete_count_numeric,feature,P3_normal_type_specific_eda,route_to_discrete_count_eda,discrete_count_eda,no universal-level issue; continue type-specific EDA,5.875236983392464,1.920236336779911,3.955000646612553,37,30.0,False,False,5.334100574027032,37,21.04616075563852,
pos_cnt_instalment_range_mean,discrete_count_numeric,feature,P3_normal_type_specific_eda,route_to_discrete_count_eda,discrete_count_eda,no universal-level issue; continue type-specific EDA,5.883041582252342,1.928442474971279,3.954599107281063,1266,804.0,False,False,5.341960112840521,1321,43.25076139282255,
pos_cnt_instalment_range_max,discrete_count_numeric,feature,P3_normal_type_specific_eda,route_to_discrete_count_eda,discrete_count_eda,no universal-level issue; continue type-specific EDA,5.883041582252342,1.928442474971279,3.954599107281063,63,61.0,False,False,5.341960112840521,64,43.25076139282255,
pos_cnt_instalment_range_min,discrete_count_numeric,feature,P3_normal_type_specific_eda,route_to_discrete_count_eda,discrete_count_eda,no universal-level issue; continue type-specific EDA,5.883041582252342,1.928442474971279,3.954599107281063,60,60.0,False,False,5.341960112840521,60,81.65359082679541,
pos_cnt_instalment_range_sum,discrete_count_numeric,feature,P3_normal_type_specific_eda,route_to_discrete_count_eda,discrete_count_eda,no universal-level issue; continue type-specific EDA,5.875236983392464,1.920236336779911,3.955000646612553,235,180.0,False,False,5.334100574027032,239,43.25862093163605,
pos_cnt_future_range_mean,discrete_count_numeric,feature,P3_normal_type_specific_eda,route_to_discrete_count_eda,discrete_count_eda,no universal-level issue; continue type-specific EDA,5.883041582252342,1.928442474971279,3.954599107281063,1503,963.0,False,False,5.341960112840521,1561,9.594251308753561,
pos_cnt_future_range_max,discrete_count_numeric,feature,P3_normal_type_specific_eda,route_to_discrete_count_eda,discrete_count_eda,no universal-level issue; continue type-specific EDA,5.883041582252342,1.928442474971279,3.954599107281063,63,62.0,False,False,5.341960112840521,66,24.2042918695878,
pos_cnt_future_range_min,discrete_count_numeric,feature,P3_normal_type_specific_eda,route_to_discrete_count_eda,discrete_count_eda,no universal-level issue; continue type-specific EDA,5.883041582252342,1.928442474971279,3.954599107281063,59,53.0,False,False,5.341960112840521,61,20.9192853433636,
pos_cnt_future_range_sum,discrete_count_numeric,feature,P3_normal_type_specific_eda,route_to_discrete_count_eda,discrete_count_eda,no universal-level issue; continue type-specific EDA,5.875236983392464,1.920236336779911,3.955000646612553,323,266.0,False,False,5.334100574027032,328,8.490828198902472,
pos_instalment_change_flag_mean,ratio_rate_numeric,feature,P3_normal_type_specific_eda,route_to_ratio_rate_eda,ratio_rate_eda,no universal-level issue; continue type-specific EDA,5.875236983392464,1.920236336779911,3.955000646612553,109,77.0,False,False,5.334100574027032,111,43.25862093163605,
pos_instalment_change_flag_max,binary_flag,feature,P3_normal_type_specific_eda,route_to_binary_flag_eda,binary_flag_eda,no universal-level issue; continue type-specific EDA,5.875236983392464,1.920236336779911,3.955000646612553,2,2.0,False,False,5.334100574027032,2,51.40727849433691,
pos_instalment_change_flag_min,binary_flag,feature,P3_normal_type_specific_eda,route_to_binary_flag_eda,binary_flag_eda,no universal-level issue; continue type-specific EDA,5.875236983392464,1.920236336779911,3.955000646612553,2,2.0,False,False,5.334100574027032,2,81.69541480119578,
pos_instalment_change_flag_sum,discrete_count_numeric,feature,P3_normal_type_specific_eda,route_to_discrete_count_eda,discrete_count_eda,no universal-level issue; continue type-specific EDA,5.875236983392464,1.920236336779911,3.955000646612553,16,14.0,False,False,5.334100574027032,16,43.25862093163605,
pos_contract_with_dpd_count,discrete_count_numeric,feature,P3_normal_type_specific_eda,route_to_discrete_count_eda,discrete_count_eda,no universal-level issue; continue type-specific EDA,5.875236983392464,1.920236336779911,3.955000646612553,9,7.0,False,False,5.334100574027032,9,76.986428260656,
pos_contract_with_dpd_ratio,ratio_rate_numeric,feature,P3_normal_type_specific_eda,route_to_ratio_rate_eda,ratio_rate_eda,no universal-level issue; continue type-specific EDA,5.875236983392464,1.920236336779911,3.955000646612553,64,48.0,False,False,5.334100574027032,65,76.986428260656,
pos_contract_with_dpd_def_count,discrete_count_numeric,feature,P3_normal_type_specific_eda,route_to_discrete_count_eda,discrete_count_eda,no universal-level issue; continue type-specific EDA,5.875236983392464,1.920236336779911,3.955000646612553,9,7.0,False,False,5.334100574027032,9,81.76811553522056,
pos_contract_with_dpd_def_ratio,ratio_rate_numeric,feature,P3_normal_type_specific_eda,route_to_ratio_rate_eda,ratio_rate_eda,no universal-level issue; continue type-specific EDA,5.875236983392464,1.920236336779911,3.955000646612553,61,43.0,False,False,5.334100574027032,62,81.76811553522056,
pos_contract_with_dpd_30plus_count,discrete_count_numeric,feature,P3_normal_type_specific_eda,route_to_discrete_count_eda,discrete_count_eda,no universal-level issue; continue type-specific EDA,5.875236983392464,1.920236336779911,3.955000646612553,6,3.0,False,False,5.334100574027032,6,92.32544104644145,
pos_contract_with_dpd_30plus_ratio,ratio_rate_numeric,feature,P3_normal_type_specific_eda,route_to_ratio_rate_eda,ratio_rate_eda,no universal-level issue; continue type-specific EDA,5.875236983392464,1.920236336779911,3.955000646612553,33,17.0,False,False,5.334100574027032,33,92.32544104644145,
pos_contract_with_dpd_60plus_count,discrete_count_numeric,feature,P3_normal_type_specific_eda,route_to_discrete_count_eda,discrete_count_eda,no universal-level issue; continue type-specific EDA,5.875236983392464,1.920236336779911,3.955000646612553,5,3.0,False,False,5.334100574027032,5,93.0490800129121,
pos_contract_with_dpd_60plus_ratio,ratio_rate_numeric,feature,P3_normal_type_specific_eda,route_to_ratio_rate_eda,ratio_rate_eda,no universal-level issue; continue type-specific EDA,5.875236983392464,1.920236336779911,3.955000646612553,23,15.0,False,False,5.334100574027032,24,93.0490800129121,
pos_contract_with_dpd_90plus_count,discrete_count_numeric,feature,P3_normal_type_specific_eda,route_to_discrete_count_eda,discrete_count_eda,no universal-level issue; continue type-specific EDA,5.875236983392464,1.920236336779911,3.955000646612553,5,3.0,False,False,5.334100574027032,5,93.19139380499922,
pos_contract_with_dpd_90plus_ratio,ratio_rate_numeric,feature,P3_normal_type_specific_eda,route_to_ratio_rate_eda,ratio_rate_eda,no universal-level issue; continue type-specific EDA,5.875236983392464,1.920236336779911,3.955000646612553,23,15.0,False,False,5.334100574027032,23,93.19139380499922,
pos_contract_with_dpd_def_30plus_count,discrete_count_numeric,feature,P3_normal_type_specific_eda,route_to_discrete_count_eda,discrete_count_eda,no universal-level issue; continue type-specific EDA,5.875236983392464,1.920236336779911,3.955000646612553,5,3.0,False,False,5.334100574027032,5,94.47614770319012,
pos_contract_with_dpd_def_30plus_ratio,ratio_rate_numeric,feature,P3_normal_type_specific_eda,route_to_ratio_rate_eda,ratio_rate_eda,no universal-level issue; continue type-specific EDA,5.875236983392464,1.920236336779911,3.955000646612553,26,8.0,False,False,5.334100574027032,26,94.47614770319012,
pos_contract_with_dpd_def_60plus_count,discrete_count_numeric,feature,P3_normal_type_specific_eda,route_to_discrete_count_eda,discrete_count_eda,no universal-level issue; continue type-specific EDA,5.875236983392464,1.920236336779911,3.955000646612553,5,3.0,False,False,5.334100574027032,5,94.5965670657254,
pos_contract_with_dpd_def_60plus_ratio,ratio_rate_numeric,feature,P3_normal_type_specific_eda,route_to_ratio_rate_eda,ratio_rate_eda,no universal-level issue; continue type-specific EDA,5.875236983392464,1.920236336779911,3.955000646612553,16,6.0,False,False,5.334100574027032,16,94.5965670657254,
pos_contract_with_dpd_def_90plus_count,discrete_count_numeric,feature,P3_normal_type_specific_eda,route_to_discrete_count_eda,discrete_count_eda,no universal-level issue; continue type-specific EDA,5.875236983392464,1.920236336779911,3.955000646612553,5,3.0,False,False,5.334100574027032,5,94.62351405594308,
pos_contract_with_dpd_def_90plus_ratio,ratio_rate_numeric,feature,P3_normal_type_specific_eda,route_to_ratio_rate_eda,ratio_rate_eda,no universal-level issue; continue type-specific EDA,5.875236983392464,1.920236336779911,3.955000646612553,15,6.0,False,False,5.334100574027032,15,94.62351405594308,
pos_contract_with_instalment_change_count,discrete_count_numeric,feature,P3_normal_type_specific_eda,route_to_discrete_count_eda,discrete_count_eda,no universal-level issue; continue type-specific EDA,5.875236983392464,1.920236336779911,3.955000646612553,16,14.0,False,False,5.334100574027032,16,43.25862093163605,
pos_contract_with_instalment_change_ratio,ratio_rate_numeric,feature,P3_normal_type_specific_eda,route_to_ratio_rate_eda,ratio_rate_eda,no universal-level issue; continue type-specific EDA,5.875236983392464,1.920236336779911,3.955000646612553,109,77.0,False,False,5.334100574027032,111,43.25862093163605,
pos_latest_months_balance,date_duration_numeric,feature,P3_normal_type_specific_eda,route_to_date_duration_eda,date_duration_eda,no universal-level issue; continue type-specific EDA,5.875236983392464,1.920236336779911,3.955000646612553,96,95.0,False,False,5.334100574027032,96,22.38396654082048,
pos_latest_status_active_flag,binary_flag,feature,P3_normal_type_specific_eda,route_to_binary_flag_eda,binary_flag_eda,no universal-level issue; continue type-specific EDA,5.875236983392464,1.920236336779911,3.955000646612553,2,2.0,False,False,5.334100574027032,2,53.18690263996295,
pos_latest_status_completed_flag,binary_flag,feature,P3_normal_type_specific_eda,route_to_binary_flag_eda,binary_flag_eda,no universal-level issue; continue type-specific EDA,5.875236983392464,1.920236336779911,3.955000646612553,2,2.0,False,False,5.334100574027032,2,52.89581900604904,
pos_latest_status_signed_flag,binary_flag,feature,P3_normal_type_specific_eda,route_to_binary_flag_eda,binary_flag_eda,no universal-level issue; continue type-specific EDA,5.875236983392464,1.920236336779911,3.955000646612553,2,2.0,False,False,5.334100574027032,2,94.45256908674966,
pos_latest_status_demand_flag,binary_flag,feature,P3_normal_type_specific_eda,route_to_binary_flag_eda,binary_flag_eda,no universal-level issue; continue type-specific EDA,5.875236983392464,1.920236336779911,3.955000646612553,2,2.0,False,False,5.334100574027032,2,94.64905755708692,
pos_latest_status_returned_flag,binary_flag,feature,P3_normal_type_specific_eda,route_to_binary_flag_eda,binary_flag_eda,no universal-level issue; continue type-specific EDA,5.875236983392464,1.920236336779911,3.955000646612553,2,2.0,False,False,5.334100574027032,2,94.61621591275912,
pos_latest_status_approved_flag,binary_flag,feature,P3_normal_type_specific_eda,route_to_binary_flag_eda,binary_flag_eda,no universal-level issue; continue type-specific EDA,5.875236983392464,1.920236336779911,3.955000646612553,2,2.0,False,False,5.334100574027032,2,94.65747849152994,
pos_latest_status_canceled_flag,binary_flag,feature,P3_normal_type_specific_eda,route_to_binary_flag_eda,binary_flag_eda,no universal-level issue; continue type-specific EDA,5.875236983392464,1.920236336779911,3.955000646612553,1,1.0,False,False,5.334100574027032,1,94.66589942597297,
pos_latest_status_amortized_debt_flag,binary_flag,feature,P3_normal_type_specific_eda,route_to_binary_flag_eda,binary_flag_eda,no universal-level issue; continue type-specific EDA,5.875236983392464,1.920236336779911,3.955000646612553,2,2.0,False,False,5.334100574027032,2,94.66309244782529,
pos_latest_dpd,overdue_delay_numeric,feature,P3_normal_type_specific_eda,route_to_overdue_delay_eda,overdue_delay_eda,no universal-level issue; continue type-specific EDA,5.875236983392464,1.920236336779911,3.955000646612553,710,106.0,False,False,5.334100574027032,764,93.95882163057361,
pos_latest_dpd_def,overdue_delay_numeric,feature,P3_normal_type_specific_eda,route_to_overdue_delay_eda,overdue_delay_eda,no universal-level issue; continue type-specific EDA,5.875236983392464,1.920236336779911,3.955000646612553,113,30.0,False,False,5.334100574027032,118,94.30716761870008,
pos_latest_has_dpd,binary_flag,feature,P3_normal_type_specific_eda,route_to_binary_flag_eda,binary_flag_eda,no universal-level issue; continue type-specific EDA,5.875236983392464,1.920236336779911,3.955000646612553,2,2.0,False,False,5.334100574027032,2,93.95882163057361,
pos_latest_has_dpd_def,binary_flag,feature,P3_normal_type_specific_eda,route_to_binary_flag_eda,binary_flag_eda,no universal-level issue; continue type-specific EDA,5.875236983392464,1.920236336779911,3.955000646612553,2,2.0,False,False,5.334100574027032,2,94.30716761870008,
pos_latest_dpd_30plus_flag,binary_flag,feature,P3_normal_type_specific_eda,route_to_binary_flag_eda,binary_flag_eda,no universal-level issue; continue type-specific EDA,5.875236983392464,1.920236336779911,3.955000646612553,2,2.0,False,False,5.334100574027032,2,94.40934162327547,
pos_latest_dpd_60plus_flag,binary_flag,feature,P3_normal_type_specific_eda,route_to_binary_flag_eda,binary_flag_eda,no universal-level issue; continue type-specific EDA,5.875236983392464,1.920236336779911,3.955000646612553,2,2.0,False,False,5.334100574027032,2,94.43628861349315,
pos_latest_dpd_90plus_flag,binary_flag,feature,P3_normal_type_specific_eda,route_to_binary_flag_eda,binary_flag_eda,no universal-level issue; continue type-specific EDA,5.875236983392464,1.920236336779911,3.955000646612553,2,2.0,False,False,5.334100574027032,2,94.44863931734292,
pos_latest_cnt_instalment,discrete_count_numeric,feature,P3_normal_type_specific_eda,route_to_discrete_count_eda,discrete_count_eda,no universal-level issue; continue type-specific EDA,6.057019098503794,2.088462169702938,3.968556928800856,66,58.0,False,False,5.514027873293006,68,17.65308557072883,
pos_latest_cnt_instalment_future,discrete_count_numeric,feature,P3_normal_type_specific_eda,route_to_discrete_count_eda,discrete_count_eda,no universal-level issue; continue type-specific EDA,6.057019098503794,2.088462169702938,3.968556928800856,65,60.0,False,False,5.514027873293006,67,55.21129528006624,
pos_latest_paid_installment_count,discrete_count_numeric,feature,P3_normal_type_specific_eda,route_to_discrete_count_eda,discrete_count_eda,no universal-level issue; continue type-specific EDA,6.057019098503794,2.088462169702938,3.968556928800856,68,58.0,False,False,5.514027873293006,68,11.50636482294985,
pos_latest_progress_ratio,ratio_rate_numeric,feature,P3_normal_type_specific_eda,route_to_ratio_rate_eda,ratio_rate_eda,no universal-level issue; continue type-specific EDA,6.057019098503794,2.088462169702938,3.968556928800856,463,311.0,False,False,5.514027873293006,481,55.21129528006624,
pos_latest_future_ratio,ratio_rate_numeric,feature,P3_normal_type_specific_eda,route_to_ratio_rate_eda,ratio_rate_eda,no universal-level issue; continue type-specific EDA,6.057019098503794,2.088462169702938,3.968556928800856,463,311.0,False,False,5.514027873293006,481,55.21129528006624,
pos_latest_near_completion_flag,binary_flag,feature,P3_normal_type_specific_eda,route_to_binary_flag_eda,binary_flag_eda,no universal-level issue; continue type-specific EDA,5.875236983392464,1.920236336779911,3.955000646612553,2,2.0,False,False,5.334100574027032,2,65.23304936071072,
pos_latest_completed_by_future_flag,binary_flag,feature,P3_normal_type_specific_eda,route_to_binary_flag_eda,binary_flag_eda,no universal-level issue; continue type-specific EDA,5.875236983392464,1.920236336779911,3.955000646612553,2,2.0,False,False,5.334100574027032,2,55.21129528006624,
pos_latest_has_future_installment_flag,binary_flag,feature,P3_normal_type_specific_eda,route_to_binary_flag_eda,binary_flag_eda,no universal-level issue; continue type-specific EDA,5.875236983392464,1.920236336779911,3.955000646612553,2,2.0,False,False,5.334100574027032,2,55.39122257933222,
has_installment_history,binary_flag,feature,P3_normal_type_specific_eda,route_to_binary_flag_eda,binary_flag_eda,no universal-level issue; continue type-specific EDA,0.0,0.0,0.0,2,2.0,False,False,0.0,2,95.3213288234551,
inst_contract_count,discrete_count_numeric,feature,P3_normal_type_specific_eda,route_to_discrete_count_eda,discrete_count_eda,no universal-level issue; continue type-specific EDA,5.160140612856125,1.641227638273429,3.518912974582697,25,21.0,False,False,4.67867117654489,25,26.56580258522687,
inst_installment_count_sum_x,discrete_count_numeric,feature,P3_normal_type_specific_eda,route_to_discrete_count_eda,discrete_count_eda,no universal-level issue; continue type-specific EDA,5.160140612856125,1.641227638273429,3.518912974582697,303,274.0,False,False,4.67867117654489,308,4.973684579865545,
inst_installment_count_mean_x,discrete_count_numeric,feature,P3_normal_type_specific_eda,route_to_discrete_count_eda,discrete_count_eda,no universal-level issue; continue type-specific EDA,5.160140612856125,1.641227638273429,3.518912974582697,1942,1361.0,False,False,4.67867117654489,2017,6.229807300950163,
inst_installment_count_max_x,discrete_count_numeric,feature,P3_normal_type_specific_eda,route_to_discrete_count_eda,discrete_count_eda,no universal-level issue; continue type-specific EDA,5.160140612856125,1.641227638273429,3.518912974582697,216,196.0,False,False,4.67867117654489,217,14.91235210733884,
inst_payment_row_count_sum,discrete_count_numeric,feature,P3_normal_type_specific_eda,route_to_discrete_count_eda,discrete_count_eda,no universal-level issue; continue type-specific EDA,5.160140612856125,1.641227638273429,3.518912974582697,319,285.0,False,False,4.67867117654489,323,4.67867117654489,
inst_payment_row_count_mean,discrete_count_numeric,feature,P3_normal_type_specific_eda,route_to_discrete_count_eda,discrete_count_eda,no universal-level issue; continue type-specific EDA,5.160140612856125,1.641227638273429,3.518912974582697,1997,1400.0,False,False,4.67867117654489,2064,5.320346381103423,
inst_installment_number_span_mean_x,discrete_count_numeric,feature,P3_normal_type_specific_eda,route_to_discrete_count_eda,discrete_count_eda,no universal-level issue; continue type-specific EDA,5.160140612856125,1.641227638273429,3.518912974582697,2137,1436.0,False,False,4.67867117654489,2217,6.187421930920268,
inst_installment_number_span_max_x,discrete_count_numeric,feature,P3_normal_type_specific_eda,route_to_discrete_count_eda,discrete_count_eda,no universal-level issue; continue type-specific EDA,5.160140612856125,1.641227638273429,3.518912974582697,215,197.0,False,False,4.67867117654489,217,14.67291687134216,
inst_installment_count_sum_y,discrete_count_numeric,feature,P3_normal_type_specific_eda,route_to_discrete_count_eda,discrete_count_eda,no universal-level issue; continue type-specific EDA,5.160140612856125,1.641227638273429,3.518912974582697,303,274.0,False,False,4.67867117654489,308,4.973684579865545,
inst_installment_count_mean_y,discrete_count_numeric,feature,P3_normal_type_specific_eda,route_to_discrete_count_eda,discrete_count_eda,no universal-level issue; continue type-specific EDA,5.160140612856125,1.641227638273429,3.518912974582697,1942,1361.0,False,False,4.67867117654489,2017,6.229807300950163,
inst_installment_count_max_y,discrete_count_numeric,feature,P3_normal_type_specific_eda,route_to_discrete_count_eda,discrete_count_eda,no universal-level issue; continue type-specific EDA,5.160140612856125,1.641227638273429,3.518912974582697,216,196.0,False,False,4.67867117654489,217,14.91235210733884,
inst_is_late_count_sum,discrete_count_numeric,feature,P3_normal_type_specific_eda,route_to_discrete_count_eda,discrete_count_eda,no universal-level issue; continue type-specific EDA,5.160140612856125,1.641227638273429,3.518912974582697,96,75.0,False,False,4.67867117654489,98,44.8392303265919,
inst_is_late_count_mean,ratio_rate_numeric,feature,P3_normal_type_specific_eda,route_to_ratio_rate_eda,ratio_rate_eda,no universal-level issue; continue type-specific EDA,5.160140612856125,1.641227638273429,3.518912974582697,604,387.0,False,False,4.67867117654489,626,44.8392303265919,
inst_is_late_count_max,discrete_count_numeric,feature,P3_normal_type_specific_eda,route_to_discrete_count_eda,discrete_count_eda,no universal-level issue; continue type-specific EDA,5.160140612856125,1.641227638273429,3.518912974582697,61,47.0,False,False,4.67867117654489,62,44.8392303265919,
inst_is_early_count_sum,discrete_count_numeric,feature,P3_normal_type_specific_eda,route_to_discrete_count_eda,discrete_count_eda,no universal-level issue; continue type-specific EDA,5.160140612856125,1.641227638273429,3.518912974582697,216,198.0,False,False,4.67867117654489,223,4.67867117654489,
inst_is_early_count_mean,ratio_rate_numeric,feature,P3_normal_type_specific_eda,route_to_ratio_rate_eda,ratio_rate_eda,no universal-level issue; continue type-specific EDA,5.160140612856125,1.641227638273429,3.518912974582697,1343,918.0,False,False,4.67867117654489,1399,6.434716705730446,
inst_is_early_count_max,discrete_count_numeric,feature,P3_normal_type_specific_eda,route_to_discrete_count_eda,discrete_count_eda,no universal-level issue; continue type-specific EDA,5.160140612856125,1.641227638273429,3.518912974582697,97,97.0,False,False,4.67867117654489,97,10.14217344317975,
inst_is_on_time_or_early_count_sum,discrete_count_numeric,feature,P3_normal_type_specific_eda,route_to_discrete_count_eda,discrete_count_eda,no universal-level issue; continue type-specific EDA,5.160140612856125,1.641227638273429,3.518912974582697,294,266.0,False,False,4.67867117654489,300,4.67867117654489,
inst_is_on_time_or_early_count_mean,ratio_rate_numeric,feature,P3_normal_type_specific_eda,route_to_ratio_rate_eda,ratio_rate_eda,no universal-level issue; continue type-specific EDA,5.160140612856125,1.641227638273429,3.518912974582697,1885,1319.0,False,False,4.67867117654489,1971,6.041459067241162,
inst_is_on_time_or_early_count_max,discrete_count_numeric,feature,P3_normal_type_specific_eda,route_to_discrete_count_eda,discrete_count_eda,no universal-level issue; continue type-specific EDA,5.160140612856125,1.641227638273429,3.518912974582697,214,197.0,False,False,4.67867117654489,216,10.13122622840381,
inst_late_5plus_count_sum,discrete_count_numeric,feature,P3_normal_type_specific_eda,route_to_discrete_count_eda,discrete_count_eda,no universal-level issue; continue type-specific EDA,5.160140612856125,1.641227638273429,3.518912974582697,71,49.0,False,False,4.67867117654489,71,61.39338395250593,
inst_late_5plus_count_mean,discrete_count_numeric,feature,P3_normal_type_specific_eda,route_to_discrete_count_eda,discrete_count_eda,no universal-level issue; continue type-specific EDA,5.160140612856125,1.641227638273429,3.518912974582697,417,262.0,False,False,4.67867117654489,428,61.39338395250593,
inst_late_5plus_count_max,discrete_count_numeric,feature,P3_normal_type_specific_eda,route_to_discrete_count_eda,discrete_count_eda,no universal-level issue; continue type-specific EDA,5.160140612856125,1.641227638273429,3.518912974582697,54,37.0,False,False,4.67867117654489,55,61.39338395250593,
inst_late_15plus_count_sum,discrete_count_numeric,feature,P3_normal_type_specific_eda,route_to_discrete_count_eda,discrete_count_eda,no universal-level issue; continue type-specific EDA,5.160140612856125,1.641227638273429,3.518912974582697,52,30.0,False,False,4.67867117654489,53,78.6330016420822,
inst_late_15plus_count_mean,discrete_count_numeric,feature,P3_normal_type_specific_eda,route_to_discrete_count_eda,discrete_count_eda,no universal-level issue; continue type-specific EDA,5.160140612856125,1.641227638273429,3.518912974582697,269,152.0,False,False,4.67867117654489,276,78.6330016420822,
inst_late_15plus_count_max,discrete_count_numeric,feature,P3_normal_type_specific_eda,route_to_discrete_count_eda,discrete_count_eda,no universal-level issue; continue type-specific EDA,5.160140612856125,1.641227638273429,3.518912974582697,50,29.0,False,False,4.67867117654489,51,78.6330016420822,
inst_late_30plus_count_sum,discrete_count_numeric,feature,P3_normal_type_specific_eda,route_to_discrete_count_eda,discrete_count_eda,no universal-level issue; continue type-specific EDA,5.160140612856125,1.641227638273429,3.518912974582697,46,20.0,False,False,4.67867117654489,47,88.6668257287617,
inst_late_30plus_count_mean,discrete_count_numeric,feature,P3_normal_type_specific_eda,route_to_discrete_count_eda,discrete_count_eda,no universal-level issue; continue type-specific EDA,5.160140612856125,1.641227638273429,3.518912974582697,145,67.0,False,False,4.67867117654489,149,88.6668257287617,
inst_late_30plus_count_max,discrete_count_numeric,feature,P3_normal_type_specific_eda,route_to_discrete_count_eda,discrete_count_eda,no universal-level issue; continue type-specific EDA,5.160140612856125,1.641227638273429,3.518912974582697,46,18.0,False,False,4.67867117654489,47,88.6668257287617,
inst_late_60plus_count_sum,discrete_count_numeric,feature,P3_normal_type_specific_eda,route_to_discrete_count_eda,discrete_count_eda,no universal-level issue; continue type-specific EDA,5.160140612856125,1.641227638273429,3.518912974582697,40,17.0,False,False,4.67867117654489,41,92.54494673758965,
inst_late_60plus_count_mean,discrete_count_numeric,feature,P3_normal_type_specific_eda,route_to_discrete_count_eda,discrete_count_eda,no universal-level issue; continue type-specific EDA,5.160140612856125,1.641227638273429,3.518912974582697,104,50.0,False,False,4.67867117654489,110,92.54494673758965,
inst_late_60plus_count_max,discrete_count_numeric,feature,P3_normal_type_specific_eda,route_to_discrete_count_eda,discrete_count_eda,no universal-level issue; continue type-specific EDA,5.160140612856125,1.641227638273429,3.518912974582697,39,16.0,False,False,4.67867117654489,40,92.54494673758965,
inst_late_90plus_count_sum,discrete_count_numeric,feature,P3_normal_type_specific_eda,route_to_discrete_count_eda,discrete_count_eda,no universal-level issue; continue type-specific EDA,5.160140612856125,1.641227638273429,3.518912974582697,40,16.0,False,False,4.67867117654489,42,93.05890443642896,
inst_late_90plus_count_mean,discrete_count_numeric,feature,P3_normal_type_specific_eda,route_to_discrete_count_eda,discrete_count_eda,no universal-level issue; continue type-specific EDA,5.160140612856125,1.641227638273429,3.518912974582697,96,43.0,False,False,4.67867117654489,101,93.05890443642896,
inst_late_90plus_count_max,discrete_count_numeric,feature,P3_normal_type_specific_eda,route_to_discrete_count_eda,discrete_count_eda,no universal-level issue; continue type-specific EDA,5.160140612856125,1.641227638273429,3.518912974582697,39,16.0,False,False,4.67867117654489,41,93.05890443642896,
inst_is_underpaid_count_sum,discrete_count_numeric,feature,P3_normal_type_specific_eda,route_to_discrete_count_eda,discrete_count_eda,no universal-level issue; continue type-specific EDA,5.160140612856125,1.641227638273429,3.518912974582697,27,11.0,False,False,4.67867117654489,28,94.49916492400106,
inst_is_underpaid_count_mean,ratio_rate_numeric,feature,P3_normal_type_specific_eda,route_to_ratio_rate_eda,ratio_rate_eda,no universal-level issue; continue type-specific EDA,5.160140612856125,1.641227638273429,3.518912974582697,77,33.0,False,False,4.67867117654489,80,94.49916492400106,
inst_is_underpaid_count_max,discrete_count_numeric,feature,P3_normal_type_specific_eda,route_to_discrete_count_eda,discrete_count_eda,no universal-level issue; continue type-specific EDA,5.160140612856125,1.641227638273429,3.518912974582697,24,10.0,False,False,4.67867117654489,25,94.49916492400106,
inst_is_fully_paid_count_sum,discrete_count_numeric,feature,P3_normal_type_specific_eda,route_to_discrete_count_eda,discrete_count_eda,no universal-level issue; continue type-specific EDA,5.160140612856125,1.641227638273429,3.518912974582697,304,275.0,False,False,4.67867117654489,309,4.966947832311126,
inst_is_fully_paid_count_mean,ratio_rate_numeric,feature,P3_normal_type_specific_eda,route_to_ratio_rate_eda,ratio_rate_eda,no universal-level issue; continue type-specific EDA,5.160140612856125,1.641227638273429,3.518912974582697,1944,1363.0,False,False,4.67867117654489,2019,6.225877531543417,
inst_is_fully_paid_count_max,discrete_count_numeric,feature,P3_normal_type_specific_eda,route_to_discrete_count_eda,discrete_count_eda,no universal-level issue; continue type-specific EDA,5.160140612856125,1.641227638273429,3.518912974582697,217,197.0,False,False,4.67867117654489,218,14.90814164011733,
inst_is_overpaid_count_sum,discrete_count_numeric,feature,P3_normal_type_specific_eda,route_to_discrete_count_eda,discrete_count_eda,no universal-level issue; continue type-specific EDA,5.160140612856125,1.641227638273429,3.518912974582697,31,28.0,False,False,4.67867117654489,34,82.7337160180208,
inst_is_overpaid_count_mean,ratio_rate_numeric,feature,P3_normal_type_specific_eda,route_to_ratio_rate_eda,ratio_rate_eda,no universal-level issue; continue type-specific EDA,5.160140612856125,1.641227638273429,3.518912974582697,189,129.0,False,False,4.67867117654489,197,82.7337160180208,
inst_is_overpaid_count_max,discrete_count_numeric,feature,P3_normal_type_specific_eda,route_to_discrete_count_eda,discrete_count_eda,no universal-level issue; continue type-specific EDA,5.160140612856125,1.641227638273429,3.518912974582697,26,21.0,False,False,4.67867117654489,27,82.7337160180208,
inst_has_multiple_payments_count_sum,discrete_count_numeric,feature,P3_normal_type_specific_eda,route_to_discrete_count_eda,discrete_count_eda,no universal-level issue; continue type-specific EDA,5.160140612856125,1.641227638273429,3.518912974582697,68,51.0,False,False,4.67867117654489,68,48.25953319953405,
inst_has_multiple_payments_count_mean,ratio_rate_numeric,feature,P3_normal_type_specific_eda,route_to_ratio_rate_eda,ratio_rate_eda,no universal-level issue; continue type-specific EDA,5.160140612856125,1.641227638273429,3.518912974582697,444,284.0,False,False,4.67867117654489,459,48.25953319953405,
inst_has_multiple_payments_count_max,discrete_count_numeric,feature,P3_normal_type_specific_eda,route_to_discrete_count_eda,discrete_count_eda,no universal-level issue; continue type-specific EDA,5.160140612856125,1.641227638273429,3.518912974582697,44,32.0,False,False,4.67867117654489,44,48.25953319953405,
inst_has_version_change_count_sum,discrete_count_numeric,feature,P3_normal_type_specific_eda,route_to_discrete_count_eda,discrete_count_eda,no universal-level issue; continue type-specific EDA,5.160140612856125,1.641227638273429,3.518912974582697,31,28.0,False,False,4.67867117654489,34,82.72782136391068,
inst_has_version_change_count_mean,ratio_rate_numeric,feature,P3_normal_type_specific_eda,route_to_ratio_rate_eda,ratio_rate_eda,no universal-level issue; continue type-specific EDA,5.160140612856125,1.641227638273429,3.518912974582697,189,129.0,False,False,4.67867117654489,197,82.72782136391068,
inst_has_version_change_count_max,discrete_count_numeric,feature,P3_normal_type_specific_eda,route_to_discrete_count_eda,discrete_count_eda,no universal-level issue; continue type-specific EDA,5.160140612856125,1.641227638273429,3.518912974582697,26,21.0,False,False,4.67867117654489,27,82.72782136391068,
inst_has_due_day_shift_count_sum,binary_flag,feature,P3_normal_type_specific_eda,route_to_binary_flag_eda,binary_flag_eda,no universal-level issue; continue type-specific EDA,5.160140612856125,1.641227638273429,3.518912974582697,2,2.0,False,False,4.67867117654489,2,95.23627738558055,
inst_has_due_day_shift_count_mean,ratio_rate_numeric,feature,P3_normal_type_specific_eda,route_to_ratio_rate_eda,ratio_rate_eda,no universal-level issue; continue type-specific EDA,5.160140612856125,1.641227638273429,3.518912974582697,12,11.0,False,False,4.67867117654489,12,95.23627738558055,
inst_has_due_day_shift_count_max,binary_flag,feature,P3_normal_type_specific_eda,route_to_binary_flag_eda,binary_flag_eda,no universal-level issue; continue type-specific EDA,5.160140612856125,1.641227638273429,3.518912974582697,2,2.0,False,False,4.67867117654489,2,95.23627738558055,
inst_has_expected_amount_shift_count_sum,discrete_count_numeric,feature,P3_normal_type_specific_eda,route_to_discrete_count_eda,discrete_count_eda,no universal-level issue; continue type-specific EDA,5.160140612856125,1.641227638273429,3.518912974582697,31,27.0,False,False,4.67867117654489,34,82.73034764424358,
inst_has_expected_amount_shift_count_mean,ratio_rate_numeric,feature,P3_normal_type_specific_eda,route_to_ratio_rate_eda,ratio_rate_eda,no universal-level issue; continue type-specific EDA,5.160140612856125,1.641227638273429,3.518912974582697,189,130.0,False,False,4.67867117654489,197,82.73034764424358,
inst_has_expected_amount_shift_count_max,discrete_count_numeric,feature,P3_normal_type_specific_eda,route_to_discrete_count_eda,discrete_count_eda,no universal-level issue; continue type-specific EDA,5.160140612856125,1.641227638273429,3.518912974582697,26,21.0,False,False,4.67867117654489,27,82.73034764424358,
inst_missing_payment_day_count_sum,discrete_count_numeric,feature,P3_normal_type_specific_eda,route_to_discrete_count_eda,discrete_count_eda,no universal-level issue; continue type-specific EDA,5.160140612856125,1.641227638273429,3.518912974582697,27,11.0,False,False,4.67867117654489,27,94.9707372528105,
inst_missing_payment_day_count_mean,discrete_count_numeric,feature,P3_normal_type_specific_eda,route_to_discrete_count_eda,discrete_count_eda,no universal-level issue; continue type-specific EDA,5.160140612856125,1.641227638273429,3.518912974582697,65,27.0,False,False,4.67867117654489,70,94.9707372528105,
inst_missing_payment_day_count_max,discrete_count_numeric,feature,P3_normal_type_specific_eda,route_to_discrete_count_eda,discrete_count_eda,no universal-level issue; continue type-specific EDA,5.160140612856125,1.641227638273429,3.518912974582697,23,11.0,False,False,4.67867117654489,24,94.9707372528105,
inst_missing_payment_amount_count_sum,discrete_count_numeric,feature,P3_normal_type_specific_eda,route_to_discrete_count_eda,discrete_count_eda,no universal-level issue; continue type-specific EDA,5.160140612856125,1.641227638273429,3.518912974582697,27,11.0,False,False,4.67867117654489,27,94.9707372528105,
inst_missing_payment_amount_count_mean,discrete_count_numeric,feature,P3_normal_type_specific_eda,route_to_discrete_count_eda,discrete_count_eda,no universal-level issue; continue type-specific EDA,5.160140612856125,1.641227638273429,3.518912974582697,65,27.0,False,False,4.67867117654489,70,94.9707372528105,
inst_missing_payment_amount_count_max,discrete_count_numeric,feature,P3_normal_type_specific_eda,route_to_discrete_count_eda,discrete_count_eda,no universal-level issue; continue type-specific EDA,5.160140612856125,1.641227638273429,3.518912974582697,23,11.0,False,False,4.67867117654489,24,94.9707372528105,
inst_is_recent_6m_count_sum,discrete_count_numeric,feature,P3_normal_type_specific_eda,route_to_discrete_count_eda,discrete_count_eda,no universal-level issue; continue type-specific EDA,5.160140612856125,1.641227638273429,3.518912974582697,51,48.0,False,False,4.67867117654489,55,36.02138917348528,
inst_is_recent_6m_count_mean,ratio_rate_numeric,feature,P3_normal_type_specific_eda,route_to_ratio_rate_eda,ratio_rate_eda,no universal-level issue; continue type-specific EDA,5.160140612856125,1.641227638273429,3.518912974582697,384,267.0,False,False,4.67867117654489,396,36.02138917348528,
inst_is_recent_6m_count_max,discrete_count_numeric,feature,P3_normal_type_specific_eda,route_to_discrete_count_eda,discrete_count_eda,no universal-level issue; continue type-specific EDA,5.160140612856125,1.641227638273429,3.518912974582697,50,42.0,False,False,4.67867117654489,51,36.02138917348528,
inst_is_recent_12m_count_sum,discrete_count_numeric,feature,P3_normal_type_specific_eda,route_to_discrete_count_eda,discrete_count_eda,no universal-level issue; continue type-specific EDA,5.160140612856125,1.641227638273429,3.518912974582697,87,76.0,False,False,4.67867117654489,91,24.371868465004,
inst_is_recent_12m_count_mean,ratio_rate_numeric,feature,P3_normal_type_specific_eda,route_to_ratio_rate_eda,ratio_rate_eda,no universal-level issue; continue type-specific EDA,5.160140612856125,1.641227638273429,3.518912974582697,636,456.0,False,False,4.67867117654489,654,24.371868465004,
inst_is_recent_12m_count_max,discrete_count_numeric,feature,P3_normal_type_specific_eda,route_to_discrete_count_eda,discrete_count_eda,no universal-level issue; continue type-specific EDA,5.160140612856125,1.641227638273429,3.518912974582697,81,68.0,False,False,4.67867117654489,87,24.371868465004,
inst_is_recent_24m_count_sum,discrete_count_numeric,feature,P3_normal_type_specific_eda,route_to_discrete_count_eda,discrete_count_eda,no universal-level issue; continue type-specific EDA,5.160140612856125,1.641227638273429,3.518912974582697,135,122.0,False,False,4.67867117654489,139,12.84164432779891,
inst_is_recent_24m_count_mean,ratio_rate_numeric,feature,P3_normal_type_specific_eda,route_to_ratio_rate_eda,ratio_rate_eda,no universal-level issue; continue type-specific EDA,5.160140612856125,1.641227638273429,3.518912974582697,993,716.0,False,False,4.67867117654489,1029,12.84164432779891,
inst_is_recent_24m_count_max,discrete_count_numeric,feature,P3_normal_type_specific_eda,route_to_discrete_count_eda,discrete_count_eda,no universal-level issue; continue type-specific EDA,5.160140612856125,1.641227638273429,3.518912974582697,113,94.0,False,False,4.67867117654489,117,12.84164432779891,
inst_recent_6m_late_count_sum,discrete_count_numeric,feature,P3_normal_type_specific_eda,route_to_discrete_count_eda,discrete_count_eda,no universal-level issue; continue type-specific EDA,5.160140612856125,1.641227638273429,3.518912974582697,24,14.0,False,False,4.67867117654489,24,82.69497971958289,
inst_recent_6m_late_count_mean,discrete_count_numeric,feature,P3_normal_type_specific_eda,route_to_discrete_count_eda,discrete_count_eda,no universal-level issue; continue type-specific EDA,5.160140612856125,1.641227638273429,3.518912974582697,130,70.0,False,False,4.67867117654489,130,82.69497971958289,
inst_recent_6m_late_count_max,discrete_count_numeric,feature,P3_normal_type_specific_eda,route_to_discrete_count_eda,discrete_count_eda,no universal-level issue; continue type-specific EDA,5.160140612856125,1.641227638273429,3.518912974582697,20,8.0,False,False,4.67867117654489,20,82.69497971958289,
inst_recent_12m_late_count_sum,discrete_count_numeric,feature,P3_normal_type_specific_eda,route_to_discrete_count_eda,discrete_count_eda,no universal-level issue; continue type-specific EDA,5.160140612856125,1.641227638273429,3.518912974582697,44,22.0,False,False,4.67867117654489,44,74.94800072981432,
inst_recent_12m_late_count_mean,discrete_count_numeric,feature,P3_normal_type_specific_eda,route_to_discrete_count_eda,discrete_count_eda,no universal-level issue; continue type-specific EDA,5.160140612856125,1.641227638273429,3.518912974582697,223,120.0,False,False,4.67867117654489,226,74.94800072981432,
inst_recent_12m_late_count_max,discrete_count_numeric,feature,P3_normal_type_specific_eda,route_to_discrete_count_eda,discrete_count_eda,no universal-level issue; continue type-specific EDA,5.160140612856125,1.641227638273429,3.518912974582697,30,14.0,False,False,4.67867117654489,30,74.94800072981432,
inst_recent_24m_late_count_sum,discrete_count_numeric,feature,P3_normal_type_specific_eda,route_to_discrete_count_eda,discrete_count_eda,no universal-level issue; continue type-specific EDA,5.160140612856125,1.641227638273429,3.518912974582697,63,41.0,False,False,4.67867117654489,63,65.3481354647654,
inst_recent_24m_late_count_mean,discrete_count_numeric,feature,P3_normal_type_specific_eda,route_to_discrete_count_eda,discrete_count_eda,no universal-level issue; continue type-specific EDA,5.160140612856125,1.641227638273429,3.518912974582697,355,212.0,False,False,4.67867117654489,363,65.3481354647654,
inst_recent_24m_late_count_max,discrete_count_numeric,feature,P3_normal_type_specific_eda,route_to_discrete_count_eda,discrete_count_eda,no universal-level issue; continue type-specific EDA,5.160140612856125,1.641227638273429,3.518912974582697,38,25.0,False,False,4.67867117654489,38,65.3481354647654,
inst_recent_6m_underpaid_count_sum,discrete_count_numeric,feature,P3_normal_type_specific_eda,route_to_discrete_count_eda,discrete_count_eda,no universal-level issue; continue type-specific EDA,5.160140612856125,1.641227638273429,3.518912974582697,18,7.0,False,False,4.67867117654489,18,94.76807343054834,
inst_recent_6m_underpaid_count_mean,discrete_count_numeric,feature,P3_normal_type_specific_eda,route_to_discrete_count_eda,discrete_count_eda,no universal-level issue; continue type-specific EDA,5.160140612856125,1.641227638273429,3.518912974582697,60,21.0,False,False,4.67867117654489,60,94.76807343054834,
inst_recent_6m_underpaid_count_max,discrete_count_numeric,feature,P3_normal_type_specific_eda,route_to_discrete_count_eda,discrete_count_eda,no universal-level issue; continue type-specific EDA,5.160140612856125,1.641227638273429,3.518912974582697,8,6.0,False,False,4.67867117654489,8,94.76807343054834,
inst_recent_12m_underpaid_count_sum,discrete_count_numeric,feature,P3_normal_type_specific_eda,route_to_discrete_count_eda,discrete_count_eda,no universal-level issue; continue type-specific EDA,5.160140612856125,1.641227638273429,3.518912974582697,20,10.0,False,False,4.67867117654489,20,94.73467039059102,
inst_recent_12m_underpaid_count_mean,discrete_count_numeric,feature,P3_normal_type_specific_eda,route_to_discrete_count_eda,discrete_count_eda,no universal-level issue; continue type-specific EDA,5.160140612856125,1.641227638273429,3.518912974582697,66,26.0,False,False,4.67867117654489,68,94.73467039059102,
inst_recent_12m_underpaid_count_max,discrete_count_numeric,feature,P3_normal_type_specific_eda,route_to_discrete_count_eda,discrete_count_eda,no universal-level issue; continue type-specific EDA,5.160140612856125,1.641227638273429,3.518912974582697,12,9.0,False,False,4.67867117654489,13,94.73467039059102,
inst_recent_24m_underpaid_count_sum,discrete_count_numeric,feature,P3_normal_type_specific_eda,route_to_discrete_count_eda,discrete_count_eda,no universal-level issue; continue type-specific EDA,5.160140612856125,1.641227638273429,3.518912974582697,21,10.0,False,False,4.67867117654489,22,94.70267083970751,
inst_recent_24m_underpaid_count_mean,discrete_count_numeric,feature,P3_normal_type_specific_eda,route_to_discrete_count_eda,discrete_count_eda,no universal-level issue; continue type-specific EDA,5.160140612856125,1.641227638273429,3.518912974582697,69,26.0,False,False,4.67867117654489,72,94.70267083970751,
inst_recent_24m_underpaid_count_max,discrete_count_numeric,feature,P3_normal_type_specific_eda,route_to_discrete_count_eda,discrete_count_eda,no universal-level issue; continue type-specific EDA,5.160140612856125,1.641227638273429,3.518912974582697,18,9.0,False,False,4.67867117654489,19,94.70267083970751,
inst_is_late_ratio_mean,ratio_rate_numeric,feature,P3_normal_type_specific_eda,route_to_ratio_rate_eda,ratio_rate_eda,no universal-level issue; continue type-specific EDA,5.160140612856125,1.641227638273429,3.518912974582697,28186,7001.0,False,False,4.67867117654489,31802,44.8392303265919,
inst_is_late_ratio_max,ratio_rate_numeric,feature,P3_normal_type_specific_eda,route_to_ratio_rate_eda,ratio_rate_eda,no universal-level issue; continue type-specific EDA,5.160140612856125,1.641227638273429,3.518912974582697,1950,925.0,False,False,4.67867117654489,2029,44.8392303265919,
inst_is_late_ratio_min,ratio_rate_numeric,feature,P3_normal_type_specific_eda,route_to_ratio_rate_eda,ratio_rate_eda,no universal-level issue; continue type-specific EDA,5.160140612856125,1.641227638273429,3.518912974582697,1218,479.0,False,False,4.67867117654489,1287,83.08767596244263,
inst_is_early_ratio_mean,ratio_rate_numeric,feature,P3_normal_type_specific_eda,route_to_ratio_rate_eda,ratio_rate_eda,no universal-level issue; continue type-specific EDA,5.160140612856125,1.641227638273429,3.518912974582697,44972,10974.0,False,False,4.67867117654489,51122,30.29796073037571,
inst_is_early_ratio_max,ratio_rate_numeric,feature,P3_normal_type_specific_eda,route_to_ratio_rate_eda,ratio_rate_eda,no universal-level issue; continue type-specific EDA,5.160140612856125,1.641227638273429,3.518912974582697,1880,580.0,False,False,4.67867117654489,2047,75.18210270733043,
inst_is_early_ratio_min,ratio_rate_numeric,feature,P3_normal_type_specific_eda,route_to_ratio_rate_eda,ratio_rate_eda,no universal-level issue; continue type-specific EDA,5.160140612856125,1.641227638273429,3.518912974582697,4114,2073.0,False,False,4.67867117654489,4319,30.29796073037571,
inst_is_on_time_or_early_ratio_mean,ratio_rate_numeric,feature,P3_normal_type_specific_eda,route_to_ratio_rate_eda,ratio_rate_eda,no universal-level issue; continue type-specific EDA,5.160140612856125,1.641227638273429,3.518912974582697,28223,7009.0,False,False,4.67867117654489,31847,44.78309076363841,
inst_is_on_time_or_early_ratio_max,ratio_rate_numeric,feature,P3_normal_type_specific_eda,route_to_ratio_rate_eda,ratio_rate_eda,no universal-level issue; continue type-specific EDA,5.160140612856125,1.641227638273429,3.518912974582697,1225,480.0,False,False,4.67867117654489,1289,83.06522013726124,
inst_is_on_time_or_early_ratio_min,ratio_rate_numeric,feature,P3_normal_type_specific_eda,route_to_ratio_rate_eda,ratio_rate_eda,no universal-level issue; continue type-specific EDA,5.160140612856125,1.641227638273429,3.518912974582697,1954,927.0,False,False,4.67867117654489,2034,44.78309076363841,
inst_late_5plus_ratio_mean,ratio_rate_numeric,feature,P3_normal_type_specific_eda,route_to_ratio_rate_eda,ratio_rate_eda,no universal-level issue; continue type-specific EDA,5.160140612856125,1.641227638273429,3.518912974582697,15531,3835.0,False,False,4.67867117654489,17259,61.39338395250593,
inst_late_5plus_ratio_max,ratio_rate_numeric,feature,P3_normal_type_specific_eda,route_to_ratio_rate_eda,ratio_rate_eda,no universal-level issue; continue type-specific EDA,5.160140612856125,1.641227638273429,3.518912974582697,1658,762.0,False,False,4.67867117654489,1718,61.39338395250593,
inst_late_5plus_ratio_min,ratio_rate_numeric,feature,P3_normal_type_specific_eda,route_to_ratio_rate_eda,ratio_rate_eda,no universal-level issue; continue type-specific EDA,5.160140612856125,1.641227638273429,3.518912974582697,844,274.0,False,False,4.67867117654489,886,89.2759399868072,
inst_late_15plus_ratio_mean,ratio_rate_numeric,feature,P3_normal_type_specific_eda,route_to_ratio_rate_eda,ratio_rate_eda,no universal-level issue; continue type-specific EDA,5.160140612856125,1.641227638273429,3.518912974582697,5996,1552.0,False,False,4.67867117654489,6483,78.6330016420822,
inst_late_15plus_ratio_max,ratio_rate_numeric,feature,P3_normal_type_specific_eda,route_to_ratio_rate_eda,ratio_rate_eda,no universal-level issue; continue type-specific EDA,5.160140612856125,1.641227638273429,3.518912974582697,1157,565.0,False,False,4.67867117654489,1200,78.6330016420822,
inst_late_15plus_ratio_min,ratio_rate_numeric,feature,P3_normal_type_specific_eda,route_to_ratio_rate_eda,ratio_rate_eda,no universal-level issue; continue type-specific EDA,5.160140612856125,1.641227638273429,3.518912974582697,535,159.0,False,False,4.67867117654489,560,93.03251884184081,
inst_late_30plus_ratio_mean,ratio_rate_numeric,feature,P3_normal_type_specific_eda,route_to_ratio_rate_eda,ratio_rate_eda,no universal-level issue; continue type-specific EDA,5.160140612856125,1.641227638273429,3.518912974582697,2028,569.0,False,False,4.67867117654489,2167,88.6668257287617,
inst_late_30plus_ratio_max,ratio_rate_numeric,feature,P3_normal_type_specific_eda,route_to_ratio_rate_eda,ratio_rate_eda,no universal-level issue; continue type-specific EDA,5.160140612856125,1.641227638273429,3.518912974582697,666,295.0,False,False,4.67867117654489,692,88.6668257287617,
inst_late_30plus_ratio_min,ratio_rate_numeric,feature,P3_normal_type_specific_eda,route_to_ratio_rate_eda,ratio_rate_eda,no universal-level issue; continue type-specific EDA,5.160140612856125,1.641227638273429,3.518912974582697,281,75.0,False,False,4.67867117654489,295,94.45369187800873,
inst_late_60plus_ratio_mean,ratio_rate_numeric,feature,P3_normal_type_specific_eda,route_to_ratio_rate_eda,ratio_rate_eda,no universal-level issue; continue type-specific EDA,5.160140612856125,1.641227638273429,3.518912974582697,994,298.0,False,False,4.67867117654489,1072,92.54494673758965,
inst_late_60plus_ratio_max,ratio_rate_numeric,feature,P3_normal_type_specific_eda,route_to_ratio_rate_eda,ratio_rate_eda,no universal-level issue; continue type-specific EDA,5.160140612856125,1.641227638273429,3.518912974582697,501,191.0,False,False,4.67867117654489,525,92.54494673758965,
inst_late_60plus_ratio_min,ratio_rate_numeric,feature,P3_normal_type_specific_eda,route_to_ratio_rate_eda,ratio_rate_eda,no universal-level issue; continue type-specific EDA,5.160140612856125,1.641227638273429,3.518912974582697,169,37.0,False,False,4.67867117654489,179,94.99571935832479,
inst_late_90plus_ratio_mean,ratio_rate_numeric,feature,P3_normal_type_specific_eda,route_to_ratio_rate_eda,ratio_rate_eda,no universal-level issue; continue type-specific EDA,5.160140612856125,1.641227638273429,3.518912974582697,780,240.0,False,False,4.67867117654489,841,93.05890443642896,
inst_late_90plus_ratio_max,ratio_rate_numeric,feature,P3_normal_type_specific_eda,route_to_ratio_rate_eda,ratio_rate_eda,no universal-level issue; continue type-specific EDA,5.160140612856125,1.641227638273429,3.518912974582697,444,152.0,False,False,4.67867117654489,461,93.05890443642896,
inst_late_90plus_ratio_min,ratio_rate_numeric,feature,P3_normal_type_specific_eda,route_to_ratio_rate_eda,ratio_rate_eda,no universal-level issue; continue type-specific EDA,5.160140612856125,1.641227638273429,3.518912974582697,123,33.0,False,False,4.67867117654489,130,95.06336753168377,
inst_is_underpaid_ratio_mean,ratio_rate_numeric,feature,P3_normal_type_specific_eda,route_to_ratio_rate_eda,ratio_rate_eda,no universal-level issue; continue type-specific EDA,5.160140612856125,1.641227638273429,3.518912974582697,536,143.0,False,False,4.67867117654489,563,94.49916492400106,
inst_is_underpaid_ratio_max,ratio_rate_numeric,feature,P3_normal_type_specific_eda,route_to_ratio_rate_eda,ratio_rate_eda,no universal-level issue; continue type-specific EDA,5.160140612856125,1.641227638273429,3.518912974582697,277,95.0,False,False,4.67867117654489,282,94.49916492400106,
inst_is_underpaid_ratio_min,ratio_rate_numeric,feature,P3_normal_type_specific_eda,route_to_ratio_rate_eda,ratio_rate_eda,no universal-level issue; continue type-specific EDA,5.160140612856125,1.641227638273429,3.518912974582697,82,19.0,False,False,4.67867117654489,86,95.19192713084729,
inst_is_fully_paid_ratio_mean,ratio_rate_numeric,feature,P3_normal_type_specific_eda,route_to_ratio_rate_eda,ratio_rate_eda,no universal-level issue; continue type-specific EDA,5.160140612856125,1.641227638273429,3.518912974582697,539,145.0,False,False,4.67867117654489,567,94.48400724200361,
inst_is_fully_paid_ratio_max,ratio_rate_numeric,feature,P3_normal_type_specific_eda,route_to_ratio_rate_eda,ratio_rate_eda,no universal-level issue; continue type-specific EDA,5.160140612856125,1.641227638273429,3.518912974582697,84,19.0,False,False,4.67867117654489,88,95.19052364177345,
inst_is_fully_paid_ratio_min,ratio_rate_numeric,feature,P3_normal_type_specific_eda,route_to_ratio_rate_eda,ratio_rate_eda,no universal-level issue; continue type-specific EDA,5.160140612856125,1.641227638273429,3.518912974582697,279,95.0,False,False,4.67867117654489,284,94.48400724200361,
inst_is_overpaid_ratio_mean,ratio_rate_numeric,feature,P3_normal_type_specific_eda,route_to_ratio_rate_eda,ratio_rate_eda,no universal-level issue; continue type-specific EDA,5.160140612856125,1.641227638273429,3.518912974582697,2525,1079.0,False,False,4.67867117654489,2925,82.7337160180208,
inst_is_overpaid_ratio_max,ratio_rate_numeric,feature,P3_normal_type_specific_eda,route_to_ratio_rate_eda,ratio_rate_eda,no universal-level issue; continue type-specific EDA,5.160140612856125,1.641227638273429,3.518912974582697,284,217.0,False,False,4.67867117654489,302,82.7337160180208,
inst_is_overpaid_ratio_min,ratio_rate_numeric,feature,P3_normal_type_specific_eda,route_to_ratio_rate_eda,ratio_rate_eda,no universal-level issue; continue type-specific EDA,5.160140612856125,1.641227638273429,3.518912974582697,164,103.0,False,False,4.67867117654489,178,93.8602966975902,
inst_has_multiple_payments_ratio_mean,ratio_rate_numeric,feature,P3_normal_type_specific_eda,route_to_ratio_rate_eda,ratio_rate_eda,no universal-level issue; continue type-specific EDA,5.160140612856125,1.641227638273429,3.518912974582697,21340,5809.0,False,False,4.67867117654489,24180,48.25953319953405,
inst_has_multiple_payments_ratio_max,ratio_rate_numeric,feature,P3_normal_type_specific_eda,route_to_ratio_rate_eda,ratio_rate_eda,no universal-level issue; continue type-specific EDA,5.160140612856125,1.641227638273429,3.518912974582697,1276,692.0,False,False,4.67867117654489,1322,48.25953319953405,
inst_has_multiple_payments_ratio_min,ratio_rate_numeric,feature,P3_normal_type_specific_eda,route_to_ratio_rate_eda,ratio_rate_eda,no universal-level issue; continue type-specific EDA,5.160140612856125,1.641227638273429,3.518912974582697,773,356.0,False,False,4.67867117654489,820,85.91682923748438,
inst_has_version_change_ratio_mean,ratio_rate_numeric,feature,P3_normal_type_specific_eda,route_to_ratio_rate_eda,ratio_rate_eda,no universal-level issue; continue type-specific EDA,5.160140612856125,1.641227638273429,3.518912974582697,2526,1079.0,False,False,4.67867117654489,2926,82.72782136391068,
inst_has_version_change_ratio_max,ratio_rate_numeric,feature,P3_normal_type_specific_eda,route_to_ratio_rate_eda,ratio_rate_eda,no universal-level issue; continue type-specific EDA,5.160140612856125,1.641227638273429,3.518912974582697,283,217.0,False,False,4.67867117654489,301,82.72782136391068,
inst_has_version_change_ratio_min,ratio_rate_numeric,feature,P3_normal_type_specific_eda,route_to_ratio_rate_eda,ratio_rate_eda,no universal-level issue; continue type-specific EDA,5.160140612856125,1.641227638273429,3.518912974582697,164,103.0,False,False,4.67867117654489,178,93.86001599977544,
inst_has_due_day_shift_ratio_mean,ratio_rate_numeric,feature,P3_normal_type_specific_eda,route_to_ratio_rate_eda,ratio_rate_eda,no universal-level issue; continue type-specific EDA,5.160140612856125,1.641227638273429,3.518912974582697,24,26.0,False,False,4.67867117654489,28,95.23627738558055,
inst_has_due_day_shift_ratio_max,ratio_rate_numeric,feature,P3_normal_type_specific_eda,route_to_ratio_rate_eda,ratio_rate_eda,no universal-level issue; continue type-specific EDA,5.160140612856125,1.641227638273429,3.518912974582697,8,10.0,False,False,4.67867117654489,10,95.23627738558055,
inst_has_due_day_shift_ratio_min,ratio_rate_numeric,feature,P3_normal_type_specific_eda,route_to_ratio_rate_eda,ratio_rate_eda,no universal-level issue; continue type-specific EDA,5.160140612856125,1.641227638273429,3.518912974582697,8,7.0,False,False,4.67867117654489,8,95.31178509775302,
inst_has_expected_amount_shift_ratio_mean,ratio_rate_numeric,feature,P3_normal_type_specific_eda,route_to_ratio_rate_eda,ratio_rate_eda,no universal-level issue; continue type-specific EDA,5.160140612856125,1.641227638273429,3.518912974582697,2526,1079.0,False,False,4.67867117654489,2926,82.73034764424358,
inst_has_expected_amount_shift_ratio_max,ratio_rate_numeric,feature,P3_normal_type_specific_eda,route_to_ratio_rate_eda,ratio_rate_eda,no universal-level issue; continue type-specific EDA,5.160140612856125,1.641227638273429,3.518912974582697,283,217.0,False,False,4.67867117654489,301,82.73034764424358,
inst_has_expected_amount_shift_ratio_min,ratio_rate_numeric,feature,P3_normal_type_specific_eda,route_to_ratio_rate_eda,ratio_rate_eda,no universal-level issue; continue type-specific EDA,5.160140612856125,1.641227638273429,3.518912974582697,164,104.0,False,False,4.67867117654489,178,93.86085809321975,
inst_missing_payment_day_ratio_mean,ratio_rate_numeric,feature,P3_normal_type_specific_eda,route_to_ratio_rate_eda,ratio_rate_eda,no universal-level issue; continue type-specific EDA,5.160140612856125,1.641227638273429,3.518912974582697,398,98.0,False,False,4.67867117654489,421,94.9707372528105,
inst_missing_payment_day_ratio_max,ratio_rate_numeric,feature,P3_normal_type_specific_eda,route_to_ratio_rate_eda,ratio_rate_eda,no universal-level issue; continue type-specific EDA,5.160140612856125,1.641227638273429,3.518912974582697,230,73.0,False,False,4.67867117654489,236,94.9707372528105,
inst_missing_payment_day_ratio_min,ratio_rate_numeric,feature,P3_normal_type_specific_eda,route_to_ratio_rate_eda,ratio_rate_eda,no universal-level issue; continue type-specific EDA,5.160140612856125,1.641227638273429,3.518912974582697,64,13.0,False,False,4.67867117654489,68,95.2842767119058,
inst_missing_payment_amount_ratio_mean,ratio_rate_numeric,feature,P3_normal_type_specific_eda,route_to_ratio_rate_eda,ratio_rate_eda,no universal-level issue; continue type-specific EDA,5.160140612856125,1.641227638273429,3.518912974582697,398,98.0,False,False,4.67867117654489,421,94.9707372528105,
inst_missing_payment_amount_ratio_max,ratio_rate_numeric,feature,P3_normal_type_specific_eda,route_to_ratio_rate_eda,ratio_rate_eda,no universal-level issue; continue type-specific EDA,5.160140612856125,1.641227638273429,3.518912974582697,230,73.0,False,False,4.67867117654489,236,94.9707372528105,
inst_missing_payment_amount_ratio_min,ratio_rate_numeric,feature,P3_normal_type_specific_eda,route_to_ratio_rate_eda,ratio_rate_eda,no universal-level issue; continue type-specific EDA,5.160140612856125,1.641227638273429,3.518912974582697,64,13.0,False,False,4.67867117654489,68,95.2842767119058,
inst_is_recent_6m_ratio_mean,ratio_rate_numeric,feature,P3_normal_type_specific_eda,route_to_ratio_rate_eda,ratio_rate_eda,no universal-level issue; continue type-specific EDA,5.160140612856125,1.641227638273429,3.518912974582697,22150,5913.0,False,False,4.67867117654489,24745,36.02138917348528,
inst_is_recent_6m_ratio_max,ratio_rate_numeric,feature,P3_normal_type_specific_eda,route_to_ratio_rate_eda,ratio_rate_eda,no universal-level issue; continue type-specific EDA,5.160140612856125,1.641227638273429,3.518912974582697,1599,913.0,False,False,4.67867117654489,1672,36.02138917348528,
inst_is_recent_6m_ratio_min,ratio_rate_numeric,feature,P3_normal_type_specific_eda,route_to_ratio_rate_eda,ratio_rate_eda,no universal-level issue; continue type-specific EDA,5.160140612856125,1.641227638273429,3.518912974582697,810,289.0,False,False,4.67867117654489,838,82.30228347672313,
inst_is_recent_12m_ratio_mean,ratio_rate_numeric,feature,P3_normal_type_specific_eda,route_to_ratio_rate_eda,ratio_rate_eda,no universal-level issue; continue type-specific EDA,5.160140612856125,1.641227638273429,3.518912974582697,25235,6755.0,False,False,4.67867117654489,28589,24.371868465004,
inst_is_recent_12m_ratio_max,ratio_rate_numeric,feature,P3_normal_type_specific_eda,route_to_ratio_rate_eda,ratio_rate_eda,no universal-level issue; continue type-specific EDA,5.160140612856125,1.641227638273429,3.518912974582697,2077,1064.0,False,False,4.67867117654489,2212,40.45753743807104,
inst_is_recent_12m_ratio_min,ratio_rate_numeric,feature,P3_normal_type_specific_eda,route_to_ratio_rate_eda,ratio_rate_eda,no universal-level issue; continue type-specific EDA,5.160140612856125,1.641227638273429,3.518912974582697,1033,396.0,False,False,4.67867117654489,1102,74.32653576791904,
inst_is_recent_24m_ratio_mean,ratio_rate_numeric,feature,P3_normal_type_specific_eda,route_to_ratio_rate_eda,ratio_rate_eda,no universal-level issue; continue type-specific EDA,5.160140612856125,1.641227638273429,3.518912974582697,21027,6183.0,False,False,4.67867117654489,24264,24.41200825251575,
inst_is_recent_24m_ratio_max,ratio_rate_numeric,feature,P3_normal_type_specific_eda,route_to_ratio_rate_eda,ratio_rate_eda,no universal-level issue; continue type-specific EDA,5.160140612856125,1.641227638273429,3.518912974582697,1994,720.0,False,False,4.67867117654489,2142,70.73304234326537,
inst_is_recent_24m_ratio_min,ratio_rate_numeric,feature,P3_normal_type_specific_eda,route_to_ratio_rate_eda,ratio_rate_eda,no universal-level issue; continue type-specific EDA,5.160140612856125,1.641227638273429,3.518912974582697,1226,482.0,False,False,4.67867117654489,1340,61.11717730277469,
inst_recent_6m_late_ratio_mean,ratio_rate_numeric,feature,P3_normal_type_specific_eda,route_to_ratio_rate_eda,ratio_rate_eda,no universal-level issue; continue type-specific EDA,5.160140612856125,1.641227638273429,3.518912974582697,3961,1100.0,False,False,4.67867117654489,4341,82.69497971958289,
inst_recent_6m_late_ratio_max,ratio_rate_numeric,feature,P3_normal_type_specific_eda,route_to_ratio_rate_eda,ratio_rate_eda,no universal-level issue; continue type-specific EDA,5.160140612856125,1.641227638273429,3.518912974582697,491,310.0,False,False,4.67867117654489,505,82.69497971958289,
inst_recent_6m_late_ratio_min,ratio_rate_numeric,feature,P3_normal_type_specific_eda,route_to_ratio_rate_eda,ratio_rate_eda,no universal-level issue; continue type-specific EDA,5.160140612856125,1.641227638273429,3.518912974582697,184,106.0,False,False,4.67867117654489,195,93.69131661310016,
inst_recent_12m_late_ratio_mean,ratio_rate_numeric,feature,P3_normal_type_specific_eda,route_to_ratio_rate_eda,ratio_rate_eda,no universal-level issue; continue type-specific EDA,5.160140612856125,1.641227638273429,3.518912974582697,6981,1960.0,False,False,4.67867117654489,7772,74.94800072981432,
inst_recent_12m_late_ratio_max,ratio_rate_numeric,feature,P3_normal_type_specific_eda,route_to_ratio_rate_eda,ratio_rate_eda,no universal-level issue; continue type-specific EDA,5.160140612856125,1.641227638273429,3.518912974582697,730,428.0,False,False,4.67867117654489,757,74.94800072981432,
inst_recent_12m_late_ratio_min,ratio_rate_numeric,feature,P3_normal_type_specific_eda,route_to_ratio_rate_eda,ratio_rate_eda,no universal-level issue; continue type-specific EDA,5.160140612856125,1.641227638273429,3.518912974582697,314,154.0,False,False,4.67867117654489,330,92.14607514280502,
inst_recent_24m_late_ratio_mean,ratio_rate_numeric,feature,P3_normal_type_specific_eda,route_to_ratio_rate_eda,ratio_rate_eda,no universal-level issue; continue type-specific EDA,5.160140612856125,1.641227638273429,3.518912974582697,12281,3291.0,False,False,4.67867117654489,13748,65.3481354647654,
inst_recent_24m_late_ratio_max,ratio_rate_numeric,feature,P3_normal_type_specific_eda,route_to_ratio_rate_eda,ratio_rate_eda,no universal-level issue; continue type-specific EDA,5.160140612856125,1.641227638273429,3.518912974582697,1126,618.0,False,False,4.67867117654489,1161,65.3481354647654,
inst_recent_24m_late_ratio_min,ratio_rate_numeric,feature,P3_normal_type_specific_eda,route_to_ratio_rate_eda,ratio_rate_eda,no universal-level issue; continue type-specific EDA,5.160140612856125,1.641227638273429,3.518912974582697,494,227.0,False,False,4.67867117654489,526,89.94259729688004,
inst_recent_6m_underpaid_ratio_mean,ratio_rate_numeric,feature,P3_normal_type_specific_eda,route_to_ratio_rate_eda,ratio_rate_eda,no universal-level issue; continue type-specific EDA,5.160140612856125,1.641227638273429,3.518912974582697,356,108.0,False,False,4.67867117654489,375,94.76807343054834,
inst_recent_6m_underpaid_ratio_max,ratio_rate_numeric,feature,P3_normal_type_specific_eda,route_to_ratio_rate_eda,ratio_rate_eda,no universal-level issue; continue type-specific EDA,5.160140612856125,1.641227638273429,3.518912974582697,155,58.0,False,False,4.67867117654489,161,94.76807343054834,
inst_recent_6m_underpaid_ratio_min,ratio_rate_numeric,feature,P3_normal_type_specific_eda,route_to_ratio_rate_eda,ratio_rate_eda,no universal-level issue; continue type-specific EDA,5.160140612856125,1.641227638273429,3.518912974582697,38,9.0,False,False,4.67867117654489,38,95.25676832605858,
inst_recent_12m_underpaid_ratio_mean,ratio_rate_numeric,feature,P3_normal_type_specific_eda,route_to_ratio_rate_eda,ratio_rate_eda,no universal-level issue; continue type-specific EDA,5.160140612856125,1.641227638273429,3.518912974582697,362,105.0,False,False,4.67867117654489,380,94.73467039059102,
inst_recent_12m_underpaid_ratio_max,ratio_rate_numeric,feature,P3_normal_type_specific_eda,route_to_ratio_rate_eda,ratio_rate_eda,no universal-level issue; continue type-specific EDA,5.160140612856125,1.641227638273429,3.518912974582697,161,54.0,False,False,4.67867117654489,168,94.73467039059102,
inst_recent_12m_underpaid_ratio_min,ratio_rate_numeric,feature,P3_normal_type_specific_eda,route_to_ratio_rate_eda,ratio_rate_eda,no universal-level issue; continue type-specific EDA,5.160140612856125,1.641227638273429,3.518912974582697,42,10.0,False,False,4.67867117654489,42,95.24947018287463,
inst_recent_24m_underpaid_ratio_mean,ratio_rate_numeric,feature,P3_normal_type_specific_eda,route_to_ratio_rate_eda,ratio_rate_eda,no universal-level issue; continue type-specific EDA,5.160140612856125,1.641227638273429,3.518912974582697,384,111.0,False,False,4.67867117654489,400,94.70267083970751,
inst_recent_24m_underpaid_ratio_max,ratio_rate_numeric,feature,P3_normal_type_specific_eda,route_to_ratio_rate_eda,ratio_rate_eda,no universal-level issue; continue type-specific EDA,5.160140612856125,1.641227638273429,3.518912974582697,184,57.0,False,False,4.67867117654489,188,94.70267083970751,
inst_recent_24m_underpaid_ratio_min,ratio_rate_numeric,feature,P3_normal_type_specific_eda,route_to_ratio_rate_eda,ratio_rate_eda,no universal-level issue; continue type-specific EDA,5.160140612856125,1.641227638273429,3.518912974582697,42,12.0,False,False,4.67867117654489,42,95.24217203969067,
inst_total_paid_to_expected_ratio_mean,ratio_rate_numeric,feature,P3_normal_type_specific_eda,route_to_ratio_rate_eda,ratio_rate_eda,no universal-level issue; continue type-specific EDA,5.16111618771361,1.641227638273429,3.519888549440181,39478,7880.0,False,False,4.679513269989193,47205,81.86551767694489,
inst_total_paid_to_expected_ratio_max,ratio_rate_numeric,feature,P3_normal_type_specific_eda,route_to_ratio_rate_eda,ratio_rate_eda,no universal-level issue; continue type-specific EDA,5.16111618771361,1.641227638273429,3.519888549440181,37265,7564.0,False,False,4.679513269989193,44445,82.53919243238691,
inst_total_paid_to_expected_ratio_min,ratio_rate_numeric,feature,P3_normal_type_specific_eda,route_to_ratio_rate_eda,ratio_rate_eda,no universal-level issue; continue type-specific EDA,5.16111618771361,1.641227638273429,3.519888549440181,6996,1270.0,False,False,4.679513269989193,8231,92.92585367222917,
inst_recent_6m_late_ratio_adjusted_mean,ratio_rate_numeric,feature,P3_normal_type_specific_eda,route_to_ratio_rate_eda,ratio_rate_eda,no universal-level issue; continue type-specific EDA,40.7325266413234,40.49524043984901,0.2372862014743973,658,252.0,False,False,40.70006035003018,685,46.6735905460976,
inst_recent_6m_late_ratio_adjusted_max,ratio_rate_numeric,feature,P3_normal_type_specific_eda,route_to_ratio_rate_eda,ratio_rate_eda,no universal-level issue; continue type-specific EDA,40.7325266413234,40.49524043984901,0.2372862014743973,83,61.0,False,False,40.70006035003018,83,46.6735905460976,
inst_recent_6m_late_ratio_adjusted_min,ratio_rate_numeric,feature,P3_normal_type_specific_eda,route_to_ratio_rate_eda,ratio_rate_eda,no universal-level issue; continue type-specific EDA,40.7325266413234,40.49524043984901,0.2372862014743973,75,57.0,False,False,40.70006035003018,75,51.10440555220278,
inst_recent_6m_underpaid_ratio_adjusted_mean,ratio_rate_numeric,feature,P3_normal_type_specific_eda,route_to_ratio_rate_eda,ratio_rate_eda,no universal-level issue; continue type-specific EDA,40.7325266413234,40.49524043984901,0.2372862014743973,105,33.0,False,False,40.70006035003018,107,58.74668425706307,
inst_recent_6m_underpaid_ratio_adjusted_max,ratio_rate_numeric,feature,P3_normal_type_specific_eda,route_to_ratio_rate_eda,ratio_rate_eda,no universal-level issue; continue type-specific EDA,40.7325266413234,40.49524043984901,0.2372862014743973,36,20.0,False,False,40.70006035003018,36,58.74668425706307,
inst_recent_6m_underpaid_ratio_adjusted_min,ratio_rate_numeric,feature,P3_normal_type_specific_eda,route_to_ratio_rate_eda,ratio_rate_eda,no universal-level issue; continue type-specific EDA,40.7325266413234,40.49524043984901,0.2372862014743973,38,19.0,False,False,40.70006035003018,38,58.99341763624371,
inst_recent_12m_late_ratio_adjusted_mean,ratio_rate_numeric,feature,P3_normal_type_specific_eda,route_to_ratio_rate_eda,ratio_rate_eda,no universal-level issue; continue type-specific EDA,29.26822129940067,27.67725258493353,1.590968714467142,3074,1012.0,False,False,29.05053964154889,3326,50.57613226481031,
inst_recent_12m_late_ratio_adjusted_max,ratio_rate_numeric,feature,P3_normal_type_specific_eda,route_to_ratio_rate_eda,ratio_rate_eda,no universal-level issue; continue type-specific EDA,29.26822129940067,27.67725258493353,1.590968714467142,220,171.0,False,False,29.05053964154889,226,50.57613226481031,
inst_recent_12m_late_ratio_adjusted_min,ratio_rate_numeric,feature,P3_normal_type_specific_eda,route_to_ratio_rate_eda,ratio_rate_eda,no universal-level issue; continue type-specific EDA,29.26822129940067,27.67725258493353,1.590968714467142,210,155.0,False,False,29.05053964154889,216,59.52674348430197,
inst_recent_12m_underpaid_ratio_adjusted_mean,ratio_rate_numeric,feature,P3_normal_type_specific_eda,route_to_ratio_rate_eda,ratio_rate_eda,no universal-level issue; continue type-specific EDA,29.26822129940067,27.67725258493353,1.590968714467142,167,59.0,False,False,29.05053964154889,171,70.36280192558701,
inst_recent_12m_underpaid_ratio_adjusted_max,ratio_rate_numeric,feature,P3_normal_type_specific_eda,route_to_ratio_rate_eda,ratio_rate_eda,no universal-level issue; continue type-specific EDA,29.26822129940067,27.67725258493353,1.590968714467142,70,39.0,False,False,29.05053964154889,71,70.36280192558701,
inst_recent_12m_underpaid_ratio_adjusted_min,ratio_rate_numeric,feature,P3_normal_type_specific_eda,route_to_ratio_rate_eda,ratio_rate_eda,no universal-level issue; continue type-specific EDA,29.26822129940067,27.67725258493353,1.590968714467142,60,26.0,False,False,29.05053964154889,62,70.70020069893755,
inst_recent_24m_late_ratio_adjusted_mean,ratio_rate_numeric,feature,P3_normal_type_specific_eda,route_to_ratio_rate_eda,ratio_rate_eda,no universal-level issue; continue type-specific EDA,18.03935468975094,14.24585590021336,3.793498789537578,9556,2672.0,False,False,17.5203155043438,10606,52.5064911369665,
inst_recent_24m_late_ratio_adjusted_max,ratio_rate_numeric,feature,P3_normal_type_specific_eda,route_to_ratio_rate_eda,ratio_rate_eda,no universal-level issue; continue type-specific EDA,18.03935468975094,14.24585590021336,3.793498789537578,556,382.0,False,False,17.5203155043438,576,52.5064911369665,
inst_recent_24m_late_ratio_adjusted_min,ratio_rate_numeric,feature,P3_normal_type_specific_eda,route_to_ratio_rate_eda,ratio_rate_eda,no universal-level issue; continue type-specific EDA,18.03935468975094,14.24585590021336,3.793498789537578,508,335.0,False,False,17.5203155043438,524,69.31888675246664,
inst_recent_24m_underpaid_ratio_adjusted_mean,ratio_rate_numeric,feature,P3_normal_type_specific_eda,route_to_ratio_rate_eda,ratio_rate_eda,no universal-level issue; continue type-specific EDA,18.03935468975094,14.24585590021336,3.793498789537578,256,79.0,False,False,17.5203155043438,261,81.8610265119086,
inst_recent_24m_underpaid_ratio_adjusted_max,ratio_rate_numeric,feature,P3_normal_type_specific_eda,route_to_ratio_rate_eda,ratio_rate_eda,no universal-level issue; continue type-specific EDA,18.03935468975094,14.24585590021336,3.793498789537578,100,49.0,False,False,17.5203155043438,100,81.8610265119086,
inst_recent_24m_underpaid_ratio_adjusted_min,ratio_rate_numeric,feature,P3_normal_type_specific_eda,route_to_ratio_rate_eda,ratio_rate_eda,no universal-level issue; continue type-specific EDA,18.03935468975094,14.24585590021336,3.793498789537578,66,23.0,False,False,17.5203155043438,67,82.31238859805477,
inst_latest_payment_ratio_mean,ratio_rate_numeric,feature,P3_normal_type_specific_eda,route_to_ratio_rate_eda,ratio_rate_eda,no universal-level issue; continue type-specific EDA,5.161441379332772,1.641227638273429,3.520213741059344,5869,913.0,False,False,4.679793967803961,6763,93.10381608679177,
inst_latest_payment_ratio_max,ratio_rate_numeric,feature,P3_normal_type_specific_eda,route_to_ratio_rate_eda,ratio_rate_eda,no universal-level issue; continue type-specific EDA,5.161441379332772,1.641227638273429,3.520213741059344,4288,677.0,False,False,4.679793967803961,4930,93.8793841489944,
inst_latest_payment_ratio_min,ratio_rate_numeric,feature,P3_normal_type_specific_eda,route_to_ratio_rate_eda,ratio_rate_eda,no universal-level issue; continue type-specific EDA,5.161441379332772,1.641227638273429,3.520213741059344,2230,316.0,False,False,4.679793967803961,2542,94.26618573774404,
inst_payment_row_count_sum_x_mean,discrete_count_numeric,feature,P3_normal_type_specific_eda,route_to_discrete_count_eda,discrete_count_eda,no universal-level issue; continue type-specific EDA,5.160140612856125,1.641227638273429,3.518912974582697,1997,1400.0,False,False,4.67867117654489,2064,5.320346381103423,
inst_payment_row_count_sum_x_max,discrete_count_numeric,feature,P3_normal_type_specific_eda,route_to_discrete_count_eda,discrete_count_eda,no universal-level issue; continue type-specific EDA,5.160140612856125,1.641227638273429,3.518912974582697,218,198.0,False,False,4.67867117654489,221,10.26062792101163,
inst_payment_row_count_sum_x_min,discrete_count_numeric,feature,P3_normal_type_specific_eda,route_to_discrete_count_eda,discrete_count_eda,no universal-level issue; continue type-specific EDA,5.160140612856125,1.641227638273429,3.518912974582697,189,136.0,False,False,4.67867117654489,190,14.94098328444513,
inst_payment_row_count_sum_x_sum,discrete_count_numeric,feature,P3_normal_type_specific_eda,route_to_discrete_count_eda,discrete_count_eda,no universal-level issue; continue type-specific EDA,5.160140612856125,1.641227638273429,3.518912974582697,319,285.0,False,False,4.67867117654489,323,4.67867117654489,
inst_installment_number_min_mean,discrete_count_numeric,feature,P3_normal_type_specific_eda,route_to_discrete_count_eda,discrete_count_eda,no universal-level issue; continue type-specific EDA,5.160140612856125,1.641227638273429,3.518912974582697,359,283.0,False,False,4.67867117654489,394,86.82376387699821,
inst_installment_number_min_max,discrete_count_numeric,feature,P3_normal_type_specific_eda,route_to_discrete_count_eda,discrete_count_eda,no universal-level issue; continue type-specific EDA,5.160140612856125,1.641227638273429,3.518912974582697,68,61.0,False,False,4.67867117654489,76,86.82376387699821,
inst_installment_number_min_min,discrete_count_numeric,feature,P3_normal_type_specific_eda,route_to_discrete_count_eda,discrete_count_eda,no universal-level issue; continue type-specific EDA,5.160140612856125,1.641227638273429,3.518912974582697,37,38.0,False,False,4.67867117654489,41,94.7167057304459,
inst_installment_number_min_sum,discrete_count_numeric,feature,P3_normal_type_specific_eda,route_to_discrete_count_eda,discrete_count_eda,no universal-level issue; continue type-specific EDA,5.160140612856125,1.641227638273429,3.518912974582697,74,68.0,False,False,4.67867117654489,84,25.99149485621254,
inst_installment_number_max_mean,discrete_count_numeric,feature,P3_normal_type_specific_eda,route_to_discrete_count_eda,discrete_count_eda,no universal-level issue; continue type-specific EDA,5.160140612856125,1.641227638273429,3.518912974582697,2187,1487.0,False,False,4.67867117654489,2283,6.160194242887819,
inst_installment_number_max_max,discrete_count_numeric,feature,P3_normal_type_specific_eda,route_to_discrete_count_eda,discrete_count_eda,no universal-level issue; continue type-specific EDA,5.160140612856125,1.641227638273429,3.518912974582697,233,222.0,False,False,4.67867117654489,239,14.90701884885826,
inst_installment_number_max_min,discrete_count_numeric,feature,P3_normal_type_specific_eda,route_to_discrete_count_eda,discrete_count_eda,no universal-level issue; continue type-specific EDA,5.160140612856125,1.641227638273429,3.518912974582697,195,144.0,False,False,4.67867117654489,199,17.34740565044701,
inst_installment_number_max_sum,discrete_count_numeric,feature,P3_normal_type_specific_eda,route_to_discrete_count_eda,discrete_count_eda,no universal-level issue; continue type-specific EDA,5.160140612856125,1.641227638273429,3.518912974582697,387,317.0,False,False,4.67867117654489,395,4.955719919720424,
inst_installment_number_span_mean_y,discrete_count_numeric,feature,P3_normal_type_specific_eda,route_to_discrete_count_eda,discrete_count_eda,no universal-level issue; continue type-specific EDA,5.160140612856125,1.641227638273429,3.518912974582697,2137,1436.0,False,False,4.67867117654489,2217,6.187421930920268,
inst_installment_number_span_max_y,discrete_count_numeric,feature,P3_normal_type_specific_eda,route_to_discrete_count_eda,discrete_count_eda,no universal-level issue; continue type-specific EDA,5.160140612856125,1.641227638273429,3.518912974582697,215,197.0,False,False,4.67867117654489,217,14.67291687134216,
inst_installment_number_span_min,discrete_count_numeric,feature,P3_normal_type_specific_eda,route_to_discrete_count_eda,discrete_count_eda,no universal-level issue; continue type-specific EDA,5.160140612856125,1.641227638273429,3.518912974582697,185,131.0,False,False,4.67867117654489,188,16.57660945109542,
inst_installment_number_span_sum,discrete_count_numeric,feature,P3_normal_type_specific_eda,route_to_discrete_count_eda,discrete_count_eda,no universal-level issue; continue type-specific EDA,5.160140612856125,1.641227638273429,3.518912974582697,372,298.0,False,False,4.67867117654489,379,4.807511473523179,
inst_delay_days_sum_mean,overdue_delay_numeric,feature,P3_normal_type_specific_eda,route_to_overdue_delay_eda,overdue_delay_eda,no universal-level issue; continue type-specific EDA,5.160140612856125,1.641227638273429,3.518912974582697,14653,6755.0,False,False,4.67867117654489,15594,4.67867117654489,
inst_delay_days_sum_max,overdue_delay_numeric,feature,P3_normal_type_specific_eda,route_to_overdue_delay_eda,overdue_delay_eda,no universal-level issue; continue type-specific EDA,5.160140612856125,1.641227638273429,3.518912974582697,3196,1456.0,False,False,4.67867117654489,3329,4.67867117654489,
inst_delay_days_sum_min,overdue_delay_numeric,feature,P3_normal_type_specific_eda,route_to_overdue_delay_eda,overdue_delay_eda,no universal-level issue; continue type-specific EDA,5.160140612856125,1.641227638273429,3.518912974582697,2707,1620.0,False,False,4.67867117654489,2825,4.67867117654489,
inst_delay_days_sum_sum,overdue_delay_numeric,feature,P3_normal_type_specific_eda,route_to_overdue_delay_eda,overdue_delay_eda,no universal-level issue; continue type-specific EDA,5.160140612856125,1.641227638273429,3.518912974582697,4827,2755.0,False,False,4.67867117654489,5057,4.67867117654489,
inst_delay_days_mean_mean,overdue_delay_numeric,feature,P3_normal_type_specific_eda,route_to_overdue_delay_eda,overdue_delay_eda,no universal-level issue; continue type-specific EDA,5.162742145809418,1.64327917282127,3.519462972988147,125431,28138.0,False,False,4.681197456877798,143282,4.681197456877798,
inst_delay_days_mean_max,overdue_delay_numeric,feature,P3_normal_type_specific_eda,route_to_overdue_delay_eda,overdue_delay_eda,no universal-level issue; continue type-specific EDA,5.162742145809418,1.64327917282127,3.519462972988147,23911,8606.0,False,False,4.681197456877798,26019,4.681197456877798,
inst_delay_days_mean_min,overdue_delay_numeric,feature,P3_normal_type_specific_eda,route_to_overdue_delay_eda,overdue_delay_eda,no universal-level issue; continue type-specific EDA,5.162742145809418,1.64327917282127,3.519462972988147,16943,6736.0,False,False,4.681197456877798,18266,4.681197456877798,
inst_delay_days_mean_sum,overdue_delay_numeric,feature,P3_normal_type_specific_eda,route_to_overdue_delay_eda,overdue_delay_eda,no universal-level issue; continue type-specific EDA,5.160140612856125,1.641227638273429,3.518912974582697,119123,27342.0,False,False,4.67867117654489,136042,4.67867117654489,
inst_delay_days_max_mean,overdue_delay_numeric,feature,P3_normal_type_specific_eda,route_to_overdue_delay_eda,overdue_delay_eda,no universal-level issue; continue type-specific EDA,5.162742145809418,1.64327917282127,3.519462972988147,4772,1816.0,False,False,4.681197456877798,5040,4.681197456877798,
inst_delay_days_max_max,overdue_delay_numeric,feature,P3_normal_type_specific_eda,route_to_overdue_delay_eda,overdue_delay_eda,no universal-level issue; continue type-specific EDA,5.162742145809418,1.64327917282127,3.519462972988147,1684,637.0,False,False,4.681197456877798,1736,14.52526982077444,
inst_delay_days_max_min,overdue_delay_numeric,feature,P3_normal_type_specific_eda,route_to_overdue_delay_eda,overdue_delay_eda,no universal-level issue; continue type-specific EDA,5.162742145809418,1.64327917282127,3.519462972988147,657,193.0,False,False,4.681197456877798,687,7.889854177485228,
inst_delay_days_max_sum,overdue_delay_numeric,feature,P3_normal_type_specific_eda,route_to_overdue_delay_eda,overdue_delay_eda,no universal-level issue; continue type-specific EDA,5.160140612856125,1.641227638273429,3.518912974582697,1848,762.0,False,False,4.67867117654489,1920,4.67867117654489,
inst_delay_days_min_mean,overdue_delay_numeric,feature,P3_normal_type_specific_eda,route_to_overdue_delay_eda,overdue_delay_eda,no universal-level issue; continue type-specific EDA,5.162742145809418,1.64327917282127,3.519462972988147,3334,1911.0,False,False,4.681197456877798,3510,4.681197456877798,
inst_delay_days_min_max,overdue_delay_numeric,feature,P3_normal_type_specific_eda,route_to_overdue_delay_eda,overdue_delay_eda,no universal-level issue; continue type-specific EDA,5.162742145809418,1.64327917282127,3.519462972988147,392,226.0,False,False,4.681197456877798,408,5.99317904310115,
inst_delay_days_min_min,overdue_delay_numeric,feature,P3_normal_type_specific_eda,route_to_overdue_delay_eda,overdue_delay_eda,no universal-level issue; continue type-specific EDA,5.162742145809418,1.64327917282127,3.519462972988147,446,297.0,False,False,4.681197456877798,465,6.959621619345693,
inst_delay_days_min_sum,overdue_delay_numeric,feature,P3_normal_type_specific_eda,route_to_overdue_delay_eda,overdue_delay_eda,no universal-level issue; continue type-specific EDA,5.160140612856125,1.641227638273429,3.518912974582697,820,541.0,False,False,4.67867117654489,844,4.67867117654489,
inst_delay_days_std_mean,overdue_delay_numeric,feature,P3_normal_type_specific_eda,route_to_overdue_delay_eda,overdue_delay_eda,no universal-level issue; continue type-specific EDA,5.405335093703965,2.244378795338914,3.160956298365051,237641,42839.0,False,False,4.972842486421243,275083,4.972842486421243,
inst_delay_days_std_max,overdue_delay_numeric,feature,P3_normal_type_specific_eda,route_to_overdue_delay_eda,overdue_delay_eda,no universal-level issue; continue type-specific EDA,5.405335093703965,2.244378795338914,3.160956298365051,109978,29321.0,False,False,4.972842486421243,122165,4.972842486421243,
inst_delay_days_std_min,overdue_delay_numeric,feature,P3_normal_type_specific_eda,route_to_overdue_delay_eda,overdue_delay_eda,no universal-level issue; continue type-specific EDA,5.405335093703965,2.244378795338914,3.160956298365051,62537,17368.0,False,False,4.972842486421243,69540,4.972842486421243,
inst_delay_days_std_sum,overdue_delay_numeric,feature,P3_normal_type_specific_eda,route_to_overdue_delay_eda,overdue_delay_eda,no universal-level issue; continue type-specific EDA,5.160140612856125,1.641227638273429,3.518912974582697,237320,42780.0,False,False,4.67867117654489,274749,4.67867117654489,
inst_first_delay_days_mean_mean,overdue_delay_numeric,feature,P3_normal_type_specific_eda,route_to_overdue_delay_eda,overdue_delay_eda,no universal-level issue; continue type-specific EDA,5.162742145809418,1.64327917282127,3.519462972988147,121216,27540.0,False,False,4.681197456877798,138618,4.681197456877798,
inst_first_delay_days_mean_max,overdue_delay_numeric,feature,P3_normal_type_specific_eda,route_to_overdue_delay_eda,overdue_delay_eda,no universal-level issue; continue type-specific EDA,5.162742145809418,1.64327917282127,3.519462972988147,21801,8016.0,False,False,4.681197456877798,23808,4.681197456877798,
inst_first_delay_days_mean_min,overdue_delay_numeric,feature,P3_normal_type_specific_eda,route_to_overdue_delay_eda,overdue_delay_eda,no universal-level issue; continue type-specific EDA,5.162742145809418,1.64327917282127,3.519462972988147,15433,6425.0,False,False,4.681197456877798,16641,4.681197456877798,
inst_first_delay_days_mean_sum,overdue_delay_numeric,feature,P3_normal_type_specific_eda,route_to_overdue_delay_eda,overdue_delay_eda,no universal-level issue; continue type-specific EDA,5.160140612856125,1.641227638273429,3.518912974582697,116363,26914.0,False,False,4.67867117654489,132981,4.67867117654489,
inst_first_delay_days_max_mean,overdue_delay_numeric,feature,P3_normal_type_specific_eda,route_to_overdue_delay_eda,overdue_delay_eda,no universal-level issue; continue type-specific EDA,5.162742145809418,1.64327917282127,3.519462972988147,2576,1175.0,False,False,4.681197456877798,2724,5.923285287224038,
inst_first_delay_days_max_max,overdue_delay_numeric,feature,P3_normal_type_specific_eda,route_to_overdue_delay_eda,overdue_delay_eda,no universal-level issue; continue type-specific EDA,5.162742145809418,1.64327917282127,3.519462972988147,739,280.0,False,False,4.681197456877798,776,20.87325090174173,
inst_first_delay_days_max_min,overdue_delay_numeric,feature,P3_normal_type_specific_eda,route_to_overdue_delay_eda,overdue_delay_eda,no universal-level issue; continue type-specific EDA,5.162742145809418,1.64327917282127,3.519462972988147,363,129.0,False,False,4.681197456877798,377,8.670194102538911,
inst_first_delay_days_max_sum,overdue_delay_numeric,feature,P3_normal_type_specific_eda,route_to_overdue_delay_eda,overdue_delay_eda,no universal-level issue; continue type-specific EDA,5.160140612856125,1.641227638273429,3.518912974582697,916,386.0,False,False,4.67867117654489,967,5.925811567556947,
inst_first_delay_days_min_mean,overdue_delay_numeric,feature,P3_normal_type_specific_eda,route_to_overdue_delay_eda,overdue_delay_eda,no universal-level issue; continue type-specific EDA,5.162742145809418,1.64327917282127,3.519462972988147,3216,1882.0,False,False,4.681197456877798,3399,4.681197456877798,
inst_first_delay_days_min_max,overdue_delay_numeric,feature,P3_normal_type_specific_eda,route_to_overdue_delay_eda,overdue_delay_eda,no universal-level issue; continue type-specific EDA,5.162742145809418,1.64327917282127,3.519462972988147,314,211.0,False,False,4.681197456877798,327,5.018034834598812,
inst_first_delay_days_min_min,overdue_delay_numeric,feature,P3_normal_type_specific_eda,route_to_overdue_delay_eda,overdue_delay_eda,no universal-level issue; continue type-specific EDA,5.162742145809418,1.64327917282127,3.519462972988147,438,290.0,False,False,4.681197456877798,455,7.168180095717955,
inst_first_delay_days_min_sum,overdue_delay_numeric,feature,P3_normal_type_specific_eda,route_to_overdue_delay_eda,overdue_delay_eda,no universal-level issue; continue type-specific EDA,5.160140612856125,1.641227638273429,3.518912974582697,759,534.0,False,False,4.67867117654489,774,4.67867117654489,
inst_first_delay_days_std_mean,overdue_delay_numeric,feature,P3_normal_type_specific_eda,route_to_overdue_delay_eda,overdue_delay_eda,no universal-level issue; continue type-specific EDA,5.405335093703965,2.244378795338914,3.160956298365051,238383,42966.0,False,False,4.972842486421243,275856,4.972842486421243,
inst_first_delay_days_std_max,overdue_delay_numeric,feature,P3_normal_type_specific_eda,route_to_overdue_delay_eda,overdue_delay_eda,no universal-level issue; continue type-specific EDA,5.405335093703965,2.244378795338914,3.160956298365051,108999,29756.0,False,False,4.972842486421243,121074,4.972842486421243,
inst_first_delay_days_std_min,overdue_delay_numeric,feature,P3_normal_type_specific_eda,route_to_overdue_delay_eda,overdue_delay_eda,no universal-level issue; continue type-specific EDA,5.405335093703965,2.244378795338914,3.160956298365051,64235,17624.0,False,False,4.972842486421243,71474,4.972842486421243,
inst_first_delay_days_std_sum,overdue_delay_numeric,feature,P3_normal_type_specific_eda,route_to_overdue_delay_eda,overdue_delay_eda,no universal-level issue; continue type-specific EDA,5.160140612856125,1.641227638273429,3.518912974582697,238075,42909.0,False,False,4.67867117654489,275532,4.67867117654489,
inst_payment_date_span_mean_mean,date_duration_numeric,feature,P3_normal_type_specific_eda,route_to_date_duration_eda,date_duration_eda,no universal-level issue; continue type-specific EDA,5.162742145809418,1.64327917282127,3.519462972988147,41425,10133.0,False,False,4.681197456877798,46644,54.75459993543951,
inst_payment_date_span_mean_max,date_duration_numeric,feature,P3_normal_type_specific_eda,route_to_date_duration_eda,date_duration_eda,no universal-level issue; continue type-specific EDA,5.162742145809418,1.64327917282127,3.519462972988147,12706,4708.0,False,False,4.681197456877798,13654,54.75459993543951,
inst_payment_date_span_mean_min,date_duration_numeric,feature,P3_normal_type_specific_eda,route_to_date_duration_eda,date_duration_eda,no universal-level issue; continue type-specific EDA,5.162742145809418,1.64327917282127,3.519462972988147,4833,1411.0,False,False,4.681197456877798,5170,87.689716635556,
inst_payment_date_span_mean_sum,date_duration_numeric,feature,P3_normal_type_specific_eda,route_to_date_duration_eda,date_duration_eda,no universal-level issue; continue type-specific EDA,5.160140612856125,1.641227638273429,3.518912974582697,35429,8815.0,False,False,4.67867117654489,39800,54.75712621577241,
inst_payment_date_span_max_mean,date_duration_numeric,feature,P3_normal_type_specific_eda,route_to_date_duration_eda,date_duration_eda,no universal-level issue; continue type-specific EDA,5.162742145809418,1.64327917282127,3.519462972988147,4343,1739.0,False,False,4.681197456877798,4590,54.75459993543951,
inst_payment_date_span_max_max,date_duration_numeric,feature,P3_normal_type_specific_eda,route_to_date_duration_eda,date_duration_eda,no universal-level issue; continue type-specific EDA,5.162742145809418,1.64327917282127,3.519462972988147,1624,610.0,False,False,4.681197456877798,1686,54.75459993543951,
inst_payment_date_span_max_min,date_duration_numeric,feature,P3_normal_type_specific_eda,route_to_date_duration_eda,date_duration_eda,no universal-level issue; continue type-specific EDA,5.162742145809418,1.64327917282127,3.519462972988147,533,176.0,False,False,4.681197456877798,552,87.689716635556,
inst_payment_date_span_max_sum,date_duration_numeric,feature,P3_normal_type_specific_eda,route_to_date_duration_eda,date_duration_eda,no universal-level issue; continue type-specific EDA,5.160140612856125,1.641227638273429,3.518912974582697,1664,661.0,False,False,4.67867117654489,1722,54.75712621577241,
inst_payment_date_span_min_mean,date_duration_numeric,feature,P3_normal_type_specific_eda,route_to_date_duration_eda,date_duration_eda,no universal-level issue; continue type-specific EDA,5.162742145809418,1.64327917282127,3.519462972988147,303,99.0,False,False,4.681197456877798,317,94.95221119703584,
inst_payment_date_span_min_max,date_duration_numeric,feature,P3_normal_type_specific_eda,route_to_date_duration_eda,date_duration_eda,no universal-level issue; continue type-specific EDA,5.162742145809418,1.64327917282127,3.519462972988147,138,41.0,False,False,4.681197456877798,145,94.95221119703584,
inst_payment_date_span_min_min,date_duration_numeric,feature,P3_normal_type_specific_eda,route_to_date_duration_eda,date_duration_eda,no universal-level issue; continue type-specific EDA,5.162742145809418,1.64327917282127,3.519462972988147,34,9.0,False,False,4.681197456877798,38,95.29971509171801,
inst_payment_date_span_min_sum,date_duration_numeric,feature,P3_normal_type_specific_eda,route_to_date_duration_eda,date_duration_eda,no universal-level issue; continue type-specific EDA,5.160140612856125,1.641227638273429,3.518912974582697,138,42.0,False,False,4.67867117654489,145,94.95473747736874,
inst_expected_amount_sum_mean,continuous_amount_numeric,feature,P2_high_unique_review,route_to_continuous_numeric_eda; verify_not_id_like,continuous_numeric_eda,very high unique percentage,5.160140612856125,1.641227638273429,3.518912974582697,286774,47817.0,False,False,4.67867117654489,333565,4.67867117654489,high_unique_pct
inst_expected_amount_sum_max,continuous_amount_numeric,feature,P3_normal_type_specific_eda,route_to_continuous_numeric_eda,continuous_numeric_eda,no universal-level issue; continue type-specific EDA,5.160140612856125,1.641227638273429,3.518912974582697,269617,46937.0,False,False,4.67867117654489,311407,4.67867117654489,
inst_expected_amount_sum_min,continuous_amount_numeric,feature,P3_normal_type_specific_eda,route_to_continuous_numeric_eda,continuous_numeric_eda,no universal-level issue; continue type-specific EDA,5.160140612856125,1.641227638273429,3.518912974582697,261400,46731.0,False,False,4.67867117654489,300192,4.67867117654489,
inst_expected_amount_sum_sum,continuous_amount_numeric,feature,P2_high_unique_review,route_to_continuous_numeric_eda; verify_not_id_like,continuous_numeric_eda,very high unique percentage,5.160140612856125,1.641227638273429,3.518912974582697,286962,47822.0,False,False,4.67867117654489,333806,4.67867117654489,high_unique_pct
inst_expected_amount_mean_mean,continuous_amount_numeric,feature,P2_high_unique_review,route_to_continuous_numeric_eda; verify_not_id_like,continuous_numeric_eda,very high unique percentage,5.160140612856125,1.641227638273429,3.518912974582697,286371,47805.0,False,False,4.67867117654489,333173,4.67867117654489,high_unique_pct
inst_expected_amount_mean_max,continuous_amount_numeric,feature,P3_normal_type_specific_eda,route_to_continuous_numeric_eda,continuous_numeric_eda,no universal-level issue; continue type-specific EDA,5.160140612856125,1.641227638273429,3.518912974582697,259072,46376.0,False,False,4.67867117654489,299098,4.67867117654489,
inst_expected_amount_mean_min,continuous_amount_numeric,feature,P3_normal_type_specific_eda,route_to_continuous_numeric_eda,continuous_numeric_eda,no universal-level issue; continue type-specific EDA,5.160140612856125,1.641227638273429,3.518912974582697,265849,46932.0,False,False,4.67867117654489,305922,4.67867117654489,
inst_expected_amount_mean_sum,continuous_amount_numeric,feature,P2_high_unique_review,route_to_continuous_numeric_eda; verify_not_id_like,continuous_numeric_eda,very high unique percentage,5.160140612856125,1.641227638273429,3.518912974582697,286851,47828.0,False,False,4.67867117654489,333828,4.67867117654489,high_unique_pct
inst_expected_amount_max_mean,continuous_amount_numeric,feature,P3_normal_type_specific_eda,route_to_continuous_numeric_eda,continuous_numeric_eda,no universal-level issue; continue type-specific EDA,5.160140612856125,1.641227638273429,3.518912974582697,275449,47459.0,False,False,4.67867117654489,319345,4.67867117654489,
inst_expected_amount_max_max,continuous_amount_numeric,feature,P3_normal_type_specific_eda,route_to_continuous_numeric_eda,continuous_numeric_eda,no universal-level issue; continue type-specific EDA,5.160140612856125,1.641227638273429,3.518912974582697,236619,44817.0,False,False,4.67867117654489,271024,4.67867117654489,
inst_expected_amount_max_min,continuous_amount_numeric,feature,P3_normal_type_specific_eda,route_to_continuous_numeric_eda,continuous_numeric_eda,no universal-level issue; continue type-specific EDA,5.160140612856125,1.641227638273429,3.518912974582697,193343,42856.0,False,False,4.67867117654489,216882,4.67867117654489,
inst_expected_amount_max_sum,continuous_amount_numeric,feature,P3_normal_type_specific_eda,route_to_continuous_numeric_eda,continuous_numeric_eda,no universal-level issue; continue type-specific EDA,5.160140612856125,1.641227638273429,3.518912974582697,275521,47470.0,False,False,4.67867117654489,319393,4.67867117654489,
inst_expected_amount_min_mean,continuous_amount_numeric,feature,P3_normal_type_specific_eda,route_to_continuous_numeric_eda,continuous_numeric_eda,no universal-level issue; continue type-specific EDA,5.160140612856125,1.641227638273429,3.518912974582697,261586,47050.0,False,False,4.67867117654489,301338,4.67867117654489,
inst_expected_amount_min_max,continuous_amount_numeric,feature,P3_normal_type_specific_eda,route_to_continuous_numeric_eda,continuous_numeric_eda,no universal-level issue; continue type-specific EDA,5.160140612856125,1.641227638273429,3.518912974582697,192008,41503.0,False,False,4.67867117654489,216839,4.67867117654489,
inst_expected_amount_min_min,continuous_amount_numeric,feature,P3_normal_type_specific_eda,route_to_continuous_numeric_eda,continuous_numeric_eda,no universal-level issue; continue type-specific EDA,5.160140612856125,1.641227638273429,3.518912974582697,161290,37883.0,False,False,4.67867117654489,178702,4.67867117654489,
inst_expected_amount_min_sum,continuous_amount_numeric,feature,P3_normal_type_specific_eda,route_to_continuous_numeric_eda,continuous_numeric_eda,no universal-level issue; continue type-specific EDA,5.160140612856125,1.641227638273429,3.518912974582697,260605,47004.0,False,False,4.67867117654489,299819,4.67867117654489,
inst_expected_amount_std_mean,continuous_stat_numeric,feature,P3_normal_type_specific_eda,route_to_continuous_numeric_eda,continuous_numeric_eda,no universal-level issue; continue type-specific EDA,5.404034327227318,2.242327260791072,3.161707066436247,240774,42556.0,False,False,4.971438997347406,279761,4.971438997347406,
inst_expected_amount_std_max,continuous_stat_numeric,feature,P3_normal_type_specific_eda,route_to_continuous_numeric_eda,continuous_numeric_eda,no universal-level issue; continue type-specific EDA,5.404034327227318,2.242327260791072,3.161707066436247,211387,40585.0,False,False,4.971438997347406,243270,4.971438997347406,
inst_expected_amount_std_min,continuous_stat_numeric,feature,P3_normal_type_specific_eda,route_to_continuous_numeric_eda,continuous_numeric_eda,no universal-level issue; continue type-specific EDA,5.404034327227318,2.242327260791072,3.161707066436247,86817,19839.0,False,False,4.971438997347406,99618,27.15835567220109,
inst_expected_amount_std_sum,continuous_stat_numeric,feature,P3_normal_type_specific_eda,route_to_continuous_numeric_eda,continuous_numeric_eda,no universal-level issue; continue type-specific EDA,5.160140612856125,1.641227638273429,3.518912974582697,237520,42248.0,False,False,4.67867117654489,275575,4.979579233975664,
inst_paid_amount_sum_mean,continuous_amount_numeric,feature,P2_high_unique_review,route_to_continuous_numeric_eda; verify_not_id_like,continuous_numeric_eda,very high unique percentage,5.160140612856125,1.641227638273429,3.518912974582697,286801,47819.0,False,False,4.67867117654489,333604,4.67867117654489,high_unique_pct
inst_paid_amount_sum_max,continuous_amount_numeric,feature,P3_normal_type_specific_eda,route_to_continuous_numeric_eda,continuous_numeric_eda,no universal-level issue; continue type-specific EDA,5.160140612856125,1.641227638273429,3.518912974582697,270082,46952.0,False,False,4.67867117654489,312033,4.67867117654489,
inst_paid_amount_sum_min,continuous_amount_numeric,feature,P3_normal_type_specific_eda,route_to_continuous_numeric_eda,continuous_numeric_eda,no universal-level issue; continue type-specific EDA,5.160140612856125,1.641227638273429,3.518912974582697,261313,46714.0,False,False,4.67867117654489,300071,4.67867117654489,
inst_paid_amount_sum_sum,continuous_amount_numeric,feature,P2_high_unique_review,route_to_continuous_numeric_eda; verify_not_id_like,continuous_numeric_eda,very high unique percentage,5.160140612856125,1.641227638273429,3.518912974582697,286984,47819.0,False,False,4.67867117654489,333859,4.67867117654489,high_unique_pct
inst_paid_amount_mean_mean,continuous_amount_numeric,feature,P2_high_unique_review,route_to_continuous_numeric_eda; verify_not_id_like,continuous_numeric_eda,very high unique percentage,5.160140612856125,1.641227638273429,3.518912974582697,286461,47811.0,False,False,4.67867117654489,333273,4.67867117654489,high_unique_pct
inst_paid_amount_mean_max,continuous_amount_numeric,feature,P3_normal_type_specific_eda,route_to_continuous_numeric_eda,continuous_numeric_eda,no universal-level issue; continue type-specific EDA,5.160140612856125,1.641227638273429,3.518912974582697,259896,46405.0,False,False,4.67867117654489,300156,4.67867117654489,
inst_paid_amount_mean_min,continuous_amount_numeric,feature,P3_normal_type_specific_eda,route_to_continuous_numeric_eda,continuous_numeric_eda,no universal-level issue; continue type-specific EDA,5.160140612856125,1.641227638273429,3.518912974582697,265798,46909.0,False,False,4.67867117654489,305835,4.67867117654489,
inst_paid_amount_mean_sum,continuous_amount_numeric,feature,P2_high_unique_review,route_to_continuous_numeric_eda; verify_not_id_like,continuous_numeric_eda,very high unique percentage,5.160140612856125,1.641227638273429,3.518912974582697,286886,47824.0,False,False,4.67867117654489,333871,4.67867117654489,high_unique_pct
inst_paid_amount_max_mean,continuous_amount_numeric,feature,P3_normal_type_specific_eda,route_to_continuous_numeric_eda,continuous_numeric_eda,no universal-level issue; continue type-specific EDA,5.160140612856125,1.641227638273429,3.518912974582697,274593,47236.0,False,False,4.67867117654489,318301,4.67867117654489,
inst_paid_amount_max_max,continuous_amount_numeric,feature,P3_normal_type_specific_eda,route_to_continuous_numeric_eda,continuous_numeric_eda,no universal-level issue; continue type-specific EDA,5.160140612856125,1.641227638273429,3.518912974582697,228041,42911.0,False,False,4.67867117654489,260785,4.67867117654489,
inst_paid_amount_max_min,continuous_amount_numeric,feature,P3_normal_type_specific_eda,route_to_continuous_numeric_eda,continuous_numeric_eda,no universal-level issue; continue type-specific EDA,5.160140612856125,1.641227638273429,3.518912974582697,192176,42547.0,False,False,4.67867117654489,215505,4.67867117654489,
inst_paid_amount_max_sum,continuous_amount_numeric,feature,P3_normal_type_specific_eda,route_to_continuous_numeric_eda,continuous_numeric_eda,no universal-level issue; continue type-specific EDA,5.160140612856125,1.641227638273429,3.518912974582697,274641,47244.0,False,False,4.67867117654489,318349,4.67867117654489,
inst_paid_amount_min_mean,continuous_amount_numeric,feature,P3_normal_type_specific_eda,route_to_continuous_numeric_eda,continuous_numeric_eda,no universal-level issue; continue type-specific EDA,5.160140612856125,1.641227638273429,3.518912974582697,261576,47044.0,False,False,4.67867117654489,301329,4.67867117654489,
inst_paid_amount_min_max,continuous_amount_numeric,feature,P3_normal_type_specific_eda,route_to_continuous_numeric_eda,continuous_numeric_eda,no universal-level issue; continue type-specific EDA,5.160140612856125,1.641227638273429,3.518912974582697,191736,41400.0,False,False,4.67867117654489,216492,4.67867117654489,
inst_paid_amount_min_min,continuous_amount_numeric,feature,P3_normal_type_specific_eda,route_to_continuous_numeric_eda,continuous_numeric_eda,no universal-level issue; continue type-specific EDA,5.160140612856125,1.641227638273429,3.518912974582697,161081,37816.0,False,False,4.67867117654489,178492,4.67867117654489,
inst_paid_amount_min_sum,continuous_amount_numeric,feature,P3_normal_type_specific_eda,route_to_continuous_numeric_eda,continuous_numeric_eda,no universal-level issue; continue type-specific EDA,5.160140612856125,1.641227638273429,3.518912974582697,260538,46987.0,False,False,4.67867117654489,299743,4.67867117654489,
inst_paid_amount_std_mean,continuous_stat_numeric,feature,P3_normal_type_specific_eda,route_to_continuous_numeric_eda,continuous_numeric_eda,no universal-level issue; continue type-specific EDA,5.404034327227318,2.242327260791072,3.161707066436247,241420,42673.0,False,False,4.971438997347406,280483,4.971438997347406,
inst_paid_amount_std_max,continuous_stat_numeric,feature,P3_normal_type_specific_eda,route_to_continuous_numeric_eda,continuous_numeric_eda,no universal-level issue; continue type-specific EDA,5.404034327227318,2.242327260791072,3.161707066436247,212728,40736.0,False,False,4.971438997347406,244880,4.971438997347406,
inst_paid_amount_std_min,continuous_stat_numeric,feature,P3_normal_type_specific_eda,route_to_continuous_numeric_eda,continuous_numeric_eda,no universal-level issue; continue type-specific EDA,5.404034327227318,2.242327260791072,3.161707066436247,87927,20131.0,False,False,4.971438997347406,100771,25.26196123563178,
inst_paid_amount_std_sum,continuous_stat_numeric,feature,P3_normal_type_specific_eda,route_to_continuous_numeric_eda,continuous_numeric_eda,no universal-level issue; continue type-specific EDA,5.160140612856125,1.641227638273429,3.518912974582697,238173,42366.0,False,False,4.67867117654489,276316,4.67867117654489,
inst_max_single_payment_mean_mean,continuous_amount_numeric,feature,P2_high_unique_review,route_to_continuous_numeric_eda; verify_not_id_like,continuous_numeric_eda,very high unique percentage,5.162742145809418,1.64327917282127,3.519462972988147,287165,47837.0,False,False,4.681197456877798,334127,4.681197456877798,high_unique_pct
inst_max_single_payment_mean_max,continuous_amount_numeric,feature,P3_normal_type_specific_eda,route_to_continuous_numeric_eda,continuous_numeric_eda,no universal-level issue; continue type-specific EDA,5.162742145809418,1.64327917282127,3.519462972988147,266961,46941.0,False,False,4.681197456877798,308639,4.681197456877798,
inst_max_single_payment_mean_min,continuous_amount_numeric,feature,P3_normal_type_specific_eda,route_to_continuous_numeric_eda,continuous_numeric_eda,no universal-level issue; continue type-specific EDA,5.162742145809418,1.64327917282127,3.519462972988147,269941,47170.0,False,False,4.681197456877798,310948,4.681197456877798,
inst_max_single_payment_mean_sum,continuous_amount_numeric,feature,P2_high_unique_review,route_to_continuous_numeric_eda; verify_not_id_like,continuous_numeric_eda,very high unique percentage,5.160140612856125,1.641227638273429,3.518912974582697,287617,47850.0,False,False,4.67867117654489,334741,4.67867117654489,high_unique_pct
inst_max_single_payment_max_mean,continuous_amount_numeric,feature,P3_normal_type_specific_eda,route_to_continuous_numeric_eda,continuous_numeric_eda,no universal-level issue; continue type-specific EDA,5.162742145809418,1.64327917282127,3.519462972988147,274543,47263.0,False,False,4.681197456877798,318202,4.681197456877798,
inst_max_single_payment_max_max,continuous_amount_numeric,feature,P3_normal_type_specific_eda,route_to_continuous_numeric_eda,continuous_numeric_eda,no universal-level issue; continue type-specific EDA,5.162742145809418,1.64327917282127,3.519462972988147,229559,43295.0,False,False,4.681197456877798,262549,4.681197456877798,
inst_max_single_payment_max_min,continuous_amount_numeric,feature,P3_normal_type_specific_eda,route_to_continuous_numeric_eda,continuous_numeric_eda,no universal-level issue; continue type-specific EDA,5.162742145809418,1.64327917282127,3.519462972988147,192555,42568.0,False,False,4.681197456877798,215855,4.681197456877798,
inst_max_single_payment_max_sum,continuous_amount_numeric,feature,P3_normal_type_specific_eda,route_to_continuous_numeric_eda,continuous_numeric_eda,no universal-level issue; continue type-specific EDA,5.160140612856125,1.641227638273429,3.518912974582697,274655,47278.0,False,False,4.67867117654489,318310,4.67867117654489,
inst_payment_diff_sum_mean,continuous_stat_numeric,feature,P3_normal_type_specific_eda,route_to_continuous_numeric_eda,continuous_numeric_eda,no universal-level issue; continue type-specific EDA,5.160140612856125,1.641227638273429,3.518912974582697,40310,8291.0,False,False,4.67867117654489,48096,67.45084279518883,
inst_payment_diff_sum_max,continuous_stat_numeric,feature,P3_normal_type_specific_eda,route_to_continuous_numeric_eda,continuous_numeric_eda,no universal-level issue; continue type-specific EDA,5.160140612856125,1.641227638273429,3.518912974582697,36782,7624.0,False,False,4.67867117654489,43620,73.47489859791442,
inst_payment_diff_sum_min,continuous_stat_numeric,feature,P3_normal_type_specific_eda,route_to_continuous_numeric_eda,continuous_numeric_eda,no universal-level issue; continue type-specific EDA,5.160140612856125,1.641227638273429,3.518912974582697,6905,1336.0,False,False,4.67867117654489,8089,82.68038343321497,
inst_payment_diff_sum_sum,continuous_stat_numeric,feature,P3_normal_type_specific_eda,route_to_continuous_numeric_eda,continuous_numeric_eda,no universal-level issue; continue type-specific EDA,5.160140612856125,1.641227638273429,3.518912974582697,39024,8041.0,False,False,4.67867117654489,46278,67.45084279518883,
inst_payment_diff_mean_mean,continuous_stat_numeric,feature,P3_normal_type_specific_eda,route_to_continuous_numeric_eda,continuous_numeric_eda,no universal-level issue; continue type-specific EDA,5.160140612856125,1.641227638273429,3.518912974582697,45500,9514.0,False,False,4.67867117654489,53981,67.30712551402787,
inst_payment_diff_mean_max,continuous_stat_numeric,feature,P3_normal_type_specific_eda,route_to_continuous_numeric_eda,continuous_numeric_eda,no universal-level issue; continue type-specific EDA,5.160140612856125,1.641227638273429,3.518912974582697,38298,8010.0,False,False,4.67867117654489,45526,73.47489859791442,
inst_payment_diff_mean_min,continuous_stat_numeric,feature,P3_normal_type_specific_eda,route_to_continuous_numeric_eda,continuous_numeric_eda,no universal-level issue; continue type-specific EDA,5.160140612856125,1.641227638273429,3.518912974582697,8196,1764.0,False,False,4.67867117654489,9508,82.68038343321497,
inst_payment_diff_mean_sum,continuous_stat_numeric,feature,P3_normal_type_specific_eda,route_to_continuous_numeric_eda,continuous_numeric_eda,no universal-level issue; continue type-specific EDA,5.160140612856125,1.641227638273429,3.518912974582697,43968,9198.0,False,False,4.67867117654489,51980,67.30712551402787,
inst_payment_diff_max_mean,continuous_stat_numeric,feature,P3_normal_type_specific_eda,route_to_continuous_numeric_eda,continuous_numeric_eda,no universal-level issue; continue type-specific EDA,5.160140612856125,1.641227638273429,3.518912974582697,37058,7661.0,False,False,4.67867117654489,44435,74.28695737603684,
inst_payment_diff_max_max,continuous_stat_numeric,feature,P3_normal_type_specific_eda,route_to_continuous_numeric_eda,continuous_numeric_eda,no universal-level issue; continue type-specific EDA,5.160140612856125,1.641227638273429,3.518912974582697,35621,7483.0,False,False,4.67867117654489,42291,74.31362366843975,
inst_payment_diff_max_min,continuous_stat_numeric,feature,P3_normal_type_specific_eda,route_to_continuous_numeric_eda,continuous_numeric_eda,no universal-level issue; continue type-specific EDA,5.160140612856125,1.641227638273429,3.518912974582697,4285,906.0,False,False,4.67867117654489,5147,92.66340121542154,
inst_payment_diff_max_sum,continuous_stat_numeric,feature,P3_normal_type_specific_eda,route_to_continuous_numeric_eda,continuous_numeric_eda,no universal-level issue; continue type-specific EDA,5.160140612856125,1.641227638273429,3.518912974582697,36037,7548.0,False,False,4.67867117654489,42882,74.28695737603684,
inst_payment_diff_min_mean,continuous_stat_numeric,feature,P3_normal_type_specific_eda,route_to_continuous_numeric_eda,continuous_numeric_eda,no universal-level issue; continue type-specific EDA,5.160140612856125,1.641227638273429,3.518912974582697,3501,651.0,False,False,4.67867117654489,3959,84.2725014385763,
inst_payment_diff_min_max,continuous_stat_numeric,feature,P3_normal_type_specific_eda,route_to_continuous_numeric_eda,continuous_numeric_eda,no universal-level issue; continue type-specific EDA,5.160140612856125,1.641227638273429,3.518912974582697,1181,162.0,False,False,4.67867117654489,1316,93.79292922204601,
inst_payment_diff_min_min,continuous_stat_numeric,feature,P3_normal_type_specific_eda,route_to_continuous_numeric_eda,continuous_numeric_eda,no universal-level issue; continue type-specific EDA,5.160140612856125,1.641227638273429,3.518912974582697,2499,401.0,False,False,4.67867117654489,2833,84.46814781546925,
inst_payment_diff_min_sum,continuous_stat_numeric,feature,P3_normal_type_specific_eda,route_to_continuous_numeric_eda,continuous_numeric_eda,no universal-level issue; continue type-specific EDA,5.160140612856125,1.641227638273429,3.518912974582697,3197,534.0,False,False,4.67867117654489,3626,84.2725014385763,
inst_payment_diff_std_mean,continuous_stat_numeric,feature,P3_normal_type_specific_eda,route_to_continuous_numeric_eda,continuous_numeric_eda,no universal-level issue; continue type-specific EDA,5.404034327227318,2.242327260791072,3.161707066436247,50311,10517.0,False,False,4.971438997347406,59411,66.89197344598672,
inst_payment_diff_std_max,continuous_stat_numeric,feature,P3_normal_type_specific_eda,route_to_continuous_numeric_eda,continuous_numeric_eda,no universal-level issue; continue type-specific EDA,5.404034327227318,2.242327260791072,3.161707066436247,41187,8765.0,False,False,4.971438997347406,48784,66.89197344598672,
inst_payment_diff_std_min,continuous_stat_numeric,feature,P3_normal_type_specific_eda,route_to_continuous_numeric_eda,continuous_numeric_eda,no universal-level issue; continue type-specific EDA,5.404034327227318,2.242327260791072,3.161707066436247,5896,1266.0,False,False,4.971438997347406,6914,90.81219912702979,
inst_payment_diff_std_sum,continuous_stat_numeric,feature,P3_normal_type_specific_eda,route_to_continuous_numeric_eda,continuous_numeric_eda,no universal-level issue; continue type-specific EDA,5.160140612856125,1.641227638273429,3.518912974582697,47105,9812.0,False,False,4.67867117654489,55544,67.18474126678925,
inst_payment_ratio_mean_mean,ratio_rate_numeric,feature,P3_normal_type_specific_eda,route_to_ratio_rate_eda,ratio_rate_eda,no universal-level issue; continue type-specific EDA,5.16111618771361,1.641227638273429,3.519888549440181,39165,7841.0,False,False,4.679513269989193,46760,81.86551767694489,
inst_payment_ratio_mean_max,ratio_rate_numeric,feature,P3_normal_type_specific_eda,route_to_ratio_rate_eda,ratio_rate_eda,no universal-level issue; continue type-specific EDA,5.16111618771361,1.641227638273429,3.519888549440181,37194,7582.0,False,False,4.679513269989193,44327,82.54171871271983,
inst_payment_ratio_mean_min,ratio_rate_numeric,feature,P3_normal_type_specific_eda,route_to_ratio_rate_eda,ratio_rate_eda,no universal-level issue; continue type-specific EDA,5.16111618771361,1.641227638273429,3.519888549440181,6704,1219.0,False,False,4.679513269989193,7861,92.92332739189625,
inst_payment_ratio_mean_sum,ratio_rate_numeric,feature,P3_normal_type_specific_eda,route_to_ratio_rate_eda,ratio_rate_eda,no universal-level issue; continue type-specific EDA,5.160140612856125,1.641227638273429,3.518912974582697,39664,7892.0,False,False,4.67867117654489,47441,25.05284136362998,
inst_payment_ratio_max_mean,ratio_rate_numeric,feature,P3_normal_type_specific_eda,route_to_ratio_rate_eda,ratio_rate_eda,no universal-level issue; continue type-specific EDA,5.16111618771361,1.641227638273429,3.519888549440181,37068,7538.0,False,False,4.679513269989193,44505,82.7017164671373,
inst_payment_ratio_max_max,ratio_rate_numeric,feature,P3_normal_type_specific_eda,route_to_ratio_rate_eda,ratio_rate_eda,no universal-level issue; continue type-specific EDA,5.16111618771361,1.641227638273429,3.519888549440181,35983,7514.0,False,False,4.679513269989193,42716,82.72585647920731,
inst_payment_ratio_max_min,ratio_rate_numeric,feature,P3_normal_type_specific_eda,route_to_ratio_rate_eda,ratio_rate_eda,no universal-level issue; continue type-specific EDA,5.16111618771361,1.641227638273429,3.519888549440181,4313,880.0,False,False,4.679513269989193,5186,93.82773575107719,
inst_payment_ratio_max_sum,ratio_rate_numeric,feature,P3_normal_type_specific_eda,route_to_ratio_rate_eda,ratio_rate_eda,no universal-level issue; continue type-specific EDA,5.160140612856125,1.641227638273429,3.518912974582697,37113,7554.0,False,False,4.67867117654489,44552,25.23754052574701,
inst_payment_ratio_min_mean,ratio_rate_numeric,feature,P3_normal_type_specific_eda,route_to_ratio_rate_eda,ratio_rate_eda,no universal-level issue; continue type-specific EDA,5.16111618771361,1.641227638273429,3.519888549440181,2734,383.0,False,False,4.679513269989193,3105,94.12976659976702,
inst_payment_ratio_min_max,ratio_rate_numeric,feature,P3_normal_type_specific_eda,route_to_ratio_rate_eda,ratio_rate_eda,no universal-level issue; continue type-specific EDA,5.16111618771361,1.641227638273429,3.519888549440181,1162,143.0,False,False,4.679513269989193,1300,94.91740466800465,
inst_payment_ratio_min_min,ratio_rate_numeric,feature,P3_normal_type_specific_eda,route_to_ratio_rate_eda,ratio_rate_eda,no universal-level issue; continue type-specific EDA,5.16111618771361,1.641227638273429,3.519888549440181,2041,278.0,False,False,4.679513269989193,2315,94.32709716354857,
inst_payment_ratio_min_sum,ratio_rate_numeric,feature,P3_normal_type_specific_eda,route_to_ratio_rate_eda,ratio_rate_eda,no universal-level issue; continue type-specific EDA,5.160140612856125,1.641227638273429,3.518912974582697,2738,393.0,False,False,4.67867117654489,3109,26.44762880520975,
inst_payment_ratio_std_mean,ratio_rate_numeric,feature,P3_normal_type_specific_eda,route_to_ratio_rate_eda,ratio_rate_eda,no universal-level issue; continue type-specific EDA,5.405009902084804,2.242327260791072,3.162682641293732,46840,9758.0,False,False,4.972281090791708,55421,67.9271869868493,
inst_payment_ratio_std_max,ratio_rate_numeric,feature,P3_normal_type_specific_eda,route_to_ratio_rate_eda,ratio_rate_eda,no universal-level issue; continue type-specific EDA,5.405009902084804,2.242327260791072,3.162682641293732,39660,8248.0,False,False,4.972281090791708,47082,67.9271869868493,
inst_payment_ratio_std_min,ratio_rate_numeric,feature,P3_normal_type_specific_eda,route_to_ratio_rate_eda,ratio_rate_eda,no universal-level issue; continue type-specific EDA,5.405009902084804,2.242327260791072,3.162682641293732,5516,1126.0,False,False,4.972281090791708,6503,91.03956435699148,
inst_payment_ratio_std_sum,ratio_rate_numeric,feature,P3_normal_type_specific_eda,route_to_ratio_rate_eda,ratio_rate_eda,no universal-level issue; continue type-specific EDA,5.160140612856125,1.641227638273429,3.518912974582697,43655,9086.0,False,False,4.67867117654489,51657,68.22079690109612,
inst_payment_row_count_mean_mean,discrete_count_numeric,feature,P3_normal_type_specific_eda,route_to_discrete_count_eda,discrete_count_eda,no universal-level issue; continue type-specific EDA,5.160140612856125,1.641227638273429,3.518912974582697,21396,5836.0,False,False,4.67867117654489,24246,48.25953319953405,
inst_payment_row_count_mean_max,discrete_count_numeric,feature,P3_normal_type_specific_eda,route_to_discrete_count_eda,discrete_count_eda,no universal-level issue; continue type-specific EDA,5.160140612856125,1.641227638273429,3.518912974582697,1347,714.0,False,False,4.67867117654489,1399,48.25953319953405,
inst_payment_row_count_mean_min,discrete_count_numeric,feature,P3_normal_type_specific_eda,route_to_discrete_count_eda,discrete_count_eda,no universal-level issue; continue type-specific EDA,5.160140612856125,1.641227638273429,3.518912974582697,794,360.0,False,False,4.67867117654489,839,85.91682923748438,
inst_payment_row_count_mean_sum,discrete_count_numeric,feature,P3_normal_type_specific_eda,route_to_discrete_count_eda,discrete_count_eda,no universal-level issue; continue type-specific EDA,5.160140612856125,1.641227638273429,3.518912974582697,27191,7459.0,False,False,4.67867117654489,30792,20.0216137317371,
inst_payment_row_count_max_mean,discrete_count_numeric,feature,P3_normal_type_specific_eda,route_to_discrete_count_eda,discrete_count_eda,no universal-level issue; continue type-specific EDA,5.160140612856125,1.641227638273429,3.518912974582697,137,85.0,False,False,4.67867117654489,138,48.25953319953405,
inst_payment_row_count_max_max,discrete_count_numeric,feature,P3_normal_type_specific_eda,route_to_discrete_count_eda,discrete_count_eda,no universal-level issue; continue type-specific EDA,5.160140612856125,1.641227638273429,3.518912974582697,11,8.0,False,False,4.67867117654489,11,48.25953319953405,
inst_payment_row_count_max_min,discrete_count_numeric,feature,P3_normal_type_specific_eda,route_to_discrete_count_eda,discrete_count_eda,no universal-level issue; continue type-specific EDA,5.160140612856125,1.641227638273429,3.518912974582697,5,5.0,False,False,4.67867117654489,5,85.91682923748438,
inst_payment_row_count_max_sum,discrete_count_numeric,feature,P3_normal_type_specific_eda,route_to_discrete_count_eda,discrete_count_eda,no universal-level issue; continue type-specific EDA,5.160140612856125,1.641227638273429,3.518912974582697,33,27.0,False,False,4.67867117654489,33,20.0216137317371,
inst_payment_row_count_sum_y_mean,discrete_count_numeric,feature,P3_normal_type_specific_eda,route_to_discrete_count_eda,discrete_count_eda,no universal-level issue; continue type-specific EDA,5.160140612856125,1.641227638273429,3.518912974582697,1997,1400.0,False,False,4.67867117654489,2064,5.320346381103423,
inst_payment_row_count_sum_y_max,discrete_count_numeric,feature,P3_normal_type_specific_eda,route_to_discrete_count_eda,discrete_count_eda,no universal-level issue; continue type-specific EDA,5.160140612856125,1.641227638273429,3.518912974582697,218,198.0,False,False,4.67867117654489,221,10.26062792101163,
inst_payment_row_count_sum_y_min,discrete_count_numeric,feature,P3_normal_type_specific_eda,route_to_discrete_count_eda,discrete_count_eda,no universal-level issue; continue type-specific EDA,5.160140612856125,1.641227638273429,3.518912974582697,189,136.0,False,False,4.67867117654489,190,14.94098328444513,
inst_payment_row_count_sum_y_sum,discrete_count_numeric,feature,P3_normal_type_specific_eda,route_to_discrete_count_eda,discrete_count_eda,no universal-level issue; continue type-specific EDA,5.160140612856125,1.641227638273429,3.518912974582697,319,285.0,False,False,4.67867117654489,323,4.67867117654489,
inst_num_version_mean_mean,discrete_count_numeric,feature,P3_normal_type_specific_eda,route_to_discrete_count_eda,discrete_count_eda,no universal-level issue; continue type-specific EDA,5.160140612856125,1.641227638273429,3.518912974582697,29629,8922.0,False,False,4.67867117654489,33996,27.50277189092083,
inst_num_version_mean_max,discrete_count_numeric,feature,P3_normal_type_specific_eda,route_to_discrete_count_eda,discrete_count_eda,no universal-level issue; continue type-specific EDA,5.160140612856125,1.641227638273429,3.518912974582697,2361,1422.0,False,False,4.67867117654489,2633,31.78341356612539,
inst_num_version_mean_min,discrete_count_numeric,feature,P3_normal_type_specific_eda,route_to_discrete_count_eda,discrete_count_eda,no universal-level issue; continue type-specific EDA,5.160140612856125,1.641227638273429,3.518912974582697,870,404.0,False,False,4.67867117654489,957,57.78529424148433,
inst_num_version_mean_sum,discrete_count_numeric,feature,P3_normal_type_specific_eda,route_to_discrete_count_eda,discrete_count_eda,no universal-level issue; continue type-specific EDA,5.160140612856125,1.641227638273429,3.518912974582697,25975,8152.0,False,False,4.67867117654489,29677,17.15933811455278,
inst_num_version_max_mean,discrete_count_numeric,feature,P3_normal_type_specific_eda,route_to_discrete_count_eda,discrete_count_eda,no universal-level issue; continue type-specific EDA,5.160140612856125,1.641227638273429,3.518912974582697,398,286.0,False,False,4.67867117654489,430,32.36642292739751,
inst_num_version_max_max,discrete_count_numeric,feature,P3_normal_type_specific_eda,route_to_discrete_count_eda,discrete_count_eda,no universal-level issue; continue type-specific EDA,5.160140612856125,1.641227638273429,3.518912974582697,51,41.0,False,False,4.67867117654489,54,46.37184039522253,
inst_num_version_max_min,discrete_count_numeric,feature,P3_normal_type_specific_eda,route_to_discrete_count_eda,discrete_count_eda,no universal-level issue; continue type-specific EDA,5.160140612856125,1.641227638273429,3.518912974582697,34,26.0,False,False,4.67867117654489,34,57.78529424148433,
inst_num_version_max_sum,discrete_count_numeric,feature,P3_normal_type_specific_eda,route_to_discrete_count_eda,discrete_count_eda,no universal-level issue; continue type-specific EDA,5.160140612856125,1.641227638273429,3.518912974582697,68,61.0,False,False,4.67867117654489,73,18.68577283125851,
inst_num_version_min_mean,discrete_count_numeric,feature,P3_normal_type_specific_eda,route_to_discrete_count_eda,discrete_count_eda,no universal-level issue; continue type-specific EDA,5.160140612856125,1.641227638273429,3.518912974582697,109,74.0,False,False,4.67867117654489,114,70.00070174453693,
inst_num_version_min_max,discrete_count_numeric,feature,P3_normal_type_specific_eda,route_to_discrete_count_eda,discrete_count_eda,no universal-level issue; continue type-specific EDA,5.160140612856125,1.641227638273429,3.518912974582697,13,9.0,False,False,4.67867117654489,14,84.3261147211969,
inst_num_version_min_min,discrete_count_numeric,feature,P3_normal_type_specific_eda,route_to_discrete_count_eda,discrete_count_eda,no universal-level issue; continue type-specific EDA,5.160140612856125,1.641227638273429,3.518912974582697,8,6.0,False,False,4.67867117654489,8,74.3329918176587,
inst_num_version_min_sum,discrete_count_numeric,feature,P3_normal_type_specific_eda,route_to_discrete_count_eda,discrete_count_eda,no universal-level issue; continue type-specific EDA,5.160140612856125,1.641227638273429,3.518912974582697,29,24.0,False,False,4.67867117654489,30,28.80099928422057,
inst_num_version_unique_mean_mean,discrete_count_numeric,feature,P3_normal_type_specific_eda,route_to_discrete_count_eda,discrete_count_eda,no universal-level issue; continue type-specific EDA,5.160140612856125,1.641227638273429,3.518912974582697,2527,1079.0,False,False,4.67867117654489,2927,82.72782136391068,
inst_num_version_unique_mean_max,discrete_count_numeric,feature,P3_normal_type_specific_eda,route_to_discrete_count_eda,discrete_count_eda,no universal-level issue; continue type-specific EDA,5.160140612856125,1.641227638273429,3.518912974582697,284,218.0,False,False,4.67867117654489,302,82.72782136391068,
inst_num_version_unique_mean_min,discrete_count_numeric,feature,P3_normal_type_specific_eda,route_to_discrete_count_eda,discrete_count_eda,no universal-level issue; continue type-specific EDA,5.160140612856125,1.641227638273429,3.518912974582697,164,103.0,False,False,4.67867117654489,178,93.86001599977544,
inst_num_version_unique_mean_sum,discrete_count_numeric,feature,P3_normal_type_specific_eda,route_to_discrete_count_eda,discrete_count_eda,no universal-level issue; continue type-specific EDA,5.160140612856125,1.641227638273429,3.518912974582697,3741,1613.0,False,False,4.67867117654489,4291,25.23641773448794,
inst_num_version_unique_max_mean,discrete_count_numeric,feature,P3_normal_type_specific_eda,route_to_discrete_count_eda,discrete_count_eda,no universal-level issue; continue type-specific EDA,5.160140612856125,1.641227638273429,3.518912974582697,61,40.0,False,False,4.67867117654489,65,82.72782136391068,
inst_num_version_unique_max_max,discrete_count_numeric,feature,P3_normal_type_specific_eda,route_to_discrete_count_eda,discrete_count_eda,no universal-level issue; continue type-specific EDA,5.160140612856125,1.641227638273429,3.518912974582697,3,3.0,False,False,4.67867117654489,3,82.72782136391068,
inst_num_version_unique_max_min,discrete_count_numeric,feature,P3_normal_type_specific_eda,route_to_discrete_count_eda,discrete_count_eda,no universal-level issue; continue type-specific EDA,5.160140612856125,1.641227638273429,3.518912974582697,2,3.0,False,False,4.67867117654489,3,93.86001599977544,
inst_num_version_unique_max_sum,discrete_count_numeric,feature,P3_normal_type_specific_eda,route_to_discrete_count_eda,discrete_count_eda,no universal-level issue; continue type-specific EDA,5.160140612856125,1.641227638273429,3.518912974582697,26,21.0,False,False,4.67867117654489,26,25.23641773448794,
inst_due_day_shift_mean_mean,continuous_stat_numeric,feature,P3_normal_type_specific_eda,route_to_continuous_numeric_eda,continuous_numeric_eda,no universal-level issue; continue type-specific EDA,5.160140612856125,1.641227638273429,3.518912974582697,100,89.0,False,False,4.67867117654489,146,95.23627738558055,
inst_due_day_shift_mean_max,continuous_stat_numeric,feature,P3_normal_type_specific_eda,route_to_continuous_numeric_eda,continuous_numeric_eda,no universal-level issue; continue type-specific EDA,5.160140612856125,1.641227638273429,3.518912974582697,73,73.0,False,False,4.67867117654489,104,95.23627738558055,
inst_due_day_shift_mean_min,continuous_stat_numeric,feature,P3_normal_type_specific_eda,route_to_continuous_numeric_eda,continuous_numeric_eda,no universal-level issue; continue type-specific EDA,5.160140612856125,1.641227638273429,3.518912974582697,12,20.0,False,False,4.67867117654489,30,95.31178509775302,
inst_due_day_shift_mean_sum,continuous_stat_numeric,feature,P3_normal_type_specific_eda,route_to_continuous_numeric_eda,continuous_numeric_eda,no universal-level issue; continue type-specific EDA,5.160140612856125,1.641227638273429,3.518912974582697,73,73.0,False,False,4.67867117654489,104,95.23627738558055,
inst_due_day_shift_max_mean,continuous_stat_numeric,feature,P3_normal_type_specific_eda,route_to_continuous_numeric_eda,continuous_numeric_eda,no universal-level issue; continue type-specific EDA,5.160140612856125,1.641227638273429,3.518912974582697,78,70.0,False,False,4.67867117654489,104,95.23627738558055,
inst_due_day_shift_max_max,continuous_stat_numeric,feature,P3_normal_type_specific_eda,route_to_continuous_numeric_eda,continuous_numeric_eda,no universal-level issue; continue type-specific EDA,5.160140612856125,1.641227638273429,3.518912974582697,29,28.0,False,False,4.67867117654489,30,95.23627738558055,
inst_due_day_shift_max_min,continuous_stat_numeric,feature,P3_normal_type_specific_eda,route_to_continuous_numeric_eda,continuous_numeric_eda,no universal-level issue; continue type-specific EDA,5.160140612856125,1.641227638273429,3.518912974582697,12,15.0,False,False,4.67867117654489,22,95.31178509775302,
inst_due_day_shift_max_sum,continuous_stat_numeric,feature,P3_normal_type_specific_eda,route_to_continuous_numeric_eda,continuous_numeric_eda,no universal-level issue; continue type-specific EDA,5.160140612856125,1.641227638273429,3.518912974582697,29,28.0,False,False,4.67867117654489,30,95.23627738558055,
inst_expected_amount_shift_mean_mean,continuous_stat_numeric,feature,P3_normal_type_specific_eda,route_to_continuous_numeric_eda,continuous_numeric_eda,no universal-level issue; continue type-specific EDA,5.160140612856125,1.641227638273429,3.518912974582697,37148,7537.0,False,False,4.67867117654489,44622,82.73034764424358,
inst_expected_amount_shift_mean_max,continuous_stat_numeric,feature,P3_normal_type_specific_eda,route_to_continuous_numeric_eda,continuous_numeric_eda,no universal-level issue; continue type-specific EDA,5.160140612856125,1.641227638273429,3.518912974582697,36720,7537.0,False,False,4.67867117654489,43855,82.73034764424358,
inst_expected_amount_shift_mean_min,continuous_stat_numeric,feature,P3_normal_type_specific_eda,route_to_continuous_numeric_eda,continuous_numeric_eda,no universal-level issue; continue type-specific EDA,5.160140612856125,1.641227638273429,3.518912974582697,4275,878.0,False,False,4.67867117654489,5143,93.86085809321975,
inst_expected_amount_shift_mean_sum,continuous_stat_numeric,feature,P3_normal_type_specific_eda,route_to_continuous_numeric_eda,continuous_numeric_eda,no universal-level issue; continue type-specific EDA,5.160140612856125,1.641227638273429,3.518912974582697,36786,7537.0,False,False,4.67867117654489,43977,82.73034764424358,
inst_expected_amount_shift_max_mean,continuous_stat_numeric,feature,P3_normal_type_specific_eda,route_to_continuous_numeric_eda,continuous_numeric_eda,no universal-level issue; continue type-specific EDA,5.160140612856125,1.641227638273429,3.518912974582697,36936,7526.0,False,False,4.67867117654489,44326,82.73034764424358,
inst_expected_amount_shift_max_max,continuous_stat_numeric,feature,P3_normal_type_specific_eda,route_to_continuous_numeric_eda,continuous_numeric_eda,no universal-level issue; continue type-specific EDA,5.160140612856125,1.641227638273429,3.518912974582697,35856,7512.0,False,False,4.67867117654489,42555,82.73034764424358,
inst_expected_amount_shift_max_min,continuous_stat_numeric,feature,P3_normal_type_specific_eda,route_to_continuous_numeric_eda,continuous_numeric_eda,no universal-level issue; continue type-specific EDA,5.160140612856125,1.641227638273429,3.518912974582697,4259,877.0,False,False,4.67867117654489,5110,93.86085809321975,
inst_expected_amount_shift_max_sum,continuous_stat_numeric,feature,P3_normal_type_specific_eda,route_to_continuous_numeric_eda,continuous_numeric_eda,no universal-level issue; continue type-specific EDA,5.160140612856125,1.641227638273429,3.518912974582697,36074,7518.0,False,False,4.67867117654489,42912,82.73034764424358,
inst_latest_due_day_mean,date_duration_numeric,feature,P3_normal_type_specific_eda,route_to_date_duration_eda,date_duration_eda,no universal-level issue; continue type-specific EDA,5.160140612856125,1.641227638273429,3.518912974582697,32179,15069.0,False,False,4.67867117654489,34239,4.67867117654489,
inst_latest_due_day_max,date_duration_numeric,feature,P3_normal_type_specific_eda,route_to_date_duration_eda,date_duration_eda,no universal-level issue; continue type-specific EDA,5.160140612856125,1.641227638273429,3.518912974582697,2918,2643.0,False,False,4.67867117654489,2921,4.67867117654489,
inst_latest_due_day_min,date_duration_numeric,feature,P3_normal_type_specific_eda,route_to_date_duration_eda,date_duration_eda,no universal-level issue; continue type-specific EDA,5.160140612856125,1.641227638273429,3.518912974582697,2921,2921.0,False,False,4.67867117654489,2921,4.67867117654489,
inst_latest_due_day_sum,date_duration_numeric,feature,P3_normal_type_specific_eda,route_to_date_duration_eda,date_duration_eda,no universal-level issue; continue type-specific EDA,5.160140612856125,1.641227638273429,3.518912974582697,13937,9426.0,False,False,4.67867117654489,14444,4.67867117654489,
inst_latest_first_payment_day_mean,date_duration_numeric,feature,P3_normal_type_specific_eda,route_to_date_duration_eda,date_duration_eda,no universal-level issue; continue type-specific EDA,5.197537649059709,1.667897587395372,3.529640061664337,32195,15066.0,False,False,4.714600496835132,34201,4.714600496835132,
inst_latest_first_payment_day_max,date_duration_numeric,feature,P3_normal_type_specific_eda,route_to_date_duration_eda,date_duration_eda,no universal-level issue; continue type-specific EDA,5.197537649059709,1.667897587395372,3.529640061664337,2943,2667.0,False,False,4.714600496835132,2944,4.714600496835132,
inst_latest_first_payment_day_min,date_duration_numeric,feature,P3_normal_type_specific_eda,route_to_date_duration_eda,date_duration_eda,no universal-level issue; continue type-specific EDA,5.197537649059709,1.667897587395372,3.529640061664337,2974,2923.0,False,False,4.714600496835132,2974,4.714600496835132,
inst_latest_first_payment_day_sum,date_duration_numeric,feature,P3_normal_type_specific_eda,route_to_date_duration_eda,date_duration_eda,no universal-level issue; continue type-specific EDA,5.160140612856125,1.641227638273429,3.518912974582697,13937,9482.0,False,False,4.67867117654489,14446,4.67867117654489,
inst_latest_last_payment_day_mean,date_duration_numeric,feature,P3_normal_type_specific_eda,route_to_date_duration_eda,date_duration_eda,no universal-level issue; continue type-specific EDA,5.197537649059709,1.667897587395372,3.529640061664337,32089,15047.0,False,False,4.714600496835132,34129,4.714600496835132,
inst_latest_last_payment_day_max,date_duration_numeric,feature,P3_normal_type_specific_eda,route_to_date_duration_eda,date_duration_eda,no universal-level issue; continue type-specific EDA,5.197537649059709,1.667897587395372,3.529640061664337,2938,2651.0,False,False,4.714600496835132,2940,4.714600496835132,
inst_latest_last_payment_day_min,date_duration_numeric,feature,P3_normal_type_specific_eda,route_to_date_duration_eda,date_duration_eda,no universal-level issue; continue type-specific EDA,5.197537649059709,1.667897587395372,3.529640061664337,2959,2922.0,False,False,4.714600496835132,2960,4.714600496835132,
inst_latest_last_payment_day_sum,date_duration_numeric,feature,P3_normal_type_specific_eda,route_to_date_duration_eda,date_duration_eda,no universal-level issue; continue type-specific EDA,5.160140612856125,1.641227638273429,3.518912974582697,13926,9487.0,False,False,4.67867117654489,14432,4.67867117654489,
inst_latest_delay_days_mean,overdue_delay_numeric,feature,P3_normal_type_specific_eda,route_to_overdue_delay_eda,overdue_delay_eda,no universal-level issue; continue type-specific EDA,5.197537649059709,1.667897587395372,3.529640061664337,4804,1873.0,False,False,4.714600496835132,5103,4.714600496835132,
inst_latest_delay_days_max,overdue_delay_numeric,feature,P3_normal_type_specific_eda,route_to_overdue_delay_eda,overdue_delay_eda,no universal-level issue; continue type-specific EDA,5.197537649059709,1.667897587395372,3.529640061664337,1710,621.0,False,False,4.714600496835132,1773,22.82774978596792,
inst_latest_delay_days_min,overdue_delay_numeric,feature,P3_normal_type_specific_eda,route_to_overdue_delay_eda,overdue_delay_eda,no universal-level issue; continue type-specific EDA,5.197537649059709,1.667897587395372,3.529640061664337,723,283.0,False,False,4.714600496835132,760,4.714600496835132,
inst_latest_delay_days_sum,overdue_delay_numeric,feature,P3_normal_type_specific_eda,route_to_overdue_delay_eda,overdue_delay_eda,no universal-level issue; continue type-specific EDA,5.160140612856125,1.641227638273429,3.518912974582697,1907,778.0,False,False,4.67867117654489,1974,4.67867117654489,
inst_latest_expected_amount_mean,continuous_amount_numeric,feature,P3_normal_type_specific_eda,route_to_continuous_numeric_eda,continuous_numeric_eda,no universal-level issue; continue type-specific EDA,5.160140612856125,1.641227638273429,3.518912974582697,275619,47545.0,False,False,4.67867117654489,319363,4.67867117654489,
inst_latest_expected_amount_max,continuous_amount_numeric,feature,P3_normal_type_specific_eda,route_to_continuous_numeric_eda,continuous_numeric_eda,no universal-level issue; continue type-specific EDA,5.160140612856125,1.641227638273429,3.518912974582697,245783,46153.0,False,False,4.67867117654489,281328,4.67867117654489,
inst_latest_expected_amount_min,continuous_amount_numeric,feature,P3_normal_type_specific_eda,route_to_continuous_numeric_eda,continuous_numeric_eda,no universal-level issue; continue type-specific EDA,5.160140612856125,1.641227638273429,3.518912974582697,198784,42916.0,False,False,4.67867117654489,222384,4.67867117654489,
inst_latest_expected_amount_sum,continuous_amount_numeric,feature,P3_normal_type_specific_eda,route_to_continuous_numeric_eda,continuous_numeric_eda,no universal-level issue; continue type-specific EDA,5.160140612856125,1.641227638273429,3.518912974582697,275055,47499.0,False,False,4.67867117654489,318465,4.67867117654489,
inst_latest_paid_amount_mean,continuous_amount_numeric,feature,P3_normal_type_specific_eda,route_to_continuous_numeric_eda,continuous_numeric_eda,no universal-level issue; continue type-specific EDA,5.160140612856125,1.641227638273429,3.518912974582697,275579,47539.0,False,False,4.67867117654489,319330,4.67867117654489,
inst_latest_paid_amount_max,continuous_amount_numeric,feature,P3_normal_type_specific_eda,route_to_continuous_numeric_eda,continuous_numeric_eda,no universal-level issue; continue type-specific EDA,5.160140612856125,1.641227638273429,3.518912974582697,245327,46063.0,False,False,4.67867117654489,280810,4.67867117654489,
inst_latest_paid_amount_min,continuous_amount_numeric,feature,P3_normal_type_specific_eda,route_to_continuous_numeric_eda,continuous_numeric_eda,no universal-level issue; continue type-specific EDA,5.160140612856125,1.641227638273429,3.518912974582697,198457,42821.0,False,False,4.67867117654489,222020,4.67867117654489,
inst_latest_paid_amount_sum,continuous_amount_numeric,feature,P3_normal_type_specific_eda,route_to_continuous_numeric_eda,continuous_numeric_eda,no universal-level issue; continue type-specific EDA,5.160140612856125,1.641227638273429,3.518912974582697,275006,47490.0,False,False,4.67867117654489,318398,4.67867117654489,
inst_latest_payment_diff_mean,continuous_stat_numeric,feature,P3_normal_type_specific_eda,route_to_continuous_numeric_eda,continuous_numeric_eda,no universal-level issue; continue type-specific EDA,5.160140612856125,1.641227638273429,3.518912974582697,6446,1116.0,False,False,4.67867117654489,7414,90.1286999480709,
inst_latest_payment_diff_max,continuous_stat_numeric,feature,P3_normal_type_specific_eda,route_to_continuous_numeric_eda,continuous_numeric_eda,no universal-level issue; continue type-specific EDA,5.160140612856125,1.641227638273429,3.518912974582697,4311,700.0,False,False,4.67867117654489,4954,92.1514084012856,
inst_latest_payment_diff_min,continuous_stat_numeric,feature,P3_normal_type_specific_eda,route_to_continuous_numeric_eda,continuous_numeric_eda,no universal-level issue; continue type-specific EDA,5.160140612856125,1.641227638273429,3.518912974582697,2626,431.0,False,False,4.67867117654489,2995,92.58957769013769,
inst_latest_payment_diff_sum,continuous_stat_numeric,feature,P3_normal_type_specific_eda,route_to_continuous_numeric_eda,continuous_numeric_eda,no universal-level issue; continue type-specific EDA,5.160140612856125,1.641227638273429,3.518912974582697,6210,1037.0,False,False,4.67867117654489,7136,90.1286999480709,
inst_latest_late_flag_mean,ratio_rate_numeric,feature,P3_normal_type_specific_eda,route_to_ratio_rate_eda,ratio_rate_eda,no universal-level issue; continue type-specific EDA,5.160140612856125,1.641227638273429,3.518912974582697,68,50.0,False,False,4.67867117654489,71,76.86292122215829,
inst_latest_late_flag_max,binary_flag,feature,P3_normal_type_specific_eda,route_to_binary_flag_eda,binary_flag_eda,no universal-level issue; continue type-specific EDA,5.160140612856125,1.641227638273429,3.518912974582697,2,2.0,False,False,4.67867117654489,2,76.86292122215829,
inst_latest_late_flag_min,binary_flag,feature,P3_normal_type_specific_eda,route_to_binary_flag_eda,binary_flag_eda,no universal-level issue; continue type-specific EDA,5.160140612856125,1.641227638273429,3.518912974582697,2,2.0,False,False,4.67867117654489,2,92.6715414520498,
inst_latest_late_flag_sum,discrete_count_numeric,feature,P3_normal_type_specific_eda,route_to_discrete_count_eda,discrete_count_eda,no universal-level issue; continue type-specific EDA,5.160140612856125,1.641227638273429,3.518912974582697,10,8.0,False,False,4.67867117654489,10,76.86292122215829,
inst_latest_late_30plus_flag_mean,ratio_rate_numeric,feature,P3_normal_type_specific_eda,route_to_ratio_rate_eda,ratio_rate_eda,no universal-level issue; continue type-specific EDA,5.160140612856125,1.641227638273429,3.518912974582697,26,19.0,False,False,4.67867117654489,26,93.08809700916478,
inst_latest_late_30plus_flag_max,binary_flag,feature,P3_normal_type_specific_eda,route_to_binary_flag_eda,binary_flag_eda,no universal-level issue; continue type-specific EDA,5.160140612856125,1.641227638273429,3.518912974582697,2,2.0,False,False,4.67867117654489,2,93.08809700916478,
inst_latest_late_30plus_flag_min,binary_flag,feature,P3_normal_type_specific_eda,route_to_binary_flag_eda,binary_flag_eda,no universal-level issue; continue type-specific EDA,5.160140612856125,1.641227638273429,3.518912974582697,2,2.0,False,False,4.67867117654489,2,95.07038497705295,
inst_latest_late_30plus_flag_sum,discrete_count_numeric,feature,P3_normal_type_specific_eda,route_to_discrete_count_eda,discrete_count_eda,no universal-level issue; continue type-specific EDA,5.160140612856125,1.641227638273429,3.518912974582697,4,3.0,False,False,4.67867117654489,4,93.08809700916478,
inst_latest_underpaid_flag_mean,ratio_rate_numeric,feature,P3_normal_type_specific_eda,route_to_ratio_rate_eda,ratio_rate_eda,no universal-level issue; continue type-specific EDA,5.160140612856125,1.641227638273429,3.518912974582697,30,16.0,False,False,4.67867117654489,30,94.5109542322213,
inst_latest_underpaid_flag_max,binary_flag,feature,P3_normal_type_specific_eda,route_to_binary_flag_eda,binary_flag_eda,no universal-level issue; continue type-specific EDA,5.160140612856125,1.641227638273429,3.518912974582697,2,2.0,False,False,4.67867117654489,2,94.5109542322213,
inst_latest_underpaid_flag_min,binary_flag,feature,P3_normal_type_specific_eda,route_to_binary_flag_eda,binary_flag_eda,no universal-level issue; continue type-specific EDA,5.160140612856125,1.641227638273429,3.518912974582697,2,2.0,False,False,4.67867117654489,2,95.1978217849574,
inst_latest_underpaid_flag_sum,discrete_count_numeric,feature,P3_normal_type_specific_eda,route_to_discrete_count_eda,discrete_count_eda,no universal-level issue; continue type-specific EDA,5.160140612856125,1.641227638273429,3.518912974582697,5,3.0,False,False,4.67867117654489,5,94.5109542322213,
inst_latest_fully_paid_flag_mean,ratio_rate_numeric,feature,P3_normal_type_specific_eda,route_to_ratio_rate_eda,ratio_rate_eda,no universal-level issue; continue type-specific EDA,5.160140612856125,1.641227638273429,3.518912974582697,30,16.0,False,False,4.67867117654489,30,94.50253329777829,
inst_latest_fully_paid_flag_max,binary_flag,feature,P3_normal_type_specific_eda,route_to_binary_flag_eda,binary_flag_eda,no universal-level issue; continue type-specific EDA,5.160140612856125,1.641227638273429,3.518912974582697,2,2.0,False,False,4.67867117654489,2,95.19669899369833,
inst_latest_fully_paid_flag_min,binary_flag,feature,P3_normal_type_specific_eda,route_to_binary_flag_eda,binary_flag_eda,no universal-level issue; continue type-specific EDA,5.160140612856125,1.641227638273429,3.518912974582697,2,2.0,False,False,4.67867117654489,2,94.50253329777829,
inst_latest_fully_paid_flag_sum,discrete_count_numeric,feature,P3_normal_type_specific_eda,route_to_discrete_count_eda,discrete_count_eda,no universal-level issue; continue type-specific EDA,5.160140612856125,1.641227638273429,3.518912974582697,26,22.0,False,False,4.67867117654489,26,26.64102959958456,
inst_latest_overpaid_flag_mean,ratio_rate_numeric,feature,P3_normal_type_specific_eda,route_to_ratio_rate_eda,ratio_rate_eda,no universal-level issue; continue type-specific EDA,5.160140612856125,1.641227638273429,3.518912974582697,29,23.0,False,False,4.67867117654489,30,94.07334633899876,
inst_latest_overpaid_flag_max,binary_flag,feature,P3_normal_type_specific_eda,route_to_binary_flag_eda,binary_flag_eda,no universal-level issue; continue type-specific EDA,5.160140612856125,1.641227638273429,3.518912974582697,2,2.0,False,False,4.67867117654489,2,94.07334633899876,
inst_latest_overpaid_flag_min,binary_flag,feature,P3_normal_type_specific_eda,route_to_binary_flag_eda,binary_flag_eda,no universal-level issue; continue type-specific EDA,5.160140612856125,1.641227638273429,3.518912974582697,2,2.0,False,False,4.67867117654489,2,95.24048785280208,
inst_latest_overpaid_flag_sum,discrete_count_numeric,feature,P3_normal_type_specific_eda,route_to_discrete_count_eda,discrete_count_eda,no universal-level issue; continue type-specific EDA,5.160140612856125,1.641227638273429,3.518912974582697,4,3.0,False,False,4.67867117654489,4,94.07334633899876,
inst_latest_multiple_payment_flag_mean,ratio_rate_numeric,feature,P3_normal_type_specific_eda,route_to_ratio_rate_eda,ratio_rate_eda,no universal-level issue; continue type-specific EDA,5.160140612856125,1.641227638273429,3.518912974582697,56,41.0,False,False,4.67867117654489,57,81.90144699723513,
inst_latest_multiple_payment_flag_max,binary_flag,feature,P3_normal_type_specific_eda,route_to_binary_flag_eda,binary_flag_eda,no universal-level issue; continue type-specific EDA,5.160140612856125,1.641227638273429,3.518912974582697,2,2.0,False,False,4.67867117654489,2,81.90144699723513,
inst_latest_multiple_payment_flag_min,binary_flag,feature,P3_normal_type_specific_eda,route_to_binary_flag_eda,binary_flag_eda,no universal-level issue; continue type-specific EDA,5.160140612856125,1.641227638273429,3.518912974582697,2,2.0,False,False,4.67867117654489,2,93.67054497480737,
inst_latest_multiple_payment_flag_sum,discrete_count_numeric,feature,P3_normal_type_specific_eda,route_to_discrete_count_eda,discrete_count_eda,no universal-level issue; continue type-specific EDA,5.160140612856125,1.641227638273429,3.518912974582697,8,6.0,False,False,4.67867117654489,8,81.90144699723513,
inst_latest_version_change_flag_mean,ratio_rate_numeric,feature,P3_normal_type_specific_eda,route_to_ratio_rate_eda,ratio_rate_eda,no universal-level issue; continue type-specific EDA,5.160140612856125,1.641227638273429,3.518912974582697,29,23.0,False,False,4.67867117654489,30,94.07053936085109,
inst_latest_version_change_flag_max,binary_flag,feature,P3_normal_type_specific_eda,route_to_binary_flag_eda,binary_flag_eda,no universal-level issue; continue type-specific EDA,5.160140612856125,1.641227638273429,3.518912974582697,2,2.0,False,False,4.67867117654489,2,94.07053936085109,
inst_latest_version_change_flag_min,binary_flag,feature,P3_normal_type_specific_eda,route_to_binary_flag_eda,binary_flag_eda,no universal-level issue; continue type-specific EDA,5.160140612856125,1.641227638273429,3.518912974582697,2,2.0,False,False,4.67867117654489,2,95.24048785280208,
inst_latest_version_change_flag_sum,discrete_count_numeric,feature,P3_normal_type_specific_eda,route_to_discrete_count_eda,discrete_count_eda,no universal-level issue; continue type-specific EDA,5.160140612856125,1.641227638273429,3.518912974582697,4,3.0,False,False,4.67867117654489,4,94.07053936085109,
inst_latest_num_version_mean,discrete_count_numeric,feature,P3_normal_type_specific_eda,route_to_discrete_count_eda,discrete_count_eda,no universal-level issue; continue type-specific EDA,5.160140612856125,1.641227638273429,3.518912974582697,399,286.0,False,False,4.67867117654489,431,33.08388654194327,
inst_latest_num_version_max,discrete_count_numeric,feature,P3_normal_type_specific_eda,route_to_discrete_count_eda,discrete_count_eda,no universal-level issue; continue type-specific EDA,5.160140612856125,1.641227638273429,3.518912974582697,51,41.0,False,False,4.67867117654489,54,46.0644762880521,
inst_latest_num_version_min,discrete_count_numeric,feature,P3_normal_type_specific_eda,route_to_discrete_count_eda,discrete_count_eda,no universal-level issue; continue type-specific EDA,5.160140612856125,1.641227638273429,3.518912974582697,34,26.0,False,False,4.67867117654489,34,58.2374984210748,
inst_latest_num_version_sum,discrete_count_numeric,feature,P3_normal_type_specific_eda,route_to_discrete_count_eda,discrete_count_eda,no universal-level issue; continue type-specific EDA,5.160140612856125,1.641227638273429,3.518912974582697,68,61.0,False,False,4.67867117654489,73,18.76324542813434,
inst_payment_row_count_sum_mean,discrete_count_numeric,feature,P3_normal_type_specific_eda,route_to_discrete_count_eda,discrete_count_eda,no universal-level issue; continue type-specific EDA,5.160140612856125,1.641227638273429,3.518912974582697,1997,1400.0,False,False,4.67867117654489,2064,5.320346381103423,
inst_payment_row_count_sum_max,discrete_count_numeric,feature,P3_normal_type_specific_eda,route_to_discrete_count_eda,discrete_count_eda,no universal-level issue; continue type-specific EDA,5.160140612856125,1.641227638273429,3.518912974582697,218,198.0,False,False,4.67867117654489,221,10.26062792101163,
inst_payment_row_count_sum_min,discrete_count_numeric,feature,P3_normal_type_specific_eda,route_to_discrete_count_eda,discrete_count_eda,no universal-level issue; continue type-specific EDA,5.160140612856125,1.641227638273429,3.518912974582697,189,136.0,False,False,4.67867117654489,190,14.94098328444513,
inst_payment_row_count_sum_sum,discrete_count_numeric,feature,P3_normal_type_specific_eda,route_to_discrete_count_eda,discrete_count_eda,no universal-level issue; continue type-specific EDA,5.160140612856125,1.641227638273429,3.518912974582697,319,285.0,False,False,4.67867117654489,323,4.67867117654489,
inst_contract_with_late_count,discrete_count_numeric,feature,P3_normal_type_specific_eda,route_to_discrete_count_eda,discrete_count_eda,no universal-level issue; continue type-specific EDA,5.160140612856125,1.641227638273429,3.518912974582697,15,13.0,False,False,4.67867117654489,15,44.8392303265919,
inst_contract_with_late_ratio,ratio_rate_numeric,feature,P3_normal_type_specific_eda,route_to_ratio_rate_eda,ratio_rate_eda,no universal-level issue; continue type-specific EDA,5.160140612856125,1.641227638273429,3.518912974582697,110,76.0,False,False,4.67867117654489,114,44.8392303265919,
inst_contract_with_late_5plus_count,discrete_count_numeric,feature,P3_normal_type_specific_eda,route_to_discrete_count_eda,discrete_count_eda,no universal-level issue; continue type-specific EDA,5.160140612856125,1.641227638273429,3.518912974582697,13,10.0,False,False,4.67867117654489,13,61.39338395250593,
inst_contract_with_late_5plus_ratio,ratio_rate_numeric,feature,P3_normal_type_specific_eda,route_to_ratio_rate_eda,ratio_rate_eda,no universal-level issue; continue type-specific EDA,5.160140612856125,1.641227638273429,3.518912974582697,88,63.0,False,False,4.67867117654489,89,61.39338395250593,
inst_contract_with_late_15plus_count,discrete_count_numeric,feature,P3_normal_type_specific_eda,route_to_discrete_count_eda,discrete_count_eda,no universal-level issue; continue type-specific EDA,5.160140612856125,1.641227638273429,3.518912974582697,8,7.0,False,False,4.67867117654489,8,78.6330016420822,
inst_contract_with_late_15plus_ratio,ratio_rate_numeric,feature,P3_normal_type_specific_eda,route_to_ratio_rate_eda,ratio_rate_eda,no universal-level issue; continue type-specific EDA,5.160140612856125,1.641227638273429,3.518912974582697,60,41.0,False,False,4.67867117654489,60,78.6330016420822,
inst_contract_with_late_30plus_count,discrete_count_numeric,feature,P3_normal_type_specific_eda,route_to_discrete_count_eda,discrete_count_eda,no universal-level issue; continue type-specific EDA,5.160140612856125,1.641227638273429,3.518912974582697,6,4.0,False,False,4.67867117654489,6,88.6668257287617,
inst_contract_with_late_30plus_ratio,ratio_rate_numeric,feature,P3_normal_type_specific_eda,route_to_ratio_rate_eda,ratio_rate_eda,no universal-level issue; continue type-specific EDA,5.160140612856125,1.641227638273429,3.518912974582697,41,27.0,False,False,4.67867117654489,41,88.6668257287617,
inst_contract_with_late_60plus_count,discrete_count_numeric,feature,P3_normal_type_specific_eda,route_to_discrete_count_eda,discrete_count_eda,no universal-level issue; continue type-specific EDA,5.160140612856125,1.641227638273429,3.518912974582697,5,3.0,False,False,4.67867117654489,5,92.54494673758965,
inst_contract_with_late_60plus_ratio,ratio_rate_numeric,feature,P3_normal_type_specific_eda,route_to_ratio_rate_eda,ratio_rate_eda,no universal-level issue; continue type-specific EDA,5.160140612856125,1.641227638273429,3.518912974582697,30,20.0,False,False,4.67867117654489,31,92.54494673758965,
inst_contract_with_late_90plus_count,discrete_count_numeric,feature,P3_normal_type_specific_eda,route_to_discrete_count_eda,discrete_count_eda,no universal-level issue; continue type-specific EDA,5.160140612856125,1.641227638273429,3.518912974582697,5,3.0,False,False,4.67867117654489,5,93.05890443642896,
inst_contract_with_late_90plus_ratio,ratio_rate_numeric,feature,P3_normal_type_specific_eda,route_to_ratio_rate_eda,ratio_rate_eda,no universal-level issue; continue type-specific EDA,5.160140612856125,1.641227638273429,3.518912974582697,25,20.0,False,False,4.67867117654489,27,93.05890443642896,
inst_contract_with_underpaid_count,discrete_count_numeric,feature,P3_normal_type_specific_eda,route_to_discrete_count_eda,discrete_count_eda,no universal-level issue; continue type-specific EDA,5.160140612856125,1.641227638273429,3.518912974582697,5,3.0,False,False,4.67867117654489,5,94.49916492400106,
inst_contract_with_underpaid_ratio,ratio_rate_numeric,feature,P3_normal_type_specific_eda,route_to_ratio_rate_eda,ratio_rate_eda,no universal-level issue; continue type-specific EDA,5.160140612856125,1.641227638273429,3.518912974582697,30,16.0,False,False,4.67867117654489,30,94.49916492400106,
inst_contract_with_overpaid_count,discrete_count_numeric,feature,P3_normal_type_specific_eda,route_to_discrete_count_eda,discrete_count_eda,no universal-level issue; continue type-specific EDA,5.160140612856125,1.641227638273429,3.518912974582697,9,7.0,False,False,4.67867117654489,9,82.7337160180208,
inst_contract_with_overpaid_ratio,ratio_rate_numeric,feature,P3_normal_type_specific_eda,route_to_ratio_rate_eda,ratio_rate_eda,no universal-level issue; continue type-specific EDA,5.160140612856125,1.641227638273429,3.518912974582697,60,38.0,False,False,4.67867117654489,62,82.7337160180208,
inst_contract_with_multiple_payment_count,discrete_count_numeric,feature,P3_normal_type_specific_eda,route_to_discrete_count_eda,discrete_count_eda,no universal-level issue; continue type-specific EDA,5.160140612856125,1.641227638273429,3.518912974582697,14,11.0,False,False,4.67867117654489,14,48.25953319953405,
inst_contract_with_multiple_payment_ratio,ratio_rate_numeric,feature,P3_normal_type_specific_eda,route_to_ratio_rate_eda,ratio_rate_eda,no universal-level issue; continue type-specific EDA,5.160140612856125,1.641227638273429,3.518912974582697,101,70.0,False,False,4.67867117654489,103,48.25953319953405,
inst_contract_with_version_change_count,discrete_count_numeric,feature,P3_normal_type_specific_eda,route_to_discrete_count_eda,discrete_count_eda,no universal-level issue; continue type-specific EDA,5.160140612856125,1.641227638273429,3.518912974582697,9,7.0,False,False,4.67867117654489,9,82.72782136391068,
inst_contract_with_version_change_ratio,ratio_rate_numeric,feature,P3_normal_type_specific_eda,route_to_ratio_rate_eda,ratio_rate_eda,no universal-level issue; continue type-specific EDA,5.160140612856125,1.641227638273429,3.518912974582697,60,38.0,False,False,4.67867117654489,62,82.72782136391068,
inst_contract_with_due_day_shift_count,binary_flag,feature,P3_normal_type_specific_eda,route_to_binary_flag_eda,binary_flag_eda,no universal-level issue; continue type-specific EDA,5.160140612856125,1.641227638273429,3.518912974582697,2,2.0,False,False,4.67867117654489,2,95.23627738558055,
inst_contract_with_due_day_shift_ratio,ratio_rate_numeric,feature,P3_normal_type_specific_eda,route_to_ratio_rate_eda,ratio_rate_eda,no universal-level issue; continue type-specific EDA,5.160140612856125,1.641227638273429,3.518912974582697,12,11.0,False,False,4.67867117654489,12,95.23627738558055,
inst_contract_with_amount_shift_count,discrete_count_numeric,feature,P3_normal_type_specific_eda,route_to_discrete_count_eda,discrete_count_eda,no universal-level issue; continue type-specific EDA,5.160140612856125,1.641227638273429,3.518912974582697,9,7.0,False,False,4.67867117654489,9,82.73034764424358,
inst_contract_with_amount_shift_ratio,ratio_rate_numeric,feature,P3_normal_type_specific_eda,route_to_ratio_rate_eda,ratio_rate_eda,no universal-level issue; continue type-specific EDA,5.160140612856125,1.641227638273429,3.518912974582697,60,38.0,False,False,4.67867117654489,62,82.73034764424358,
inst_latest_due_day,date_duration_numeric,feature,P3_normal_type_specific_eda,route_to_date_duration_eda,date_duration_eda,no universal-level issue; continue type-specific EDA,5.160140612856125,1.641227638273429,3.518912974582697,2918,2643.0,False,False,4.67867117654489,2921,4.67867117654489,
inst_latest_first_payment_day,date_duration_numeric,feature,P3_normal_type_specific_eda,route_to_date_duration_eda,date_duration_eda,no universal-level issue; continue type-specific EDA,5.408912201514743,1.868947973083867,3.539964228430876,2942,2661.0,False,False,4.924562462281231,2943,4.924562462281231,
inst_latest_last_payment_day,date_duration_numeric,feature,P3_normal_type_specific_eda,route_to_date_duration_eda,date_duration_eda,no universal-level issue; continue type-specific EDA,5.408912201514743,1.868947973083867,3.539964228430876,2937,2644.0,False,False,4.924562462281231,2939,4.924562462281231,
inst_latest_delay_days,overdue_delay_numeric,feature,P3_normal_type_specific_eda,route_to_overdue_delay_eda,overdue_delay_eda,no universal-level issue; continue type-specific EDA,5.408912201514743,1.868947973083867,3.539964228430876,799,283.0,False,False,4.924562462281231,837,15.69409552146636,
inst_latest_first_delay_days,overdue_delay_numeric,feature,P3_normal_type_specific_eda,route_to_overdue_delay_eda,overdue_delay_eda,no universal-level issue; continue type-specific EDA,5.408912201514743,1.868947973083867,3.539964228430876,338,199.0,False,False,4.924562462281231,350,15.72272669857265,
inst_latest_expected_amount,continuous_amount_numeric,feature,P3_normal_type_specific_eda,route_to_continuous_numeric_eda,continuous_numeric_eda,no universal-level issue; continue type-specific EDA,5.160140612856125,1.641227638273429,3.518912974582697,215302,43214.0,False,False,4.67867117654489,245334,4.67867117654489,
inst_latest_paid_amount,continuous_amount_numeric,feature,P3_normal_type_specific_eda,route_to_continuous_numeric_eda,continuous_numeric_eda,no universal-level issue; continue type-specific EDA,5.160140612856125,1.641227638273429,3.518912974582697,214398,42975.0,False,False,4.67867117654489,244280,4.67867117654489,
inst_latest_max_single_payment,continuous_amount_numeric,feature,P3_normal_type_specific_eda,route_to_continuous_numeric_eda,continuous_numeric_eda,no universal-level issue; continue type-specific EDA,5.408912201514743,1.868947973083867,3.539964228430876,216092,43144.0,False,False,4.924562462281231,246175,4.924562462281231,
inst_latest_payment_ratio,ratio_rate_numeric,feature,P3_normal_type_specific_eda,route_to_ratio_rate_eda,ratio_rate_eda,no universal-level issue; continue type-specific EDA,5.162416954190257,1.641227638273429,3.521189315916828,4081,631.0,False,False,4.680636061248263,4708,93.74942106075704,
inst_latest_payment_diff,continuous_stat_numeric,feature,P3_normal_type_specific_eda,route_to_continuous_numeric_eda,continuous_numeric_eda,no universal-level issue; continue type-specific EDA,5.160140612856125,1.641227638273429,3.518912974582697,4410,731.0,False,False,4.67867117654489,5085,92.87841574153344,
inst_latest_late_flag,binary_flag,feature,P3_normal_type_specific_eda,route_to_binary_flag_eda,binary_flag_eda,no universal-level issue; continue type-specific EDA,5.160140612856125,1.641227638273429,3.518912974582697,2,2.0,False,False,4.67867117654489,2,89.16562574560358,
inst_latest_late_5plus_flag,binary_flag,feature,P3_normal_type_specific_eda,route_to_binary_flag_eda,binary_flag_eda,no universal-level issue; continue type-specific EDA,5.160140612856125,1.641227638273429,3.518912974582697,2,2.0,False,False,4.67867117654489,2,93.02971186369314,
inst_latest_late_15plus_flag,binary_flag,feature,P3_normal_type_specific_eda,route_to_binary_flag_eda,binary_flag_eda,no universal-level issue; continue type-specific EDA,5.160140612856125,1.641227638273429,3.518912974582697,2,2.0,False,False,4.67867117654489,2,94.6310928969418,
inst_latest_late_30plus_flag,binary_flag,feature,P3_normal_type_specific_eda,route_to_binary_flag_eda,binary_flag_eda,no universal-level issue; continue type-specific EDA,5.160140612856125,1.641227638273429,3.518912974582697,2,2.0,False,False,4.67867117654489,2,94.95277259266537,
inst_latest_late_60plus_flag,binary_flag,feature,P3_normal_type_specific_eda,route_to_binary_flag_eda,binary_flag_eda,no universal-level issue; continue type-specific EDA,5.160140612856125,1.641227638273429,3.518912974582697,2,2.0,False,False,4.67867117654489,2,95.07824451586644,
inst_latest_late_90plus_flag,binary_flag,feature,P3_normal_type_specific_eda,route_to_binary_flag_eda,binary_flag_eda,no universal-level issue; continue type-specific EDA,5.160140612856125,1.641227638273429,3.518912974582697,2,2.0,False,False,4.67867117654489,2,95.09452498912296,
inst_latest_underpaid_flag,binary_flag,feature,P3_normal_type_specific_eda,route_to_binary_flag_eda,binary_flag_eda,no universal-level issue; continue type-specific EDA,5.160140612856125,1.641227638273429,3.518912974582697,2,2.0,False,False,4.67867117654489,2,94.64709267238355,
inst_latest_fully_paid_flag,binary_flag,feature,P3_normal_type_specific_eda,route_to_binary_flag_eda,binary_flag_eda,no universal-level issue; continue type-specific EDA,5.160140612856125,1.641227638273429,3.518912974582697,2,2.0,False,False,4.67867117654489,2,94.64512778768017,
inst_latest_overpaid_flag,binary_flag,feature,P3_normal_type_specific_eda,route_to_binary_flag_eda,binary_flag_eda,no universal-level issue; continue type-specific EDA,5.160140612856125,1.641227638273429,3.518912974582697,2,2.0,False,False,4.67867117654489,2,94.57383054272923,
inst_latest_multiple_payment_flag,binary_flag,feature,P3_normal_type_specific_eda,route_to_binary_flag_eda,binary_flag_eda,no universal-level issue; continue type-specific EDA,5.160140612856125,1.641227638273429,3.518912974582697,2,2.0,False,False,4.67867117654489,2,90.65725393327813,
inst_latest_version_change_flag,binary_flag,feature,P3_normal_type_specific_eda,route_to_binary_flag_eda,binary_flag_eda,no universal-level issue; continue type-specific EDA,5.160140612856125,1.641227638273429,3.518912974582697,2,2.0,False,False,4.67867117654489,2,94.57130426239631,
inst_latest_due_day_shift_flag,binary_flag,feature,P3_normal_type_specific_eda,route_to_binary_flag_eda,binary_flag_eda,no universal-level issue; continue type-specific EDA,5.160140612856125,1.641227638273429,3.518912974582697,2,2.0,False,False,4.67867117654489,2,95.30252206986569,
inst_latest_amount_shift_flag,binary_flag,feature,P3_normal_type_specific_eda,route_to_binary_flag_eda,binary_flag_eda,no universal-level issue; continue type-specific EDA,5.160140612856125,1.641227638273429,3.518912974582697,2,2.0,False,False,4.67867117654489,2,94.57130426239631,
inst_latest_num_version,discrete_count_numeric,feature,P3_normal_type_specific_eda,route_to_discrete_count_eda,discrete_count_eda,no universal-level issue; continue type-specific EDA,5.160140612856125,1.641227638273429,3.518912974582697,49,38.0,False,False,4.67867117654489,50,47.27035410029332,
inst_latest_payment_row_count,discrete_count_numeric,feature,P3_normal_type_specific_eda,route_to_discrete_count_eda,discrete_count_eda,no universal-level issue; continue type-specific EDA,5.160140612856125,1.641227638273429,3.518912974582697,4,4.0,False,False,4.67867117654489,4,90.65725393327813,
has_credit_card_history,binary_flag,feature,P3_normal_type_specific_eda,route_to_binary_flag_eda,binary_flag_eda,no universal-level issue; continue type-specific EDA,0.0,0.0,0.0,2,2.0,False,False,0.0,2,70.931495698306,
cc_contract_count,discrete_count_numeric,feature,P2_missingness_review,route_to_discrete_count_eda; consider_missingness_logic_later,discrete_count_eda,high combined missingness,71.73922233676193,65.83579517479075,5.90342716197118,4,3.0,False,False,70.931495698306,4,70.931495698306,high_missing
cc_month_record_count_sum,discrete_count_numeric,feature,P2_missingness_review,route_to_discrete_count_eda; consider_missingness_logic_later,discrete_count_eda,high combined missingness,71.73922233676193,65.83579517479075,5.90342716197118,128,121.0,False,False,70.931495698306,132,70.931495698306,high_missing
cc_month_record_count_mean,discrete_count_numeric,feature,P2_missingness_review,route_to_discrete_count_eda; consider_missingness_logic_later,discrete_count_eda,high combined missingness,71.73922233676193,65.83579517479075,5.90342716197118,149,137.0,False,False,70.931495698306,156,70.931495698306,high_missing
cc_month_record_count_max,discrete_count_numeric,feature,P2_missingness_review,route_to_discrete_count_eda; consider_missingness_logic_later,discrete_count_eda,high combined missingness,71.73922233676193,65.83579517479075,5.90342716197118,96,96.0,False,False,70.931495698306,96,70.931495698306,high_missing
cc_month_min,date_duration_numeric,feature,P2_missingness_review,route_to_date_duration_eda; consider_missingness_logic_later,date_duration_eda,high combined missingness,71.73922233676193,65.83579517479075,5.90342716197118,96,96.0,False,False,70.931495698306,96,70.931495698306,high_missing
cc_month_max,date_duration_numeric,feature,P2_missingness_review,route_to_date_duration_eda; consider_missingness_logic_later,date_duration_eda,high combined missingness,71.73922233676193,65.83579517479075,5.90342716197118,5,6.0,False,False,70.931495698306,7,70.931495698306,high_missing
cc_month_span_mean_x,date_duration_numeric,feature,P2_missingness_review,route_to_date_duration_eda; consider_missingness_logic_later,date_duration_eda,high combined missingness,71.73922233676193,65.83579517479075,5.90342716197118,149,137.0,False,False,70.931495698306,156,70.931495698306,high_missing
cc_month_span_max_x,date_duration_numeric,feature,P2_missingness_review,route_to_date_duration_eda; consider_missingness_logic_later,date_duration_eda,high combined missingness,71.73922233676193,65.83579517479075,5.90342716197118,96,96.0,False,False,70.931495698306,96,70.931495698306,high_missing
cc_month_count_sum,discrete_count_numeric,feature,P2_missingness_review,route_to_discrete_count_eda; consider_missingness_logic_later,discrete_count_eda,high combined missingness,71.73922233676193,65.83579517479075,5.90342716197118,128,121.0,False,False,70.931495698306,132,70.931495698306,high_missing
cc_month_count_mean,discrete_count_numeric,feature,P2_missingness_review,route_to_discrete_count_eda; consider_missingness_logic_later,discrete_count_eda,high combined missingness,71.73922233676193,65.83579517479075,5.90342716197118,149,137.0,False,False,70.931495698306,156,70.931495698306,high_missing
cc_month_count_max,discrete_count_numeric,feature,P2_missingness_review,route_to_discrete_count_eda; consider_missingness_logic_later,discrete_count_eda,high combined missingness,71.73922233676193,65.83579517479075,5.90342716197118,96,96.0,False,False,70.931495698306,96,70.931495698306,high_missing
cc_status_active_count_sum,discrete_count_numeric,feature,P2_missingness_review,route_to_discrete_count_eda; consider_missingness_logic_later,discrete_count_eda,high combined missingness,71.73922233676193,65.83579517479075,5.90342716197118,103,99.0,False,False,70.931495698306,104,70.931495698306,high_missing
cc_status_active_count_mean,ratio_rate_numeric,feature,P2_missingness_review,route_to_ratio_rate_eda; consider_missingness_logic_later,ratio_rate_eda,high combined missingness,71.73922233676193,65.83579517479075,5.90342716197118,149,135.0,False,False,70.931495698306,152,70.931495698306,high_missing
cc_status_active_count_max,discrete_count_numeric,feature,P2_missingness_review,route_to_discrete_count_eda; consider_missingness_logic_later,discrete_count_eda,high combined missingness,71.73922233676193,65.83579517479075,5.90342716197118,97,97.0,False,False,70.931495698306,97,70.931495698306,high_missing
cc_status_completed_count_sum,discrete_count_numeric,feature,P2_missingness_review,route_to_discrete_count_eda; consider_missingness_logic_later,discrete_count_eda,high combined missingness,71.73922233676193,65.83579517479075,5.90342716197118,40,40.0,False,False,70.931495698306,44,70.931495698306,high_missing
cc_status_completed_count_mean,ratio_rate_numeric,feature,P2_missingness_review,route_to_ratio_rate_eda; consider_missingness_logic_later,ratio_rate_eda,high combined missingness,71.73922233676193,65.83579517479075,5.90342716197118,60,49.0,False,False,70.931495698306,64,70.931495698306,high_missing
cc_status_completed_count_max,discrete_count_numeric,feature,P2_missingness_review,route_to_discrete_count_eda; consider_missingness_logic_later,discrete_count_eda,high combined missingness,71.73922233676193,65.83579517479075,5.90342716197118,37,35.0,False,False,70.931495698306,38,70.931495698306,high_missing
cc_status_signed_count_sum,discrete_count_numeric,feature,P2_missingness_review,route_to_discrete_count_eda; consider_missingness_logic_later,discrete_count_eda,high combined missingness,71.73922233676193,65.83579517479075,5.90342716197118,43,17.0,False,False,70.931495698306,45,70.931495698306,high_missing
cc_status_signed_count_mean,ratio_rate_numeric,feature,P2_missingness_review,route_to_ratio_rate_eda; consider_missingness_logic_later,ratio_rate_eda,high combined missingness,71.73922233676193,65.83579517479075,5.90342716197118,45,18.0,False,False,70.931495698306,47,70.931495698306,high_missing
cc_status_signed_count_max,discrete_count_numeric,feature,P2_missingness_review,route_to_discrete_count_eda; consider_missingness_logic_later,discrete_count_eda,high combined missingness,71.73922233676193,65.83579517479075,5.90342716197118,43,17.0,False,False,70.931495698306,45,70.931495698306,high_missing
cc_status_demand_count_sum,discrete_count_numeric,feature,P2_missingness_review,route_to_discrete_count_eda; consider_missingness_logic_later,discrete_count_eda,high combined missingness,71.73922233676193,65.83579517479075,5.90342716197118,14,8.0,False,False,70.931495698306,21,70.931495698306,high_missing
cc_status_demand_count_mean,ratio_rate_numeric,feature,P2_missingness_review,route_to_ratio_rate_eda; consider_missingness_logic_later,ratio_rate_eda,high combined missingness,71.73922233676193,65.83579517479075,5.90342716197118,14,8.0,False,False,70.931495698306,21,70.931495698306,high_missing
cc_status_demand_count_max,discrete_count_numeric,feature,P2_missingness_review,route_to_discrete_count_eda; consider_missingness_logic_later,discrete_count_eda,high combined missingness,71.73922233676193,65.83579517479075,5.90342716197118,14,8.0,False,False,70.931495698306,21,70.931495698306,high_missing
cc_status_sent_proposal_count_sum,binary_flag,feature,P2_missingness_review,route_to_binary_flag_eda; consider_missingness_logic_later,binary_flag_eda,high combined missingness,71.73922233676193,65.83579517479075,5.90342716197118,2,2.0,False,False,70.931495698306,2,70.931495698306,high_missing
cc_status_sent_proposal_count_mean,ratio_rate_numeric,feature,P2_missingness_review,route_to_ratio_rate_eda; consider_missingness_logic_later,ratio_rate_eda,high combined missingness,71.73922233676193,65.83579517479075,5.90342716197118,3,2.0,False,False,70.931495698306,3,70.931495698306,high_missing
cc_status_sent_proposal_count_max,binary_flag,feature,P2_missingness_review,route_to_binary_flag_eda; consider_missingness_logic_later,binary_flag_eda,high combined missingness,71.73922233676193,65.83579517479075,5.90342716197118,2,2.0,False,False,70.931495698306,2,70.931495698306,high_missing
cc_status_refused_count_sum,binary_flag,feature,P2_missingness_review,route_to_binary_flag_eda; consider_missingness_logic_later,binary_flag_eda,high combined missingness,71.73922233676193,65.83579517479075,5.90342716197118,2,2.0,False,False,70.931495698306,2,70.931495698306,high_missing
cc_status_refused_count_mean,binary_flag,feature,P2_missingness_review,route_to_binary_flag_eda; consider_missingness_logic_later,binary_flag_eda,high combined missingness,71.73922233676193,65.83579517479075,5.90342716197118,2,2.0,False,False,70.931495698306,2,70.931495698306,high_missing
cc_status_refused_count_max,binary_flag,feature,P2_missingness_review,route_to_binary_flag_eda; consider_missingness_logic_later,binary_flag_eda,high combined missingness,71.73922233676193,65.83579517479075,5.90342716197118,2,2.0,False,False,70.931495698306,2,70.931495698306,high_missing
cc_status_approved_count_sum,binary_flag,feature,P2_missingness_review,route_to_binary_flag_eda; consider_missingness_logic_later,binary_flag_eda,high combined missingness,71.73922233676193,65.83579517479075,5.90342716197118,2,1.0,False,False,70.931495698306,2,70.931495698306,high_missing
cc_status_approved_count_mean,binary_flag,feature,P2_missingness_review,route_to_binary_flag_eda; consider_missingness_logic_later,binary_flag_eda,high combined missingness,71.73922233676193,65.83579517479075,5.90342716197118,2,1.0,False,False,70.931495698306,2,70.931495698306,high_missing
cc_status_approved_count_max,binary_flag,feature,P2_missingness_review,route_to_binary_flag_eda; consider_missingness_logic_later,binary_flag_eda,high combined missingness,71.73922233676193,65.83579517479075,5.90342716197118,2,1.0,False,False,70.931495698306,2,70.931495698306,high_missing
cc_status_canceled_count_sum,binary_flag,feature,P2_missingness_review,route_to_binary_flag_eda; consider_missingness_logic_later,binary_flag_eda,high combined missingness,71.73922233676193,65.83579517479075,5.90342716197118,1,1.0,False,False,70.931495698306,1,70.931495698306,high_missing
cc_status_canceled_count_mean,binary_flag,feature,P2_missingness_review,route_to_binary_flag_eda; consider_missingness_logic_later,binary_flag_eda,high combined missingness,71.73922233676193,65.83579517479075,5.90342716197118,1,1.0,False,False,70.931495698306,1,70.931495698306,high_missing
cc_status_canceled_count_max,binary_flag,feature,P2_missingness_review,route_to_binary_flag_eda; consider_missingness_logic_later,binary_flag_eda,high combined missingness,71.73922233676193,65.83579517479075,5.90342716197118,1,1.0,False,False,70.931495698306,1,70.931495698306,high_missing
cc_has_dpd_count_sum,discrete_count_numeric,feature,P2_missingness_review,route_to_discrete_count_eda; consider_missingness_logic_later,discrete_count_eda,high combined missingness,71.73922233676193,65.83579517479075,5.90342716197118,91,76.0,False,False,70.931495698306,91,70.931495698306,high_missing
cc_has_dpd_count_mean,ratio_rate_numeric,feature,P2_missingness_review,route_to_ratio_rate_eda; consider_missingness_logic_later,ratio_rate_eda,high combined missingness,71.73922233676193,65.83579517479075,5.90342716197118,101,84.0,False,False,70.931495698306,103,70.931495698306,high_missing
cc_has_dpd_count_max,discrete_count_numeric,feature,P2_missingness_review,route_to_discrete_count_eda; consider_missingness_logic_later,discrete_count_eda,high combined missingness,71.73922233676193,65.83579517479075,5.90342716197118,91,76.0,False,False,70.931495698306,91,70.931495698306,high_missing
cc_has_dpd_def_count_sum,discrete_count_numeric,feature,P2_missingness_review,route_to_discrete_count_eda; consider_missingness_logic_later,discrete_count_eda,high combined missingness,71.73922233676193,65.83579517479075,5.90342716197118,64,47.0,False,False,70.931495698306,68,70.931495698306,high_missing
cc_has_dpd_def_count_mean,ratio_rate_numeric,feature,P2_missingness_review,route_to_ratio_rate_eda; consider_missingness_logic_later,ratio_rate_eda,high combined missingness,71.73922233676193,65.83579517479075,5.90342716197118,75,54.0,False,False,70.931495698306,80,70.931495698306,high_missing
cc_has_dpd_def_count_max,discrete_count_numeric,feature,P2_missingness_review,route_to_discrete_count_eda; consider_missingness_logic_later,discrete_count_eda,high combined missingness,71.73922233676193,65.83579517479075,5.90342716197118,64,47.0,False,False,70.931495698306,68,70.931495698306,high_missing
cc_dpd_30plus_count_sum,discrete_count_numeric,feature,P2_missingness_review,route_to_discrete_count_eda; consider_missingness_logic_later,discrete_count_eda,high combined missingness,71.73922233676193,65.83579517479075,5.90342716197118,86,67.0,False,False,70.931495698306,87,70.931495698306,high_missing
cc_dpd_30plus_count_mean,discrete_count_numeric,feature,P2_missingness_review,route_to_discrete_count_eda; consider_missingness_logic_later,discrete_count_eda,high combined missingness,71.73922233676193,65.83579517479075,5.90342716197118,91,69.0,False,False,70.931495698306,93,70.931495698306,high_missing
cc_dpd_30plus_count_max,discrete_count_numeric,feature,P2_missingness_review,route_to_discrete_count_eda; consider_missingness_logic_later,discrete_count_eda,high combined missingness,71.73922233676193,65.83579517479075,5.90342716197118,86,67.0,False,False,70.931495698306,87,70.931495698306,high_missing
cc_dpd_60plus_count_sum,discrete_count_numeric,feature,P2_missingness_review,route_to_discrete_count_eda; consider_missingness_logic_later,discrete_count_eda,high combined missingness,71.73922233676193,65.83579517479075,5.90342716197118,86,64.0,False,False,70.931495698306,86,70.931495698306,high_missing
cc_dpd_60plus_count_mean,discrete_count_numeric,feature,P2_missingness_review,route_to_discrete_count_eda; consider_missingness_logic_later,discrete_count_eda,high combined missingness,71.73922233676193,65.83579517479075,5.90342716197118,93,64.0,False,False,70.931495698306,93,70.931495698306,high_missing
cc_dpd_60plus_count_max,discrete_count_numeric,feature,P2_missingness_review,route_to_discrete_count_eda; consider_missingness_logic_later,discrete_count_eda,high combined missingness,71.73922233676193,65.83579517479075,5.90342716197118,86,64.0,False,False,70.931495698306,86,70.931495698306,high_missing
cc_dpd_90plus_count_sum,discrete_count_numeric,feature,P2_missingness_review,route_to_discrete_count_eda; consider_missingness_logic_later,discrete_count_eda,high combined missingness,71.73922233676193,65.83579517479075,5.90342716197118,84,62.0,False,False,70.931495698306,85,70.931495698306,high_missing
cc_dpd_90plus_count_mean,discrete_count_numeric,feature,P2_missingness_review,route_to_discrete_count_eda; consider_missingness_logic_later,discrete_count_eda,high combined missingness,71.73922233676193,65.83579517479075,5.90342716197118,86,64.0,False,False,70.931495698306,88,70.931495698306,high_missing
cc_dpd_90plus_count_max,discrete_count_numeric,feature,P2_missingness_review,route_to_discrete_count_eda; consider_missingness_logic_later,discrete_count_eda,high combined missingness,71.73922233676193,65.83579517479075,5.90342716197118,84,62.0,False,False,70.931495698306,85,70.931495698306,high_missing
cc_dpd_def_30plus_count_sum,discrete_count_numeric,feature,P2_missingness_review,route_to_discrete_count_eda; consider_missingness_logic_later,discrete_count_eda,high combined missingness,71.73922233676193,65.83579517479075,5.90342716197118,27,10.0,False,False,70.931495698306,33,70.931495698306,high_missing
cc_dpd_def_30plus_count_mean,discrete_count_numeric,feature,P2_missingness_review,route_to_discrete_count_eda; consider_missingness_logic_later,discrete_count_eda,high combined missingness,71.73922233676193,65.83579517479075,5.90342716197118,29,10.0,False,False,70.931495698306,35,70.931495698306,high_missing
cc_dpd_def_30plus_count_max,discrete_count_numeric,feature,P2_missingness_review,route_to_discrete_count_eda; consider_missingness_logic_later,discrete_count_eda,high combined missingness,71.73922233676193,65.83579517479075,5.90342716197118,27,10.0,False,False,70.931495698306,33,70.931495698306,high_missing
cc_dpd_def_60plus_count_sum,discrete_count_numeric,feature,P2_missingness_review,route_to_discrete_count_eda; consider_missingness_logic_later,discrete_count_eda,high combined missingness,71.73922233676193,65.83579517479075,5.90342716197118,20,10.0,False,False,70.931495698306,25,70.931495698306,high_missing
cc_dpd_def_60plus_count_mean,discrete_count_numeric,feature,P2_missingness_review,route_to_discrete_count_eda; consider_missingness_logic_later,discrete_count_eda,high combined missingness,71.73922233676193,65.83579517479075,5.90342716197118,21,10.0,False,False,70.931495698306,26,70.931495698306,high_missing
cc_dpd_def_60plus_count_max,discrete_count_numeric,feature,P2_missingness_review,route_to_discrete_count_eda; consider_missingness_logic_later,discrete_count_eda,high combined missingness,71.73922233676193,65.83579517479075,5.90342716197118,20,10.0,False,False,70.931495698306,25,70.931495698306,high_missing
cc_dpd_def_90plus_count_sum,discrete_count_numeric,feature,P2_missingness_review,route_to_discrete_count_eda; consider_missingness_logic_later,discrete_count_eda,high combined missingness,71.73922233676193,65.83579517479075,5.90342716197118,17,10.0,False,False,70.931495698306,25,70.931495698306,high_missing
cc_dpd_def_90plus_count_mean,discrete_count_numeric,feature,P2_missingness_review,route_to_discrete_count_eda; consider_missingness_logic_later,discrete_count_eda,high combined missingness,71.73922233676193,65.83579517479075,5.90342716197118,17,10.0,False,False,70.931495698306,25,70.931495698306,high_missing
cc_dpd_def_90plus_count_max,discrete_count_numeric,feature,P2_missingness_review,route_to_discrete_count_eda; consider_missingness_logic_later,discrete_count_eda,high combined missingness,71.73922233676193,65.83579517479075,5.90342716197118,17,10.0,False,False,70.931495698306,25,70.931495698306,high_missing
cc_is_recent_6m_count_sum,discrete_count_numeric,feature,P2_missingness_review,route_to_discrete_count_eda; consider_missingness_logic_later,discrete_count_eda,high combined missingness,71.73922233676193,65.83579517479075,5.90342716197118,13,16.0,False,False,70.931495698306,16,70.931495698306,high_missing
cc_is_recent_6m_count_mean,ratio_rate_numeric,feature,P2_missingness_review,route_to_ratio_rate_eda; consider_missingness_logic_later,ratio_rate_eda,high combined missingness,71.73922233676193,65.83579517479075,5.90342716197118,11,12.0,False,False,70.931495698306,14,70.931495698306,high_missing
cc_is_recent_6m_count_max,discrete_count_numeric,feature,P2_missingness_review,route_to_discrete_count_eda; consider_missingness_logic_later,discrete_count_eda,high combined missingness,71.73922233676193,65.83579517479075,5.90342716197118,6,7.0,False,False,70.931495698306,7,70.931495698306,high_missing
cc_is_recent_12m_count_sum,discrete_count_numeric,feature,P2_missingness_review,route_to_discrete_count_eda; consider_missingness_logic_later,discrete_count_eda,high combined missingness,71.73922233676193,65.83579517479075,5.90342716197118,26,26.0,False,False,70.931495698306,28,70.931495698306,high_missing
cc_is_recent_12m_count_mean,ratio_rate_numeric,feature,P2_missingness_review,route_to_ratio_rate_eda; consider_missingness_logic_later,ratio_rate_eda,high combined missingness,71.73922233676193,65.83579517479075,5.90342716197118,21,20.0,False,False,70.931495698306,23,70.931495698306,high_missing
cc_is_recent_12m_count_max,discrete_count_numeric,feature,P2_missingness_review,route_to_discrete_count_eda; consider_missingness_logic_later,discrete_count_eda,high combined missingness,71.73922233676193,65.83579517479075,5.90342716197118,12,12.0,False,False,70.931495698306,12,70.931495698306,high_missing
cc_is_recent_24m_count_sum,discrete_count_numeric,feature,P2_missingness_review,route_to_discrete_count_eda; consider_missingness_logic_later,discrete_count_eda,high combined missingness,71.73922233676193,65.83579517479075,5.90342716197118,48,47.0,False,False,70.931495698306,49,70.931495698306,high_missing
cc_is_recent_24m_count_mean,ratio_rate_numeric,feature,P2_missingness_review,route_to_ratio_rate_eda; consider_missingness_logic_later,ratio_rate_eda,high combined missingness,71.73922233676193,65.83579517479075,5.90342716197118,46,41.0,False,False,70.931495698306,47,70.931495698306,high_missing
cc_is_recent_24m_count_max,discrete_count_numeric,feature,P2_missingness_review,route_to_discrete_count_eda; consider_missingness_logic_later,discrete_count_eda,high combined missingness,71.73922233676193,65.83579517479075,5.90342716197118,24,24.0,False,False,70.931495698306,24,70.931495698306,high_missing
cc_invalid_credit_limit_count_sum,discrete_count_numeric,feature,P2_missingness_review,route_to_discrete_count_eda; consider_missingness_logic_later,discrete_count_eda,high combined missingness,71.73922233676193,65.83579517479075,5.90342716197118,78,51.0,False,False,70.931495698306,82,70.931495698306,high_missing
cc_invalid_credit_limit_count_mean,discrete_count_numeric,feature,P2_missingness_review,route_to_discrete_count_eda; consider_missingness_logic_later,discrete_count_eda,high combined missingness,71.73922233676193,65.83579517479075,5.90342716197118,95,63.0,False,False,70.931495698306,101,70.931495698306,high_missing
cc_invalid_credit_limit_count_max,discrete_count_numeric,feature,P2_missingness_review,route_to_discrete_count_eda; consider_missingness_logic_later,discrete_count_eda,high combined missingness,71.73922233676193,65.83579517479075,5.90342716197118,72,46.0,False,False,70.931495698306,74,70.931495698306,high_missing
cc_has_balance_count_sum,discrete_count_numeric,feature,P2_missingness_review,route_to_discrete_count_eda; consider_missingness_logic_later,discrete_count_eda,high combined missingness,71.73922233676193,65.83579517479075,5.90342716197118,99,97.0,False,False,70.931495698306,99,70.931495698306,high_missing
cc_has_balance_count_mean,ratio_rate_numeric,feature,P2_missingness_review,route_to_ratio_rate_eda; consider_missingness_logic_later,ratio_rate_eda,high combined missingness,71.73922233676193,65.83579517479075,5.90342716197118,135,126.0,False,False,70.931495698306,138,70.931495698306,high_missing
cc_has_balance_count_max,discrete_count_numeric,feature,P2_missingness_review,route_to_discrete_count_eda; consider_missingness_logic_later,discrete_count_eda,high combined missingness,71.73922233676193,65.83579517479075,5.90342716197118,97,97.0,False,False,70.931495698306,97,70.931495698306,high_missing
cc_has_total_receivable_count_sum,discrete_count_numeric,feature,P2_missingness_review,route_to_discrete_count_eda; consider_missingness_logic_later,discrete_count_eda,high combined missingness,71.73922233676193,65.83579517479075,5.90342716197118,99,97.0,False,False,70.931495698306,99,70.931495698306,high_missing
cc_has_total_receivable_count_mean,ratio_rate_numeric,feature,P2_missingness_review,route_to_ratio_rate_eda; consider_missingness_logic_later,ratio_rate_eda,high combined missingness,71.73922233676193,65.83579517479075,5.90342716197118,136,130.0,False,False,70.931495698306,140,70.931495698306,high_missing
cc_has_total_receivable_count_max,discrete_count_numeric,feature,P2_missingness_review,route_to_discrete_count_eda; consider_missingness_logic_later,discrete_count_eda,high combined missingness,71.73922233676193,65.83579517479075,5.90342716197118,97,97.0,False,False,70.931495698306,97,70.931495698306,high_missing
cc_high_utilization_30plus_count_sum,ratio_rate_numeric,feature,P2_missingness_review,route_to_ratio_rate_eda; consider_missingness_logic_later,ratio_rate_eda,high combined missingness,71.73922233676193,65.83579517479075,5.90342716197118,98,97.0,False,False,70.931495698306,98,70.931495698306,high_missing
cc_high_utilization_30plus_count_mean,ratio_rate_numeric,feature,P2_missingness_review,route_to_ratio_rate_eda; consider_missingness_logic_later,ratio_rate_eda,high combined missingness,71.73922233676193,65.83579517479075,5.90342716197118,134,126.0,False,False,70.931495698306,137,70.931495698306,high_missing
cc_high_utilization_30plus_count_max,ratio_rate_numeric,feature,P2_missingness_review,route_to_ratio_rate_eda; consider_missingness_logic_later,ratio_rate_eda,high combined missingness,71.73922233676193,65.83579517479075,5.90342716197118,97,97.0,False,False,70.931495698306,97,70.931495698306,high_missing
cc_high_utilization_50plus_count_sum,ratio_rate_numeric,feature,P2_missingness_review,route_to_ratio_rate_eda; consider_missingness_logic_later,ratio_rate_eda,high combined missingness,71.73922233676193,65.83579517479075,5.90342716197118,98,97.0,False,False,70.931495698306,98,70.931495698306,high_missing
cc_high_utilization_50plus_count_mean,ratio_rate_numeric,feature,P2_missingness_review,route_to_ratio_rate_eda; consider_missingness_logic_later,ratio_rate_eda,high combined missingness,71.73922233676193,65.83579517479075,5.90342716197118,134,120.0,False,False,70.931495698306,134,70.931495698306,high_missing
cc_high_utilization_50plus_count_max,ratio_rate_numeric,feature,P2_missingness_review,route_to_ratio_rate_eda; consider_missingness_logic_later,ratio_rate_eda,high combined missingness,71.73922233676193,65.83579517479075,5.90342716197118,97,97.0,False,False,70.931495698306,97,70.931495698306,high_missing
cc_high_utilization_80plus_count_sum,ratio_rate_numeric,feature,P2_missingness_review,route_to_ratio_rate_eda; consider_missingness_logic_later,ratio_rate_eda,high combined missingness,71.73922233676193,65.83579517479075,5.90342716197118,98,97.0,False,False,70.931495698306,98,70.931495698306,high_missing
cc_high_utilization_80plus_count_mean,ratio_rate_numeric,feature,P2_missingness_review,route_to_ratio_rate_eda; consider_missingness_logic_later,ratio_rate_eda,high combined missingness,71.73922233676193,65.83579517479075,5.90342716197118,131,121.0,False,False,70.931495698306,134,70.931495698306,high_missing
cc_high_utilization_80plus_count_max,ratio_rate_numeric,feature,P2_missingness_review,route_to_ratio_rate_eda; consider_missingness_logic_later,ratio_rate_eda,high combined missingness,71.73922233676193,65.83579517479075,5.90342716197118,97,97.0,False,False,70.931495698306,97,70.931495698306,high_missing
cc_high_utilization_100plus_count_sum,ratio_rate_numeric,feature,P2_missingness_review,route_to_ratio_rate_eda; consider_missingness_logic_later,ratio_rate_eda,high combined missingness,71.73922233676193,65.83579517479075,5.90342716197118,86,69.0,False,False,70.931495698306,87,70.931495698306,high_missing
cc_high_utilization_100plus_count_mean,ratio_rate_numeric,feature,P2_missingness_review,route_to_ratio_rate_eda; consider_missingness_logic_later,ratio_rate_eda,high combined missingness,71.73922233676193,65.83579517479075,5.90342716197118,105,85.0,False,False,70.931495698306,110,70.931495698306,high_missing
cc_high_utilization_100plus_count_max,ratio_rate_numeric,feature,P2_missingness_review,route_to_ratio_rate_eda; consider_missingness_logic_later,ratio_rate_eda,high combined missingness,71.73922233676193,65.83579517479075,5.90342716197118,86,69.0,False,False,70.931495698306,87,70.931495698306,high_missing
cc_over_limit_flag_count_sum,discrete_count_numeric,feature,P2_missingness_review,route_to_discrete_count_eda; consider_missingness_logic_later,discrete_count_eda,high combined missingness,71.73922233676193,65.83579517479075,5.90342716197118,86,69.0,False,False,70.931495698306,87,70.931495698306,high_missing
cc_over_limit_flag_count_mean,discrete_count_numeric,feature,P2_missingness_review,route_to_discrete_count_eda; consider_missingness_logic_later,discrete_count_eda,high combined missingness,71.73922233676193,65.83579517479075,5.90342716197118,105,85.0,False,False,70.931495698306,110,70.931495698306,high_missing
cc_over_limit_flag_count_max,discrete_count_numeric,feature,P2_missingness_review,route_to_discrete_count_eda; consider_missingness_logic_later,discrete_count_eda,high combined missingness,71.73922233676193,65.83579517479075,5.90342716197118,86,69.0,False,False,70.931495698306,87,70.931495698306,high_missing
cc_has_payment_current_count_sum,discrete_count_numeric,feature,P2_missingness_review,route_to_discrete_count_eda; consider_missingness_logic_later,discrete_count_eda,high combined missingness,71.73922233676193,65.83579517479075,5.90342716197118,102,97.0,False,False,70.931495698306,102,70.931495698306,high_missing
cc_has_payment_current_count_mean,ratio_rate_numeric,feature,P2_missingness_review,route_to_ratio_rate_eda; consider_missingness_logic_later,ratio_rate_eda,high combined missingness,71.73922233676193,65.83579517479075,5.90342716197118,141,123.0,False,False,70.931495698306,144,70.931495698306,high_missing
cc_has_payment_current_count_max,discrete_count_numeric,feature,P2_missingness_review,route_to_discrete_count_eda; consider_missingness_logic_later,discrete_count_eda,high combined missingness,71.73922233676193,65.83579517479075,5.90342716197118,97,97.0,False,False,70.931495698306,97,70.931495698306,high_missing
cc_has_payment_total_count_sum,discrete_count_numeric,feature,P2_missingness_review,route_to_discrete_count_eda; consider_missingness_logic_later,discrete_count_eda,high combined missingness,71.73922233676193,65.83579517479075,5.90342716197118,98,97.0,False,False,70.931495698306,98,70.931495698306,high_missing
cc_has_payment_total_count_mean,ratio_rate_numeric,feature,P2_missingness_review,route_to_ratio_rate_eda; consider_missingness_logic_later,ratio_rate_eda,high combined missingness,71.73922233676193,65.83579517479075,5.90342716197118,137,132.0,False,False,70.931495698306,140,70.931495698306,high_missing
cc_has_payment_total_count_max,discrete_count_numeric,feature,P2_missingness_review,route_to_discrete_count_eda; consider_missingness_logic_later,discrete_count_eda,high combined missingness,71.73922233676193,65.83579517479075,5.90342716197118,97,97.0,False,False,70.931495698306,97,70.931495698306,high_missing
cc_has_min_instalment_count_sum,discrete_count_numeric,feature,P2_missingness_review,route_to_discrete_count_eda; consider_missingness_logic_later,discrete_count_eda,high combined missingness,71.73922233676193,65.83579517479075,5.90342716197118,98,97.0,False,False,70.931495698306,98,70.931495698306,high_missing
cc_has_min_instalment_count_mean,ratio_rate_numeric,feature,P2_missingness_review,route_to_ratio_rate_eda; consider_missingness_logic_later,ratio_rate_eda,high combined missingness,71.73922233676193,65.83579517479075,5.90342716197118,139,128.0,False,False,70.931495698306,142,70.931495698306,high_missing
cc_has_min_instalment_count_max,discrete_count_numeric,feature,P2_missingness_review,route_to_discrete_count_eda; consider_missingness_logic_later,discrete_count_eda,high combined missingness,71.73922233676193,65.83579517479075,5.90342716197118,97,97.0,False,False,70.931495698306,97,70.931495698306,high_missing
cc_payment_less_than_min_instalment_count_sum,discrete_count_numeric,feature,P2_missingness_review,route_to_discrete_count_eda; consider_missingness_logic_later,discrete_count_eda,high combined missingness,71.73922233676193,65.83579517479075,5.90342716197118,48,22.0,False,False,70.931495698306,49,70.931495698306,high_missing
cc_payment_less_than_min_instalment_count_mean,ratio_rate_numeric,feature,P2_missingness_review,route_to_ratio_rate_eda; consider_missingness_logic_later,ratio_rate_eda,high combined missingness,71.73922233676193,65.83579517479075,5.90342716197118,57,29.0,False,False,70.931495698306,59,70.931495698306,high_missing
cc_payment_less_than_min_instalment_count_max,discrete_count_numeric,feature,P2_missingness_review,route_to_discrete_count_eda; consider_missingness_logic_later,discrete_count_eda,high combined missingness,71.73922233676193,65.83579517479075,5.90342716197118,48,22.0,False,False,70.931495698306,49,70.931495698306,high_missing
cc_payment_near_min_instalment_count_sum,discrete_count_numeric,feature,P2_missingness_review,route_to_discrete_count_eda; consider_missingness_logic_later,discrete_count_eda,high combined missingness,71.73922233676193,65.83579517479075,5.90342716197118,97,95.0,False,False,70.931495698306,97,70.931495698306,high_missing
cc_payment_near_min_instalment_count_mean,discrete_count_numeric,feature,P2_missingness_review,route_to_discrete_count_eda; consider_missingness_logic_later,discrete_count_eda,high combined missingness,71.73922233676193,65.83579517479075,5.90342716197118,128,118.0,False,False,70.931495698306,130,70.931495698306,high_missing
cc_payment_near_min_instalment_count_max,discrete_count_numeric,feature,P2_missingness_review,route_to_discrete_count_eda; consider_missingness_logic_later,discrete_count_eda,high combined missingness,71.73922233676193,65.83579517479075,5.90342716197118,97,95.0,False,False,70.931495698306,97,70.931495698306,high_missing
cc_no_payment_with_balance_count_sum,discrete_count_numeric,feature,P2_missingness_review,route_to_discrete_count_eda; consider_missingness_logic_later,discrete_count_eda,high combined missingness,71.73922233676193,65.83579517479075,5.90342716197118,90,67.0,False,False,70.931495698306,90,70.931495698306,high_missing
cc_no_payment_with_balance_count_mean,discrete_count_numeric,feature,P2_missingness_review,route_to_discrete_count_eda; consider_missingness_logic_later,discrete_count_eda,high combined missingness,71.73922233676193,65.83579517479075,5.90342716197118,99,74.0,False,False,70.931495698306,101,70.931495698306,high_missing
cc_no_payment_with_balance_count_max,discrete_count_numeric,feature,P2_missingness_review,route_to_discrete_count_eda; consider_missingness_logic_later,discrete_count_eda,high combined missingness,71.73922233676193,65.83579517479075,5.90342716197118,90,67.0,False,False,70.931495698306,90,70.931495698306,high_missing
cc_has_drawing_count_sum,discrete_count_numeric,feature,P2_missingness_review,route_to_discrete_count_eda; consider_missingness_logic_later,discrete_count_eda,high combined missingness,71.73922233676193,65.83579517479075,5.90342716197118,75,64.0,False,False,70.931495698306,76,70.931495698306,high_missing
cc_has_drawing_count_mean,ratio_rate_numeric,feature,P2_missingness_review,route_to_ratio_rate_eda; consider_missingness_logic_later,ratio_rate_eda,high combined missingness,71.73922233676193,65.83579517479075,5.90342716197118,97,81.0,False,False,70.931495698306,100,70.931495698306,high_missing
cc_has_drawing_count_max,discrete_count_numeric,feature,P2_missingness_review,route_to_discrete_count_eda; consider_missingness_logic_later,discrete_count_eda,high combined missingness,71.73922233676193,65.83579517479075,5.90342716197118,75,64.0,False,False,70.931495698306,76,70.931495698306,high_missing
cc_has_atm_drawing_count_sum,discrete_count_numeric,feature,P2_missingness_review,route_to_discrete_count_eda; consider_missingness_logic_later,discrete_count_eda,high combined missingness,71.73922233676193,65.83579517479075,5.90342716197118,68,54.0,False,False,70.931495698306,69,70.931495698306,high_missing
cc_has_atm_drawing_count_mean,ratio_rate_numeric,feature,P2_missingness_review,route_to_ratio_rate_eda; consider_missingness_logic_later,ratio_rate_eda,high combined missingness,71.73922233676193,65.83579517479075,5.90342716197118,85,66.0,False,False,70.931495698306,87,70.931495698306,high_missing
cc_has_atm_drawing_count_max,discrete_count_numeric,feature,P2_missingness_review,route_to_discrete_count_eda; consider_missingness_logic_later,discrete_count_eda,high combined missingness,71.73922233676193,65.83579517479075,5.90342716197118,68,53.0,False,False,70.931495698306,69,70.931495698306,high_missing
cc_has_pos_drawing_count_sum,discrete_count_numeric,feature,P2_missingness_review,route_to_discrete_count_eda; consider_missingness_logic_later,discrete_count_eda,high combined missingness,71.73922233676193,65.83579517479075,5.90342716197118,60,52.0,False,False,70.931495698306,62,70.931495698306,high_missing
cc_has_pos_drawing_count_mean,ratio_rate_numeric,feature,P2_missingness_review,route_to_ratio_rate_eda; consider_missingness_logic_later,ratio_rate_eda,high combined missingness,71.73922233676193,65.83579517479075,5.90342716197118,73,62.0,False,False,70.931495698306,75,70.931495698306,high_missing
cc_has_pos_drawing_count_max,discrete_count_numeric,feature,P2_missingness_review,route_to_discrete_count_eda; consider_missingness_logic_later,discrete_count_eda,high combined missingness,71.73922233676193,65.83579517479075,5.90342716197118,60,52.0,False,False,70.931495698306,62,70.931495698306,high_missing
cc_has_other_drawing_count_sum,discrete_count_numeric,feature,P2_missingness_review,route_to_discrete_count_eda; consider_missingness_logic_later,discrete_count_eda,high combined missingness,71.73922233676193,65.83579517479075,5.90342716197118,25,13.0,False,False,70.931495698306,25,70.931495698306,high_missing
cc_has_other_drawing_count_mean,ratio_rate_numeric,feature,P2_missingness_review,route_to_ratio_rate_eda; consider_missingness_logic_later,ratio_rate_eda,high combined missingness,71.73922233676193,65.83579517479075,5.90342716197118,29,15.0,False,False,70.931495698306,29,70.931495698306,high_missing
cc_has_other_drawing_count_max,discrete_count_numeric,feature,P2_missingness_review,route_to_discrete_count_eda; consider_missingness_logic_later,discrete_count_eda,high combined missingness,71.73922233676193,65.83579517479075,5.90342716197118,25,13.0,False,False,70.931495698306,25,70.931495698306,high_missing
cc_has_drawing_count_count_sum,discrete_count_numeric,feature,P2_missingness_review,route_to_discrete_count_eda; consider_missingness_logic_later,discrete_count_eda,high combined missingness,71.73922233676193,65.83579517479075,5.90342716197118,75,65.0,False,False,70.931495698306,76,70.931495698306,high_missing
cc_has_drawing_count_count_mean,ratio_rate_numeric,feature,P2_missingness_review,route_to_ratio_rate_eda; consider_missingness_logic_later,ratio_rate_eda,high combined missingness,71.73922233676193,65.83579517479075,5.90342716197118,96,83.0,False,False,70.931495698306,100,70.931495698306,high_missing
cc_has_drawing_count_count_max,discrete_count_numeric,feature,P2_missingness_review,route_to_discrete_count_eda; consider_missingness_logic_later,discrete_count_eda,high combined missingness,71.73922233676193,65.83579517479075,5.90342716197118,75,65.0,False,False,70.931495698306,76,70.931495698306,high_missing
cc_has_atm_drawing_count_count_sum,discrete_count_numeric,feature,P2_missingness_review,route_to_discrete_count_eda; consider_missingness_logic_later,discrete_count_eda,high combined missingness,71.73922233676193,65.83579517479075,5.90342716197118,68,54.0,False,False,70.931495698306,69,70.931495698306,high_missing
cc_has_atm_drawing_count_count_mean,ratio_rate_numeric,feature,P2_missingness_review,route_to_ratio_rate_eda; consider_missingness_logic_later,ratio_rate_eda,high combined missingness,71.73922233676193,65.83579517479075,5.90342716197118,85,66.0,False,False,70.931495698306,87,70.931495698306,high_missing
cc_has_atm_drawing_count_count_max,discrete_count_numeric,feature,P2_missingness_review,route_to_discrete_count_eda; consider_missingness_logic_later,discrete_count_eda,high combined missingness,71.73922233676193,65.83579517479075,5.90342716197118,68,53.0,False,False,70.931495698306,69,70.931495698306,high_missing
cc_has_pos_drawing_count_count_sum,discrete_count_numeric,feature,P2_missingness_review,route_to_discrete_count_eda; consider_missingness_logic_later,discrete_count_eda,high combined missingness,71.73922233676193,65.83579517479075,5.90342716197118,60,52.0,False,False,70.931495698306,62,70.931495698306,high_missing
cc_has_pos_drawing_count_count_mean,ratio_rate_numeric,feature,P2_missingness_review,route_to_ratio_rate_eda; consider_missingness_logic_later,ratio_rate_eda,high combined missingness,71.73922233676193,65.83579517479075,5.90342716197118,73,62.0,False,False,70.931495698306,75,70.931495698306,high_missing
cc_has_pos_drawing_count_count_max,discrete_count_numeric,feature,P2_missingness_review,route_to_discrete_count_eda; consider_missingness_logic_later,discrete_count_eda,high combined missingness,71.73922233676193,65.83579517479075,5.90342716197118,60,52.0,False,False,70.931495698306,62,70.931495698306,high_missing
cc_has_other_drawing_count_count_sum,discrete_count_numeric,feature,P2_missingness_review,route_to_discrete_count_eda; consider_missingness_logic_later,discrete_count_eda,high combined missingness,71.73922233676193,65.83579517479075,5.90342716197118,25,13.0,False,False,70.931495698306,25,70.931495698306,high_missing
cc_has_other_drawing_count_count_mean,ratio_rate_numeric,feature,P2_missingness_review,route_to_ratio_rate_eda; consider_missingness_logic_later,ratio_rate_eda,high combined missingness,71.73922233676193,65.83579517479075,5.90342716197118,29,15.0,False,False,70.931495698306,29,70.931495698306,high_missing
cc_has_other_drawing_count_count_max,discrete_count_numeric,feature,P2_missingness_review,route_to_discrete_count_eda; consider_missingness_logic_later,discrete_count_eda,high combined missingness,71.73922233676193,65.83579517479075,5.90342716197118,25,13.0,False,False,70.931495698306,25,70.931495698306,high_missing
cc_recent_6m_has_dpd_count_sum,discrete_count_numeric,feature,P2_missingness_review,route_to_discrete_count_eda; consider_missingness_logic_later,discrete_count_eda,high combined missingness,71.73922233676193,65.83579517479075,5.90342716197118,7,7.0,False,False,70.931495698306,7,70.931495698306,high_missing
cc_recent_6m_has_dpd_count_mean,ratio_rate_numeric,feature,P2_missingness_review,route_to_ratio_rate_eda; consider_missingness_logic_later,ratio_rate_eda,high combined missingness,71.73922233676193,65.83579517479075,5.90342716197118,8,8.0,False,False,70.931495698306,8,70.931495698306,high_missing
cc_recent_6m_has_dpd_count_max,discrete_count_numeric,feature,P2_missingness_review,route_to_discrete_count_eda; consider_missingness_logic_later,discrete_count_eda,high combined missingness,71.73922233676193,65.83579517479075,5.90342716197118,7,7.0,False,False,70.931495698306,7,70.931495698306,high_missing
cc_recent_12m_has_dpd_count_sum,discrete_count_numeric,feature,P2_missingness_review,route_to_discrete_count_eda; consider_missingness_logic_later,discrete_count_eda,high combined missingness,71.73922233676193,65.83579517479075,5.90342716197118,13,13.0,False,False,70.931495698306,13,70.931495698306,high_missing
cc_recent_12m_has_dpd_count_mean,ratio_rate_numeric,feature,P2_missingness_review,route_to_ratio_rate_eda; consider_missingness_logic_later,ratio_rate_eda,high combined missingness,71.73922233676193,65.83579517479075,5.90342716197118,16,14.0,False,False,70.931495698306,16,70.931495698306,high_missing
cc_recent_12m_has_dpd_count_max,discrete_count_numeric,feature,P2_missingness_review,route_to_discrete_count_eda; consider_missingness_logic_later,discrete_count_eda,high combined missingness,71.73922233676193,65.83579517479075,5.90342716197118,13,13.0,False,False,70.931495698306,13,70.931495698306,high_missing
cc_recent_24m_has_dpd_count_sum,discrete_count_numeric,feature,P2_missingness_review,route_to_discrete_count_eda; consider_missingness_logic_later,discrete_count_eda,high combined missingness,71.73922233676193,65.83579517479075,5.90342716197118,25,24.0,False,False,70.931495698306,25,70.931495698306,high_missing
cc_recent_24m_has_dpd_count_mean,ratio_rate_numeric,feature,P2_missingness_review,route_to_ratio_rate_eda; consider_missingness_logic_later,ratio_rate_eda,high combined missingness,71.73922233676193,65.83579517479075,5.90342716197118,29,25.0,False,False,70.931495698306,29,70.931495698306,high_missing
cc_recent_24m_has_dpd_count_max,discrete_count_numeric,feature,P2_missingness_review,route_to_discrete_count_eda; consider_missingness_logic_later,discrete_count_eda,high combined missingness,71.73922233676193,65.83579517479075,5.90342716197118,25,24.0,False,False,70.931495698306,25,70.931495698306,high_missing
cc_recent_6m_has_dpd_def_count_sum,discrete_count_numeric,feature,P2_missingness_review,route_to_discrete_count_eda; consider_missingness_logic_later,discrete_count_eda,high combined missingness,71.73922233676193,65.83579517479075,5.90342716197118,7,7.0,False,False,70.931495698306,7,70.931495698306,high_missing
cc_recent_6m_has_dpd_def_count_mean,ratio_rate_numeric,feature,P2_missingness_review,route_to_ratio_rate_eda; consider_missingness_logic_later,ratio_rate_eda,high combined missingness,71.73922233676193,65.83579517479075,5.90342716197118,8,7.0,False,False,70.931495698306,8,70.931495698306,high_missing
cc_recent_6m_has_dpd_def_count_max,discrete_count_numeric,feature,P2_missingness_review,route_to_discrete_count_eda; consider_missingness_logic_later,discrete_count_eda,high combined missingness,71.73922233676193,65.83579517479075,5.90342716197118,7,7.0,False,False,70.931495698306,7,70.931495698306,high_missing
cc_recent_12m_has_dpd_def_count_sum,discrete_count_numeric,feature,P2_missingness_review,route_to_discrete_count_eda; consider_missingness_logic_later,discrete_count_eda,high combined missingness,71.73922233676193,65.83579517479075,5.90342716197118,13,12.0,False,False,70.931495698306,13,70.931495698306,high_missing
cc_recent_12m_has_dpd_def_count_mean,ratio_rate_numeric,feature,P2_missingness_review,route_to_ratio_rate_eda; consider_missingness_logic_later,ratio_rate_eda,high combined missingness,71.73922233676193,65.83579517479075,5.90342716197118,14,12.0,False,False,70.931495698306,14,70.931495698306,high_missing
cc_recent_12m_has_dpd_def_count_max,discrete_count_numeric,feature,P2_missingness_review,route_to_discrete_count_eda; consider_missingness_logic_later,discrete_count_eda,high combined missingness,71.73922233676193,65.83579517479075,5.90342716197118,13,12.0,False,False,70.931495698306,13,70.931495698306,high_missing
cc_recent_24m_has_dpd_def_count_sum,discrete_count_numeric,feature,P2_missingness_review,route_to_discrete_count_eda; consider_missingness_logic_later,discrete_count_eda,high combined missingness,71.73922233676193,65.83579517479075,5.90342716197118,24,17.0,False,False,70.931495698306,24,70.931495698306,high_missing
cc_recent_24m_has_dpd_def_count_mean,ratio_rate_numeric,feature,P2_missingness_review,route_to_ratio_rate_eda; consider_missingness_logic_later,ratio_rate_eda,high combined missingness,71.73922233676193,65.83579517479075,5.90342716197118,27,18.0,False,False,70.931495698306,27,70.931495698306,high_missing
cc_recent_24m_has_dpd_def_count_max,discrete_count_numeric,feature,P2_missingness_review,route_to_discrete_count_eda; consider_missingness_logic_later,discrete_count_eda,high combined missingness,71.73922233676193,65.83579517479075,5.90342716197118,24,17.0,False,False,70.931495698306,24,70.931495698306,high_missing
cc_recent_6m_high_utilization_80plus_count_sum,ratio_rate_numeric,feature,P2_missingness_review,route_to_ratio_rate_eda; consider_missingness_logic_later,ratio_rate_eda,high combined missingness,71.73922233676193,65.83579517479075,5.90342716197118,10,7.0,False,False,70.931495698306,10,70.931495698306,high_missing
cc_recent_6m_high_utilization_80plus_count_mean,ratio_rate_numeric,feature,P2_missingness_review,route_to_ratio_rate_eda; consider_missingness_logic_later,ratio_rate_eda,high combined missingness,71.73922233676193,65.83579517479075,5.90342716197118,11,10.0,False,False,70.931495698306,11,70.931495698306,high_missing
cc_recent_6m_high_utilization_80plus_count_max,ratio_rate_numeric,feature,P2_missingness_review,route_to_ratio_rate_eda; consider_missingness_logic_later,ratio_rate_eda,high combined missingness,71.73922233676193,65.83579517479075,5.90342716197118,7,7.0,False,False,70.931495698306,7,70.931495698306,high_missing
cc_recent_12m_high_utilization_80plus_count_sum,ratio_rate_numeric,feature,P2_missingness_review,route_to_ratio_rate_eda; consider_missingness_logic_later,ratio_rate_eda,high combined missingness,71.73922233676193,65.83579517479075,5.90342716197118,16,13.0,False,False,70.931495698306,16,70.931495698306,high_missing
cc_recent_12m_high_utilization_80plus_count_mean,ratio_rate_numeric,feature,P2_missingness_review,route_to_ratio_rate_eda; consider_missingness_logic_later,ratio_rate_eda,high combined missingness,71.73922233676193,65.83579517479075,5.90342716197118,21,19.0,False,False,70.931495698306,21,70.931495698306,high_missing
cc_recent_12m_high_utilization_80plus_count_max,ratio_rate_numeric,feature,P2_missingness_review,route_to_ratio_rate_eda; consider_missingness_logic_later,ratio_rate_eda,high combined missingness,71.73922233676193,65.83579517479075,5.90342716197118,13,13.0,False,False,70.931495698306,13,70.931495698306,high_missing
cc_recent_24m_high_utilization_80plus_count_sum,ratio_rate_numeric,feature,P2_missingness_review,route_to_ratio_rate_eda; consider_missingness_logic_later,ratio_rate_eda,high combined missingness,71.73922233676193,65.83579517479075,5.90342716197118,28,25.0,False,False,70.931495698306,28,70.931495698306,high_missing
cc_recent_24m_high_utilization_80plus_count_mean,ratio_rate_numeric,feature,P2_missingness_review,route_to_ratio_rate_eda; consider_missingness_logic_later,ratio_rate_eda,high combined missingness,71.73922233676193,65.83579517479075,5.90342716197118,37,34.0,False,False,70.931495698306,37,70.931495698306,high_missing
cc_recent_24m_high_utilization_80plus_count_max,ratio_rate_numeric,feature,P2_missingness_review,route_to_ratio_rate_eda; consider_missingness_logic_later,ratio_rate_eda,high combined missingness,71.73922233676193,65.83579517479075,5.90342716197118,25,25.0,False,False,70.931495698306,25,70.931495698306,high_missing
cc_recent_6m_payment_less_than_min_count_sum,discrete_count_numeric,feature,P2_missingness_review,route_to_discrete_count_eda; consider_missingness_logic_later,discrete_count_eda,high combined missingness,71.73922233676193,65.83579517479075,5.90342716197118,7,7.0,False,False,70.931495698306,7,70.931495698306,high_missing
cc_recent_6m_payment_less_than_min_count_mean,ratio_rate_numeric,feature,P2_missingness_review,route_to_ratio_rate_eda; consider_missingness_logic_later,ratio_rate_eda,high combined missingness,71.73922233676193,65.83579517479075,5.90342716197118,10,9.0,False,False,70.931495698306,10,70.931495698306,high_missing
cc_recent_6m_payment_less_than_min_count_max,discrete_count_numeric,feature,P2_missingness_review,route_to_discrete_count_eda; consider_missingness_logic_later,discrete_count_eda,high combined missingness,71.73922233676193,65.83579517479075,5.90342716197118,7,7.0,False,False,70.931495698306,7,70.931495698306,high_missing
cc_recent_12m_payment_less_than_min_count_sum,discrete_count_numeric,feature,P2_missingness_review,route_to_discrete_count_eda; consider_missingness_logic_later,discrete_count_eda,high combined missingness,71.73922233676193,65.83579517479075,5.90342716197118,12,8.0,False,False,70.931495698306,12,70.931495698306,high_missing
cc_recent_12m_payment_less_than_min_count_mean,ratio_rate_numeric,feature,P2_missingness_review,route_to_ratio_rate_eda; consider_missingness_logic_later,ratio_rate_eda,high combined missingness,71.73922233676193,65.83579517479075,5.90342716197118,16,10.0,False,False,70.931495698306,16,70.931495698306,high_missing
cc_recent_12m_payment_less_than_min_count_max,discrete_count_numeric,feature,P2_missingness_review,route_to_discrete_count_eda; consider_missingness_logic_later,discrete_count_eda,high combined missingness,71.73922233676193,65.83579517479075,5.90342716197118,12,8.0,False,False,70.931495698306,12,70.931495698306,high_missing
cc_recent_24m_payment_less_than_min_count_sum,discrete_count_numeric,feature,P2_missingness_review,route_to_discrete_count_eda; consider_missingness_logic_later,discrete_count_eda,high combined missingness,71.73922233676193,65.83579517479075,5.90342716197118,22,12.0,False,False,70.931495698306,22,70.931495698306,high_missing
cc_recent_24m_payment_less_than_min_count_mean,ratio_rate_numeric,feature,P2_missingness_review,route_to_ratio_rate_eda; consider_missingness_logic_later,ratio_rate_eda,high combined missingness,71.73922233676193,65.83579517479075,5.90342716197118,27,16.0,False,False,70.931495698306,27,70.931495698306,high_missing
cc_recent_24m_payment_less_than_min_count_max,discrete_count_numeric,feature,P2_missingness_review,route_to_discrete_count_eda; consider_missingness_logic_later,discrete_count_eda,high combined missingness,71.73922233676193,65.83579517479075,5.90342716197118,22,12.0,False,False,70.931495698306,22,70.931495698306,high_missing
cc_missing_payment_current_count_sum,discrete_count_numeric,feature,P2_missingness_review,route_to_discrete_count_eda; consider_missingness_logic_later,discrete_count_eda,high combined missingness,71.73922233676193,65.83579517479075,5.90342716197118,100,87.0,False,False,70.931495698306,100,70.931495698306,high_missing
cc_missing_payment_current_count_mean,discrete_count_numeric,feature,P2_missingness_review,route_to_discrete_count_eda; consider_missingness_logic_later,discrete_count_eda,high combined missingness,71.73922233676193,65.83579517479075,5.90342716197118,127,109.0,False,False,70.931495698306,132,70.931495698306,high_missing
cc_missing_payment_current_count_max,discrete_count_numeric,feature,P2_missingness_review,route_to_discrete_count_eda; consider_missingness_logic_later,discrete_count_eda,high combined missingness,71.73922233676193,65.83579517479075,5.90342716197118,97,86.0,False,False,70.931495698306,97,70.931495698306,high_missing
cc_missing_min_instalment_count_sum,discrete_count_numeric,feature,P2_missingness_review,route_to_discrete_count_eda; consider_missingness_logic_later,discrete_count_eda,high combined missingness,71.73922233676193,65.83579517479075,5.90342716197118,76,53.0,False,False,70.931495698306,77,70.931495698306,high_missing
cc_missing_min_instalment_count_mean,discrete_count_numeric,feature,P2_missingness_review,route_to_discrete_count_eda; consider_missingness_logic_later,discrete_count_eda,high combined missingness,71.73922233676193,65.83579517479075,5.90342716197118,92,64.0,False,False,70.931495698306,93,70.931495698306,high_missing
cc_missing_min_instalment_count_max,discrete_count_numeric,feature,P2_missingness_review,route_to_discrete_count_eda; consider_missingness_logic_later,discrete_count_eda,high combined missingness,71.73922233676193,65.83579517479075,5.90342716197118,76,53.0,False,False,70.931495698306,77,70.931495698306,high_missing
cc_missing_credit_limit_count_sum,binary_flag,feature,P2_missingness_review,route_to_binary_flag_eda; consider_missingness_logic_later,binary_flag_eda,high combined missingness,71.73922233676193,65.83579517479075,5.90342716197118,1,1.0,False,False,70.931495698306,1,70.931495698306,high_missing
cc_missing_credit_limit_count_mean,binary_flag,feature,P2_missingness_review,route_to_binary_flag_eda; consider_missingness_logic_later,binary_flag_eda,high combined missingness,71.73922233676193,65.83579517479075,5.90342716197118,1,1.0,False,False,70.931495698306,1,70.931495698306,high_missing
cc_missing_credit_limit_count_max,binary_flag,feature,P2_missingness_review,route_to_binary_flag_eda; consider_missingness_logic_later,binary_flag_eda,high combined missingness,71.73922233676193,65.83579517479075,5.90342716197118,1,1.0,False,False,70.931495698306,1,70.931495698306,high_missing
cc_credit_limit_unique_count_sum,discrete_count_numeric,feature,P2_missingness_review,route_to_discrete_count_eda; consider_missingness_logic_later,discrete_count_eda,high combined missingness,71.73922233676193,65.83579517479075,5.90342716197118,8,7.0,False,False,70.931495698306,8,70.931495698306,high_missing
cc_credit_limit_unique_count_mean,discrete_count_numeric,feature,P2_missingness_review,route_to_discrete_count_eda; consider_missingness_logic_later,discrete_count_eda,high combined missingness,71.73922233676193,65.83579517479075,5.90342716197118,13,11.0,False,False,70.931495698306,13,70.931495698306,high_missing
cc_credit_limit_unique_count_max,discrete_count_numeric,feature,P2_missingness_review,route_to_discrete_count_eda; consider_missingness_logic_later,discrete_count_eda,high combined missingness,71.73922233676193,65.83579517479075,5.90342716197118,8,7.0,False,False,70.931495698306,8,70.931495698306,high_missing
cc_latest_drawing_count_sum,discrete_count_numeric,feature,P2_missingness_review,route_to_discrete_count_eda; consider_missingness_logic_later,discrete_count_eda,high combined missingness,71.73922233676193,65.83579517479075,5.90342716197118,94,69.0,False,False,70.931495698306,97,70.931495698306,high_missing
cc_latest_drawing_count_mean,discrete_count_numeric,feature,P2_missingness_review,route_to_discrete_count_eda; consider_missingness_logic_later,discrete_count_eda,high combined missingness,71.73922233676193,65.83579517479075,5.90342716197118,108,78.0,False,False,70.931495698306,115,70.931495698306,high_missing
cc_latest_drawing_count_max,discrete_count_numeric,feature,P2_missingness_review,route_to_discrete_count_eda; consider_missingness_logic_later,discrete_count_eda,high combined missingness,71.73922233676193,65.83579517479075,5.90342716197118,94,69.0,False,False,70.931495698306,97,70.931495698306,high_missing
cc_status_active_ratio_mean,ratio_rate_numeric,feature,P2_missingness_review,route_to_ratio_rate_eda; consider_missingness_logic_later,ratio_rate_eda,high combined missingness,71.73922233676193,65.83579517479075,5.90342716197118,973,613.0,False,False,70.931495698306,1106,70.931495698306,high_missing
cc_status_active_ratio_max,ratio_rate_numeric,feature,P2_missingness_review,route_to_ratio_rate_eda; consider_missingness_logic_later,ratio_rate_eda,high combined missingness,71.73922233676193,65.83579517479075,5.90342716197118,831,554.0,False,False,70.931495698306,919,70.931495698306,high_missing
cc_status_active_ratio_min,ratio_rate_numeric,feature,P2_missingness_review,route_to_ratio_rate_eda; consider_missingness_logic_later,ratio_rate_eda,high combined missingness,71.73922233676193,65.83579517479075,5.90342716197118,853,568.0,False,False,70.931495698306,943,70.931495698306,high_missing
cc_status_completed_ratio_mean,ratio_rate_numeric,feature,P2_missingness_review,route_to_ratio_rate_eda; consider_missingness_logic_later,ratio_rate_eda,high combined missingness,71.73922233676193,65.83579517479075,5.90342716197118,883,557.0,False,False,70.931495698306,1008,70.931495698306,high_missing
cc_status_completed_ratio_max,ratio_rate_numeric,feature,P2_missingness_review,route_to_ratio_rate_eda; consider_missingness_logic_later,ratio_rate_eda,high combined missingness,71.73922233676193,65.83579517479075,5.90342716197118,774,516.0,False,False,70.931495698306,860,70.931495698306,high_missing
cc_status_completed_ratio_min,ratio_rate_numeric,feature,P2_missingness_review,route_to_ratio_rate_eda; consider_missingness_logic_later,ratio_rate_eda,high combined missingness,71.73922233676193,65.83579517479075,5.90342716197118,753,502.0,False,False,70.931495698306,835,70.931495698306,high_missing
cc_status_signed_ratio_mean,ratio_rate_numeric,feature,P2_missingness_review,route_to_ratio_rate_eda; consider_missingness_logic_later,ratio_rate_eda,high combined missingness,71.73922233676193,65.83579517479075,5.90342716197118,257,106.0,False,False,70.931495698306,278,70.931495698306,high_missing
cc_status_signed_ratio_max,ratio_rate_numeric,feature,P2_missingness_review,route_to_ratio_rate_eda; consider_missingness_logic_later,ratio_rate_eda,high combined missingness,71.73922233676193,65.83579517479075,5.90342716197118,245,103.0,False,False,70.931495698306,263,70.931495698306,high_missing
cc_status_signed_ratio_min,ratio_rate_numeric,feature,P2_missingness_review,route_to_ratio_rate_eda; consider_missingness_logic_later,ratio_rate_eda,high combined missingness,71.73922233676193,65.83579517479075,5.90342716197118,243,103.0,False,False,70.931495698306,261,70.931495698306,high_missing
cc_status_demand_ratio_mean,ratio_rate_numeric,feature,P2_missingness_review,route_to_ratio_rate_eda; consider_missingness_logic_later,ratio_rate_eda,high combined missingness,71.73922233676193,65.83579517479075,5.90342716197118,16,6.0,False,False,70.931495698306,21,70.931495698306,high_missing
cc_status_demand_ratio_max,ratio_rate_numeric,feature,P2_missingness_review,route_to_ratio_rate_eda; consider_missingness_logic_later,ratio_rate_eda,high combined missingness,71.73922233676193,65.83579517479075,5.90342716197118,16,6.0,False,False,70.931495698306,21,70.931495698306,high_missing
cc_status_demand_ratio_min,ratio_rate_numeric,feature,P2_missingness_review,route_to_ratio_rate_eda; consider_missingness_logic_later,ratio_rate_eda,high combined missingness,71.73922233676193,65.83579517479075,5.90342716197118,15,6.0,False,False,70.931495698306,20,70.931495698306,high_missing
cc_status_sent_proposal_ratio_mean,ratio_rate_numeric,feature,P2_missingness_review,route_to_ratio_rate_eda; consider_missingness_logic_later,ratio_rate_eda,high combined missingness,71.73922233676193,65.83579517479075,5.90342716197118,36,22.0,False,False,70.931495698306,36,70.931495698306,high_missing
cc_status_sent_proposal_ratio_max,ratio_rate_numeric,feature,P2_missingness_review,route_to_ratio_rate_eda; consider_missingness_logic_later,ratio_rate_eda,high combined missingness,71.73922233676193,65.83579517479075,5.90342716197118,32,22.0,False,False,70.931495698306,32,70.931495698306,high_missing
cc_status_sent_proposal_ratio_min,ratio_rate_numeric,feature,P2_missingness_review,route_to_ratio_rate_eda; consider_missingness_logic_later,ratio_rate_eda,high combined missingness,71.73922233676193,65.83579517479075,5.90342716197118,32,22.0,False,False,70.931495698306,32,70.931495698306,high_missing
cc_status_refused_ratio_mean,ratio_rate_numeric,feature,P2_missingness_review,route_to_ratio_rate_eda; consider_missingness_logic_later,ratio_rate_eda,high combined missingness,71.73922233676193,65.83579517479075,5.90342716197118,14,4.0,False,False,70.931495698306,16,70.931495698306,high_missing
cc_status_refused_ratio_max,ratio_rate_numeric,feature,P2_missingness_review,route_to_ratio_rate_eda; consider_missingness_logic_later,ratio_rate_eda,high combined missingness,71.73922233676193,65.83579517479075,5.90342716197118,14,4.0,False,False,70.931495698306,16,70.931495698306,high_missing
cc_status_refused_ratio_min,ratio_rate_numeric,feature,P2_missingness_review,route_to_ratio_rate_eda; consider_missingness_logic_later,ratio_rate_eda,high combined missingness,71.73922233676193,65.83579517479075,5.90342716197118,14,4.0,False,False,70.931495698306,16,70.931495698306,high_missing
cc_status_approved_ratio_mean,ratio_rate_numeric,feature,P2_missingness_review,route_to_ratio_rate_eda; consider_missingness_logic_later,ratio_rate_eda,high combined missingness,71.73922233676193,65.83579517479075,5.90342716197118,6,1.0,False,False,70.931495698306,6,70.931495698306,high_missing
cc_status_approved_ratio_max,ratio_rate_numeric,feature,P2_missingness_review,route_to_ratio_rate_eda; consider_missingness_logic_later,ratio_rate_eda,high combined missingness,71.73922233676193,65.83579517479075,5.90342716197118,6,1.0,False,False,70.931495698306,6,70.931495698306,high_missing
cc_status_approved_ratio_min,ratio_rate_numeric,feature,P2_missingness_review,route_to_ratio_rate_eda; consider_missingness_logic_later,ratio_rate_eda,high combined missingness,71.73922233676193,65.83579517479075,5.90342716197118,6,1.0,False,False,70.931495698306,6,70.931495698306,high_missing
cc_status_canceled_ratio_mean,binary_flag,feature,P2_missingness_review,route_to_binary_flag_eda; consider_missingness_logic_later,binary_flag_eda,high combined missingness,71.73922233676193,65.83579517479075,5.90342716197118,1,1.0,False,False,70.931495698306,1,70.931495698306,high_missing
cc_status_canceled_ratio_max,binary_flag,feature,P2_missingness_review,route_to_binary_flag_eda; consider_missingness_logic_later,binary_flag_eda,high combined missingness,71.73922233676193,65.83579517479075,5.90342716197118,1,1.0,False,False,70.931495698306,1,70.931495698306,high_missing
cc_status_canceled_ratio_min,binary_flag,feature,P2_missingness_review,route_to_binary_flag_eda; consider_missingness_logic_later,binary_flag_eda,high combined missingness,71.73922233676193,65.83579517479075,5.90342716197118,1,1.0,False,False,70.931495698306,1,70.931495698306,high_missing
cc_has_dpd_ratio_mean,ratio_rate_numeric,feature,P2_missingness_review,route_to_ratio_rate_eda; consider_missingness_logic_later,ratio_rate_eda,high combined missingness,71.73922233676193,65.83579517479075,5.90342716197118,1388,534.0,False,False,70.931495698306,1438,70.931495698306,high_missing
cc_has_dpd_ratio_max,ratio_rate_numeric,feature,P2_missingness_review,route_to_ratio_rate_eda; consider_missingness_logic_later,ratio_rate_eda,high combined missingness,71.73922233676193,65.83579517479075,5.90342716197118,1345,519.0,False,False,70.931495698306,1387,70.931495698306,high_missing
cc_has_dpd_ratio_min,ratio_rate_numeric,feature,P2_missingness_review,route_to_ratio_rate_eda; consider_missingness_logic_later,ratio_rate_eda,high combined missingness,71.73922233676193,65.83579517479075,5.90342716197118,1342,516.0,False,False,70.931495698306,1384,70.931495698306,high_missing
cc_has_dpd_def_ratio_mean,ratio_rate_numeric,feature,P2_missingness_review,route_to_ratio_rate_eda; consider_missingness_logic_later,ratio_rate_eda,high combined missingness,71.73922233676193,65.83579517479075,5.90342716197118,907,395.0,False,False,70.931495698306,938,70.931495698306,high_missing
cc_has_dpd_def_ratio_max,ratio_rate_numeric,feature,P2_missingness_review,route_to_ratio_rate_eda; consider_missingness_logic_later,ratio_rate_eda,high combined missingness,71.73922233676193,65.83579517479075,5.90342716197118,870,381.0,False,False,70.931495698306,893,70.931495698306,high_missing
cc_has_dpd_def_ratio_min,ratio_rate_numeric,feature,P2_missingness_review,route_to_ratio_rate_eda; consider_missingness_logic_later,ratio_rate_eda,high combined missingness,71.73922233676193,65.83579517479075,5.90342716197118,867,379.0,False,False,70.931495698306,890,70.931495698306,high_missing
cc_dpd_30plus_ratio_mean,ratio_rate_numeric,feature,P2_missingness_review,route_to_ratio_rate_eda; consider_missingness_logic_later,ratio_rate_eda,high combined missingness,71.73922233676193,65.83579517479075,5.90342716197118,918,230.0,False,False,70.931495698306,978,70.931495698306,high_missing
cc_dpd_30plus_ratio_max,ratio_rate_numeric,feature,P2_missingness_review,route_to_ratio_rate_eda; consider_missingness_logic_later,ratio_rate_eda,high combined missingness,71.73922233676193,65.83579517479075,5.90342716197118,909,229.0,False,False,70.931495698306,967,70.931495698306,high_missing
cc_dpd_30plus_ratio_min,ratio_rate_numeric,feature,P2_missingness_review,route_to_ratio_rate_eda; consider_missingness_logic_later,ratio_rate_eda,high combined missingness,71.73922233676193,65.83579517479075,5.90342716197118,905,227.0,False,False,70.931495698306,963,70.931495698306,high_missing
cc_dpd_60plus_ratio_mean,ratio_rate_numeric,feature,P2_missingness_review,route_to_ratio_rate_eda; consider_missingness_logic_later,ratio_rate_eda,high combined missingness,71.73922233676193,65.83579517479075,5.90342716197118,859,208.0,False,False,70.931495698306,915,70.931495698306,high_missing
cc_dpd_60plus_ratio_max,ratio_rate_numeric,feature,P2_missingness_review,route_to_ratio_rate_eda; consider_missingness_logic_later,ratio_rate_eda,high combined missingness,71.73922233676193,65.83579517479075,5.90342716197118,857,208.0,False,False,70.931495698306,914,70.931495698306,high_missing
cc_dpd_60plus_ratio_min,ratio_rate_numeric,feature,P2_missingness_review,route_to_ratio_rate_eda; consider_missingness_logic_later,ratio_rate_eda,high combined missingness,71.73922233676193,65.83579517479075,5.90342716197118,849,206.0,False,False,70.931495698306,906,70.931495698306,high_missing
cc_dpd_90plus_ratio_mean,ratio_rate_numeric,feature,P2_missingness_review,route_to_ratio_rate_eda; consider_missingness_logic_later,ratio_rate_eda,high combined missingness,71.73922233676193,65.83579517479075,5.90342716197118,840,187.0,False,False,70.931495698306,893,70.931495698306,high_missing
cc_dpd_90plus_ratio_max,ratio_rate_numeric,feature,P2_missingness_review,route_to_ratio_rate_eda; consider_missingness_logic_later,ratio_rate_eda,high combined missingness,71.73922233676193,65.83579517479075,5.90342716197118,839,187.0,False,False,70.931495698306,891,70.931495698306,high_missing
cc_dpd_90plus_ratio_min,ratio_rate_numeric,feature,P2_missingness_review,route_to_ratio_rate_eda; consider_missingness_logic_later,ratio_rate_eda,high combined missingness,71.73922233676193,65.83579517479075,5.90342716197118,835,185.0,False,False,70.931495698306,887,70.931495698306,high_missing
cc_dpd_def_30plus_ratio_mean,ratio_rate_numeric,feature,P2_missingness_review,route_to_ratio_rate_eda; consider_missingness_logic_later,ratio_rate_eda,high combined missingness,71.73922233676193,65.83579517479075,5.90342716197118,141,14.0,False,False,70.931495698306,151,70.931495698306,high_missing
cc_dpd_def_30plus_ratio_max,ratio_rate_numeric,feature,P2_missingness_review,route_to_ratio_rate_eda; consider_missingness_logic_later,ratio_rate_eda,high combined missingness,71.73922233676193,65.83579517479075,5.90342716197118,140,14.0,False,False,70.931495698306,150,70.931495698306,high_missing
cc_dpd_def_30plus_ratio_min,ratio_rate_numeric,feature,P2_missingness_review,route_to_ratio_rate_eda; consider_missingness_logic_later,ratio_rate_eda,high combined missingness,71.73922233676193,65.83579517479075,5.90342716197118,139,14.0,False,False,70.931495698306,149,70.931495698306,high_missing
cc_dpd_def_60plus_ratio_mean,ratio_rate_numeric,feature,P2_missingness_review,route_to_ratio_rate_eda; consider_missingness_logic_later,ratio_rate_eda,high combined missingness,71.73922233676193,65.83579517479075,5.90342716197118,61,13.0,False,False,70.931495698306,72,70.931495698306,high_missing
cc_dpd_def_60plus_ratio_max,ratio_rate_numeric,feature,P2_missingness_review,route_to_ratio_rate_eda; consider_missingness_logic_later,ratio_rate_eda,high combined missingness,71.73922233676193,65.83579517479075,5.90342716197118,61,13.0,False,False,70.931495698306,72,70.931495698306,high_missing
cc_dpd_def_60plus_ratio_min,ratio_rate_numeric,feature,P2_missingness_review,route_to_ratio_rate_eda; consider_missingness_logic_later,ratio_rate_eda,high combined missingness,71.73922233676193,65.83579517479075,5.90342716197118,60,13.0,False,False,70.931495698306,71,70.931495698306,high_missing
cc_dpd_def_90plus_ratio_mean,ratio_rate_numeric,feature,P2_missingness_review,route_to_ratio_rate_eda; consider_missingness_logic_later,ratio_rate_eda,high combined missingness,71.73922233676193,65.83579517479075,5.90342716197118,22,12.0,False,False,70.931495698306,32,70.931495698306,high_missing
cc_dpd_def_90plus_ratio_max,ratio_rate_numeric,feature,P2_missingness_review,route_to_ratio_rate_eda; consider_missingness_logic_later,ratio_rate_eda,high combined missingness,71.73922233676193,65.83579517479075,5.90342716197118,22,12.0,False,False,70.931495698306,32,70.931495698306,high_missing
cc_dpd_def_90plus_ratio_min,ratio_rate_numeric,feature,P2_missingness_review,route_to_ratio_rate_eda; consider_missingness_logic_later,ratio_rate_eda,high combined missingness,71.73922233676193,65.83579517479075,5.90342716197118,21,12.0,False,False,70.931495698306,31,70.931495698306,high_missing
cc_is_recent_6m_ratio_mean,ratio_rate_numeric,feature,P2_missingness_review,route_to_ratio_rate_eda; consider_missingness_logic_later,ratio_rate_eda,high combined missingness,71.73922233676193,65.83579517479075,5.90342716197118,537,367.0,False,False,70.931495698306,627,70.931495698306,high_missing
cc_is_recent_6m_ratio_max,ratio_rate_numeric,feature,P2_missingness_review,route_to_ratio_rate_eda; consider_missingness_logic_later,ratio_rate_eda,high combined missingness,71.73922233676193,65.83579517479075,5.90342716197118,255,237.0,False,False,70.931495698306,258,70.931495698306,high_missing
cc_is_recent_6m_ratio_min,ratio_rate_numeric,feature,P2_missingness_review,route_to_ratio_rate_eda; consider_missingness_logic_later,ratio_rate_eda,high combined missingness,71.73922233676193,65.83579517479075,5.90342716197118,255,237.0,False,False,70.931495698306,258,70.931495698306,high_missing
cc_is_recent_12m_ratio_mean,ratio_rate_numeric,feature,P2_missingness_review,route_to_ratio_rate_eda; consider_missingness_logic_later,ratio_rate_eda,high combined missingness,71.73922233676193,65.83579517479075,5.90342716197118,458,355.0,False,False,70.931495698306,501,70.931495698306,high_missing
cc_is_recent_12m_ratio_max,ratio_rate_numeric,feature,P2_missingness_review,route_to_ratio_rate_eda; consider_missingness_logic_later,ratio_rate_eda,high combined missingness,71.73922233676193,65.83579517479075,5.90342716197118,288,265.0,False,False,70.931495698306,292,70.931495698306,high_missing
cc_is_recent_12m_ratio_min,ratio_rate_numeric,feature,P2_missingness_review,route_to_ratio_rate_eda; consider_missingness_logic_later,ratio_rate_eda,high combined missingness,71.73922233676193,65.83579517479075,5.90342716197118,288,266.0,False,False,70.931495698306,292,70.931495698306,high_missing
cc_is_recent_24m_ratio_mean,ratio_rate_numeric,feature,P2_missingness_review,route_to_ratio_rate_eda; consider_missingness_logic_later,ratio_rate_eda,high combined missingness,71.73922233676193,65.83579517479075,5.90342716197118,359,300.0,False,False,70.931495698306,387,70.931495698306,high_missing
cc_is_recent_24m_ratio_max,ratio_rate_numeric,feature,P2_missingness_review,route_to_ratio_rate_eda; consider_missingness_logic_later,ratio_rate_eda,high combined missingness,71.73922233676193,65.83579517479075,5.90342716197118,261,237.0,False,False,70.931495698306,265,70.931495698306,high_missing
cc_is_recent_24m_ratio_min,ratio_rate_numeric,feature,P2_missingness_review,route_to_ratio_rate_eda; consider_missingness_logic_later,ratio_rate_eda,high combined missingness,71.73922233676193,65.83579517479075,5.90342716197118,261,238.0,False,False,70.931495698306,265,70.931495698306,high_missing
cc_invalid_credit_limit_ratio_mean,ratio_rate_numeric,feature,P2_missingness_review,route_to_ratio_rate_eda; consider_missingness_logic_later,ratio_rate_eda,high combined missingness,71.73922233676193,65.83579517479075,5.90342716197118,1270,640.0,False,False,70.931495698306,1373,70.931495698306,high_missing
cc_invalid_credit_limit_ratio_max,ratio_rate_numeric,feature,P2_missingness_review,route_to_ratio_rate_eda; consider_missingness_logic_later,ratio_rate_eda,high combined missingness,71.73922233676193,65.83579517479075,5.90342716197118,1198,613.0,False,False,70.931495698306,1285,70.931495698306,high_missing
cc_invalid_credit_limit_ratio_min,ratio_rate_numeric,feature,P2_missingness_review,route_to_ratio_rate_eda; consider_missingness_logic_later,ratio_rate_eda,high combined missingness,71.73922233676193,65.83579517479075,5.90342716197118,1197,609.0,False,False,70.931495698306,1283,70.931495698306,high_missing
cc_has_balance_ratio_mean,ratio_rate_numeric,feature,P2_missingness_review,route_to_ratio_rate_eda; consider_missingness_logic_later,ratio_rate_eda,high combined missingness,71.73922233676193,65.83579517479075,5.90342716197118,2605,1518.0,False,False,70.931495698306,2715,70.931495698306,high_missing
cc_has_balance_ratio_max,ratio_rate_numeric,feature,P2_missingness_review,route_to_ratio_rate_eda; consider_missingness_logic_later,ratio_rate_eda,high combined missingness,71.73922233676193,65.83579517479075,5.90342716197118,2419,1450.0,False,False,70.931495698306,2476,70.931495698306,high_missing
cc_has_balance_ratio_min,ratio_rate_numeric,feature,P2_missingness_review,route_to_ratio_rate_eda; consider_missingness_logic_later,ratio_rate_eda,high combined missingness,71.73922233676193,65.83579517479075,5.90342716197118,2420,1450.0,False,False,70.931495698306,2476,70.931495698306,high_missing
cc_has_total_receivable_ratio_mean,ratio_rate_numeric,feature,P2_missingness_review,route_to_ratio_rate_eda; consider_missingness_logic_later,ratio_rate_eda,high combined missingness,71.73922233676193,65.83579517479075,5.90342716197118,2612,1526.0,False,False,70.931495698306,2703,70.931495698306,high_missing
cc_has_total_receivable_ratio_max,ratio_rate_numeric,feature,P2_missingness_review,route_to_ratio_rate_eda; consider_missingness_logic_later,ratio_rate_eda,high combined missingness,71.73922233676193,65.83579517479075,5.90342716197118,2432,1467.0,False,False,70.931495698306,2481,70.931495698306,high_missing
cc_has_total_receivable_ratio_min,ratio_rate_numeric,feature,P2_missingness_review,route_to_ratio_rate_eda; consider_missingness_logic_later,ratio_rate_eda,high combined missingness,71.73922233676193,65.83579517479075,5.90342716197118,2433,1464.0,False,False,70.931495698306,2481,70.931495698306,high_missing
cc_high_utilization_30plus_ratio_mean,ratio_rate_numeric,feature,P2_missingness_review,route_to_ratio_rate_eda; consider_missingness_logic_later,ratio_rate_eda,high combined missingness,71.73922233676193,65.83579517479075,5.90342716197118,2632,1500.0,False,False,70.931495698306,2727,70.931495698306,high_missing
cc_high_utilization_30plus_ratio_max,ratio_rate_numeric,feature,P2_missingness_review,route_to_ratio_rate_eda; consider_missingness_logic_later,ratio_rate_eda,high combined missingness,71.73922233676193,65.83579517479075,5.90342716197118,2441,1441.0,False,False,70.931495698306,2487,70.931495698306,high_missing
cc_high_utilization_30plus_ratio_min,ratio_rate_numeric,feature,P2_missingness_review,route_to_ratio_rate_eda; consider_missingness_logic_later,ratio_rate_eda,high combined missingness,71.73922233676193,65.83579517479075,5.90342716197118,2440,1434.0,False,False,70.931495698306,2485,70.931495698306,high_missing
cc_high_utilization_50plus_ratio_mean,ratio_rate_numeric,feature,P2_missingness_review,route_to_ratio_rate_eda; consider_missingness_logic_later,ratio_rate_eda,high combined missingness,71.73922233676193,65.83579517479075,5.90342716197118,2637,1484.0,False,False,70.931495698306,2729,70.931495698306,high_missing
cc_high_utilization_50plus_ratio_max,ratio_rate_numeric,feature,P2_missingness_review,route_to_ratio_rate_eda; consider_missingness_logic_later,ratio_rate_eda,high combined missingness,71.73922233676193,65.83579517479075,5.90342716197118,2452,1423.0,False,False,70.931495698306,2494,70.931495698306,high_missing
cc_high_utilization_50plus_ratio_min,ratio_rate_numeric,feature,P2_missingness_review,route_to_ratio_rate_eda; consider_missingness_logic_later,ratio_rate_eda,high combined missingness,71.73922233676193,65.83579517479075,5.90342716197118,2452,1420.0,False,False,70.931495698306,2494,70.931495698306,high_missing
cc_high_utilization_80plus_ratio_mean,ratio_rate_numeric,feature,P2_missingness_review,route_to_ratio_rate_eda; consider_missingness_logic_later,ratio_rate_eda,high combined missingness,71.73922233676193,65.83579517479075,5.90342716197118,2499,1377.0,False,False,70.931495698306,2601,70.931495698306,high_missing
cc_high_utilization_80plus_ratio_max,ratio_rate_numeric,feature,P2_missingness_review,route_to_ratio_rate_eda; consider_missingness_logic_later,ratio_rate_eda,high combined missingness,71.73922233676193,65.83579517479075,5.90342716197118,2340,1327.0,False,False,70.931495698306,2399,70.931495698306,high_missing
cc_high_utilization_80plus_ratio_min,ratio_rate_numeric,feature,P2_missingness_review,route_to_ratio_rate_eda; consider_missingness_logic_later,ratio_rate_eda,high combined missingness,71.73922233676193,65.83579517479075,5.90342716197118,2337,1321.0,False,False,70.931495698306,2398,70.931495698306,high_missing
cc_high_utilization_100plus_ratio_mean,ratio_rate_numeric,feature,P2_missingness_review,route_to_ratio_rate_eda; consider_missingness_logic_later,ratio_rate_eda,high combined missingness,71.73922233676193,65.83579517479075,5.90342716197118,1790,916.0,False,False,70.931495698306,1876,70.931495698306,high_missing
cc_high_utilization_100plus_ratio_max,ratio_rate_numeric,feature,P2_missingness_review,route_to_ratio_rate_eda; consider_missingness_logic_later,ratio_rate_eda,high combined missingness,71.73922233676193,65.83579517479075,5.90342716197118,1679,881.0,False,False,70.931495698306,1733,70.931495698306,high_missing
cc_high_utilization_100plus_ratio_min,ratio_rate_numeric,feature,P2_missingness_review,route_to_ratio_rate_eda; consider_missingness_logic_later,ratio_rate_eda,high combined missingness,71.73922233676193,65.83579517479075,5.90342716197118,1680,875.0,False,False,70.931495698306,1734,70.931495698306,high_missing
cc_over_limit_flag_ratio_mean,ratio_rate_numeric,feature,P2_missingness_review,route_to_ratio_rate_eda; consider_missingness_logic_later,ratio_rate_eda,high combined missingness,71.73922233676193,65.83579517479075,5.90342716197118,1790,916.0,False,False,70.931495698306,1876,70.931495698306,high_missing
cc_over_limit_flag_ratio_max,ratio_rate_numeric,feature,P2_missingness_review,route_to_ratio_rate_eda; consider_missingness_logic_later,ratio_rate_eda,high combined missingness,71.73922233676193,65.83579517479075,5.90342716197118,1679,881.0,False,False,70.931495698306,1733,70.931495698306,high_missing
cc_over_limit_flag_ratio_min,ratio_rate_numeric,feature,P2_missingness_review,route_to_ratio_rate_eda; consider_missingness_logic_later,ratio_rate_eda,high combined missingness,71.73922233676193,65.83579517479075,5.90342716197118,1680,875.0,False,False,70.931495698306,1734,70.931495698306,high_missing
cc_has_payment_current_ratio_mean,ratio_rate_numeric,feature,P2_missingness_review,route_to_ratio_rate_eda; consider_missingness_logic_later,ratio_rate_eda,high combined missingness,71.73922233676193,65.83579517479075,5.90342716197118,2155,1139.0,False,False,70.931495698306,2300,70.931495698306,high_missing
cc_has_payment_current_ratio_max,ratio_rate_numeric,feature,P2_missingness_review,route_to_ratio_rate_eda; consider_missingness_logic_later,ratio_rate_eda,high combined missingness,71.73922233676193,65.83579517479075,5.90342716197118,1939,1056.0,False,False,70.931495698306,2014,70.931495698306,high_missing
cc_has_payment_current_ratio_min,ratio_rate_numeric,feature,P2_missingness_review,route_to_ratio_rate_eda; consider_missingness_logic_later,ratio_rate_eda,high combined missingness,71.73922233676193,65.83579517479075,5.90342716197118,1943,1052.0,False,False,70.931495698306,2014,70.931495698306,high_missing
cc_has_payment_total_ratio_mean,ratio_rate_numeric,feature,P2_missingness_review,route_to_ratio_rate_eda; consider_missingness_logic_later,ratio_rate_eda,high combined missingness,71.73922233676193,65.83579517479075,5.90342716197118,2581,1490.0,False,False,70.931495698306,2689,70.931495698306,high_missing
cc_has_payment_total_ratio_max,ratio_rate_numeric,feature,P2_missingness_review,route_to_ratio_rate_eda; consider_missingness_logic_later,ratio_rate_eda,high combined missingness,71.73922233676193,65.83579517479075,5.90342716197118,2360,1411.0,False,False,70.931495698306,2402,70.931495698306,high_missing
cc_has_payment_total_ratio_min,ratio_rate_numeric,feature,P2_missingness_review,route_to_ratio_rate_eda; consider_missingness_logic_later,ratio_rate_eda,high combined missingness,71.73922233676193,65.83579517479075,5.90342716197118,2359,1407.0,False,False,70.931495698306,2399,70.931495698306,high_missing
cc_has_min_instalment_ratio_mean,ratio_rate_numeric,feature,P2_missingness_review,route_to_ratio_rate_eda; consider_missingness_logic_later,ratio_rate_eda,high combined missingness,71.73922233676193,65.83579517479075,5.90342716197118,2659,1558.0,False,False,70.931495698306,2775,70.931495698306,high_missing
cc_has_min_instalment_ratio_max,ratio_rate_numeric,feature,P2_missingness_review,route_to_ratio_rate_eda; consider_missingness_logic_later,ratio_rate_eda,high combined missingness,71.73922233676193,65.83579517479075,5.90342716197118,2445,1480.0,False,False,70.931495698306,2496,70.931495698306,high_missing
cc_has_min_instalment_ratio_min,ratio_rate_numeric,feature,P2_missingness_review,route_to_ratio_rate_eda; consider_missingness_logic_later,ratio_rate_eda,high combined missingness,71.73922233676193,65.83579517479075,5.90342716197118,2446,1478.0,False,False,70.931495698306,2497,70.931495698306,high_missing
cc_payment_less_than_min_instalment_ratio_mean,ratio_rate_numeric,feature,P2_missingness_review,route_to_ratio_rate_eda; consider_missingness_logic_later,ratio_rate_eda,high combined missingness,71.73922233676193,65.83579517479075,5.90342716197118,823,480.0,False,False,70.931495698306,857,70.931495698306,high_missing
cc_payment_less_than_min_instalment_ratio_max,ratio_rate_numeric,feature,P2_missingness_review,route_to_ratio_rate_eda; consider_missingness_logic_later,ratio_rate_eda,high combined missingness,71.73922233676193,65.83579517479075,5.90342716197118,742,454.0,False,False,70.931495698306,760,70.931495698306,high_missing
cc_payment_less_than_min_instalment_ratio_min,ratio_rate_numeric,feature,P2_missingness_review,route_to_ratio_rate_eda; consider_missingness_logic_later,ratio_rate_eda,high combined missingness,71.73922233676193,65.83579517479075,5.90342716197118,741,454.0,False,False,70.931495698306,759,70.931495698306,high_missing
cc_payment_near_min_instalment_ratio_mean,ratio_rate_numeric,feature,P2_missingness_review,route_to_ratio_rate_eda; consider_missingness_logic_later,ratio_rate_eda,high combined missingness,71.73922233676193,65.83579517479075,5.90342716197118,2406,1274.0,False,False,70.931495698306,2505,70.931495698306,high_missing
cc_payment_near_min_instalment_ratio_max,ratio_rate_numeric,feature,P2_missingness_review,route_to_ratio_rate_eda; consider_missingness_logic_later,ratio_rate_eda,high combined missingness,71.73922233676193,65.83579517479075,5.90342716197118,2262,1219.0,False,False,70.931495698306,2320,70.931495698306,high_missing
cc_payment_near_min_instalment_ratio_min,ratio_rate_numeric,feature,P2_missingness_review,route_to_ratio_rate_eda; consider_missingness_logic_later,ratio_rate_eda,high combined missingness,71.73922233676193,65.83579517479075,5.90342716197118,2260,1213.0,False,False,70.931495698306,2317,70.931495698306,high_missing
cc_no_payment_with_balance_ratio_mean,ratio_rate_numeric,feature,P2_missingness_review,route_to_ratio_rate_eda; consider_missingness_logic_later,ratio_rate_eda,high combined missingness,71.73922233676193,65.83579517479075,5.90342716197118,1373,587.0,False,False,70.931495698306,1447,70.931495698306,high_missing
cc_no_payment_with_balance_ratio_max,ratio_rate_numeric,feature,P2_missingness_review,route_to_ratio_rate_eda; consider_missingness_logic_later,ratio_rate_eda,high combined missingness,71.73922233676193,65.83579517479075,5.90342716197118,1247,541.0,False,False,70.931495698306,1291,70.931495698306,high_missing
cc_no_payment_with_balance_ratio_min,ratio_rate_numeric,feature,P2_missingness_review,route_to_ratio_rate_eda; consider_missingness_logic_later,ratio_rate_eda,high combined missingness,71.73922233676193,65.83579517479075,5.90342716197118,1245,542.0,False,False,70.931495698306,1289,70.931495698306,high_missing
cc_has_drawing_ratio_mean,ratio_rate_numeric,feature,P2_missingness_review,route_to_ratio_rate_eda; consider_missingness_logic_later,ratio_rate_eda,high combined missingness,71.73922233676193,65.83579517479075,5.90342716197118,1899,1151.0,False,False,70.931495698306,2026,70.931495698306,high_missing
cc_has_drawing_ratio_max,ratio_rate_numeric,feature,P2_missingness_review,route_to_ratio_rate_eda; consider_missingness_logic_later,ratio_rate_eda,high combined missingness,71.73922233676193,65.83579517479075,5.90342716197118,1708,1073.0,False,False,70.931495698306,1769,70.931495698306,high_missing
cc_has_drawing_ratio_min,ratio_rate_numeric,feature,P2_missingness_review,route_to_ratio_rate_eda; consider_missingness_logic_later,ratio_rate_eda,high combined missingness,71.73922233676193,65.83579517479075,5.90342716197118,1708,1071.0,False,False,70.931495698306,1769,70.931495698306,high_missing
cc_has_atm_drawing_ratio_mean,ratio_rate_numeric,feature,P2_missingness_review,route_to_ratio_rate_eda; consider_missingness_logic_later,ratio_rate_eda,high combined missingness,71.73922233676193,65.83579517479075,5.90342716197118,1679,991.0,False,False,70.931495698306,1777,70.931495698306,high_missing
cc_has_atm_drawing_ratio_max,ratio_rate_numeric,feature,P2_missingness_review,route_to_ratio_rate_eda; consider_missingness_logic_later,ratio_rate_eda,high combined missingness,71.73922233676193,65.83579517479075,5.90342716197118,1515,931.0,False,False,70.931495698306,1564,70.931495698306,high_missing
cc_has_atm_drawing_ratio_min,ratio_rate_numeric,feature,P2_missingness_review,route_to_ratio_rate_eda; consider_missingness_logic_later,ratio_rate_eda,high combined missingness,71.73922233676193,65.83579517479075,5.90342716197118,1515,931.0,False,False,70.931495698306,1564,70.931495698306,high_missing
cc_has_pos_drawing_ratio_mean,ratio_rate_numeric,feature,P2_missingness_review,route_to_ratio_rate_eda; consider_missingness_logic_later,ratio_rate_eda,high combined missingness,71.73922233676193,65.83579517479075,5.90342716197118,1238,742.0,False,False,70.931495698306,1326,70.931495698306,high_missing
cc_has_pos_drawing_ratio_max,ratio_rate_numeric,feature,P2_missingness_review,route_to_ratio_rate_eda; consider_missingness_logic_later,ratio_rate_eda,high combined missingness,71.73922233676193,65.83579517479075,5.90342716197118,1167,717.0,False,False,70.931495698306,1236,70.931495698306,high_missing
cc_has_pos_drawing_ratio_min,ratio_rate_numeric,feature,P2_missingness_review,route_to_ratio_rate_eda; consider_missingness_logic_later,ratio_rate_eda,high combined missingness,71.73922233676193,65.83579517479075,5.90342716197118,1167,716.0,False,False,70.931495698306,1235,70.931495698306,high_missing
cc_has_other_drawing_ratio_mean,ratio_rate_numeric,feature,P2_missingness_review,route_to_ratio_rate_eda; consider_missingness_logic_later,ratio_rate_eda,high combined missingness,71.73922233676193,65.83579517479075,5.90342716197118,386,169.0,False,False,70.931495698306,399,70.931495698306,high_missing
cc_has_other_drawing_ratio_max,ratio_rate_numeric,feature,P2_missingness_review,route_to_ratio_rate_eda; consider_missingness_logic_later,ratio_rate_eda,high combined missingness,71.73922233676193,65.83579517479075,5.90342716197118,368,166.0,False,False,70.931495698306,380,70.931495698306,high_missing
cc_has_other_drawing_ratio_min,ratio_rate_numeric,feature,P2_missingness_review,route_to_ratio_rate_eda; consider_missingness_logic_later,ratio_rate_eda,high combined missingness,71.73922233676193,65.83579517479075,5.90342716197118,368,164.0,False,False,70.931495698306,380,70.931495698306,high_missing
cc_has_drawing_count_ratio_mean,ratio_rate_numeric,feature,P2_missingness_review,route_to_ratio_rate_eda; consider_missingness_logic_later,ratio_rate_eda,high combined missingness,71.73922233676193,65.83579517479075,5.90342716197118,1898,1148.0,False,False,70.931495698306,2015,70.931495698306,high_missing
cc_has_drawing_count_ratio_max,ratio_rate_numeric,feature,P2_missingness_review,route_to_ratio_rate_eda; consider_missingness_logic_later,ratio_rate_eda,high combined missingness,71.73922233676193,65.83579517479075,5.90342716197118,1704,1083.0,False,False,70.931495698306,1768,70.931495698306,high_missing
cc_has_drawing_count_ratio_min,ratio_rate_numeric,feature,P2_missingness_review,route_to_ratio_rate_eda; consider_missingness_logic_later,ratio_rate_eda,high combined missingness,71.73922233676193,65.83579517479075,5.90342716197118,1705,1081.0,False,False,70.931495698306,1769,70.931495698306,high_missing
cc_has_atm_drawing_count_ratio_mean,ratio_rate_numeric,feature,P2_missingness_review,route_to_ratio_rate_eda; consider_missingness_logic_later,ratio_rate_eda,high combined missingness,71.73922233676193,65.83579517479075,5.90342716197118,1679,991.0,False,False,70.931495698306,1777,70.931495698306,high_missing
cc_has_atm_drawing_count_ratio_max,ratio_rate_numeric,feature,P2_missingness_review,route_to_ratio_rate_eda; consider_missingness_logic_later,ratio_rate_eda,high combined missingness,71.73922233676193,65.83579517479075,5.90342716197118,1515,931.0,False,False,70.931495698306,1564,70.931495698306,high_missing
cc_has_atm_drawing_count_ratio_min,ratio_rate_numeric,feature,P2_missingness_review,route_to_ratio_rate_eda; consider_missingness_logic_later,ratio_rate_eda,high combined missingness,71.73922233676193,65.83579517479075,5.90342716197118,1515,931.0,False,False,70.931495698306,1564,70.931495698306,high_missing
cc_has_pos_drawing_count_ratio_mean,ratio_rate_numeric,feature,P2_missingness_review,route_to_ratio_rate_eda; consider_missingness_logic_later,ratio_rate_eda,high combined missingness,71.73922233676193,65.83579517479075,5.90342716197118,1238,742.0,False,False,70.931495698306,1326,70.931495698306,high_missing
cc_has_pos_drawing_count_ratio_max,ratio_rate_numeric,feature,P2_missingness_review,route_to_ratio_rate_eda; consider_missingness_logic_later,ratio_rate_eda,high combined missingness,71.73922233676193,65.83579517479075,5.90342716197118,1167,717.0,False,False,70.931495698306,1236,70.931495698306,high_missing
cc_has_pos_drawing_count_ratio_min,ratio_rate_numeric,feature,P2_missingness_review,route_to_ratio_rate_eda; consider_missingness_logic_later,ratio_rate_eda,high combined missingness,71.73922233676193,65.83579517479075,5.90342716197118,1167,716.0,False,False,70.931495698306,1235,70.931495698306,high_missing
cc_has_other_drawing_count_ratio_mean,ratio_rate_numeric,feature,P2_missingness_review,route_to_ratio_rate_eda; consider_missingness_logic_later,ratio_rate_eda,high combined missingness,71.73922233676193,65.83579517479075,5.90342716197118,386,169.0,False,False,70.931495698306,399,70.931495698306,high_missing
cc_has_other_drawing_count_ratio_max,ratio_rate_numeric,feature,P2_missingness_review,route_to_ratio_rate_eda; consider_missingness_logic_later,ratio_rate_eda,high combined missingness,71.73922233676193,65.83579517479075,5.90342716197118,368,166.0,False,False,70.931495698306,380,70.931495698306,high_missing
cc_has_other_drawing_count_ratio_min,ratio_rate_numeric,feature,P2_missingness_review,route_to_ratio_rate_eda; consider_missingness_logic_later,ratio_rate_eda,high combined missingness,71.73922233676193,65.83579517479075,5.90342716197118,368,164.0,False,False,70.931495698306,380,70.931495698306,high_missing
cc_recent_6m_has_dpd_ratio_mean,ratio_rate_numeric,feature,P2_missingness_review,route_to_ratio_rate_eda; consider_missingness_logic_later,ratio_rate_eda,high combined missingness,71.73922233676193,65.83579517479075,5.90342716197118,253,119.0,False,False,70.931495698306,259,70.931495698306,high_missing
cc_recent_6m_has_dpd_ratio_max,ratio_rate_numeric,feature,P2_missingness_review,route_to_ratio_rate_eda; consider_missingness_logic_later,ratio_rate_eda,high combined missingness,71.73922233676193,65.83579517479075,5.90342716197118,250,119.0,False,False,70.931495698306,256,70.931495698306,high_missing
cc_recent_6m_has_dpd_ratio_min,ratio_rate_numeric,feature,P2_missingness_review,route_to_ratio_rate_eda; consider_missingness_logic_later,ratio_rate_eda,high combined missingness,71.73922233676193,65.83579517479075,5.90342716197118,250,119.0,False,False,70.931495698306,256,70.931495698306,high_missing
cc_recent_12m_has_dpd_ratio_mean,ratio_rate_numeric,feature,P2_missingness_review,route_to_ratio_rate_eda; consider_missingness_logic_later,ratio_rate_eda,high combined missingness,71.73922233676193,65.83579517479075,5.90342716197118,394,161.0,False,False,70.931495698306,411,70.931495698306,high_missing
cc_recent_12m_has_dpd_ratio_max,ratio_rate_numeric,feature,P2_missingness_review,route_to_ratio_rate_eda; consider_missingness_logic_later,ratio_rate_eda,high combined missingness,71.73922233676193,65.83579517479075,5.90342716197118,391,161.0,False,False,70.931495698306,409,70.931495698306,high_missing
cc_recent_12m_has_dpd_ratio_min,ratio_rate_numeric,feature,P2_missingness_review,route_to_ratio_rate_eda; consider_missingness_logic_later,ratio_rate_eda,high combined missingness,71.73922233676193,65.83579517479075,5.90342716197118,392,161.0,False,False,70.931495698306,410,70.931495698306,high_missing
cc_recent_24m_has_dpd_ratio_mean,ratio_rate_numeric,feature,P2_missingness_review,route_to_ratio_rate_eda; consider_missingness_logic_later,ratio_rate_eda,high combined missingness,71.73922233676193,65.83579517479075,5.90342716197118,600,209.0,False,False,70.931495698306,623,70.931495698306,high_missing
cc_recent_24m_has_dpd_ratio_max,ratio_rate_numeric,feature,P2_missingness_review,route_to_ratio_rate_eda; consider_missingness_logic_later,ratio_rate_eda,high combined missingness,71.73922233676193,65.83579517479075,5.90342716197118,596,207.0,False,False,70.931495698306,618,70.931495698306,high_missing
cc_recent_24m_has_dpd_ratio_min,ratio_rate_numeric,feature,P2_missingness_review,route_to_ratio_rate_eda; consider_missingness_logic_later,ratio_rate_eda,high combined missingness,71.73922233676193,65.83579517479075,5.90342716197118,596,207.0,False,False,70.931495698306,618,70.931495698306,high_missing
cc_recent_6m_has_dpd_def_ratio_mean,ratio_rate_numeric,feature,P2_missingness_review,route_to_ratio_rate_eda; consider_missingness_logic_later,ratio_rate_eda,high combined missingness,71.73922233676193,65.83579517479075,5.90342716197118,145,67.0,False,False,70.931495698306,157,70.931495698306,high_missing
cc_recent_6m_has_dpd_def_ratio_max,ratio_rate_numeric,feature,P2_missingness_review,route_to_ratio_rate_eda; consider_missingness_logic_later,ratio_rate_eda,high combined missingness,71.73922233676193,65.83579517479075,5.90342716197118,143,67.0,False,False,70.931495698306,155,70.931495698306,high_missing
cc_recent_6m_has_dpd_def_ratio_min,ratio_rate_numeric,feature,P2_missingness_review,route_to_ratio_rate_eda; consider_missingness_logic_later,ratio_rate_eda,high combined missingness,71.73922233676193,65.83579517479075,5.90342716197118,142,67.0,False,False,70.931495698306,154,70.931495698306,high_missing
cc_recent_12m_has_dpd_def_ratio_mean,ratio_rate_numeric,feature,P2_missingness_review,route_to_ratio_rate_eda; consider_missingness_logic_later,ratio_rate_eda,high combined missingness,71.73922233676193,65.83579517479075,5.90342716197118,218,96.0,False,False,70.931495698306,238,70.931495698306,high_missing
cc_recent_12m_has_dpd_def_ratio_max,ratio_rate_numeric,feature,P2_missingness_review,route_to_ratio_rate_eda; consider_missingness_logic_later,ratio_rate_eda,high combined missingness,71.73922233676193,65.83579517479075,5.90342716197118,216,96.0,False,False,70.931495698306,236,70.931495698306,high_missing
cc_recent_12m_has_dpd_def_ratio_min,ratio_rate_numeric,feature,P2_missingness_review,route_to_ratio_rate_eda; consider_missingness_logic_later,ratio_rate_eda,high combined missingness,71.73922233676193,65.83579517479075,5.90342716197118,217,96.0,False,False,70.931495698306,237,70.931495698306,high_missing
cc_recent_24m_has_dpd_def_ratio_mean,ratio_rate_numeric,feature,P2_missingness_review,route_to_ratio_rate_eda; consider_missingness_logic_later,ratio_rate_eda,high combined missingness,71.73922233676193,65.83579517479075,5.90342716197118,345,128.0,False,False,70.931495698306,361,70.931495698306,high_missing
cc_recent_24m_has_dpd_def_ratio_max,ratio_rate_numeric,feature,P2_missingness_review,route_to_ratio_rate_eda; consider_missingness_logic_later,ratio_rate_eda,high combined missingness,71.73922233676193,65.83579517479075,5.90342716197118,342,127.0,False,False,70.931495698306,358,70.931495698306,high_missing
cc_recent_24m_has_dpd_def_ratio_min,ratio_rate_numeric,feature,P2_missingness_review,route_to_ratio_rate_eda; consider_missingness_logic_later,ratio_rate_eda,high combined missingness,71.73922233676193,65.83579517479075,5.90342716197118,342,127.0,False,False,70.931495698306,358,70.931495698306,high_missing
cc_recent_6m_high_utilization_80plus_ratio_mean,ratio_rate_numeric,feature,P2_missingness_review,route_to_ratio_rate_eda; consider_missingness_logic_later,ratio_rate_eda,high combined missingness,71.73922233676193,65.83579517479075,5.90342716197118,328,245.0,False,False,70.931495698306,335,70.931495698306,high_missing
cc_recent_6m_high_utilization_80plus_ratio_max,ratio_rate_numeric,feature,P2_missingness_review,route_to_ratio_rate_eda; consider_missingness_logic_later,ratio_rate_eda,high combined missingness,71.73922233676193,65.83579517479075,5.90342716197118,325,243.0,False,False,70.931495698306,331,70.931495698306,high_missing
cc_recent_6m_high_utilization_80plus_ratio_min,ratio_rate_numeric,feature,P2_missingness_review,route_to_ratio_rate_eda; consider_missingness_logic_later,ratio_rate_eda,high combined missingness,71.73922233676193,65.83579517479075,5.90342716197118,325,243.0,False,False,70.931495698306,331,70.931495698306,high_missing
cc_recent_12m_high_utilization_80plus_ratio_mean,ratio_rate_numeric,feature,P2_missingness_review,route_to_ratio_rate_eda; consider_missingness_logic_later,ratio_rate_eda,high combined missingness,71.73922233676193,65.83579517479075,5.90342716197118,612,414.0,False,False,70.931495698306,624,70.931495698306,high_missing
cc_recent_12m_high_utilization_80plus_ratio_max,ratio_rate_numeric,feature,P2_missingness_review,route_to_ratio_rate_eda; consider_missingness_logic_later,ratio_rate_eda,high combined missingness,71.73922233676193,65.83579517479075,5.90342716197118,601,408.0,False,False,70.931495698306,611,70.931495698306,high_missing
cc_recent_12m_high_utilization_80plus_ratio_min,ratio_rate_numeric,feature,P2_missingness_review,route_to_ratio_rate_eda; consider_missingness_logic_later,ratio_rate_eda,high combined missingness,71.73922233676193,65.83579517479075,5.90342716197118,601,408.0,False,False,70.931495698306,611,70.931495698306,high_missing
cc_recent_24m_high_utilization_80plus_ratio_mean,ratio_rate_numeric,feature,P2_missingness_review,route_to_ratio_rate_eda; consider_missingness_logic_later,ratio_rate_eda,high combined missingness,71.73922233676193,65.83579517479075,5.90342716197118,1088,685.0,False,False,70.931495698306,1120,70.931495698306,high_missing
cc_recent_24m_high_utilization_80plus_ratio_max,ratio_rate_numeric,feature,P2_missingness_review,route_to_ratio_rate_eda; consider_missingness_logic_later,ratio_rate_eda,high combined missingness,71.73922233676193,65.83579517479075,5.90342716197118,1066,674.0,False,False,70.931495698306,1088,70.931495698306,high_missing
cc_recent_24m_high_utilization_80plus_ratio_min,ratio_rate_numeric,feature,P2_missingness_review,route_to_ratio_rate_eda; consider_missingness_logic_later,ratio_rate_eda,high combined missingness,71.73922233676193,65.83579517479075,5.90342716197118,1066,674.0,False,False,70.931495698306,1088,70.931495698306,high_missing
cc_recent_6m_payment_less_than_min_ratio_mean,ratio_rate_numeric,feature,P2_missingness_review,route_to_ratio_rate_eda; consider_missingness_logic_later,ratio_rate_eda,high combined missingness,71.73922233676193,65.83579517479075,5.90342716197118,198,134.0,False,False,70.931495698306,203,70.931495698306,high_missing
cc_recent_6m_payment_less_than_min_ratio_max,ratio_rate_numeric,feature,P2_missingness_review,route_to_ratio_rate_eda; consider_missingness_logic_later,ratio_rate_eda,high combined missingness,71.73922233676193,65.83579517479075,5.90342716197118,196,134.0,False,False,70.931495698306,201,70.931495698306,high_missing
cc_recent_6m_payment_less_than_min_ratio_min,ratio_rate_numeric,feature,P2_missingness_review,route_to_ratio_rate_eda; consider_missingness_logic_later,ratio_rate_eda,high combined missingness,71.73922233676193,65.83579517479075,5.90342716197118,195,134.0,False,False,70.931495698306,200,70.931495698306,high_missing
cc_recent_12m_payment_less_than_min_ratio_mean,ratio_rate_numeric,feature,P2_missingness_review,route_to_ratio_rate_eda; consider_missingness_logic_later,ratio_rate_eda,high combined missingness,71.73922233676193,65.83579517479075,5.90342716197118,301,201.0,False,False,70.931495698306,310,70.931495698306,high_missing
cc_recent_12m_payment_less_than_min_ratio_max,ratio_rate_numeric,feature,P2_missingness_review,route_to_ratio_rate_eda; consider_missingness_logic_later,ratio_rate_eda,high combined missingness,71.73922233676193,65.83579517479075,5.90342716197118,297,198.0,False,False,70.931495698306,303,70.931495698306,high_missing
cc_recent_12m_payment_less_than_min_ratio_min,ratio_rate_numeric,feature,P2_missingness_review,route_to_ratio_rate_eda; consider_missingness_logic_later,ratio_rate_eda,high combined missingness,71.73922233676193,65.83579517479075,5.90342716197118,296,198.0,False,False,70.931495698306,302,70.931495698306,high_missing
cc_recent_24m_payment_less_than_min_ratio_mean,ratio_rate_numeric,feature,P2_missingness_review,route_to_ratio_rate_eda; consider_missingness_logic_later,ratio_rate_eda,high combined missingness,71.73922233676193,65.83579517479075,5.90342716197118,441,283.0,False,False,70.931495698306,457,70.931495698306,high_missing
cc_recent_24m_payment_less_than_min_ratio_max,ratio_rate_numeric,feature,P2_missingness_review,route_to_ratio_rate_eda; consider_missingness_logic_later,ratio_rate_eda,high combined missingness,71.73922233676193,65.83579517479075,5.90342716197118,429,276.0,False,False,70.931495698306,440,70.931495698306,high_missing
cc_recent_24m_payment_less_than_min_ratio_min,ratio_rate_numeric,feature,P2_missingness_review,route_to_ratio_rate_eda; consider_missingness_logic_later,ratio_rate_eda,high combined missingness,71.73922233676193,65.83579517479075,5.90342716197118,428,276.0,False,False,70.931495698306,439,70.931495698306,high_missing
cc_missing_payment_current_ratio_mean,ratio_rate_numeric,feature,P2_missingness_review,route_to_ratio_rate_eda; consider_missingness_logic_later,ratio_rate_eda,high combined missingness,71.73922233676193,65.83579517479075,5.90342716197118,599,424.0,False,False,70.931495698306,683,70.931495698306,high_missing
cc_missing_payment_current_ratio_max,ratio_rate_numeric,feature,P2_missingness_review,route_to_ratio_rate_eda; consider_missingness_logic_later,ratio_rate_eda,high combined missingness,71.73922233676193,65.83579517479075,5.90342716197118,552,395.0,False,False,70.931495698306,617,70.931495698306,high_missing
cc_missing_payment_current_ratio_min,ratio_rate_numeric,feature,P2_missingness_review,route_to_ratio_rate_eda; consider_missingness_logic_later,ratio_rate_eda,high combined missingness,71.73922233676193,65.83579517479075,5.90342716197118,551,396.0,False,False,70.931495698306,616,70.931495698306,high_missing
cc_missing_min_instalment_ratio_mean,ratio_rate_numeric,feature,P2_missingness_review,route_to_ratio_rate_eda; consider_missingness_logic_later,ratio_rate_eda,high combined missingness,71.73922233676193,65.83579517479075,5.90342716197118,1057,487.0,False,False,70.931495698306,1135,70.931495698306,high_missing
cc_missing_min_instalment_ratio_max,ratio_rate_numeric,feature,P2_missingness_review,route_to_ratio_rate_eda; consider_missingness_logic_later,ratio_rate_eda,high combined missingness,71.73922233676193,65.83579517479075,5.90342716197118,996,458.0,False,False,70.931495698306,1061,70.931495698306,high_missing
cc_missing_min_instalment_ratio_min,ratio_rate_numeric,feature,P2_missingness_review,route_to_ratio_rate_eda; consider_missingness_logic_later,ratio_rate_eda,high combined missingness,71.73922233676193,65.83579517479075,5.90342716197118,996,457.0,False,False,70.931495698306,1061,70.931495698306,high_missing
cc_missing_credit_limit_ratio_mean,ratio_rate_numeric,feature,P2_missingness_review,route_to_ratio_rate_eda; consider_missingness_logic_later,ratio_rate_eda,high combined missingness,71.73922233676193,65.83579517479075,5.90342716197118,1,1.0,False,False,70.931495698306,1,70.931495698306,high_missing
cc_missing_credit_limit_ratio_max,ratio_rate_numeric,feature,P2_missingness_review,route_to_ratio_rate_eda; consider_missingness_logic_later,ratio_rate_eda,high combined missingness,71.73922233676193,65.83579517479075,5.90342716197118,1,1.0,False,False,70.931495698306,1,70.931495698306,high_missing
cc_missing_credit_limit_ratio_min,ratio_rate_numeric,feature,P2_missingness_review,route_to_ratio_rate_eda; consider_missingness_logic_later,ratio_rate_eda,high combined missingness,71.73922233676193,65.83579517479075,5.90342716197118,1,1.0,False,False,70.931495698306,1,70.931495698306,high_missing
cc_latest_payment_to_balance_ratio_mean,ratio_rate_numeric,feature,P1_missingness_review,route_to_ratio_rate_eda; also missingness_review,ratio_rate_eda,extreme combined missingness,90.03450283079304,88.71861152141803,1.315891309375019,28048,5087.0,False,False,89.85445818304304,33126,89.85445818304304,extreme_missing
cc_latest_payment_to_balance_ratio_max,ratio_rate_numeric,feature,P1_missingness_review,route_to_ratio_rate_eda; also missingness_review,ratio_rate_eda,extreme combined missingness,90.03450283079304,88.71861152141803,1.315891309375019,28048,5087.0,False,False,89.85445818304304,33126,89.85445818304304,extreme_missing
cc_latest_payment_to_balance_ratio_min,ratio_rate_numeric,feature,P1_missingness_review,route_to_ratio_rate_eda; also missingness_review,ratio_rate_eda,extreme combined missingness,90.03450283079304,88.71861152141803,1.315891309375019,28047,5087.0,False,False,89.85445818304304,33125,89.85445818304304,extreme_missing
cc_latest_payment_to_min_inst_ratio_mean,ratio_rate_numeric,feature,P1_missingness_review,route_to_ratio_rate_eda; also missingness_review,ratio_rate_eda,extreme combined missingness,90.06116854356429,88.82939438700149,1.231774156562807,24592,4581.0,False,False,89.89263308585143,28965,89.89263308585143,extreme_missing
cc_latest_payment_to_min_inst_ratio_max,ratio_rate_numeric,feature,P1_missingness_review,route_to_ratio_rate_eda; also missingness_review,ratio_rate_eda,extreme combined missingness,90.06116854356429,88.82939438700149,1.231774156562807,24591,4581.0,False,False,89.89263308585143,28964,89.89263308585143,extreme_missing
cc_latest_payment_to_min_inst_ratio_min,ratio_rate_numeric,feature,P1_missingness_review,route_to_ratio_rate_eda; also missingness_review,ratio_rate_eda,extreme combined missingness,90.06116854356429,88.82939438700149,1.231774156562807,24591,4581.0,False,False,89.89263308585143,28964,89.89263308585143,extreme_missing
cc_month_min_mean,date_duration_numeric,feature,P2_missingness_review,route_to_date_duration_eda; consider_missingness_logic_later,date_duration_eda,high combined missingness,71.73922233676193,65.83579517479075,5.90342716197118,152,137.0,False,False,70.931495698306,157,70.931495698306,high_missing
cc_month_min_max,date_duration_numeric,feature,P2_missingness_review,route_to_date_duration_eda; consider_missingness_logic_later,date_duration_eda,high combined missingness,71.73922233676193,65.83579517479075,5.90342716197118,96,96.0,False,False,70.931495698306,96,70.931495698306,high_missing
cc_month_min_min,date_duration_numeric,feature,P2_missingness_review,route_to_date_duration_eda; consider_missingness_logic_later,date_duration_eda,high combined missingness,71.73922233676193,65.83579517479075,5.90342716197118,96,96.0,False,False,70.931495698306,96,70.931495698306,high_missing
cc_month_min_sum,date_duration_numeric,feature,P2_missingness_review,route_to_date_duration_eda; consider_missingness_logic_later,date_duration_eda,high combined missingness,71.73922233676193,65.83579517479075,5.90342716197118,128,123.0,False,False,70.931495698306,131,70.931495698306,high_missing
cc_month_max_mean,date_duration_numeric,feature,P2_missingness_review,route_to_date_duration_eda; consider_missingness_logic_later,date_duration_eda,high combined missingness,71.73922233676193,65.83579517479075,5.90342716197118,5,6.0,False,False,70.931495698306,7,70.931495698306,high_missing
cc_month_max_max,date_duration_numeric,feature,P2_missingness_review,route_to_date_duration_eda; consider_missingness_logic_later,date_duration_eda,high combined missingness,71.73922233676193,65.83579517479075,5.90342716197118,5,6.0,False,False,70.931495698306,7,70.931495698306,high_missing
cc_month_max_min,date_duration_numeric,feature,P2_missingness_review,route_to_date_duration_eda; consider_missingness_logic_later,date_duration_eda,high combined missingness,71.73922233676193,65.83579517479075,5.90342716197118,5,6.0,False,False,70.931495698306,7,70.931495698306,high_missing
cc_month_max_sum,date_duration_numeric,feature,P2_missingness_review,route_to_date_duration_eda; consider_missingness_logic_later,date_duration_eda,high combined missingness,71.73922233676193,65.83579517479075,5.90342716197118,7,9.0,False,False,70.931495698306,10,70.931495698306,high_missing
cc_month_mean_mean,date_duration_numeric,feature,P2_missingness_review,route_to_date_duration_eda; consider_missingness_logic_later,date_duration_eda,high combined missingness,71.73922233676193,65.83579517479075,5.90342716197118,166,141.0,False,False,70.931495698306,173,70.931495698306,high_missing
cc_month_mean_max,date_duration_numeric,feature,P2_missingness_review,route_to_date_duration_eda; consider_missingness_logic_later,date_duration_eda,high combined missingness,71.73922233676193,65.83579517479075,5.90342716197118,108,101.0,False,False,70.931495698306,110,70.931495698306,high_missing
cc_month_mean_min,date_duration_numeric,feature,P2_missingness_review,route_to_date_duration_eda; consider_missingness_logic_later,date_duration_eda,high combined missingness,71.73922233676193,65.83579517479075,5.90342716197118,110,102.0,False,False,70.931495698306,113,70.931495698306,high_missing
cc_month_mean_sum,date_duration_numeric,feature,P2_missingness_review,route_to_date_duration_eda; consider_missingness_logic_later,date_duration_eda,high combined missingness,71.73922233676193,65.83579517479075,5.90342716197118,141,125.0,False,False,70.931495698306,146,70.931495698306,high_missing
cc_month_span_mean_y,date_duration_numeric,feature,P2_missingness_review,route_to_date_duration_eda; consider_missingness_logic_later,date_duration_eda,high combined missingness,71.73922233676193,65.83579517479075,5.90342716197118,149,137.0,False,False,70.931495698306,156,70.931495698306,high_missing
cc_month_span_max_y,date_duration_numeric,feature,P2_missingness_review,route_to_date_duration_eda; consider_missingness_logic_later,date_duration_eda,high combined missingness,71.73922233676193,65.83579517479075,5.90342716197118,96,96.0,False,False,70.931495698306,96,70.931495698306,high_missing
cc_month_span_min,date_duration_numeric,feature,P2_missingness_review,route_to_date_duration_eda; consider_missingness_logic_later,date_duration_eda,high combined missingness,71.73922233676193,65.83579517479075,5.90342716197118,96,96.0,False,False,70.931495698306,96,70.931495698306,high_missing
cc_month_span_sum,date_duration_numeric,feature,P2_missingness_review,route_to_date_duration_eda; consider_missingness_logic_later,date_duration_eda,high combined missingness,71.73922233676193,65.83579517479075,5.90342716197118,127,120.0,False,False,70.931495698306,131,70.931495698306,high_missing
cc_balance_sum_mean,continuous_amount_numeric,feature,P2_missingness_review,route_to_continuous_numeric_eda; consider_missingness_logic_later,continuous_numeric_eda,high combined missingness,71.73922233676193,65.83579517479075,5.90342716197118,58803,10607.0,False,False,70.931495698306,69073,70.931495698306,high_missing
cc_balance_sum_max,continuous_amount_numeric,feature,P2_missingness_review,route_to_continuous_numeric_eda; consider_missingness_logic_later,continuous_numeric_eda,high combined missingness,71.73922233676193,65.83579517479075,5.90342716197118,58788,10606.0,False,False,70.931495698306,69036,70.931495698306,high_missing
cc_balance_sum_min,continuous_amount_numeric,feature,P2_missingness_review,route_to_continuous_numeric_eda; consider_missingness_logic_later,continuous_numeric_eda,high combined missingness,71.73922233676193,65.83579517479075,5.90342716197118,58554,10520.0,False,False,70.931495698306,68732,70.931495698306,high_missing
cc_balance_sum_sum,continuous_amount_numeric,feature,P2_missingness_review,route_to_continuous_numeric_eda; consider_missingness_logic_later,continuous_numeric_eda,high combined missingness,71.73922233676193,65.83579517479075,5.90342716197118,58793,10607.0,False,False,70.931495698306,69053,70.931495698306,high_missing
cc_balance_mean_mean,continuous_amount_numeric,feature,P2_missingness_review,route_to_continuous_numeric_eda; consider_missingness_logic_later,continuous_numeric_eda,high combined missingness,71.73922233676193,65.83579517479075,5.90342716197118,59425,10626.0,False,False,70.931495698306,70025,70.931495698306,high_missing
cc_balance_mean_max,continuous_amount_numeric,feature,P2_missingness_review,route_to_continuous_numeric_eda; consider_missingness_logic_later,continuous_numeric_eda,high combined missingness,71.73922233676193,65.83579517479075,5.90342716197118,59424,10626.0,False,False,70.931495698306,70024,70.931495698306,high_missing
cc_balance_mean_min,continuous_amount_numeric,feature,P2_missingness_review,route_to_continuous_numeric_eda; consider_missingness_logic_later,continuous_numeric_eda,high combined missingness,71.73922233676193,65.83579517479075,5.90342716197118,59179,10539.0,False,False,70.931495698306,69695,70.931495698306,high_missing
cc_balance_mean_sum,continuous_amount_numeric,feature,P2_missingness_review,route_to_continuous_numeric_eda; consider_missingness_logic_later,continuous_numeric_eda,high combined missingness,71.73922233676193,65.83579517479075,5.90342716197118,59425,10626.0,False,False,70.931495698306,70026,70.931495698306,high_missing
cc_balance_max_mean,continuous_amount_numeric,feature,P2_missingness_review,route_to_continuous_numeric_eda; consider_missingness_logic_later,continuous_numeric_eda,high combined missingness,71.73922233676193,65.83579517479075,5.90342716197118,56755,10443.0,False,False,70.931495698306,66430,70.931495698306,high_missing
cc_balance_max_max,continuous_amount_numeric,feature,P2_missingness_review,route_to_continuous_numeric_eda; consider_missingness_logic_later,continuous_numeric_eda,high combined missingness,71.73922233676193,65.83579517479075,5.90342716197118,56722,10438.0,False,False,70.931495698306,66374,70.931495698306,high_missing
cc_balance_max_min,continuous_amount_numeric,feature,P2_missingness_review,route_to_continuous_numeric_eda; consider_missingness_logic_later,continuous_numeric_eda,high combined missingness,71.73922233676193,65.83579517479075,5.90342716197118,56498,10354.0,False,False,70.931495698306,66075,70.931495698306,high_missing
cc_balance_max_sum,continuous_amount_numeric,feature,P2_missingness_review,route_to_continuous_numeric_eda; consider_missingness_logic_later,continuous_numeric_eda,high combined missingness,71.73922233676193,65.83579517479075,5.90342716197118,56737,10441.0,False,False,70.931495698306,66403,70.931495698306,high_missing
cc_balance_min_mean,continuous_amount_numeric,feature,P2_missingness_review,route_to_continuous_numeric_eda; consider_missingness_logic_later,continuous_numeric_eda,high combined missingness,71.73922233676193,65.83579517479075,5.90342716197118,11702,1935.0,False,False,70.931495698306,13457,70.931495698306,high_missing
cc_balance_min_max,continuous_amount_numeric,feature,P2_missingness_review,route_to_continuous_numeric_eda; consider_missingness_logic_later,continuous_numeric_eda,high combined missingness,71.73922233676193,65.83579517479075,5.90342716197118,11689,1929.0,False,False,70.931495698306,13442,70.931495698306,high_missing
cc_balance_min_min,continuous_amount_numeric,feature,P2_missingness_review,route_to_continuous_numeric_eda; consider_missingness_logic_later,continuous_numeric_eda,high combined missingness,71.73922233676193,65.83579517479075,5.90342716197118,11608,1888.0,False,False,70.931495698306,13320,70.931495698306,high_missing
cc_balance_min_sum,continuous_amount_numeric,feature,P2_missingness_review,route_to_continuous_numeric_eda; consider_missingness_logic_later,continuous_numeric_eda,high combined missingness,71.73922233676193,65.83579517479075,5.90342716197118,11692,1930.0,False,False,70.931495698306,13445,70.931495698306,high_missing
cc_balance_std_mean,continuous_stat_numeric,feature,P2_missingness_review,route_to_continuous_numeric_eda; consider_missingness_logic_later,continuous_numeric_eda,high combined missingness,71.94474344007207,65.95888724766125,5.985856192410822,59288,10619.0,False,False,71.12573858612511,69881,71.12573858612511,high_missing
cc_balance_std_max,continuous_stat_numeric,feature,P2_missingness_review,route_to_continuous_numeric_eda; consider_missingness_logic_later,continuous_numeric_eda,high combined missingness,71.94474344007207,65.95888724766125,5.985856192410822,59289,10619.0,False,False,71.12573858612511,69884,71.12573858612511,high_missing
cc_balance_std_min,continuous_stat_numeric,feature,P2_missingness_review,route_to_continuous_numeric_eda; consider_missingness_logic_later,continuous_numeric_eda,high combined missingness,71.94474344007207,65.95888724766125,5.985856192410822,59060,10535.0,False,False,71.12573858612511,69571,71.12573858612511,high_missing
cc_balance_std_sum,continuous_stat_numeric,feature,P2_missingness_review,route_to_continuous_numeric_eda; consider_missingness_logic_later,continuous_numeric_eda,high combined missingness,71.73922233676193,65.83579517479075,5.90342716197118,59289,10619.0,False,False,70.931495698306,69884,70.931495698306,high_missing
cc_credit_limit_mean_mean,continuous_amount_numeric,feature,P2_missingness_review,route_to_continuous_numeric_eda; consider_missingness_logic_later,continuous_numeric_eda,high combined missingness,71.73922233676193,65.83579517479075,5.90342716197118,11181,4300.0,False,False,70.931495698306,12888,70.931495698306,high_missing
cc_credit_limit_mean_max,continuous_amount_numeric,feature,P2_missingness_review,route_to_continuous_numeric_eda; consider_missingness_logic_later,continuous_numeric_eda,high combined missingness,71.73922233676193,65.83579517479075,5.90342716197118,11046,4220.0,False,False,70.931495698306,12692,70.931495698306,high_missing
cc_credit_limit_mean_min,continuous_amount_numeric,feature,P2_missingness_review,route_to_continuous_numeric_eda; consider_missingness_logic_later,continuous_numeric_eda,high combined missingness,71.73922233676193,65.83579517479075,5.90342716197118,11043,4223.0,False,False,70.931495698306,12695,70.931495698306,high_missing
cc_credit_limit_mean_sum,continuous_amount_numeric,feature,P2_missingness_review,route_to_continuous_numeric_eda; consider_missingness_logic_later,continuous_numeric_eda,high combined missingness,71.73922233676193,65.83579517479075,5.90342716197118,11194,4304.0,False,False,70.931495698306,12898,70.931495698306,high_missing
cc_credit_limit_max_mean,continuous_amount_numeric,feature,P2_missingness_review,route_to_continuous_numeric_eda; consider_missingness_logic_later,continuous_numeric_eda,high combined missingness,71.73922233676193,65.83579517479075,5.90342716197118,88,80.0,False,False,70.931495698306,99,70.931495698306,high_missing
cc_credit_limit_max_max,continuous_amount_numeric,feature,P2_missingness_review,route_to_continuous_numeric_eda; consider_missingness_logic_later,continuous_numeric_eda,high combined missingness,71.73922233676193,65.83579517479075,5.90342716197118,54,49.0,False,False,70.931495698306,54,70.931495698306,high_missing
cc_credit_limit_max_min,continuous_amount_numeric,feature,P2_missingness_review,route_to_continuous_numeric_eda; consider_missingness_logic_later,continuous_numeric_eda,high combined missingness,71.73922233676193,65.83579517479075,5.90342716197118,54,49.0,False,False,70.931495698306,54,70.931495698306,high_missing
cc_credit_limit_max_sum,continuous_amount_numeric,feature,P2_missingness_review,route_to_continuous_numeric_eda; consider_missingness_logic_later,continuous_numeric_eda,high combined missingness,71.73922233676193,65.83579517479075,5.90342716197118,77,71.0,False,False,70.931495698306,86,70.931495698306,high_missing
cc_credit_limit_min_mean,continuous_amount_numeric,feature,P2_missingness_review,route_to_continuous_numeric_eda; consider_missingness_logic_later,continuous_numeric_eda,high combined missingness,71.73922233676193,65.83579517479075,5.90342716197118,190,193.0,False,False,70.931495698306,223,70.931495698306,high_missing
cc_credit_limit_min_max,continuous_amount_numeric,feature,P2_missingness_review,route_to_continuous_numeric_eda; consider_missingness_logic_later,continuous_numeric_eda,high combined missingness,71.73922233676193,65.83579517479075,5.90342716197118,161,165.0,False,False,70.931495698306,180,70.931495698306,high_missing
cc_credit_limit_min_min,continuous_amount_numeric,feature,P2_missingness_review,route_to_continuous_numeric_eda; consider_missingness_logic_later,continuous_numeric_eda,high combined missingness,71.73922233676193,65.83579517479075,5.90342716197118,161,165.0,False,False,70.931495698306,180,70.931495698306,high_missing
cc_credit_limit_min_sum,continuous_amount_numeric,feature,P2_missingness_review,route_to_continuous_numeric_eda; consider_missingness_logic_later,continuous_numeric_eda,high combined missingness,71.73922233676193,65.83579517479075,5.90342716197118,171,172.0,False,False,70.931495698306,192,70.931495698306,high_missing
cc_credit_limit_std_mean,continuous_stat_numeric,feature,P2_missingness_review,route_to_continuous_numeric_eda; consider_missingness_logic_later,continuous_numeric_eda,high combined missingness,71.94474344007207,65.95888724766125,5.985856192410822,15851,5359.0,False,False,71.12573858612511,18924,71.12573858612511,high_missing
cc_credit_limit_std_max,continuous_stat_numeric,feature,P2_missingness_review,route_to_continuous_numeric_eda; consider_missingness_logic_later,continuous_numeric_eda,high combined missingness,71.94474344007207,65.95888724766125,5.985856192410822,15727,5318.0,False,False,71.12573858612511,18750,71.12573858612511,high_missing
cc_credit_limit_std_min,continuous_stat_numeric,feature,P2_missingness_review,route_to_continuous_numeric_eda; consider_missingness_logic_later,continuous_numeric_eda,high combined missingness,71.94474344007207,65.95888724766125,5.985856192410822,15668,5267.0,False,False,71.12573858612511,18677,71.12573858612511,high_missing
cc_credit_limit_std_sum,continuous_stat_numeric,feature,P2_missingness_review,route_to_continuous_numeric_eda; consider_missingness_logic_later,continuous_numeric_eda,high combined missingness,71.73922233676193,65.83579517479075,5.90342716197118,15792,5341.0,False,False,70.931495698306,18844,70.931495698306,high_missing
cc_drawing_amount_sum_mean,continuous_amount_numeric,feature,P2_missingness_review,route_to_continuous_numeric_eda; consider_missingness_logic_later,continuous_numeric_eda,high combined missingness,71.73922233676193,65.83579517479075,5.90342716197118,40385,8412.0,False,False,70.931495698306,47391,70.931495698306,high_missing
cc_drawing_amount_sum_max,continuous_amount_numeric,feature,P2_missingness_review,route_to_continuous_numeric_eda; consider_missingness_logic_later,continuous_numeric_eda,high combined missingness,71.73922233676193,65.83579517479075,5.90342716197118,40329,8393.0,False,False,70.931495698306,47311,70.931495698306,high_missing
cc_drawing_amount_sum_min,continuous_amount_numeric,feature,P2_missingness_review,route_to_continuous_numeric_eda; consider_missingness_logic_later,continuous_numeric_eda,high combined missingness,71.73922233676193,65.83579517479075,5.90342716197118,40150,8327.0,False,False,70.931495698306,47079,70.931495698306,high_missing
cc_drawing_amount_sum_sum,continuous_amount_numeric,feature,P2_missingness_review,route_to_continuous_numeric_eda; consider_missingness_logic_later,continuous_numeric_eda,high combined missingness,71.73922233676193,65.83579517479075,5.90342716197118,40372,8403.0,False,False,70.931495698306,47373,70.931495698306,high_missing
cc_drawing_amount_mean_mean,continuous_amount_numeric,feature,P2_missingness_review,route_to_continuous_numeric_eda; consider_missingness_logic_later,continuous_numeric_eda,high combined missingness,71.73922233676193,65.83579517479075,5.90342716197118,49059,9570.0,False,False,70.931495698306,57363,70.931495698306,high_missing
cc_drawing_amount_mean_max,continuous_amount_numeric,feature,P2_missingness_review,route_to_continuous_numeric_eda; consider_missingness_logic_later,continuous_numeric_eda,high combined missingness,71.73922233676193,65.83579517479075,5.90342716197118,49003,9566.0,False,False,70.931495698306,57296,70.931495698306,high_missing
cc_drawing_amount_mean_min,continuous_amount_numeric,feature,P2_missingness_review,route_to_continuous_numeric_eda; consider_missingness_logic_later,continuous_numeric_eda,high combined missingness,71.73922233676193,65.83579517479075,5.90342716197118,48802,9482.0,False,False,70.931495698306,57020,70.931495698306,high_missing
cc_drawing_amount_mean_sum,continuous_amount_numeric,feature,P2_missingness_review,route_to_continuous_numeric_eda; consider_missingness_logic_later,continuous_numeric_eda,high combined missingness,71.73922233676193,65.83579517479075,5.90342716197118,49038,9573.0,False,False,70.931495698306,57341,70.931495698306,high_missing
cc_drawing_amount_max_mean,continuous_amount_numeric,feature,P2_missingness_review,route_to_continuous_numeric_eda; consider_missingness_logic_later,continuous_numeric_eda,high combined missingness,71.73922233676193,65.83579517479075,5.90342716197118,24190,5272.0,False,False,70.931495698306,28436,70.931495698306,high_missing
cc_drawing_amount_max_max,continuous_amount_numeric,feature,P2_missingness_review,route_to_continuous_numeric_eda; consider_missingness_logic_later,continuous_numeric_eda,high combined missingness,71.73922233676193,65.83579517479075,5.90342716197118,24117,5249.0,False,False,70.931495698306,28333,70.931495698306,high_missing
cc_drawing_amount_max_min,continuous_amount_numeric,feature,P2_missingness_review,route_to_continuous_numeric_eda; consider_missingness_logic_later,continuous_numeric_eda,high combined missingness,71.73922233676193,65.83579517479075,5.90342716197118,24019,5212.0,False,False,70.931495698306,28198,70.931495698306,high_missing
cc_drawing_amount_max_sum,continuous_amount_numeric,feature,P2_missingness_review,route_to_continuous_numeric_eda; consider_missingness_logic_later,continuous_numeric_eda,high combined missingness,71.73922233676193,65.83579517479075,5.90342716197118,24167,5264.0,False,False,70.931495698306,28400,70.931495698306,high_missing
cc_drawing_amount_min_mean,continuous_amount_numeric,feature,P2_missingness_review,route_to_continuous_numeric_eda; consider_missingness_logic_later,continuous_numeric_eda,high combined missingness,71.73922233676193,65.83579517479075,5.90342716197118,2106,366.0,False,False,70.931495698306,2413,70.931495698306,high_missing
cc_drawing_amount_min_max,continuous_amount_numeric,feature,P2_missingness_review,route_to_continuous_numeric_eda; consider_missingness_logic_later,continuous_numeric_eda,high combined missingness,71.73922233676193,65.83579517479075,5.90342716197118,2107,366.0,False,False,70.931495698306,2414,70.931495698306,high_missing
cc_drawing_amount_min_min,continuous_amount_numeric,feature,P2_missingness_review,route_to_continuous_numeric_eda; consider_missingness_logic_later,continuous_numeric_eda,high combined missingness,71.73922233676193,65.83579517479075,5.90342716197118,2066,354.0,False,False,70.931495698306,2363,70.931495698306,high_missing
cc_drawing_amount_min_sum,continuous_amount_numeric,feature,P2_missingness_review,route_to_continuous_numeric_eda; consider_missingness_logic_later,continuous_numeric_eda,high combined missingness,71.73922233676193,65.83579517479075,5.90342716197118,2107,366.0,False,False,70.931495698306,2414,70.931495698306,high_missing
cc_drawing_amount_std_mean,continuous_stat_numeric,feature,P2_missingness_review,route_to_continuous_numeric_eda; consider_missingness_logic_later,continuous_numeric_eda,high combined missingness,71.94474344007207,65.95888724766125,5.985856192410822,55209,10199.0,False,False,71.12573858612511,64906,71.12573858612511,high_missing
cc_drawing_amount_std_max,continuous_stat_numeric,feature,P2_missingness_review,route_to_continuous_numeric_eda; consider_missingness_logic_later,continuous_numeric_eda,high combined missingness,71.94474344007207,65.95888724766125,5.985856192410822,55186,10195.0,False,False,71.12573858612511,64875,71.12573858612511,high_missing
cc_drawing_amount_std_min,continuous_stat_numeric,feature,P2_missingness_review,route_to_continuous_numeric_eda; consider_missingness_logic_later,continuous_numeric_eda,high combined missingness,71.94474344007207,65.95888724766125,5.985856192410822,54979,10117.0,False,False,71.12573858612511,64597,71.12573858612511,high_missing
cc_drawing_amount_std_sum,continuous_stat_numeric,feature,P2_missingness_review,route_to_continuous_numeric_eda; consider_missingness_logic_later,continuous_numeric_eda,high combined missingness,71.73922233676193,65.83579517479075,5.90342716197118,55208,10201.0,False,False,70.931495698306,64907,70.931495698306,high_missing
cc_atm_drawing_amount_sum_mean,continuous_amount_numeric,feature,P2_missingness_review,route_to_continuous_numeric_eda; consider_missingness_logic_later,continuous_numeric_eda,high combined missingness,71.73922233676193,65.83579517479075,5.90342716197118,5058,2215.0,False,False,70.931495698306,5403,70.931495698306,high_missing
cc_atm_drawing_amount_sum_max,continuous_amount_numeric,feature,P2_missingness_review,route_to_continuous_numeric_eda; consider_missingness_logic_later,continuous_numeric_eda,high combined missingness,71.73922233676193,65.83579517479075,5.90342716197118,5008,2180.0,False,False,70.931495698306,5335,70.931495698306,high_missing
cc_atm_drawing_amount_sum_min,continuous_amount_numeric,feature,P2_missingness_review,route_to_continuous_numeric_eda; consider_missingness_logic_later,continuous_numeric_eda,high combined missingness,71.73922233676193,65.83579517479075,5.90342716197118,4997,2166.0,False,False,70.931495698306,5324,70.931495698306,high_missing
cc_atm_drawing_amount_sum_sum,continuous_amount_numeric,feature,P2_missingness_review,route_to_continuous_numeric_eda; consider_missingness_logic_later,continuous_numeric_eda,high combined missingness,71.73922233676193,65.83579517479075,5.90342716197118,5016,2187.0,False,False,70.931495698306,5347,70.931495698306,high_missing
cc_atm_drawing_amount_mean_mean,continuous_amount_numeric,feature,P1_missingness_review,route_to_continuous_numeric_eda; also missingness_review,continuous_numeric_eda,high combined missingness,80.11778440446032,77.3223371081569,2.795447296303422,22426,5497.0,False,False,79.73530196067424,24827,79.73530196067424,high_missing
cc_atm_drawing_amount_mean_max,continuous_amount_numeric,feature,P1_missingness_review,route_to_continuous_numeric_eda; also missingness_review,continuous_numeric_eda,high combined missingness,80.11778440446032,77.3223371081569,2.795447296303422,22319,5473.0,False,False,79.73530196067424,24687,79.73530196067424,high_missing
cc_atm_drawing_amount_mean_min,continuous_amount_numeric,feature,P1_missingness_review,route_to_continuous_numeric_eda; also missingness_review,continuous_numeric_eda,high combined missingness,80.11778440446032,77.3223371081569,2.795447296303422,22322,5463.0,False,False,79.73530196067424,24685,79.73530196067424,high_missing
cc_atm_drawing_amount_mean_sum,continuous_amount_numeric,feature,P2_missingness_review,route_to_continuous_numeric_eda; consider_missingness_logic_later,continuous_numeric_eda,high combined missingness,71.73922233676193,65.83579517479075,5.90342716197118,22416,5497.0,False,False,70.931495698306,24817,70.931495698306,high_missing
cc_atm_drawing_amount_max_mean,continuous_amount_numeric,feature,P1_missingness_review,route_to_continuous_numeric_eda; also missingness_review,continuous_numeric_eda,high combined missingness,80.11778440446032,77.3223371081569,2.795447296303422,1326,630.0,False,False,79.73530196067424,1403,79.73530196067424,high_missing
cc_atm_drawing_amount_max_max,continuous_amount_numeric,feature,P1_missingness_review,route_to_continuous_numeric_eda; also missingness_review,continuous_numeric_eda,high combined missingness,80.11778440446032,77.3223371081569,2.795447296303422,1305,614.0,False,False,79.73530196067424,1370,79.73530196067424,high_missing
cc_atm_drawing_amount_max_min,continuous_amount_numeric,feature,P1_missingness_review,route_to_continuous_numeric_eda; also missingness_review,continuous_numeric_eda,high combined missingness,80.11778440446032,77.3223371081569,2.795447296303422,1304,611.0,False,False,79.73530196067424,1367,79.73530196067424,high_missing
cc_atm_drawing_amount_max_sum,continuous_amount_numeric,feature,P2_missingness_review,route_to_continuous_numeric_eda; consider_missingness_logic_later,continuous_numeric_eda,high combined missingness,71.73922233676193,65.83579517479075,5.90342716197118,1309,622.0,False,False,70.931495698306,1378,70.931495698306,high_missing
cc_pos_drawing_amount_sum_mean,continuous_amount_numeric,feature,P2_missingness_review,route_to_continuous_numeric_eda; consider_missingness_logic_later,continuous_numeric_eda,high combined missingness,71.73922233676193,65.83579517479075,5.90342716197118,31676,6417.0,False,False,70.931495698306,37569,70.931495698306,high_missing
cc_pos_drawing_amount_sum_max,continuous_amount_numeric,feature,P2_missingness_review,route_to_continuous_numeric_eda; consider_missingness_logic_later,continuous_numeric_eda,high combined missingness,71.73922233676193,65.83579517479075,5.90342716197118,31658,6416.0,False,False,70.931495698306,37540,70.931495698306,high_missing
cc_pos_drawing_amount_sum_min,continuous_amount_numeric,feature,P2_missingness_review,route_to_continuous_numeric_eda; consider_missingness_logic_later,continuous_numeric_eda,high combined missingness,71.73922233676193,65.83579517479075,5.90342716197118,31460,6342.0,False,False,70.931495698306,37280,70.931495698306,high_missing
cc_pos_drawing_amount_sum_sum,continuous_amount_numeric,feature,P2_missingness_review,route_to_continuous_numeric_eda; consider_missingness_logic_later,continuous_numeric_eda,high combined missingness,71.73922233676193,65.83579517479075,5.90342716197118,31658,6416.0,False,False,70.931495698306,37551,70.931495698306,high_missing
cc_pos_drawing_amount_mean_mean,continuous_amount_numeric,feature,P1_missingness_review,route_to_continuous_numeric_eda; also missingness_review,continuous_numeric_eda,high combined missingness,80.11778440446032,77.3223371081569,2.795447296303422,33398,6579.0,False,False,79.73530196067424,39794,79.73530196067424,high_missing
cc_pos_drawing_amount_mean_max,continuous_amount_numeric,feature,P1_missingness_review,route_to_continuous_numeric_eda; also missingness_review,continuous_numeric_eda,high combined missingness,80.11778440446032,77.3223371081569,2.795447296303422,33399,6578.0,False,False,79.73530196067424,39795,79.73530196067424,high_missing
cc_pos_drawing_amount_mean_min,continuous_amount_numeric,feature,P1_missingness_review,route_to_continuous_numeric_eda; also missingness_review,continuous_numeric_eda,high combined missingness,80.11778440446032,77.3223371081569,2.795447296303422,33284,6536.0,False,False,79.73530196067424,39638,79.73530196067424,high_missing
cc_pos_drawing_amount_mean_sum,continuous_amount_numeric,feature,P2_missingness_review,route_to_continuous_numeric_eda; consider_missingness_logic_later,continuous_numeric_eda,high combined missingness,71.73922233676193,65.83579517479075,5.90342716197118,33401,6579.0,False,False,70.931495698306,39798,70.931495698306,high_missing
cc_pos_drawing_amount_max_mean,continuous_amount_numeric,feature,P1_missingness_review,route_to_continuous_numeric_eda; also missingness_review,continuous_numeric_eda,high combined missingness,80.11778440446032,77.3223371081569,2.795447296303422,28872,6125.0,False,False,79.73530196067424,33895,79.73530196067424,high_missing
cc_pos_drawing_amount_max_max,continuous_amount_numeric,feature,P1_missingness_review,route_to_continuous_numeric_eda; also missingness_review,continuous_numeric_eda,high combined missingness,80.11778440446032,77.3223371081569,2.795447296303422,28865,6124.0,False,False,79.73530196067424,33877,79.73530196067424,high_missing
cc_pos_drawing_amount_max_min,continuous_amount_numeric,feature,P1_missingness_review,route_to_continuous_numeric_eda; also missingness_review,continuous_numeric_eda,high combined missingness,80.11778440446032,77.3223371081569,2.795447296303422,28748,6080.0,False,False,79.73530196067424,33722,79.73530196067424,high_missing
cc_pos_drawing_amount_max_sum,continuous_amount_numeric,feature,P2_missingness_review,route_to_continuous_numeric_eda; consider_missingness_logic_later,continuous_numeric_eda,high combined missingness,71.73922233676193,65.83579517479075,5.90342716197118,28864,6125.0,False,False,70.931495698306,33887,70.931495698306,high_missing
cc_other_drawing_amount_sum_mean,continuous_amount_numeric,feature,P2_missingness_review,route_to_continuous_numeric_eda; consider_missingness_logic_later,continuous_numeric_eda,high combined missingness,71.73922233676193,65.83579517479075,5.90342716197118,2078,508.0,False,False,70.931495698306,2306,70.931495698306,high_missing
cc_other_drawing_amount_sum_max,continuous_amount_numeric,feature,P2_missingness_review,route_to_continuous_numeric_eda; consider_missingness_logic_later,continuous_numeric_eda,high combined missingness,71.73922233676193,65.83579517479075,5.90342716197118,2065,501.0,False,False,70.931495698306,2289,70.931495698306,high_missing
cc_other_drawing_amount_sum_min,continuous_amount_numeric,feature,P2_missingness_review,route_to_continuous_numeric_eda; consider_missingness_logic_later,continuous_numeric_eda,high combined missingness,71.73922233676193,65.83579517479075,5.90342716197118,2049,497.0,False,False,70.931495698306,2272,70.931495698306,high_missing
cc_other_drawing_amount_sum_sum,continuous_amount_numeric,feature,P2_missingness_review,route_to_continuous_numeric_eda; consider_missingness_logic_later,continuous_numeric_eda,high combined missingness,71.73922233676193,65.83579517479075,5.90342716197118,2066,501.0,False,False,70.931495698306,2290,70.931495698306,high_missing
cc_other_drawing_amount_mean_mean,continuous_amount_numeric,feature,P1_missingness_review,route_to_continuous_numeric_eda; also missingness_review,continuous_numeric_eda,high combined missingness,80.11778440446032,77.3223371081569,2.795447296303422,3913,722.0,False,False,79.73530196067424,4388,79.73530196067424,high_missing
cc_other_drawing_amount_mean_max,continuous_amount_numeric,feature,P1_missingness_review,route_to_continuous_numeric_eda; also missingness_review,continuous_numeric_eda,high combined missingness,80.11778440446032,77.3223371081569,2.795447296303422,3900,720.0,False,False,79.73530196067424,4374,79.73530196067424,high_missing
cc_other_drawing_amount_mean_min,continuous_amount_numeric,feature,P1_missingness_review,route_to_continuous_numeric_eda; also missingness_review,continuous_numeric_eda,high combined missingness,80.11778440446032,77.3223371081569,2.795447296303422,3885,714.0,False,False,79.73530196067424,4355,79.73530196067424,high_missing
cc_other_drawing_amount_mean_sum,continuous_amount_numeric,feature,P2_missingness_review,route_to_continuous_numeric_eda; consider_missingness_logic_later,continuous_numeric_eda,high combined missingness,71.73922233676193,65.83579517479075,5.90342716197118,3901,720.0,False,False,70.931495698306,4375,70.931495698306,high_missing
cc_other_drawing_amount_max_mean,continuous_amount_numeric,feature,P1_missingness_review,route_to_continuous_numeric_eda; also missingness_review,continuous_numeric_eda,high combined missingness,80.11778440446032,77.3223371081569,2.795447296303422,1354,388.0,False,False,79.73530196067424,1499,79.73530196067424,high_missing
cc_other_drawing_amount_max_max,continuous_amount_numeric,feature,P1_missingness_review,route_to_continuous_numeric_eda; also missingness_review,continuous_numeric_eda,high combined missingness,80.11778440446032,77.3223371081569,2.795447296303422,1339,385.0,False,False,79.73530196067424,1482,79.73530196067424,high_missing
cc_other_drawing_amount_max_min,continuous_amount_numeric,feature,P1_missingness_review,route_to_continuous_numeric_eda; also missingness_review,continuous_numeric_eda,high combined missingness,80.11778440446032,77.3223371081569,2.795447296303422,1336,384.0,False,False,79.73530196067424,1479,79.73530196067424,high_missing
cc_other_drawing_amount_max_sum,continuous_amount_numeric,feature,P2_missingness_review,route_to_continuous_numeric_eda; consider_missingness_logic_later,continuous_numeric_eda,high combined missingness,71.73922233676193,65.83579517479075,5.90342716197118,1342,385.0,False,False,70.931495698306,1485,70.931495698306,high_missing
cc_drawing_count_sum_mean,discrete_count_numeric,feature,P2_missingness_review,route_to_discrete_count_eda; consider_missingness_logic_later,discrete_count_eda,high combined missingness,71.73922233676193,65.83579517479075,5.90342716197118,614,406.0,False,False,70.931495698306,658,70.931495698306,high_missing
cc_drawing_count_sum_max,discrete_count_numeric,feature,P2_missingness_review,route_to_discrete_count_eda; consider_missingness_logic_later,discrete_count_eda,high combined missingness,71.73922233676193,65.83579517479075,5.90342716197118,548,372.0,False,False,70.931495698306,585,70.931495698306,high_missing
cc_drawing_count_sum_min,discrete_count_numeric,feature,P2_missingness_review,route_to_discrete_count_eda; consider_missingness_logic_later,discrete_count_eda,high combined missingness,71.73922233676193,65.83579517479075,5.90342716197118,546,372.0,False,False,70.931495698306,583,70.931495698306,high_missing
cc_drawing_count_sum_sum,discrete_count_numeric,feature,P2_missingness_review,route_to_discrete_count_eda; consider_missingness_logic_later,discrete_count_eda,high combined missingness,71.73922233676193,65.83579517479075,5.90342716197118,548,374.0,False,False,70.931495698306,585,70.931495698306,high_missing
cc_drawing_count_mean_mean,discrete_count_numeric,feature,P2_missingness_review,route_to_discrete_count_eda; consider_missingness_logic_later,discrete_count_eda,high combined missingness,71.73922233676193,65.83579517479075,5.90342716197118,6627,3093.0,False,False,70.931495698306,7173,70.931495698306,high_missing
cc_drawing_count_mean_max,discrete_count_numeric,feature,P2_missingness_review,route_to_discrete_count_eda; consider_missingness_logic_later,discrete_count_eda,high combined missingness,71.73922233676193,65.83579517479075,5.90342716197118,6413,3021.0,False,False,70.931495698306,6895,70.931495698306,high_missing
cc_drawing_count_mean_min,discrete_count_numeric,feature,P2_missingness_review,route_to_discrete_count_eda; consider_missingness_logic_later,discrete_count_eda,high combined missingness,71.73922233676193,65.83579517479075,5.90342716197118,6412,3015.0,False,False,70.931495698306,6891,70.931495698306,high_missing
cc_drawing_count_mean_sum,discrete_count_numeric,feature,P2_missingness_review,route_to_discrete_count_eda; consider_missingness_logic_later,discrete_count_eda,high combined missingness,71.73922233676193,65.83579517479075,5.90342716197118,6581,3070.0,False,False,70.931495698306,7111,70.931495698306,high_missing
cc_drawing_count_max_mean,discrete_count_numeric,feature,P2_missingness_review,route_to_discrete_count_eda; consider_missingness_logic_later,discrete_count_eda,high combined missingness,71.73922233676193,65.83579517479075,5.90342716197118,151,121.0,False,False,70.931495698306,156,70.931495698306,high_missing
cc_drawing_count_max_max,discrete_count_numeric,feature,P2_missingness_review,route_to_discrete_count_eda; consider_missingness_logic_later,discrete_count_eda,high combined missingness,71.73922233676193,65.83579517479075,5.90342716197118,119,100.0,False,False,70.931495698306,123,70.931495698306,high_missing
cc_drawing_count_max_min,discrete_count_numeric,feature,P2_missingness_review,route_to_discrete_count_eda; consider_missingness_logic_later,discrete_count_eda,high combined missingness,71.73922233676193,65.83579517479075,5.90342716197118,119,100.0,False,False,70.931495698306,123,70.931495698306,high_missing
cc_drawing_count_max_sum,discrete_count_numeric,feature,P2_missingness_review,route_to_discrete_count_eda; consider_missingness_logic_later,discrete_count_eda,high combined missingness,71.73922233676193,65.83579517479075,5.90342716197118,119,100.0,False,False,70.931495698306,123,70.931495698306,high_missing
cc_atm_drawing_count_sum_mean,discrete_count_numeric,feature,P2_missingness_review,route_to_discrete_count_eda; consider_missingness_logic_later,discrete_count_eda,high combined missingness,71.73922233676193,65.83579517479075,5.90342716197118,195,143.0,False,False,70.931495698306,204,70.931495698306,high_missing
cc_atm_drawing_count_sum_max,discrete_count_numeric,feature,P2_missingness_review,route_to_discrete_count_eda; consider_missingness_logic_later,discrete_count_eda,high combined missingness,71.73922233676193,65.83579517479075,5.90342716197118,163,120.0,False,False,70.931495698306,169,70.931495698306,high_missing
cc_atm_drawing_count_sum_min,discrete_count_numeric,feature,P2_missingness_review,route_to_discrete_count_eda; consider_missingness_logic_later,discrete_count_eda,high combined missingness,71.73922233676193,65.83579517479075,5.90342716197118,163,120.0,False,False,70.931495698306,169,70.931495698306,high_missing
cc_atm_drawing_count_sum_sum,discrete_count_numeric,feature,P2_missingness_review,route_to_discrete_count_eda; consider_missingness_logic_later,discrete_count_eda,high combined missingness,71.73922233676193,65.83579517479075,5.90342716197118,163,120.0,False,False,70.931495698306,169,70.931495698306,high_missing
cc_atm_drawing_count_mean_mean,discrete_count_numeric,feature,P1_missingness_review,route_to_discrete_count_eda; also missingness_review,discrete_count_eda,high combined missingness,80.11778440446032,77.3223371081569,2.795447296303422,3434,1692.0,False,False,79.73530196067424,3605,79.73530196067424,high_missing
cc_atm_drawing_count_mean_max,discrete_count_numeric,feature,P1_missingness_review,route_to_discrete_count_eda; also missingness_review,discrete_count_eda,high combined missingness,80.11778440446032,77.3223371081569,2.795447296303422,3310,1647.0,False,False,79.73530196067424,3442,79.73530196067424,high_missing
cc_atm_drawing_count_mean_min,discrete_count_numeric,feature,P1_missingness_review,route_to_discrete_count_eda; also missingness_review,discrete_count_eda,high combined missingness,80.11778440446032,77.3223371081569,2.795447296303422,3311,1648.0,False,False,79.73530196067424,3444,79.73530196067424,high_missing
cc_atm_drawing_count_mean_sum,discrete_count_numeric,feature,P2_missingness_review,route_to_discrete_count_eda; consider_missingness_logic_later,discrete_count_eda,high combined missingness,71.73922233676193,65.83579517479075,5.90342716197118,3416,1689.0,False,False,70.931495698306,3583,70.931495698306,high_missing
cc_atm_drawing_count_max_mean,discrete_count_numeric,feature,P1_missingness_review,route_to_discrete_count_eda; also missingness_review,discrete_count_eda,high combined missingness,80.11778440446032,77.3223371081569,2.795447296303422,54,45.0,False,False,79.73530196067424,55,79.73530196067424,high_missing
cc_atm_drawing_count_max_max,discrete_count_numeric,feature,P1_missingness_review,route_to_discrete_count_eda; also missingness_review,discrete_count_eda,high combined missingness,80.11778440446032,77.3223371081569,2.795447296303422,44,35.0,False,False,79.73530196067424,44,79.73530196067424,high_missing
cc_atm_drawing_count_max_min,discrete_count_numeric,feature,P1_missingness_review,route_to_discrete_count_eda; also missingness_review,discrete_count_eda,high combined missingness,80.11778440446032,77.3223371081569,2.795447296303422,44,35.0,False,False,79.73530196067424,44,79.73530196067424,high_missing
cc_atm_drawing_count_max_sum,discrete_count_numeric,feature,P2_missingness_review,route_to_discrete_count_eda; consider_missingness_logic_later,discrete_count_eda,high combined missingness,71.73922233676193,65.83579517479075,5.90342716197118,44,35.0,False,False,70.931495698306,44,70.931495698306,high_missing
cc_pos_drawing_count_sum_mean,discrete_count_numeric,feature,P2_missingness_review,route_to_discrete_count_eda; consider_missingness_logic_later,discrete_count_eda,high combined missingness,71.73922233676193,65.83579517479075,5.90342716197118,581,391.0,False,False,70.931495698306,638,70.931495698306,high_missing
cc_pos_drawing_count_sum_max,discrete_count_numeric,feature,P2_missingness_review,route_to_discrete_count_eda; consider_missingness_logic_later,discrete_count_eda,high combined missingness,71.73922233676193,65.83579517479075,5.90342716197118,532,362.0,False,False,70.931495698306,575,70.931495698306,high_missing
cc_pos_drawing_count_sum_min,discrete_count_numeric,feature,P2_missingness_review,route_to_discrete_count_eda; consider_missingness_logic_later,discrete_count_eda,high combined missingness,71.73922233676193,65.83579517479075,5.90342716197118,531,362.0,False,False,70.931495698306,574,70.931495698306,high_missing
cc_pos_drawing_count_sum_sum,discrete_count_numeric,feature,P2_missingness_review,route_to_discrete_count_eda; consider_missingness_logic_later,discrete_count_eda,high combined missingness,71.73922233676193,65.83579517479075,5.90342716197118,532,364.0,False,False,70.931495698306,575,70.931495698306,high_missing
cc_pos_drawing_count_mean_mean,discrete_count_numeric,feature,P1_missingness_review,route_to_discrete_count_eda; also missingness_review,discrete_count_eda,high combined missingness,80.11778440446032,77.3223371081569,2.795447296303422,4991,2211.0,False,False,79.73530196067424,5460,79.73530196067424,high_missing
cc_pos_drawing_count_mean_max,discrete_count_numeric,feature,P1_missingness_review,route_to_discrete_count_eda; also missingness_review,discrete_count_eda,high combined missingness,80.11778440446032,77.3223371081569,2.795447296303422,4936,2185.0,False,False,79.73530196067424,5380,79.73530196067424,high_missing
cc_pos_drawing_count_mean_min,discrete_count_numeric,feature,P1_missingness_review,route_to_discrete_count_eda; also missingness_review,discrete_count_eda,high combined missingness,80.11778440446032,77.3223371081569,2.795447296303422,4933,2186.0,False,False,79.73530196067424,5378,79.73530196067424,high_missing
cc_pos_drawing_count_mean_sum,discrete_count_numeric,feature,P2_missingness_review,route_to_discrete_count_eda; consider_missingness_logic_later,discrete_count_eda,high combined missingness,71.73922233676193,65.83579517479075,5.90342716197118,4988,2209.0,False,False,70.931495698306,5457,70.931495698306,high_missing
cc_pos_drawing_count_max_mean,discrete_count_numeric,feature,P1_missingness_review,route_to_discrete_count_eda; also missingness_review,discrete_count_eda,high combined missingness,80.11778440446032,77.3223371081569,2.795447296303422,151,115.0,False,False,79.73530196067424,158,79.73530196067424,high_missing
cc_pos_drawing_count_max_max,discrete_count_numeric,feature,P1_missingness_review,route_to_discrete_count_eda; also missingness_review,discrete_count_eda,high combined missingness,80.11778440446032,77.3223371081569,2.795447296303422,123,97.0,False,False,79.73530196067424,128,79.73530196067424,high_missing
cc_pos_drawing_count_max_min,discrete_count_numeric,feature,P1_missingness_review,route_to_discrete_count_eda; also missingness_review,discrete_count_eda,high combined missingness,80.11778440446032,77.3223371081569,2.795447296303422,123,97.0,False,False,79.73530196067424,128,79.73530196067424,high_missing
cc_pos_drawing_count_max_sum,discrete_count_numeric,feature,P2_missingness_review,route_to_discrete_count_eda; consider_missingness_logic_later,discrete_count_eda,high combined missingness,71.73922233676193,65.83579517479075,5.90342716197118,123,97.0,False,False,70.931495698306,128,70.931495698306,high_missing
cc_other_drawing_count_sum_mean,discrete_count_numeric,feature,P2_missingness_review,route_to_discrete_count_eda; consider_missingness_logic_later,discrete_count_eda,high combined missingness,71.73922233676193,65.83579517479075,5.90342716197118,36,19.0,False,False,70.931495698306,36,70.931495698306,high_missing
cc_other_drawing_count_sum_max,discrete_count_numeric,feature,P2_missingness_review,route_to_discrete_count_eda; consider_missingness_logic_later,discrete_count_eda,high combined missingness,71.73922233676193,65.83579517479075,5.90342716197118,31,17.0,False,False,70.931495698306,31,70.931495698306,high_missing
cc_other_drawing_count_sum_min,discrete_count_numeric,feature,P2_missingness_review,route_to_discrete_count_eda; consider_missingness_logic_later,discrete_count_eda,high combined missingness,71.73922233676193,65.83579517479075,5.90342716197118,31,17.0,False,False,70.931495698306,31,70.931495698306,high_missing
cc_other_drawing_count_sum_sum,discrete_count_numeric,feature,P2_missingness_review,route_to_discrete_count_eda; consider_missingness_logic_later,discrete_count_eda,high combined missingness,71.73922233676193,65.83579517479075,5.90342716197118,31,17.0,False,False,70.931495698306,31,70.931495698306,high_missing
cc_other_drawing_count_mean_mean,discrete_count_numeric,feature,P1_missingness_review,route_to_discrete_count_eda; also missingness_review,discrete_count_eda,high combined missingness,80.11778440446032,77.3223371081569,2.795447296303422,445,185.0,False,False,79.73530196067424,465,79.73530196067424,high_missing
cc_other_drawing_count_mean_max,discrete_count_numeric,feature,P1_missingness_review,route_to_discrete_count_eda; also missingness_review,discrete_count_eda,high combined missingness,80.11778440446032,77.3223371081569,2.795447296303422,433,183.0,False,False,79.73530196067424,452,79.73530196067424,high_missing
cc_other_drawing_count_mean_min,discrete_count_numeric,feature,P1_missingness_review,route_to_discrete_count_eda; also missingness_review,discrete_count_eda,high combined missingness,80.11778440446032,77.3223371081569,2.795447296303422,432,182.0,False,False,79.73530196067424,451,79.73530196067424,high_missing
cc_other_drawing_count_mean_sum,discrete_count_numeric,feature,P2_missingness_review,route_to_discrete_count_eda; consider_missingness_logic_later,discrete_count_eda,high combined missingness,71.73922233676193,65.83579517479075,5.90342716197118,436,183.0,False,False,70.931495698306,455,70.931495698306,high_missing
cc_other_drawing_count_max_mean,discrete_count_numeric,feature,P1_missingness_review,route_to_discrete_count_eda; also missingness_review,discrete_count_eda,high combined missingness,80.11778440446032,77.3223371081569,2.795447296303422,13,10.0,False,False,79.73530196067424,13,79.73530196067424,high_missing
cc_other_drawing_count_max_max,discrete_count_numeric,feature,P1_missingness_review,route_to_discrete_count_eda; also missingness_review,discrete_count_eda,high combined missingness,80.11778440446032,77.3223371081569,2.795447296303422,11,9.0,False,False,79.73530196067424,11,79.73530196067424,high_missing
cc_other_drawing_count_max_min,discrete_count_numeric,feature,P1_missingness_review,route_to_discrete_count_eda; also missingness_review,discrete_count_eda,high combined missingness,80.11778440446032,77.3223371081569,2.795447296303422,11,9.0,False,False,79.73530196067424,11,79.73530196067424,high_missing
cc_other_drawing_count_max_sum,discrete_count_numeric,feature,P2_missingness_review,route_to_discrete_count_eda; consider_missingness_logic_later,discrete_count_eda,high combined missingness,71.73922233676193,65.83579517479075,5.90342716197118,11,9.0,False,False,70.931495698306,11,70.931495698306,high_missing
cc_payment_current_sum_mean,continuous_amount_numeric,feature,P2_missingness_review,route_to_continuous_numeric_eda; consider_missingness_logic_later,continuous_numeric_eda,high combined missingness,71.73922233676193,65.83579517479075,5.90342716197118,54233,10358.0,False,False,70.931495698306,63601,70.931495698306,high_missing
cc_payment_current_sum_max,continuous_amount_numeric,feature,P2_missingness_review,route_to_continuous_numeric_eda; consider_missingness_logic_later,continuous_numeric_eda,high combined missingness,71.73922233676193,65.83579517479075,5.90342716197118,54209,10354.0,False,False,70.931495698306,63550,70.931495698306,high_missing
cc_payment_current_sum_min,continuous_amount_numeric,feature,P2_missingness_review,route_to_continuous_numeric_eda; consider_missingness_logic_later,continuous_numeric_eda,high combined missingness,71.73922233676193,65.83579517479075,5.90342716197118,53970,10266.0,False,False,70.931495698306,63240,70.931495698306,high_missing
cc_payment_current_sum_sum,continuous_amount_numeric,feature,P2_missingness_review,route_to_continuous_numeric_eda; consider_missingness_logic_later,continuous_numeric_eda,high combined missingness,71.73922233676193,65.83579517479075,5.90342716197118,54221,10356.0,False,False,70.931495698306,63582,70.931495698306,high_missing
cc_payment_current_mean_mean,continuous_amount_numeric,feature,P1_missingness_review,route_to_continuous_numeric_eda; also missingness_review,continuous_numeric_eda,high combined missingness,80.14379973399326,77.31002790086985,2.833771833123407,56737,10628.0,False,False,79.75607359896703,66712,79.75607359896703,high_missing
cc_payment_current_mean_max,continuous_amount_numeric,feature,P1_missingness_review,route_to_continuous_numeric_eda; also missingness_review,continuous_numeric_eda,high combined missingness,80.14379973399326,77.31002790086985,2.833771833123407,56705,10616.0,False,False,79.75607359896703,66660,79.75607359896703,high_missing
cc_payment_current_mean_min,continuous_amount_numeric,feature,P1_missingness_review,route_to_continuous_numeric_eda; also missingness_review,continuous_numeric_eda,high combined missingness,80.14379973399326,77.31002790086985,2.833771833123407,56723,10625.0,False,False,79.75607359896703,66695,79.75607359896703,high_missing
cc_payment_current_mean_sum,continuous_amount_numeric,feature,P2_missingness_review,route_to_continuous_numeric_eda; consider_missingness_logic_later,continuous_numeric_eda,high combined missingness,71.73922233676193,65.83579517479075,5.90342716197118,56737,10628.0,False,False,70.931495698306,66713,70.931495698306,high_missing
cc_payment_current_max_mean,continuous_amount_numeric,feature,P1_missingness_review,route_to_continuous_numeric_eda; also missingness_review,continuous_numeric_eda,high combined missingness,80.14379973399326,77.31002790086985,2.833771833123407,25819,6265.0,False,False,79.75607359896703,29893,79.75607359896703,high_missing
cc_payment_current_max_max,continuous_amount_numeric,feature,P1_missingness_review,route_to_continuous_numeric_eda; also missingness_review,continuous_numeric_eda,high combined missingness,80.14379973399326,77.31002790086985,2.833771833123407,25753,6248.0,False,False,79.75607359896703,29790,79.75607359896703,high_missing
cc_payment_current_max_min,continuous_amount_numeric,feature,P1_missingness_review,route_to_continuous_numeric_eda; also missingness_review,continuous_numeric_eda,high combined missingness,80.14379973399326,77.31002790086985,2.833771833123407,25728,6221.0,False,False,79.75607359896703,29756,79.75607359896703,high_missing
cc_payment_current_max_sum,continuous_amount_numeric,feature,P2_missingness_review,route_to_continuous_numeric_eda; consider_missingness_logic_later,continuous_numeric_eda,high combined missingness,71.73922233676193,65.83579517479075,5.90342716197118,25812,6265.0,False,False,70.931495698306,29879,70.931495698306,high_missing
cc_payment_current_min_mean,continuous_amount_numeric,feature,P1_missingness_review,route_to_continuous_numeric_eda; also missingness_review,continuous_numeric_eda,high combined missingness,80.14379973399326,77.31002790086985,2.833771833123407,9996,2451.0,False,False,79.75607359896703,11620,79.75607359896703,high_missing
cc_payment_current_min_max,continuous_amount_numeric,feature,P1_missingness_review,route_to_continuous_numeric_eda; also missingness_review,continuous_numeric_eda,high combined missingness,80.14379973399326,77.31002790086985,2.833771833123407,9984,2447.0,False,False,79.75607359896703,11604,79.75607359896703,high_missing
cc_payment_current_min_min,continuous_amount_numeric,feature,P1_missingness_review,route_to_continuous_numeric_eda; also missingness_review,continuous_numeric_eda,high combined missingness,80.14379973399326,77.31002790086985,2.833771833123407,9923,2428.0,False,False,79.75607359896703,11528,79.75607359896703,high_missing
cc_payment_current_min_sum,continuous_amount_numeric,feature,P2_missingness_review,route_to_continuous_numeric_eda; consider_missingness_logic_later,continuous_numeric_eda,high combined missingness,71.73922233676193,65.83579517479075,5.90342716197118,9983,2447.0,False,False,70.931495698306,11603,70.931495698306,high_missing
cc_payment_current_std_mean,continuous_stat_numeric,feature,P1_missingness_review,route_to_continuous_numeric_eda; also missingness_review,continuous_numeric_eda,high combined missingness; very high unique percentage,80.28720923804352,77.46799606105367,2.819213176989848,58876,10742.0,False,False,79.9014750670166,69397,79.9014750670166,high_missing; high_unique_pct
cc_payment_current_std_max,continuous_stat_numeric,feature,P1_missingness_review,route_to_continuous_numeric_eda; also missingness_review,continuous_numeric_eda,high combined missingness; very high unique percentage,80.28720923804352,77.46799606105367,2.819213176989848,58867,10740.0,False,False,79.9014750670166,69383,79.9014750670166,high_missing; high_unique_pct
cc_payment_current_std_min,continuous_stat_numeric,feature,P1_missingness_review,route_to_continuous_numeric_eda; also missingness_review,continuous_numeric_eda,high combined missingness; very high unique percentage,80.28720923804352,77.46799606105367,2.819213176989848,58860,10740.0,False,False,79.9014750670166,69376,79.9014750670166,high_missing; high_unique_pct
cc_payment_current_std_sum,continuous_stat_numeric,feature,P2_missingness_review,route_to_continuous_numeric_eda; consider_missingness_logic_later,continuous_numeric_eda,high combined missingness,71.73922233676193,65.83579517479075,5.90342716197118,58876,10743.0,False,False,70.931495698306,69397,70.931495698306,high_missing
cc_payment_total_sum_mean,continuous_amount_numeric,feature,P2_missingness_review,route_to_continuous_numeric_eda; consider_missingness_logic_later,continuous_numeric_eda,high combined missingness,71.73922233676193,65.83579517479075,5.90342716197118,52945,10339.0,False,False,70.931495698306,61821,70.931495698306,high_missing
cc_payment_total_sum_max,continuous_amount_numeric,feature,P2_missingness_review,route_to_continuous_numeric_eda; consider_missingness_logic_later,continuous_numeric_eda,high combined missingness,71.73922233676193,65.83579517479075,5.90342716197118,52924,10334.0,False,False,70.931495698306,61770,70.931495698306,high_missing
cc_payment_total_sum_min,continuous_amount_numeric,feature,P2_missingness_review,route_to_continuous_numeric_eda; consider_missingness_logic_later,continuous_numeric_eda,high combined missingness,71.73922233676193,65.83579517479075,5.90342716197118,52689,10255.0,False,False,70.931495698306,61475,70.931495698306,high_missing
cc_payment_total_sum_sum,continuous_amount_numeric,feature,P2_missingness_review,route_to_continuous_numeric_eda; consider_missingness_logic_later,continuous_numeric_eda,high combined missingness,71.73922233676193,65.83579517479075,5.90342716197118,52938,10336.0,False,False,70.931495698306,61809,70.931495698306,high_missing
cc_payment_total_mean_mean,continuous_amount_numeric,feature,P2_missingness_review,route_to_continuous_numeric_eda; consider_missingness_logic_later,continuous_numeric_eda,high combined missingness,71.73922233676193,65.83579517479075,5.90342716197118,57804,10700.0,False,False,70.931495698306,67893,70.931495698306,high_missing
cc_payment_total_mean_max,continuous_amount_numeric,feature,P2_missingness_review,route_to_continuous_numeric_eda; consider_missingness_logic_later,continuous_numeric_eda,high combined missingness,71.73922233676193,65.83579517479075,5.90342716197118,57778,10691.0,False,False,70.931495698306,67856,70.931495698306,high_missing
cc_payment_total_mean_min,continuous_amount_numeric,feature,P2_missingness_review,route_to_continuous_numeric_eda; consider_missingness_logic_later,continuous_numeric_eda,high combined missingness,71.73922233676193,65.83579517479075,5.90342716197118,57556,10621.0,False,False,70.931495698306,67571,70.931495698306,high_missing
cc_payment_total_mean_sum,continuous_amount_numeric,feature,P2_missingness_review,route_to_continuous_numeric_eda; consider_missingness_logic_later,continuous_numeric_eda,high combined missingness,71.73922233676193,65.83579517479075,5.90342716197118,57799,10700.0,False,False,70.931495698306,67889,70.931495698306,high_missing
cc_payment_total_max_mean,continuous_amount_numeric,feature,P2_missingness_review,route_to_continuous_numeric_eda; consider_missingness_logic_later,continuous_numeric_eda,high combined missingness,71.73922233676193,65.83579517479075,5.90342716197118,30461,6958.0,False,False,70.931495698306,35425,70.931495698306,high_missing
cc_payment_total_max_max,continuous_amount_numeric,feature,P2_missingness_review,route_to_continuous_numeric_eda; consider_missingness_logic_later,continuous_numeric_eda,high combined missingness,71.73922233676193,65.83579517479075,5.90342716197118,30350,6938.0,False,False,70.931495698306,35265,70.931495698306,high_missing
cc_payment_total_max_min,continuous_amount_numeric,feature,P2_missingness_review,route_to_continuous_numeric_eda; consider_missingness_logic_later,continuous_numeric_eda,high combined missingness,71.73922233676193,65.83579517479075,5.90342716197118,30273,6885.0,False,False,70.931495698306,35167,70.931495698306,high_missing
cc_payment_total_max_sum,continuous_amount_numeric,feature,P2_missingness_review,route_to_continuous_numeric_eda; consider_missingness_logic_later,continuous_numeric_eda,high combined missingness,71.73922233676193,65.83579517479075,5.90342716197118,30416,6953.0,False,False,70.931495698306,35367,70.931495698306,high_missing
cc_payment_total_min_mean,continuous_amount_numeric,feature,P2_missingness_review,route_to_continuous_numeric_eda; consider_missingness_logic_later,continuous_numeric_eda,high combined missingness,71.73922233676193,65.83579517479075,5.90342716197118,1531,338.0,False,False,70.931495698306,1786,70.931495698306,high_missing
cc_payment_total_min_max,continuous_amount_numeric,feature,P2_missingness_review,route_to_continuous_numeric_eda; consider_missingness_logic_later,continuous_numeric_eda,high combined missingness,71.73922233676193,65.83579517479075,5.90342716197118,1529,337.0,False,False,70.931495698306,1784,70.931495698306,high_missing
cc_payment_total_min_min,continuous_amount_numeric,feature,P2_missingness_review,route_to_continuous_numeric_eda; consider_missingness_logic_later,continuous_numeric_eda,high combined missingness,71.73922233676193,65.83579517479075,5.90342716197118,1507,328.0,False,False,70.931495698306,1754,70.931495698306,high_missing
cc_payment_total_min_sum,continuous_amount_numeric,feature,P2_missingness_review,route_to_continuous_numeric_eda; consider_missingness_logic_later,continuous_numeric_eda,high combined missingness,71.73922233676193,65.83579517479075,5.90342716197118,1529,337.0,False,False,70.931495698306,1784,70.931495698306,high_missing
cc_payment_total_std_mean,continuous_stat_numeric,feature,P2_missingness_review,route_to_continuous_numeric_eda; consider_missingness_logic_later,continuous_numeric_eda,high combined missingness,71.94474344007207,65.95888724766125,5.985856192410822,59878,10870.0,False,False,71.12573858612511,70595,71.12573858612511,high_missing
cc_payment_total_std_max,continuous_stat_numeric,feature,P2_missingness_review,route_to_continuous_numeric_eda; consider_missingness_logic_later,continuous_numeric_eda,high combined missingness,71.94474344007207,65.95888724766125,5.985856192410822,59870,10867.0,False,False,71.12573858612511,70577,71.12573858612511,high_missing
cc_payment_total_std_min,continuous_stat_numeric,feature,P2_missingness_review,route_to_continuous_numeric_eda; consider_missingness_logic_later,continuous_numeric_eda,high combined missingness,71.94474344007207,65.95888724766125,5.985856192410822,59643,10791.0,False,False,71.12573858612511,70282,71.12573858612511,high_missing
cc_payment_total_std_sum,continuous_stat_numeric,feature,P2_missingness_review,route_to_continuous_numeric_eda; consider_missingness_logic_later,continuous_numeric_eda,high combined missingness,71.73922233676193,65.83579517479075,5.90342716197118,59879,10869.0,False,False,70.931495698306,70592,70.931495698306,high_missing
cc_min_instalment_sum_mean,continuous_amount_numeric,feature,P2_missingness_review,route_to_continuous_numeric_eda; consider_missingness_logic_later,continuous_numeric_eda,high combined missingness,71.73922233676193,65.83579517479075,5.90342716197118,56328,10255.0,False,False,70.931495698306,66088,70.931495698306,high_missing
cc_min_instalment_sum_max,continuous_amount_numeric,feature,P2_missingness_review,route_to_continuous_numeric_eda; consider_missingness_logic_later,continuous_numeric_eda,high combined missingness,71.73922233676193,65.83579517479075,5.90342716197118,56310,10252.0,False,False,70.931495698306,66053,70.931495698306,high_missing
cc_min_instalment_sum_min,continuous_amount_numeric,feature,P2_missingness_review,route_to_continuous_numeric_eda; consider_missingness_logic_later,continuous_numeric_eda,high combined missingness,71.73922233676193,65.83579517479075,5.90342716197118,56069,10165.0,False,False,70.931495698306,65736,70.931495698306,high_missing
cc_min_instalment_sum_sum,continuous_amount_numeric,feature,P2_missingness_review,route_to_continuous_numeric_eda; consider_missingness_logic_later,continuous_numeric_eda,high combined missingness,71.73922233676193,65.83579517479075,5.90342716197118,56320,10253.0,False,False,70.931495698306,66073,70.931495698306,high_missing
cc_min_instalment_mean_mean,continuous_amount_numeric,feature,P2_missingness_review,route_to_continuous_numeric_eda; consider_missingness_logic_later,continuous_numeric_eda,high combined missingness,71.73922233676193,65.83579517479075,5.90342716197118,57352,10353.0,False,False,70.931495698306,67544,70.931495698306,high_missing
cc_min_instalment_mean_max,continuous_amount_numeric,feature,P2_missingness_review,route_to_continuous_numeric_eda; consider_missingness_logic_later,continuous_numeric_eda,high combined missingness,71.73922233676193,65.83579517479075,5.90342716197118,57342,10351.0,False,False,70.931495698306,67530,70.931495698306,high_missing
cc_min_instalment_mean_min,continuous_amount_numeric,feature,P2_missingness_review,route_to_continuous_numeric_eda; consider_missingness_logic_later,continuous_numeric_eda,high combined missingness,71.73922233676193,65.83579517479075,5.90342716197118,57097,10267.0,False,False,70.931495698306,67200,70.931495698306,high_missing
cc_min_instalment_mean_sum,continuous_amount_numeric,feature,P2_missingness_review,route_to_continuous_numeric_eda; consider_missingness_logic_later,continuous_numeric_eda,high combined missingness,71.73922233676193,65.83579517479075,5.90342716197118,57350,10352.0,False,False,70.931495698306,67538,70.931495698306,high_missing
cc_min_instalment_max_mean,continuous_amount_numeric,feature,P2_missingness_review,route_to_continuous_numeric_eda; consider_missingness_logic_later,continuous_numeric_eda,high combined missingness,71.73922233676193,65.83579517479075,5.90342716197118,32064,6480.0,False,False,70.931495698306,37711,70.931495698306,high_missing
cc_min_instalment_max_max,continuous_amount_numeric,feature,P2_missingness_review,route_to_continuous_numeric_eda; consider_missingness_logic_later,continuous_numeric_eda,high combined missingness,71.73922233676193,65.83579517479075,5.90342716197118,32000,6460.0,False,False,70.931495698306,37619,70.931495698306,high_missing
cc_min_instalment_max_min,continuous_amount_numeric,feature,P2_missingness_review,route_to_continuous_numeric_eda; consider_missingness_logic_later,continuous_numeric_eda,high combined missingness,71.73922233676193,65.83579517479075,5.90342716197118,31855,6392.0,False,False,70.931495698306,37420,70.931495698306,high_missing
cc_min_instalment_max_sum,continuous_amount_numeric,feature,P2_missingness_review,route_to_continuous_numeric_eda; consider_missingness_logic_later,continuous_numeric_eda,high combined missingness,71.73922233676193,65.83579517479075,5.90342716197118,32053,6473.0,False,False,70.931495698306,37691,70.931495698306,high_missing
cc_min_instalment_min_mean,continuous_amount_numeric,feature,P2_missingness_review,route_to_continuous_numeric_eda; consider_missingness_logic_later,continuous_numeric_eda,high combined missingness,71.73922233676193,65.83579517479075,5.90342716197118,2361,336.0,False,False,70.931495698306,2656,70.931495698306,high_missing
cc_min_instalment_min_max,continuous_amount_numeric,feature,P2_missingness_review,route_to_continuous_numeric_eda; consider_missingness_logic_later,continuous_numeric_eda,high combined missingness,71.73922233676193,65.83579517479075,5.90342716197118,2359,336.0,False,False,70.931495698306,2654,70.931495698306,high_missing
cc_min_instalment_min_min,continuous_amount_numeric,feature,P2_missingness_review,route_to_continuous_numeric_eda; consider_missingness_logic_later,continuous_numeric_eda,high combined missingness,71.73922233676193,65.83579517479075,5.90342716197118,2358,335.0,False,False,70.931495698306,2652,70.931495698306,high_missing
cc_min_instalment_min_sum,continuous_amount_numeric,feature,P2_missingness_review,route_to_continuous_numeric_eda; consider_missingness_logic_later,continuous_numeric_eda,high combined missingness,71.73922233676193,65.83579517479075,5.90342716197118,2359,336.0,False,False,70.931495698306,2654,70.931495698306,high_missing
cc_min_instalment_std_mean,continuous_stat_numeric,feature,P2_missingness_review,route_to_continuous_numeric_eda; consider_missingness_logic_later,continuous_numeric_eda,high combined missingness,71.94474344007207,65.95888724766125,5.985856192410822,57407,10354.0,False,False,71.12573858612511,67626,71.12573858612511,high_missing
cc_min_instalment_std_max,continuous_stat_numeric,feature,P2_missingness_review,route_to_continuous_numeric_eda; consider_missingness_logic_later,continuous_numeric_eda,high combined missingness,71.94474344007207,65.95888724766125,5.985856192410822,57404,10352.0,False,False,71.12573858612511,67621,71.12573858612511,high_missing
cc_min_instalment_std_min,continuous_stat_numeric,feature,P2_missingness_review,route_to_continuous_numeric_eda; consider_missingness_logic_later,continuous_numeric_eda,high combined missingness,71.94474344007207,65.95888724766125,5.985856192410822,57161,10270.0,False,False,71.12573858612511,67293,71.12573858612511,high_missing
cc_min_instalment_std_sum,continuous_stat_numeric,feature,P2_missingness_review,route_to_continuous_numeric_eda; consider_missingness_logic_later,continuous_numeric_eda,high combined missingness,71.73922233676193,65.83579517479075,5.90342716197118,57408,10352.0,False,False,70.931495698306,67625,70.931495698306,high_missing
cc_total_receivable_sum_mean,continuous_amount_numeric,feature,P2_missingness_review,route_to_continuous_numeric_eda; consider_missingness_logic_later,continuous_numeric_eda,high combined missingness,71.73922233676193,65.83579517479075,5.90342716197118,58849,10706.0,False,False,70.931495698306,69179,70.931495698306,high_missing
cc_total_receivable_sum_max,continuous_amount_numeric,feature,P2_missingness_review,route_to_continuous_numeric_eda; consider_missingness_logic_later,continuous_numeric_eda,high combined missingness,71.73922233676193,65.83579517479075,5.90342716197118,58829,10705.0,False,False,70.931495698306,69139,70.931495698306,high_missing
cc_total_receivable_sum_min,continuous_amount_numeric,feature,P2_missingness_review,route_to_continuous_numeric_eda; consider_missingness_logic_later,continuous_numeric_eda,high combined missingness,71.73922233676193,65.83579517479075,5.90342716197118,58598,10619.0,False,False,70.931495698306,68839,70.931495698306,high_missing
cc_total_receivable_sum_sum,continuous_amount_numeric,feature,P2_missingness_review,route_to_continuous_numeric_eda; consider_missingness_logic_later,continuous_numeric_eda,high combined missingness,71.73922233676193,65.83579517479075,5.90342716197118,58841,10707.0,False,False,70.931495698306,69167,70.931495698306,high_missing
cc_total_receivable_mean_mean,continuous_amount_numeric,feature,P2_missingness_review,route_to_continuous_numeric_eda; consider_missingness_logic_later,continuous_numeric_eda,high combined missingness,71.73922233676193,65.83579517479075,5.90342716197118,59491,10736.0,False,False,70.931495698306,70183,70.931495698306,high_missing
cc_total_receivable_mean_max,continuous_amount_numeric,feature,P2_missingness_review,route_to_continuous_numeric_eda; consider_missingness_logic_later,continuous_numeric_eda,high combined missingness,71.73922233676193,65.83579517479075,5.90342716197118,59483,10734.0,False,False,70.931495698306,70174,70.931495698306,high_missing
cc_total_receivable_mean_min,continuous_amount_numeric,feature,P2_missingness_review,route_to_continuous_numeric_eda; consider_missingness_logic_later,continuous_numeric_eda,high combined missingness,71.73922233676193,65.83579517479075,5.90342716197118,59241,10648.0,False,False,70.931495698306,69847,70.931495698306,high_missing
cc_total_receivable_mean_sum,continuous_amount_numeric,feature,P2_missingness_review,route_to_continuous_numeric_eda; consider_missingness_logic_later,continuous_numeric_eda,high combined missingness,71.73922233676193,65.83579517479075,5.90342716197118,59491,10736.0,False,False,70.931495698306,70184,70.931495698306,high_missing
cc_total_receivable_max_mean,continuous_amount_numeric,feature,P2_missingness_review,route_to_continuous_numeric_eda; consider_missingness_logic_later,continuous_numeric_eda,high combined missingness,71.73922233676193,65.83579517479075,5.90342716197118,56452,10367.0,False,False,70.931495698306,66061,70.931495698306,high_missing
cc_total_receivable_max_max,continuous_amount_numeric,feature,P2_missingness_review,route_to_continuous_numeric_eda; consider_missingness_logic_later,continuous_numeric_eda,high combined missingness,71.73922233676193,65.83579517479075,5.90342716197118,56422,10365.0,False,False,70.931495698306,66012,70.931495698306,high_missing
cc_total_receivable_max_min,continuous_amount_numeric,feature,P2_missingness_review,route_to_continuous_numeric_eda; consider_missingness_logic_later,continuous_numeric_eda,high combined missingness,71.73922233676193,65.83579517479075,5.90342716197118,56194,10283.0,False,False,70.931495698306,65710,70.931495698306,high_missing
cc_total_receivable_max_sum,continuous_amount_numeric,feature,P2_missingness_review,route_to_continuous_numeric_eda; consider_missingness_logic_later,continuous_numeric_eda,high combined missingness,71.73922233676193,65.83579517479075,5.90342716197118,56434,10368.0,False,False,70.931495698306,66038,70.931495698306,high_missing
cc_total_receivable_min_mean,continuous_amount_numeric,feature,P2_missingness_review,route_to_continuous_numeric_eda; consider_missingness_logic_later,continuous_numeric_eda,high combined missingness,71.73922233676193,65.83579517479075,5.90342716197118,20008,3708.0,False,False,70.931495698306,22629,70.931495698306,high_missing
cc_total_receivable_min_max,continuous_amount_numeric,feature,P2_missingness_review,route_to_continuous_numeric_eda; consider_missingness_logic_later,continuous_numeric_eda,high combined missingness,71.73922233676193,65.83579517479075,5.90342716197118,19851,3657.0,False,False,70.931495698306,22445,70.931495698306,high_missing
cc_total_receivable_min_min,continuous_amount_numeric,feature,P2_missingness_review,route_to_continuous_numeric_eda; consider_missingness_logic_later,continuous_numeric_eda,high combined missingness,71.73922233676193,65.83579517479075,5.90342716197118,19918,3679.0,False,False,70.931495698306,22496,70.931495698306,high_missing
cc_total_receivable_min_sum,continuous_amount_numeric,feature,P2_missingness_review,route_to_continuous_numeric_eda; consider_missingness_logic_later,continuous_numeric_eda,high combined missingness,71.73922233676193,65.83579517479075,5.90342716197118,19985,3708.0,False,False,70.931495698306,22599,70.931495698306,high_missing
cc_total_receivable_std_mean,continuous_stat_numeric,feature,P2_missingness_review,route_to_continuous_numeric_eda; consider_missingness_logic_later,continuous_numeric_eda,high combined missingness,71.94474344007207,65.95888724766125,5.985856192410822,59353,10731.0,False,False,71.12573858612511,70034,71.12573858612511,high_missing
cc_total_receivable_std_max,continuous_stat_numeric,feature,P2_missingness_review,route_to_continuous_numeric_eda; consider_missingness_logic_later,continuous_numeric_eda,high combined missingness,71.94474344007207,65.95888724766125,5.985856192410822,59353,10731.0,False,False,71.12573858612511,70036,71.12573858612511,high_missing
cc_total_receivable_std_min,continuous_stat_numeric,feature,P2_missingness_review,route_to_continuous_numeric_eda; consider_missingness_logic_later,continuous_numeric_eda,high combined missingness,71.94474344007207,65.95888724766125,5.985856192410822,59116,10644.0,False,False,71.12573858612511,69712,71.12573858612511,high_missing
cc_total_receivable_std_sum,continuous_stat_numeric,feature,P2_missingness_review,route_to_continuous_numeric_eda; consider_missingness_logic_later,continuous_numeric_eda,high combined missingness,71.73922233676193,65.83579517479075,5.90342716197118,59355,10731.0,False,False,70.931495698306,70038,70.931495698306,high_missing
cc_principal_receivable_sum_mean,continuous_amount_numeric,feature,P2_missingness_review,route_to_continuous_numeric_eda; consider_missingness_logic_later,continuous_numeric_eda,high combined missingness,71.73922233676193,65.83579517479075,5.90342716197118,57760,10435.0,False,False,70.931495698306,67819,70.931495698306,high_missing
cc_principal_receivable_sum_max,continuous_amount_numeric,feature,P2_missingness_review,route_to_continuous_numeric_eda; consider_missingness_logic_later,continuous_numeric_eda,high combined missingness,71.73922233676193,65.83579517479075,5.90342716197118,57746,10434.0,False,False,70.931495698306,67789,70.931495698306,high_missing
cc_principal_receivable_sum_min,continuous_amount_numeric,feature,P2_missingness_review,route_to_continuous_numeric_eda; consider_missingness_logic_later,continuous_numeric_eda,high combined missingness,71.73922233676193,65.83579517479075,5.90342716197118,57514,10349.0,False,False,70.931495698306,67488,70.931495698306,high_missing
cc_principal_receivable_sum_sum,continuous_amount_numeric,feature,P2_missingness_review,route_to_continuous_numeric_eda; consider_missingness_logic_later,continuous_numeric_eda,high combined missingness,71.73922233676193,65.83579517479075,5.90342716197118,57752,10436.0,False,False,70.931495698306,67809,70.931495698306,high_missing
cc_principal_receivable_mean_mean,continuous_amount_numeric,feature,P2_missingness_review,route_to_continuous_numeric_eda; consider_missingness_logic_later,continuous_numeric_eda,high combined missingness,71.73922233676193,65.83579517479075,5.90342716197118,58517,10486.0,False,False,70.931495698306,68938,70.931495698306,high_missing
cc_principal_receivable_mean_max,continuous_amount_numeric,feature,P2_missingness_review,route_to_continuous_numeric_eda; consider_missingness_logic_later,continuous_numeric_eda,high combined missingness,71.73922233676193,65.83579517479075,5.90342716197118,58514,10485.0,False,False,70.931495698306,68932,70.931495698306,high_missing
cc_principal_receivable_mean_min,continuous_amount_numeric,feature,P2_missingness_review,route_to_continuous_numeric_eda; consider_missingness_logic_later,continuous_numeric_eda,high combined missingness,71.73922233676193,65.83579517479075,5.90342716197118,58270,10401.0,False,False,70.931495698306,68607,70.931495698306,high_missing
cc_principal_receivable_mean_sum,continuous_amount_numeric,feature,P2_missingness_review,route_to_continuous_numeric_eda; consider_missingness_logic_later,continuous_numeric_eda,high combined missingness,71.73922233676193,65.83579517479075,5.90342716197118,58516,10486.0,False,False,70.931495698306,68935,70.931495698306,high_missing
cc_principal_receivable_max_mean,continuous_amount_numeric,feature,P2_missingness_review,route_to_continuous_numeric_eda; consider_missingness_logic_later,continuous_numeric_eda,high combined missingness,71.73922233676193,65.83579517479075,5.90342716197118,46299,9086.0,False,False,70.931495698306,54412,70.931495698306,high_missing
cc_principal_receivable_max_max,continuous_amount_numeric,feature,P2_missingness_review,route_to_continuous_numeric_eda; consider_missingness_logic_later,continuous_numeric_eda,high combined missingness,71.73922233676193,65.83579517479075,5.90342716197118,46270,9077.0,False,False,70.931495698306,54360,70.931495698306,high_missing
cc_principal_receivable_max_min,continuous_amount_numeric,feature,P2_missingness_review,route_to_continuous_numeric_eda; consider_missingness_logic_later,continuous_numeric_eda,high combined missingness,71.73922233676193,65.83579517479075,5.90342716197118,46071,9004.0,False,False,70.931495698306,54100,70.931495698306,high_missing
cc_principal_receivable_max_sum,continuous_amount_numeric,feature,P2_missingness_review,route_to_continuous_numeric_eda; consider_missingness_logic_later,continuous_numeric_eda,high combined missingness,71.73922233676193,65.83579517479075,5.90342716197118,46288,9085.0,False,False,70.931495698306,54399,70.931495698306,high_missing
cc_recivable_sum_mean,continuous_amount_numeric,feature,P2_missingness_review,route_to_continuous_numeric_eda; consider_missingness_logic_later,continuous_numeric_eda,high combined missingness,71.73922233676193,65.83579517479075,5.90342716197118,58853,10707.0,False,False,70.931495698306,69184,70.931495698306,high_missing
cc_recivable_sum_max,continuous_amount_numeric,feature,P2_missingness_review,route_to_continuous_numeric_eda; consider_missingness_logic_later,continuous_numeric_eda,high combined missingness,71.73922233676193,65.83579517479075,5.90342716197118,58833,10706.0,False,False,70.931495698306,69143,70.931495698306,high_missing
cc_recivable_sum_min,continuous_amount_numeric,feature,P2_missingness_review,route_to_continuous_numeric_eda; consider_missingness_logic_later,continuous_numeric_eda,high combined missingness,71.73922233676193,65.83579517479075,5.90342716197118,58601,10620.0,False,False,70.931495698306,68842,70.931495698306,high_missing
cc_recivable_sum_sum,continuous_amount_numeric,feature,P2_missingness_review,route_to_continuous_numeric_eda; consider_missingness_logic_later,continuous_numeric_eda,high combined missingness,71.73922233676193,65.83579517479075,5.90342716197118,58845,10708.0,False,False,70.931495698306,69171,70.931495698306,high_missing
cc_recivable_mean_mean,continuous_amount_numeric,feature,P2_missingness_review,route_to_continuous_numeric_eda; consider_missingness_logic_later,continuous_numeric_eda,high combined missingness,71.73922233676193,65.83579517479075,5.90342716197118,59492,10736.0,False,False,70.931495698306,70183,70.931495698306,high_missing
cc_recivable_mean_max,continuous_amount_numeric,feature,P2_missingness_review,route_to_continuous_numeric_eda; consider_missingness_logic_later,continuous_numeric_eda,high combined missingness,71.73922233676193,65.83579517479075,5.90342716197118,59484,10734.0,False,False,70.931495698306,70173,70.931495698306,high_missing
cc_recivable_mean_min,continuous_amount_numeric,feature,P2_missingness_review,route_to_continuous_numeric_eda; consider_missingness_logic_later,continuous_numeric_eda,high combined missingness,71.73922233676193,65.83579517479075,5.90342716197118,59242,10648.0,False,False,70.931495698306,69846,70.931495698306,high_missing
cc_recivable_mean_sum,continuous_amount_numeric,feature,P2_missingness_review,route_to_continuous_numeric_eda; consider_missingness_logic_later,continuous_numeric_eda,high combined missingness,71.73922233676193,65.83579517479075,5.90342716197118,59492,10736.0,False,False,70.931495698306,70183,70.931495698306,high_missing
cc_recivable_max_mean,continuous_amount_numeric,feature,P2_missingness_review,route_to_continuous_numeric_eda; consider_missingness_logic_later,continuous_numeric_eda,high combined missingness,71.73922233676193,65.83579517479075,5.90342716197118,56443,10367.0,False,False,70.931495698306,66051,70.931495698306,high_missing
cc_recivable_max_max,continuous_amount_numeric,feature,P2_missingness_review,route_to_continuous_numeric_eda; consider_missingness_logic_later,continuous_numeric_eda,high combined missingness,71.73922233676193,65.83579517479075,5.90342716197118,56412,10365.0,False,False,70.931495698306,66001,70.931495698306,high_missing
cc_recivable_max_min,continuous_amount_numeric,feature,P2_missingness_review,route_to_continuous_numeric_eda; consider_missingness_logic_later,continuous_numeric_eda,high combined missingness,71.73922233676193,65.83579517479075,5.90342716197118,56184,10283.0,False,False,70.931495698306,65699,70.931495698306,high_missing
cc_recivable_max_sum,continuous_amount_numeric,feature,P2_missingness_review,route_to_continuous_numeric_eda; consider_missingness_logic_later,continuous_numeric_eda,high combined missingness,71.73922233676193,65.83579517479075,5.90342716197118,56424,10368.0,False,False,70.931495698306,66027,70.931495698306,high_missing
cc_mature_instalment_mean_mean,continuous_amount_numeric,feature,P2_missingness_review,route_to_continuous_numeric_eda; consider_missingness_logic_later,continuous_numeric_eda,high combined missingness,71.73922233676193,65.83579517479075,5.90342716197118,13914,4491.0,False,False,70.931495698306,15467,70.931495698306,high_missing
cc_mature_instalment_mean_max,continuous_amount_numeric,feature,P2_missingness_review,route_to_continuous_numeric_eda; consider_missingness_logic_later,continuous_numeric_eda,high combined missingness,71.73922233676193,65.83579517479075,5.90342716197118,13689,4444.0,False,False,70.931495698306,15161,70.931495698306,high_missing
cc_mature_instalment_mean_min,continuous_amount_numeric,feature,P2_missingness_review,route_to_continuous_numeric_eda; consider_missingness_logic_later,continuous_numeric_eda,high combined missingness,71.73922233676193,65.83579517479075,5.90342716197118,13608,4389.0,False,False,70.931495698306,15072,70.931495698306,high_missing
cc_mature_instalment_mean_sum,continuous_amount_numeric,feature,P2_missingness_review,route_to_continuous_numeric_eda; consider_missingness_logic_later,continuous_numeric_eda,high combined missingness,71.73922233676193,65.83579517479075,5.90342716197118,13814,4483.0,False,False,70.931495698306,15338,70.931495698306,high_missing
cc_mature_instalment_max_mean,continuous_amount_numeric,feature,P2_missingness_review,route_to_continuous_numeric_eda; consider_missingness_logic_later,continuous_numeric_eda,high combined missingness,71.73922233676193,65.83579517479075,5.90342716197118,164,152.0,False,False,70.931495698306,168,70.931495698306,high_missing
cc_mature_instalment_max_max,continuous_amount_numeric,feature,P2_missingness_review,route_to_continuous_numeric_eda; consider_missingness_logic_later,continuous_numeric_eda,high combined missingness,71.73922233676193,65.83579517479075,5.90342716197118,120,118.0,False,False,70.931495698306,121,70.931495698306,high_missing
cc_mature_instalment_max_min,continuous_amount_numeric,feature,P2_missingness_review,route_to_continuous_numeric_eda; consider_missingness_logic_later,continuous_numeric_eda,high combined missingness,71.73922233676193,65.83579517479075,5.90342716197118,120,118.0,False,False,70.931495698306,121,70.931495698306,high_missing
cc_mature_instalment_max_sum,continuous_amount_numeric,feature,P2_missingness_review,route_to_continuous_numeric_eda; consider_missingness_logic_later,continuous_numeric_eda,high combined missingness,71.73922233676193,65.83579517479075,5.90342716197118,120,118.0,False,False,70.931495698306,121,70.931495698306,high_missing
cc_mature_instalment_min_mean,continuous_amount_numeric,feature,P2_missingness_review,route_to_continuous_numeric_eda; consider_missingness_logic_later,continuous_numeric_eda,high combined missingness,71.73922233676193,65.83579517479075,5.90342716197118,40,40.0,False,False,70.931495698306,43,70.931495698306,high_missing
cc_mature_instalment_min_max,continuous_amount_numeric,feature,P2_missingness_review,route_to_continuous_numeric_eda; consider_missingness_logic_later,continuous_numeric_eda,high combined missingness,71.73922233676193,65.83579517479075,5.90342716197118,28,29.0,False,False,70.931495698306,30,70.931495698306,high_missing
cc_mature_instalment_min_min,continuous_amount_numeric,feature,P2_missingness_review,route_to_continuous_numeric_eda; consider_missingness_logic_later,continuous_numeric_eda,high combined missingness,71.73922233676193,65.83579517479075,5.90342716197118,28,28.0,False,False,70.931495698306,30,70.931495698306,high_missing
cc_mature_instalment_min_sum,continuous_amount_numeric,feature,P2_missingness_review,route_to_continuous_numeric_eda; consider_missingness_logic_later,continuous_numeric_eda,high combined missingness,71.73922233676193,65.83579517479075,5.90342716197118,28,29.0,False,False,70.931495698306,30,70.931495698306,high_missing
cc_mature_instalment_std_mean,continuous_stat_numeric,feature,P2_missingness_review,route_to_continuous_numeric_eda; consider_missingness_logic_later,continuous_numeric_eda,high combined missingness,71.94474344007207,65.95888724766125,5.985856192410822,16896,4637.0,False,False,71.12573858612511,19212,71.12573858612511,high_missing
cc_mature_instalment_std_max,continuous_stat_numeric,feature,P2_missingness_review,route_to_continuous_numeric_eda; consider_missingness_logic_later,continuous_numeric_eda,high combined missingness,71.94474344007207,65.95888724766125,5.985856192410822,16606,4541.0,False,False,71.12573858612511,18815,71.12573858612511,high_missing
cc_mature_instalment_std_min,continuous_stat_numeric,feature,P2_missingness_review,route_to_continuous_numeric_eda; consider_missingness_logic_later,continuous_numeric_eda,high combined missingness,71.94474344007207,65.95888724766125,5.985856192410822,16522,4510.0,False,False,71.12573858612511,18716,71.12573858612511,high_missing
cc_mature_instalment_std_sum,continuous_stat_numeric,feature,P2_missingness_review,route_to_continuous_numeric_eda; consider_missingness_logic_later,continuous_numeric_eda,high combined missingness,71.73922233676193,65.83579517479075,5.90342716197118,16766,4601.0,False,False,70.931495698306,19045,70.931495698306,high_missing
cc_dpd_sum_mean,overdue_delay_numeric,feature,P2_missingness_review,route_to_overdue_delay_eda; consider_missingness_logic_later,overdue_delay_eda,high combined missingness,71.73922233676193,65.83579517479075,5.90342716197118,1481,344.0,False,False,70.931495698306,1648,70.931495698306,high_missing
cc_dpd_sum_max,overdue_delay_numeric,feature,P2_missingness_review,route_to_overdue_delay_eda; consider_missingness_logic_later,overdue_delay_eda,high combined missingness,71.73922233676193,65.83579517479075,5.90342716197118,1464,335.0,False,False,70.931495698306,1627,70.931495698306,high_missing
cc_dpd_sum_min,overdue_delay_numeric,feature,P2_missingness_review,route_to_overdue_delay_eda; consider_missingness_logic_later,overdue_delay_eda,high combined missingness,71.73922233676193,65.83579517479075,5.90342716197118,1457,333.0,False,False,70.931495698306,1619,70.931495698306,high_missing
cc_dpd_sum_sum,overdue_delay_numeric,feature,P2_missingness_review,route_to_overdue_delay_eda; consider_missingness_logic_later,overdue_delay_eda,high combined missingness,71.73922233676193,65.83579517479075,5.90342716197118,1464,335.0,False,False,70.931495698306,1627,70.931495698306,high_missing
cc_dpd_mean_mean,overdue_delay_numeric,feature,P2_missingness_review,route_to_overdue_delay_eda; consider_missingness_logic_later,overdue_delay_eda,high combined missingness,71.73922233676193,65.83579517479075,5.90342716197118,3560,957.0,False,False,70.931495698306,3892,70.931495698306,high_missing
cc_dpd_mean_max,overdue_delay_numeric,feature,P2_missingness_review,route_to_overdue_delay_eda; consider_missingness_logic_later,overdue_delay_eda,high combined missingness,71.73922233676193,65.83579517479075,5.90342716197118,3516,939.0,False,False,70.931495698306,3839,70.931495698306,high_missing
cc_dpd_mean_min,overdue_delay_numeric,feature,P2_missingness_review,route_to_overdue_delay_eda; consider_missingness_logic_later,overdue_delay_eda,high combined missingness,71.73922233676193,65.83579517479075,5.90342716197118,3501,935.0,False,False,70.931495698306,3821,70.931495698306,high_missing
cc_dpd_mean_sum,overdue_delay_numeric,feature,P2_missingness_review,route_to_overdue_delay_eda; consider_missingness_logic_later,overdue_delay_eda,high combined missingness,71.73922233676193,65.83579517479075,5.90342716197118,3524,940.0,False,False,70.931495698306,3848,70.931495698306,high_missing
cc_dpd_max_mean,overdue_delay_numeric,feature,P2_missingness_review,route_to_overdue_delay_eda; consider_missingness_logic_later,overdue_delay_eda,high combined missingness,71.73922233676193,65.83579517479075,5.90342716197118,422,190.0,False,False,70.931495698306,455,70.931495698306,high_missing
cc_dpd_max_max,overdue_delay_numeric,feature,P2_missingness_review,route_to_overdue_delay_eda; consider_missingness_logic_later,overdue_delay_eda,high combined missingness,71.73922233676193,65.83579517479075,5.90342716197118,409,182.0,False,False,70.931495698306,438,70.931495698306,high_missing
cc_dpd_max_min,overdue_delay_numeric,feature,P2_missingness_review,route_to_overdue_delay_eda; consider_missingness_logic_later,overdue_delay_eda,high combined missingness,71.73922233676193,65.83579517479075,5.90342716197118,405,180.0,False,False,70.931495698306,434,70.931495698306,high_missing
cc_dpd_max_sum,overdue_delay_numeric,feature,P2_missingness_review,route_to_overdue_delay_eda; consider_missingness_logic_later,overdue_delay_eda,high combined missingness,71.73922233676193,65.83579517479075,5.90342716197118,412,183.0,False,False,70.931495698306,441,70.931495698306,high_missing
cc_dpd_std_mean,overdue_delay_numeric,feature,P2_missingness_review,route_to_overdue_delay_eda; consider_missingness_logic_later,overdue_delay_eda,high combined missingness,71.94474344007207,65.95888724766125,5.985856192410822,4669,1105.0,False,False,71.12573858612511,5144,71.12573858612511,high_missing
cc_dpd_std_max,overdue_delay_numeric,feature,P2_missingness_review,route_to_overdue_delay_eda; consider_missingness_logic_later,overdue_delay_eda,high combined missingness,71.94474344007207,65.95888724766125,5.985856192410822,4578,1078.0,False,False,71.12573858612511,5038,71.12573858612511,high_missing
cc_dpd_std_min,overdue_delay_numeric,feature,P2_missingness_review,route_to_overdue_delay_eda; consider_missingness_logic_later,overdue_delay_eda,high combined missingness,71.94474344007207,65.95888724766125,5.985856192410822,4557,1072.0,False,False,71.12573858612511,5012,71.12573858612511,high_missing
cc_dpd_std_sum,overdue_delay_numeric,feature,P2_missingness_review,route_to_overdue_delay_eda; consider_missingness_logic_later,overdue_delay_eda,high combined missingness,71.73922233676193,65.83579517479075,5.90342716197118,4587,1079.0,False,False,70.931495698306,5048,70.931495698306,high_missing
cc_dpd_def_sum_mean,overdue_delay_numeric,feature,P2_missingness_review,route_to_overdue_delay_eda; consider_missingness_logic_later,overdue_delay_eda,high combined missingness,71.73922233676193,65.83579517479075,5.90342716197118,228,73.0,False,False,70.931495698306,241,70.931495698306,high_missing
cc_dpd_def_sum_max,overdue_delay_numeric,feature,P2_missingness_review,route_to_overdue_delay_eda; consider_missingness_logic_later,overdue_delay_eda,high combined missingness,71.73922233676193,65.83579517479075,5.90342716197118,217,66.0,False,False,70.931495698306,229,70.931495698306,high_missing
cc_dpd_def_sum_min,overdue_delay_numeric,feature,P2_missingness_review,route_to_overdue_delay_eda; consider_missingness_logic_later,overdue_delay_eda,high combined missingness,71.73922233676193,65.83579517479075,5.90342716197118,215,66.0,False,False,70.931495698306,227,70.931495698306,high_missing
cc_dpd_def_sum_sum,overdue_delay_numeric,feature,P2_missingness_review,route_to_overdue_delay_eda; consider_missingness_logic_later,overdue_delay_eda,high combined missingness,71.73922233676193,65.83579517479075,5.90342716197118,217,66.0,False,False,70.931495698306,229,70.931495698306,high_missing
cc_dpd_def_mean_mean,overdue_delay_numeric,feature,P2_missingness_review,route_to_overdue_delay_eda; consider_missingness_logic_later,overdue_delay_eda,high combined missingness,71.73922233676193,65.83579517479075,5.90342716197118,1504,517.0,False,False,70.931495698306,1579,70.931495698306,high_missing
cc_dpd_def_mean_max,overdue_delay_numeric,feature,P2_missingness_review,route_to_overdue_delay_eda; consider_missingness_logic_later,overdue_delay_eda,high combined missingness,71.73922233676193,65.83579517479075,5.90342716197118,1469,502.0,False,False,70.931495698306,1534,70.931495698306,high_missing
cc_dpd_def_mean_min,overdue_delay_numeric,feature,P2_missingness_review,route_to_overdue_delay_eda; consider_missingness_logic_later,overdue_delay_eda,high combined missingness,71.73922233676193,65.83579517479075,5.90342716197118,1463,500.0,False,False,70.931495698306,1529,70.931495698306,high_missing
cc_dpd_def_mean_sum,overdue_delay_numeric,feature,P2_missingness_review,route_to_overdue_delay_eda; consider_missingness_logic_later,overdue_delay_eda,high combined missingness,71.73922233676193,65.83579517479075,5.90342716197118,1472,503.0,False,False,70.931495698306,1539,70.931495698306,high_missing
cc_dpd_def_max_mean,overdue_delay_numeric,feature,P2_missingness_review,route_to_overdue_delay_eda; consider_missingness_logic_later,overdue_delay_eda,high combined missingness,71.73922233676193,65.83579517479075,5.90342716197118,59,33.0,False,False,70.931495698306,71,70.931495698306,high_missing
cc_dpd_def_max_max,overdue_delay_numeric,feature,P2_missingness_review,route_to_overdue_delay_eda; consider_missingness_logic_later,overdue_delay_eda,high combined missingness,71.73922233676193,65.83579517479075,5.90342716197118,52,27.0,False,False,70.931495698306,62,70.931495698306,high_missing
cc_dpd_def_max_min,overdue_delay_numeric,feature,P2_missingness_review,route_to_overdue_delay_eda; consider_missingness_logic_later,overdue_delay_eda,high combined missingness,71.73922233676193,65.83579517479075,5.90342716197118,51,27.0,False,False,70.931495698306,61,70.931495698306,high_missing
cc_dpd_def_max_sum,overdue_delay_numeric,feature,P2_missingness_review,route_to_overdue_delay_eda; consider_missingness_logic_later,overdue_delay_eda,high combined missingness,71.73922233676193,65.83579517479075,5.90342716197118,54,28.0,False,False,70.931495698306,64,70.931495698306,high_missing
cc_dpd_def_std_mean,overdue_delay_numeric,feature,P2_missingness_review,route_to_overdue_delay_eda; consider_missingness_logic_later,overdue_delay_eda,high combined missingness,71.94474344007207,65.95888724766125,5.985856192410822,2123,584.0,False,False,71.12573858612511,2249,71.12573858612511,high_missing
cc_dpd_def_std_max,overdue_delay_numeric,feature,P2_missingness_review,route_to_overdue_delay_eda; consider_missingness_logic_later,overdue_delay_eda,high combined missingness,71.94474344007207,65.95888724766125,5.985856192410822,2048,560.0,False,False,71.12573858612511,2162,71.12573858612511,high_missing
cc_dpd_def_std_min,overdue_delay_numeric,feature,P2_missingness_review,route_to_overdue_delay_eda; consider_missingness_logic_later,overdue_delay_eda,high combined missingness,71.94474344007207,65.95888724766125,5.985856192410822,2039,557.0,False,False,71.12573858612511,2151,71.12573858612511,high_missing
cc_dpd_def_std_sum,overdue_delay_numeric,feature,P2_missingness_review,route_to_overdue_delay_eda; consider_missingness_logic_later,overdue_delay_eda,high combined missingness,71.73922233676193,65.83579517479075,5.90342716197118,2053,561.0,False,False,70.931495698306,2168,70.931495698306,high_missing
cc_credit_utilization_mean_mean,ratio_rate_numeric,feature,P2_missingness_review,route_to_ratio_rate_eda; consider_missingness_logic_later,ratio_rate_eda,high combined missingness,72.02181385381336,66.33636960446414,5.685444249349217,59049,10604.0,False,False,71.24391236614223,69459,71.24391236614223,high_missing
cc_credit_utilization_mean_max,ratio_rate_numeric,feature,P2_missingness_review,route_to_ratio_rate_eda; consider_missingness_logic_later,ratio_rate_eda,high combined missingness,72.02181385381336,66.33636960446414,5.685444249349217,59045,10604.0,False,False,71.24391236614223,69449,71.24391236614223,high_missing
cc_credit_utilization_mean_min,ratio_rate_numeric,feature,P2_missingness_review,route_to_ratio_rate_eda; consider_missingness_logic_later,ratio_rate_eda,high combined missingness,72.02181385381336,66.33636960446414,5.685444249349217,58817,10527.0,False,False,71.24391236614223,69144,71.24391236614223,high_missing
cc_credit_utilization_mean_sum,ratio_rate_numeric,feature,P2_missingness_review,route_to_ratio_rate_eda; consider_missingness_logic_later,ratio_rate_eda,high combined missingness,71.73922233676193,65.83579517479075,5.90342716197118,59047,10604.0,False,False,70.931495698306,69454,70.931495698306,high_missing
cc_credit_utilization_max_mean,ratio_rate_numeric,feature,P2_missingness_review,route_to_ratio_rate_eda; consider_missingness_logic_later,ratio_rate_eda,high combined missingness,72.02181385381336,66.33636960446414,5.685444249349217,55768,10398.0,False,False,71.24391236614223,65180,71.24391236614223,high_missing
cc_credit_utilization_max_max,ratio_rate_numeric,feature,P2_missingness_review,route_to_ratio_rate_eda; consider_missingness_logic_later,ratio_rate_eda,high combined missingness,72.02181385381336,66.33636960446414,5.685444249349217,55724,10395.0,False,False,71.24391236614223,65113,71.24391236614223,high_missing
cc_credit_utilization_max_min,ratio_rate_numeric,feature,P2_missingness_review,route_to_ratio_rate_eda; consider_missingness_logic_later,ratio_rate_eda,high combined missingness,72.02181385381336,66.33636960446414,5.685444249349217,55534,10320.0,False,False,71.24391236614223,64870,71.24391236614223,high_missing
cc_credit_utilization_max_sum,ratio_rate_numeric,feature,P2_missingness_review,route_to_ratio_rate_eda; consider_missingness_logic_later,ratio_rate_eda,high combined missingness,71.73922233676193,65.83579517479075,5.90342716197118,55753,10397.0,False,False,70.931495698306,65164,70.931495698306,high_missing
cc_credit_utilization_min_mean,ratio_rate_numeric,feature,P2_missingness_review,route_to_ratio_rate_eda; consider_missingness_logic_later,ratio_rate_eda,high combined missingness,72.02181385381336,66.33636960446414,5.685444249349217,12422,2062.0,False,False,71.24391236614223,14326,71.24391236614223,high_missing
cc_credit_utilization_min_max,ratio_rate_numeric,feature,P2_missingness_review,route_to_ratio_rate_eda; consider_missingness_logic_later,ratio_rate_eda,high combined missingness,72.02181385381336,66.33636960446414,5.685444249349217,12412,2060.0,False,False,71.24391236614223,14315,71.24391236614223,high_missing
cc_credit_utilization_min_min,ratio_rate_numeric,feature,P2_missingness_review,route_to_ratio_rate_eda; consider_missingness_logic_later,ratio_rate_eda,high combined missingness,72.02181385381336,66.33636960446414,5.685444249349217,12331,2015.0,False,False,71.24391236614223,14189,71.24391236614223,high_missing
cc_credit_utilization_min_sum,ratio_rate_numeric,feature,P2_missingness_review,route_to_ratio_rate_eda; consider_missingness_logic_later,ratio_rate_eda,high combined missingness,71.73922233676193,65.83579517479075,5.90342716197118,12415,2061.0,False,False,70.931495698306,14318,70.931495698306,high_missing
cc_credit_utilization_std_mean,ratio_rate_numeric,feature,P2_missingness_review,route_to_ratio_rate_eda; consider_missingness_logic_later,ratio_rate_eda,high combined missingness,72.2348143643642,66.40612177909077,5.82869258527343,58877,10592.0,False,False,71.43731316051705,69268,71.43731316051705,high_missing
cc_credit_utilization_std_max,ratio_rate_numeric,feature,P2_missingness_review,route_to_ratio_rate_eda; consider_missingness_logic_later,ratio_rate_eda,high combined missingness,72.2348143643642,66.40612177909077,5.82869258527343,58871,10592.0,False,False,71.43731316051705,69253,71.43731316051705,high_missing
cc_credit_utilization_std_min,ratio_rate_numeric,feature,P2_missingness_review,route_to_ratio_rate_eda; consider_missingness_logic_later,ratio_rate_eda,high combined missingness,72.2348143643642,66.40612177909077,5.82869258527343,58664,10517.0,False,False,71.43731316051705,68978,71.43731316051705,high_missing
cc_credit_utilization_std_sum,ratio_rate_numeric,feature,P2_missingness_review,route_to_ratio_rate_eda; consider_missingness_logic_later,ratio_rate_eda,high combined missingness,71.73922233676193,65.83579517479075,5.90342716197118,58876,10592.0,False,False,70.931495698306,69264,70.931495698306,high_missing
cc_credit_utilization_capped_mean_mean,ratio_rate_numeric,feature,P2_missingness_review,route_to_ratio_rate_eda; consider_missingness_logic_later,ratio_rate_eda,high combined missingness,72.02181385381336,66.33636960446414,5.685444249349217,59028,10597.0,False,False,71.24391236614223,69432,71.24391236614223,high_missing
cc_credit_utilization_capped_mean_max,ratio_rate_numeric,feature,P2_missingness_review,route_to_ratio_rate_eda; consider_missingness_logic_later,ratio_rate_eda,high combined missingness,72.02181385381336,66.33636960446414,5.685444249349217,59024,10597.0,False,False,71.24391236614223,69422,71.24391236614223,high_missing
cc_credit_utilization_capped_mean_min,ratio_rate_numeric,feature,P2_missingness_review,route_to_ratio_rate_eda; consider_missingness_logic_later,ratio_rate_eda,high combined missingness,72.02181385381336,66.33636960446414,5.685444249349217,58796,10520.0,False,False,71.24391236614223,69117,71.24391236614223,high_missing
cc_credit_utilization_capped_mean_sum,ratio_rate_numeric,feature,P2_missingness_review,route_to_ratio_rate_eda; consider_missingness_logic_later,ratio_rate_eda,high combined missingness,71.73922233676193,65.83579517479075,5.90342716197118,59025,10597.0,False,False,70.931495698306,69426,70.931495698306,high_missing
cc_credit_utilization_capped_max_mean,ratio_rate_numeric,feature,P2_missingness_review,route_to_ratio_rate_eda; consider_missingness_logic_later,ratio_rate_eda,high combined missingness,72.02181385381336,66.33636960446414,5.685444249349217,55768,10398.0,False,False,71.24391236614223,65180,71.24391236614223,high_missing
cc_credit_utilization_capped_max_max,ratio_rate_numeric,feature,P2_missingness_review,route_to_ratio_rate_eda; consider_missingness_logic_later,ratio_rate_eda,high combined missingness,72.02181385381336,66.33636960446414,5.685444249349217,55724,10395.0,False,False,71.24391236614223,65113,71.24391236614223,high_missing
cc_credit_utilization_capped_max_min,ratio_rate_numeric,feature,P2_missingness_review,route_to_ratio_rate_eda; consider_missingness_logic_later,ratio_rate_eda,high combined missingness,72.02181385381336,66.33636960446414,5.685444249349217,55534,10320.0,False,False,71.24391236614223,64870,71.24391236614223,high_missing
cc_credit_utilization_capped_max_sum,ratio_rate_numeric,feature,P2_missingness_review,route_to_ratio_rate_eda; consider_missingness_logic_later,ratio_rate_eda,high combined missingness,71.73922233676193,65.83579517479075,5.90342716197118,55753,10397.0,False,False,70.931495698306,65164,70.931495698306,high_missing
cc_credit_utilization_capped_min_mean,ratio_rate_numeric,feature,P2_missingness_review,route_to_ratio_rate_eda; consider_missingness_logic_later,ratio_rate_eda,high combined missingness,72.02181385381336,66.33636960446414,5.685444249349217,11893,1965.0,False,False,71.24391236614223,13712,71.24391236614223,high_missing
cc_credit_utilization_capped_min_max,ratio_rate_numeric,feature,P2_missingness_review,route_to_ratio_rate_eda; consider_missingness_logic_later,ratio_rate_eda,high combined missingness,72.02181385381336,66.33636960446414,5.685444249349217,11887,1964.0,False,False,71.24391236614223,13705,71.24391236614223,high_missing
cc_credit_utilization_capped_min_min,ratio_rate_numeric,feature,P2_missingness_review,route_to_ratio_rate_eda; consider_missingness_logic_later,ratio_rate_eda,high combined missingness,72.02181385381336,66.33636960446414,5.685444249349217,11802,1918.0,False,False,71.24391236614223,13575,71.24391236614223,high_missing
cc_credit_utilization_capped_min_sum,ratio_rate_numeric,feature,P2_missingness_review,route_to_ratio_rate_eda; consider_missingness_logic_later,ratio_rate_eda,high combined missingness,71.73922233676193,65.83579517479075,5.90342716197118,11887,1964.0,False,False,70.931495698306,13705,70.931495698306,high_missing
cc_credit_utilization_capped_std_mean,ratio_rate_numeric,feature,P2_missingness_review,route_to_ratio_rate_eda; consider_missingness_logic_later,ratio_rate_eda,high combined missingness,72.2348143643642,66.40612177909077,5.82869258527343,58854,10585.0,False,False,71.43731316051705,69238,71.43731316051705,high_missing
cc_credit_utilization_capped_std_max,ratio_rate_numeric,feature,P2_missingness_review,route_to_ratio_rate_eda; consider_missingness_logic_later,ratio_rate_eda,high combined missingness,72.2348143643642,66.40612177909077,5.82869258527343,58848,10585.0,False,False,71.43731316051705,69223,71.43731316051705,high_missing
cc_credit_utilization_capped_std_min,ratio_rate_numeric,feature,P2_missingness_review,route_to_ratio_rate_eda; consider_missingness_logic_later,ratio_rate_eda,high combined missingness,72.2348143643642,66.40612177909077,5.82869258527343,58641,10510.0,False,False,71.43731316051705,68948,71.43731316051705,high_missing
cc_credit_utilization_capped_std_sum,ratio_rate_numeric,feature,P2_missingness_review,route_to_ratio_rate_eda; consider_missingness_logic_later,ratio_rate_eda,high combined missingness,71.73922233676193,65.83579517479075,5.90342716197118,58853,10585.0,False,False,70.931495698306,69234,70.931495698306,high_missing
cc_total_receivable_to_limit_mean_mean,ratio_rate_numeric,feature,P2_missingness_review,route_to_ratio_rate_eda; consider_missingness_logic_later,ratio_rate_eda,high combined missingness,72.02181385381336,66.33636960446414,5.685444249349217,58812,10563.0,False,False,71.24391236614223,69166,71.24391236614223,high_missing
cc_total_receivable_to_limit_mean_max,ratio_rate_numeric,feature,P2_missingness_review,route_to_ratio_rate_eda; consider_missingness_logic_later,ratio_rate_eda,high combined missingness,72.02181385381336,66.33636960446414,5.685444249349217,58808,10563.0,False,False,71.24391236614223,69155,71.24391236614223,high_missing
cc_total_receivable_to_limit_mean_min,ratio_rate_numeric,feature,P2_missingness_review,route_to_ratio_rate_eda; consider_missingness_logic_later,ratio_rate_eda,high combined missingness,72.02181385381336,66.33636960446414,5.685444249349217,58575,10485.0,False,False,71.24391236614223,68847,71.24391236614223,high_missing
cc_total_receivable_to_limit_mean_sum,ratio_rate_numeric,feature,P2_missingness_review,route_to_ratio_rate_eda; consider_missingness_logic_later,ratio_rate_eda,high combined missingness,71.73922233676193,65.83579517479075,5.90342716197118,58809,10563.0,False,False,70.931495698306,69160,70.931495698306,high_missing
cc_total_receivable_to_limit_max_mean,ratio_rate_numeric,feature,P2_missingness_review,route_to_ratio_rate_eda; consider_missingness_logic_later,ratio_rate_eda,high combined missingness,72.02181385381336,66.33636960446414,5.685444249349217,55378,10304.0,False,False,71.24391236614223,64721,71.24391236614223,high_missing
cc_total_receivable_to_limit_max_max,ratio_rate_numeric,feature,P2_missingness_review,route_to_ratio_rate_eda; consider_missingness_logic_later,ratio_rate_eda,high combined missingness,72.02181385381336,66.33636960446414,5.685444249349217,55334,10300.0,False,False,71.24391236614223,64652,71.24391236614223,high_missing
cc_total_receivable_to_limit_max_min,ratio_rate_numeric,feature,P2_missingness_review,route_to_ratio_rate_eda; consider_missingness_logic_later,ratio_rate_eda,high combined missingness,72.02181385381336,66.33636960446414,5.685444249349217,55140,10229.0,False,False,71.24391236614223,64411,71.24391236614223,high_missing
cc_total_receivable_to_limit_max_sum,ratio_rate_numeric,feature,P2_missingness_review,route_to_ratio_rate_eda; consider_missingness_logic_later,ratio_rate_eda,high combined missingness,71.73922233676193,65.83579517479075,5.90342716197118,55363,10302.0,False,False,70.931495698306,64705,70.931495698306,high_missing
cc_total_receivable_to_limit_min_mean,ratio_rate_numeric,feature,P2_missingness_review,route_to_ratio_rate_eda; consider_missingness_logic_later,ratio_rate_eda,high combined missingness,72.02181385381336,66.33636960446414,5.685444249349217,18195,3069.0,False,False,71.24391236614223,20832,71.24391236614223,high_missing
cc_total_receivable_to_limit_min_max,ratio_rate_numeric,feature,P2_missingness_review,route_to_ratio_rate_eda; consider_missingness_logic_later,ratio_rate_eda,high combined missingness,72.02181385381336,66.33636960446414,5.685444249349217,18065,3039.0,False,False,71.24391236614223,20683,71.24391236614223,high_missing
cc_total_receivable_to_limit_min_min,ratio_rate_numeric,feature,P2_missingness_review,route_to_ratio_rate_eda; consider_missingness_logic_later,ratio_rate_eda,high combined missingness,72.02181385381336,66.33636960446414,5.685444249349217,18134,3036.0,False,False,71.24391236614223,20733,71.24391236614223,high_missing
cc_total_receivable_to_limit_min_sum,ratio_rate_numeric,feature,P2_missingness_review,route_to_ratio_rate_eda; consider_missingness_logic_later,ratio_rate_eda,high combined missingness,71.73922233676193,65.83579517479075,5.90342716197118,18195,3067.0,False,False,70.931495698306,20827,70.931495698306,high_missing
cc_total_receivable_to_limit_std_mean,ratio_rate_numeric,feature,P2_missingness_review,route_to_ratio_rate_eda; consider_missingness_logic_later,ratio_rate_eda,high combined missingness,72.2348143643642,66.40612177909077,5.82869258527343,58625,10556.0,False,False,71.43731316051705,68966,71.43731316051705,high_missing
cc_total_receivable_to_limit_std_max,ratio_rate_numeric,feature,P2_missingness_review,route_to_ratio_rate_eda; consider_missingness_logic_later,ratio_rate_eda,high combined missingness,72.2348143643642,66.40612177909077,5.82869258527343,58620,10556.0,False,False,71.43731316051705,68953,71.43731316051705,high_missing
cc_total_receivable_to_limit_std_min,ratio_rate_numeric,feature,P2_missingness_review,route_to_ratio_rate_eda; consider_missingness_logic_later,ratio_rate_eda,high combined missingness,72.2348143643642,66.40612177909077,5.82869258527343,58408,10480.0,False,False,71.43731316051705,68673,71.43731316051705,high_missing
cc_total_receivable_to_limit_std_sum,ratio_rate_numeric,feature,P2_missingness_review,route_to_ratio_rate_eda; consider_missingness_logic_later,ratio_rate_eda,high combined missingness,71.73922233676193,65.83579517479075,5.90342716197118,58624,10556.0,False,False,70.931495698306,68964,70.931495698306,high_missing
cc_principal_receivable_to_limit_mean_mean,ratio_rate_numeric,feature,P2_missingness_review,route_to_ratio_rate_eda; consider_missingness_logic_later,ratio_rate_eda,high combined missingness,72.02181385381336,66.33636960446414,5.685444249349217,58171,10475.0,False,False,71.24391236614223,68404,71.24391236614223,high_missing
cc_principal_receivable_to_limit_mean_max,ratio_rate_numeric,feature,P2_missingness_review,route_to_ratio_rate_eda; consider_missingness_logic_later,ratio_rate_eda,high combined missingness,72.02181385381336,66.33636960446414,5.685444249349217,58168,10475.0,False,False,71.24391236614223,68397,71.24391236614223,high_missing
cc_principal_receivable_to_limit_mean_min,ratio_rate_numeric,feature,P2_missingness_review,route_to_ratio_rate_eda; consider_missingness_logic_later,ratio_rate_eda,high combined missingness,72.02181385381336,66.33636960446414,5.685444249349217,57938,10398.0,False,False,71.24391236614223,68090,71.24391236614223,high_missing
cc_principal_receivable_to_limit_mean_sum,ratio_rate_numeric,feature,P2_missingness_review,route_to_ratio_rate_eda; consider_missingness_logic_later,ratio_rate_eda,high combined missingness,71.73922233676193,65.83579517479075,5.90342716197118,58171,10475.0,False,False,70.931495698306,68403,70.931495698306,high_missing
cc_principal_receivable_to_limit_max_mean,ratio_rate_numeric,feature,P2_missingness_review,route_to_ratio_rate_eda; consider_missingness_logic_later,ratio_rate_eda,high combined missingness,72.02181385381336,66.33636960446414,5.685444249349217,41921,8747.0,False,False,71.24391236614223,49142,71.24391236614223,high_missing
cc_principal_receivable_to_limit_max_max,ratio_rate_numeric,feature,P2_missingness_review,route_to_ratio_rate_eda; consider_missingness_logic_later,ratio_rate_eda,high combined missingness,72.02181385381336,66.33636960446414,5.685444249349217,41825,8729.0,False,False,71.24391236614223,49005,71.24391236614223,high_missing
cc_principal_receivable_to_limit_max_min,ratio_rate_numeric,feature,P2_missingness_review,route_to_ratio_rate_eda; consider_missingness_logic_later,ratio_rate_eda,high combined missingness,72.02181385381336,66.33636960446414,5.685444249349217,41740,8678.0,False,False,71.24391236614223,48890,71.24391236614223,high_missing
cc_principal_receivable_to_limit_max_sum,ratio_rate_numeric,feature,P2_missingness_review,route_to_ratio_rate_eda; consider_missingness_logic_later,ratio_rate_eda,high combined missingness,71.73922233676193,65.83579517479075,5.90342716197118,41907,8747.0,False,False,70.931495698306,49125,70.931495698306,high_missing
cc_principal_receivable_to_limit_min_mean,ratio_rate_numeric,feature,P2_missingness_review,route_to_ratio_rate_eda; consider_missingness_logic_later,ratio_rate_eda,high combined missingness,72.02181385381336,66.33636960446414,5.685444249349217,9075,1595.0,False,False,71.24391236614223,10491,71.24391236614223,high_missing
cc_principal_receivable_to_limit_min_max,ratio_rate_numeric,feature,P2_missingness_review,route_to_ratio_rate_eda; consider_missingness_logic_later,ratio_rate_eda,high combined missingness,72.02181385381336,66.33636960446414,5.685444249349217,9068,1593.0,False,False,71.24391236614223,10485,71.24391236614223,high_missing
cc_principal_receivable_to_limit_min_min,ratio_rate_numeric,feature,P2_missingness_review,route_to_ratio_rate_eda; consider_missingness_logic_later,ratio_rate_eda,high combined missingness,72.02181385381336,66.33636960446414,5.685444249349217,9008,1556.0,False,False,71.24391236614223,10389,71.24391236614223,high_missing
cc_principal_receivable_to_limit_min_sum,ratio_rate_numeric,feature,P2_missingness_review,route_to_ratio_rate_eda; consider_missingness_logic_later,ratio_rate_eda,high combined missingness,71.73922233676193,65.83579517479075,5.90342716197118,9071,1594.0,False,False,70.931495698306,10488,70.931495698306,high_missing
cc_recivable_to_limit_mean_mean,ratio_rate_numeric,feature,P2_missingness_review,route_to_ratio_rate_eda; consider_missingness_logic_later,ratio_rate_eda,high combined missingness,72.02181385381336,66.33636960446414,5.685444249349217,58815,10563.0,False,False,71.24391236614223,69168,71.24391236614223,high_missing
cc_recivable_to_limit_mean_max,ratio_rate_numeric,feature,P2_missingness_review,route_to_ratio_rate_eda; consider_missingness_logic_later,ratio_rate_eda,high combined missingness,72.02181385381336,66.33636960446414,5.685444249349217,58811,10563.0,False,False,71.24391236614223,69156,71.24391236614223,high_missing
cc_recivable_to_limit_mean_min,ratio_rate_numeric,feature,P2_missingness_review,route_to_ratio_rate_eda; consider_missingness_logic_later,ratio_rate_eda,high combined missingness,72.02181385381336,66.33636960446414,5.685444249349217,58578,10485.0,False,False,71.24391236614223,68849,71.24391236614223,high_missing
cc_recivable_to_limit_mean_sum,ratio_rate_numeric,feature,P2_missingness_review,route_to_ratio_rate_eda; consider_missingness_logic_later,ratio_rate_eda,high combined missingness,71.73922233676193,65.83579517479075,5.90342716197118,58812,10563.0,False,False,70.931495698306,69162,70.931495698306,high_missing
cc_recivable_to_limit_max_mean,ratio_rate_numeric,feature,P2_missingness_review,route_to_ratio_rate_eda; consider_missingness_logic_later,ratio_rate_eda,high combined missingness,72.02181385381336,66.33636960446414,5.685444249349217,55379,10304.0,False,False,71.24391236614223,64721,71.24391236614223,high_missing
cc_recivable_to_limit_max_max,ratio_rate_numeric,feature,P2_missingness_review,route_to_ratio_rate_eda; consider_missingness_logic_later,ratio_rate_eda,high combined missingness,72.02181385381336,66.33636960446414,5.685444249349217,55334,10300.0,False,False,71.24391236614223,64651,71.24391236614223,high_missing
cc_recivable_to_limit_max_min,ratio_rate_numeric,feature,P2_missingness_review,route_to_ratio_rate_eda; consider_missingness_logic_later,ratio_rate_eda,high combined missingness,72.02181385381336,66.33636960446414,5.685444249349217,55141,10229.0,False,False,71.24391236614223,64411,71.24391236614223,high_missing
cc_recivable_to_limit_max_sum,ratio_rate_numeric,feature,P2_missingness_review,route_to_ratio_rate_eda; consider_missingness_logic_later,ratio_rate_eda,high combined missingness,71.73922233676193,65.83579517479075,5.90342716197118,55363,10302.0,False,False,70.931495698306,64704,70.931495698306,high_missing
cc_recivable_to_limit_min_mean,ratio_rate_numeric,feature,P2_missingness_review,route_to_ratio_rate_eda; consider_missingness_logic_later,ratio_rate_eda,high combined missingness,72.02181385381336,66.33636960446414,5.685444249349217,18196,3069.0,False,False,71.24391236614223,20833,71.24391236614223,high_missing
cc_recivable_to_limit_min_max,ratio_rate_numeric,feature,P2_missingness_review,route_to_ratio_rate_eda; consider_missingness_logic_later,ratio_rate_eda,high combined missingness,72.02181385381336,66.33636960446414,5.685444249349217,18066,3039.0,False,False,71.24391236614223,20684,71.24391236614223,high_missing
cc_recivable_to_limit_min_min,ratio_rate_numeric,feature,P2_missingness_review,route_to_ratio_rate_eda; consider_missingness_logic_later,ratio_rate_eda,high combined missingness,72.02181385381336,66.33636960446414,5.685444249349217,18135,3036.0,False,False,71.24391236614223,20734,71.24391236614223,high_missing
cc_recivable_to_limit_min_sum,ratio_rate_numeric,feature,P2_missingness_review,route_to_ratio_rate_eda; consider_missingness_logic_later,ratio_rate_eda,high combined missingness,71.73922233676193,65.83579517479075,5.90342716197118,18196,3067.0,False,False,70.931495698306,20828,70.931495698306,high_missing
cc_payment_to_balance_ratio_mean_mean,ratio_rate_numeric,feature,P1_missingness_review,route_to_ratio_rate_eda; also missingness_review,ratio_rate_eda,extreme combined missingness; very high unique percentage,80.83710826604576,78.47324798949614,2.363860276549616,58076,10431.0,False,False,80.51367700102455,68208,80.51367700102455,extreme_missing; high_unique_pct
cc_payment_to_balance_ratio_mean_max,ratio_rate_numeric,feature,P1_missingness_review,route_to_ratio_rate_eda; also missingness_review,ratio_rate_eda,extreme combined missingness; very high unique percentage,80.83710826604576,78.47324798949614,2.363860276549616,58070,10430.0,False,False,80.51367700102455,68187,80.51367700102455,extreme_missing; high_unique_pct
cc_payment_to_balance_ratio_mean_min,ratio_rate_numeric,feature,P1_missingness_review,route_to_ratio_rate_eda; also missingness_review,ratio_rate_eda,extreme combined missingness; very high unique percentage,80.83710826604576,78.47324798949614,2.363860276549616,58071,10429.0,False,False,80.51367700102455,68198,80.51367700102455,extreme_missing; high_unique_pct
cc_payment_to_balance_ratio_mean_sum,ratio_rate_numeric,feature,P2_missingness_review,route_to_ratio_rate_eda; consider_missingness_logic_later,ratio_rate_eda,high combined missingness,71.73922233676193,65.83579517479075,5.90342716197118,58076,10431.0,False,False,70.931495698306,68208,70.931495698306,high_missing
cc_payment_to_balance_ratio_max_mean,ratio_rate_numeric,feature,P1_missingness_review,route_to_ratio_rate_eda; also missingness_review,ratio_rate_eda,extreme combined missingness; very high unique percentage,80.83710826604576,78.47324798949614,2.363860276549616,56862,10372.0,False,False,80.51367700102455,66479,80.51367700102455,extreme_missing; high_unique_pct
cc_payment_to_balance_ratio_max_max,ratio_rate_numeric,feature,P1_missingness_review,route_to_ratio_rate_eda; also missingness_review,ratio_rate_eda,extreme combined missingness; very high unique percentage,80.83710826604576,78.47324798949614,2.363860276549616,56845,10371.0,False,False,80.51367700102455,66437,80.51367700102455,extreme_missing; high_unique_pct
cc_payment_to_balance_ratio_max_min,ratio_rate_numeric,feature,P1_missingness_review,route_to_ratio_rate_eda; also missingness_review,ratio_rate_eda,extreme combined missingness; very high unique percentage,80.83710826604576,78.47324798949614,2.363860276549616,56856,10370.0,False,False,80.51367700102455,66465,80.51367700102455,extreme_missing; high_unique_pct
cc_payment_to_balance_ratio_max_sum,ratio_rate_numeric,feature,P2_missingness_review,route_to_ratio_rate_eda; consider_missingness_logic_later,ratio_rate_eda,high combined missingness,71.73922233676193,65.83579517479075,5.90342716197118,56862,10372.0,False,False,70.931495698306,66479,70.931495698306,high_missing
cc_payment_to_balance_ratio_min_mean,ratio_rate_numeric,feature,P1_missingness_review,route_to_ratio_rate_eda; also missingness_review,ratio_rate_eda,extreme combined missingness,80.83710826604576,78.47324798949614,2.363860276549616,25779,5160.0,False,False,80.51367700102455,30733,80.51367700102455,extreme_missing
cc_payment_to_balance_ratio_min_max,ratio_rate_numeric,feature,P1_missingness_review,route_to_ratio_rate_eda; also missingness_review,ratio_rate_eda,extreme combined missingness,80.83710826604576,78.47324798949614,2.363860276549616,25777,5160.0,False,False,80.51367700102455,30722,80.51367700102455,extreme_missing
cc_payment_to_balance_ratio_min_min,ratio_rate_numeric,feature,P1_missingness_review,route_to_ratio_rate_eda; also missingness_review,ratio_rate_eda,extreme combined missingness,80.83710826604576,78.47324798949614,2.363860276549616,25667,5115.0,False,False,80.51367700102455,30572,80.51367700102455,extreme_missing
cc_payment_to_balance_ratio_min_sum,ratio_rate_numeric,feature,P2_missingness_review,route_to_ratio_rate_eda; consider_missingness_logic_later,ratio_rate_eda,high combined missingness,71.73922233676193,65.83579517479075,5.90342716197118,25779,5160.0,False,False,70.931495698306,30728,70.931495698306,high_missing
cc_payment_to_balance_ratio_std_mean,ratio_rate_numeric,feature,P1_missingness_review,route_to_ratio_rate_eda; also missingness_review,ratio_rate_eda,extreme combined missingness; very high unique percentage,81.33204991040971,79.14615132118826,2.185898589221452,56865,10157.0,False,False,81.03296795834444,66740,81.03296795834444,extreme_missing; high_unique_pct
cc_payment_to_balance_ratio_std_max,ratio_rate_numeric,feature,P1_missingness_review,route_to_ratio_rate_eda; also missingness_review,ratio_rate_eda,extreme combined missingness; very high unique percentage,81.33204991040971,79.14615132118826,2.185898589221452,56860,10157.0,False,False,81.03296795834444,66723,81.03296795834444,extreme_missing; high_unique_pct
cc_payment_to_balance_ratio_std_min,ratio_rate_numeric,feature,P1_missingness_review,route_to_ratio_rate_eda; also missingness_review,ratio_rate_eda,extreme combined missingness; very high unique percentage,81.33204991040971,79.14615132118826,2.185898589221452,56865,10156.0,False,False,81.03296795834444,66736,81.03296795834444,extreme_missing; high_unique_pct
cc_payment_to_balance_ratio_std_sum,ratio_rate_numeric,feature,P2_missingness_review,route_to_ratio_rate_eda; consider_missingness_logic_later,ratio_rate_eda,high combined missingness,71.73922233676193,65.83579517479075,5.90342716197118,56865,10157.0,False,False,70.931495698306,66740,70.931495698306,high_missing
cc_total_payment_to_balance_ratio_mean_mean,ratio_rate_numeric,feature,P1_missingness_review,route_to_ratio_rate_eda; also missingness_review,ratio_rate_eda,extreme combined missingness; very high unique percentage,80.61825430635001,78.1860331527983,2.432221153551708,58019,10414.0,False,False,80.28546967761856,68135,80.28546967761856,extreme_missing; high_unique_pct
cc_total_payment_to_balance_ratio_mean_max,ratio_rate_numeric,feature,P1_missingness_review,route_to_ratio_rate_eda; also missingness_review,ratio_rate_eda,extreme combined missingness; very high unique percentage,80.61825430635001,78.1860331527983,2.432221153551708,58012,10413.0,False,False,80.28546967761856,68113,80.28546967761856,extreme_missing; high_unique_pct
cc_total_payment_to_balance_ratio_mean_min,ratio_rate_numeric,feature,P1_missingness_review,route_to_ratio_rate_eda; also missingness_review,ratio_rate_eda,extreme combined missingness; very high unique percentage,80.61825430635001,78.1860331527983,2.432221153551708,58002,10411.0,False,False,80.28546967761856,68111,80.28546967761856,extreme_missing; high_unique_pct
cc_total_payment_to_balance_ratio_mean_sum,ratio_rate_numeric,feature,P2_missingness_review,route_to_ratio_rate_eda; consider_missingness_logic_later,ratio_rate_eda,high combined missingness,71.73922233676193,65.83579517479075,5.90342716197118,58019,10414.0,False,False,70.931495698306,68135,70.931495698306,high_missing
cc_total_payment_to_balance_ratio_max_mean,ratio_rate_numeric,feature,P1_missingness_review,route_to_ratio_rate_eda; also missingness_review,ratio_rate_eda,extreme combined missingness,80.61825430635001,78.1860331527983,2.432221153551708,56689,10334.0,False,False,80.28546967761856,66254,80.28546967761856,extreme_missing
cc_total_payment_to_balance_ratio_max_max,ratio_rate_numeric,feature,P1_missingness_review,route_to_ratio_rate_eda; also missingness_review,ratio_rate_eda,extreme combined missingness,80.61825430635001,78.1860331527983,2.432221153551708,56671,10332.0,False,False,80.28546967761856,66211,80.28546967761856,extreme_missing
cc_total_payment_to_balance_ratio_max_min,ratio_rate_numeric,feature,P1_missingness_review,route_to_ratio_rate_eda; also missingness_review,ratio_rate_eda,extreme combined missingness,80.61825430635001,78.1860331527983,2.432221153551708,56671,10331.0,False,False,80.28546967761856,66227,80.28546967761856,extreme_missing
cc_total_payment_to_balance_ratio_max_sum,ratio_rate_numeric,feature,P2_missingness_review,route_to_ratio_rate_eda; consider_missingness_logic_later,ratio_rate_eda,high combined missingness,71.73922233676193,65.83579517479075,5.90342716197118,56689,10334.0,False,False,70.931495698306,66253,70.931495698306,high_missing
cc_total_payment_to_balance_ratio_min_mean,ratio_rate_numeric,feature,P1_missingness_review,route_to_ratio_rate_eda; also missingness_review,ratio_rate_eda,extreme combined missingness,80.61825430635001,78.1860331527983,2.432221153551708,9115,1979.0,False,False,80.28546967761856,11001,80.28546967761856,extreme_missing
cc_total_payment_to_balance_ratio_min_max,ratio_rate_numeric,feature,P1_missingness_review,route_to_ratio_rate_eda; also missingness_review,ratio_rate_eda,extreme combined missingness,80.61825430635001,78.1860331527983,2.432221153551708,9113,1978.0,False,False,80.28546967761856,10995,80.28546967761856,extreme_missing
cc_total_payment_to_balance_ratio_min_min,ratio_rate_numeric,feature,P1_missingness_review,route_to_ratio_rate_eda; also missingness_review,ratio_rate_eda,extreme combined missingness,80.61825430635001,78.1860331527983,2.432221153551708,9040,1949.0,False,False,80.28546967761856,10896,80.28546967761856,extreme_missing
cc_total_payment_to_balance_ratio_min_sum,ratio_rate_numeric,feature,P2_missingness_review,route_to_ratio_rate_eda; consider_missingness_logic_later,ratio_rate_eda,high combined missingness,71.73922233676193,65.83579517479075,5.90342716197118,9114,1979.0,False,False,70.931495698306,10996,70.931495698306,high_missing
cc_total_payment_to_balance_ratio_std_mean,ratio_rate_numeric,feature,P1_missingness_review,route_to_ratio_rate_eda; also missingness_review,ratio_rate_eda,extreme combined missingness; very high unique percentage,81.10311501051994,78.83226653536846,2.270848475151482,57413,10280.0,False,False,80.79240993108868,67405,80.79240993108868,extreme_missing; high_unique_pct
cc_total_payment_to_balance_ratio_std_max,ratio_rate_numeric,feature,P1_missingness_review,route_to_ratio_rate_eda; also missingness_review,ratio_rate_eda,extreme combined missingness; very high unique percentage,81.10311501051994,78.83226653536846,2.270848475151482,57405,10280.0,False,False,80.79240993108868,67384,80.79240993108868,extreme_missing; high_unique_pct
cc_total_payment_to_balance_ratio_std_min,ratio_rate_numeric,feature,P1_missingness_review,route_to_ratio_rate_eda; also missingness_review,ratio_rate_eda,extreme combined missingness; very high unique percentage,81.10311501051994,78.83226653536846,2.270848475151482,57409,10280.0,False,False,80.79240993108868,67397,80.79240993108868,extreme_missing; high_unique_pct
cc_total_payment_to_balance_ratio_std_sum,ratio_rate_numeric,feature,P2_missingness_review,route_to_ratio_rate_eda; consider_missingness_logic_later,ratio_rate_eda,high combined missingness,71.73922233676193,65.83579517479075,5.90342716197118,57413,10280.0,False,False,70.931495698306,67405,70.931495698306,high_missing
cc_payment_to_min_inst_ratio_mean_mean,ratio_rate_numeric,feature,P1_missingness_review,route_to_ratio_rate_eda; also missingness_review,ratio_rate_eda,extreme combined missingness; very high unique percentage,80.72621792391168,78.22296077465944,2.503257149252235,58217,10536.0,False,False,80.38371391278719,68412,80.38371391278719,extreme_missing; high_unique_pct
cc_payment_to_min_inst_ratio_mean_max,ratio_rate_numeric,feature,P1_missingness_review,route_to_ratio_rate_eda; also missingness_review,ratio_rate_eda,extreme combined missingness; very high unique percentage,80.72621792391168,78.22296077465944,2.503257149252235,58213,10536.0,False,False,80.38371391278719,68399,80.38371391278719,extreme_missing; high_unique_pct
cc_payment_to_min_inst_ratio_mean_min,ratio_rate_numeric,feature,P1_missingness_review,route_to_ratio_rate_eda; also missingness_review,ratio_rate_eda,extreme combined missingness; very high unique percentage,80.72621792391168,78.22296077465944,2.503257149252235,58209,10535.0,False,False,80.38371391278719,68398,80.38371391278719,extreme_missing; high_unique_pct
cc_payment_to_min_inst_ratio_mean_sum,ratio_rate_numeric,feature,P2_missingness_review,route_to_ratio_rate_eda; consider_missingness_logic_later,ratio_rate_eda,high combined missingness,71.73922233676193,65.83579517479075,5.90342716197118,58216,10536.0,False,False,70.931495698306,68411,70.931495698306,high_missing
cc_payment_to_min_inst_ratio_max_mean,ratio_rate_numeric,feature,P1_missingness_review,route_to_ratio_rate_eda; also missingness_review,ratio_rate_eda,extreme combined missingness,80.72621792391168,78.22296077465944,2.503257149252235,47147,9340.0,False,False,80.38371391278719,55024,80.38371391278719,extreme_missing
cc_payment_to_min_inst_ratio_max_max,ratio_rate_numeric,feature,P1_missingness_review,route_to_ratio_rate_eda; also missingness_review,ratio_rate_eda,extreme combined missingness,80.72621792391168,78.22296077465944,2.503257149252235,47090,9328.0,False,False,80.38371391278719,54929,80.38371391278719,extreme_missing
cc_payment_to_min_inst_ratio_max_min,ratio_rate_numeric,feature,P1_missingness_review,route_to_ratio_rate_eda; also missingness_review,ratio_rate_eda,extreme combined missingness,80.72621792391168,78.22296077465944,2.503257149252235,47095,9331.0,False,False,80.38371391278719,54956,80.38371391278719,extreme_missing
cc_payment_to_min_inst_ratio_max_sum,ratio_rate_numeric,feature,P2_missingness_review,route_to_ratio_rate_eda; consider_missingness_logic_later,ratio_rate_eda,high combined missingness,71.73922233676193,65.83579517479075,5.90342716197118,47146,9340.0,False,False,70.931495698306,55021,70.931495698306,high_missing
cc_payment_to_min_inst_ratio_min_mean,ratio_rate_numeric,feature,P1_missingness_review,route_to_ratio_rate_eda; also missingness_review,ratio_rate_eda,extreme combined missingness,80.72621792391168,78.22296077465944,2.503257149252235,22800,4761.0,False,False,80.38371391278719,26977,80.38371391278719,extreme_missing
cc_payment_to_min_inst_ratio_min_max,ratio_rate_numeric,feature,P1_missingness_review,route_to_ratio_rate_eda; also missingness_review,ratio_rate_eda,extreme combined missingness,80.72621792391168,78.22296077465944,2.503257149252235,22771,4750.0,False,False,80.38371391278719,26928,80.38371391278719,extreme_missing
cc_payment_to_min_inst_ratio_min_min,ratio_rate_numeric,feature,P1_missingness_review,route_to_ratio_rate_eda; also missingness_review,ratio_rate_eda,extreme combined missingness,80.72621792391168,78.22296077465944,2.503257149252235,22687,4716.0,False,False,80.38371391278719,26818,80.38371391278719,extreme_missing
cc_payment_to_min_inst_ratio_min_sum,ratio_rate_numeric,feature,P2_missingness_review,route_to_ratio_rate_eda; consider_missingness_logic_later,ratio_rate_eda,high combined missingness,71.73922233676193,65.83579517479075,5.90342716197118,22794,4758.0,False,False,70.931495698306,26965,70.931495698306,high_missing
cc_payment_to_min_inst_ratio_std_mean,ratio_rate_numeric,feature,P1_missingness_review,route_to_ratio_rate_eda; also missingness_review,ratio_rate_eda,extreme combined missingness; very high unique percentage,81.12880514843371,78.8835548990645,2.245250249369207,57386,10271.0,False,False,80.82160250382451,67366,80.82160250382451,extreme_missing; high_unique_pct
cc_payment_to_min_inst_ratio_std_max,ratio_rate_numeric,feature,P1_missingness_review,route_to_ratio_rate_eda; also missingness_review,ratio_rate_eda,extreme combined missingness; very high unique percentage,81.12880514843371,78.8835548990645,2.245250249369207,57383,10271.0,False,False,80.82160250382451,67352,80.82160250382451,extreme_missing; high_unique_pct
cc_payment_to_min_inst_ratio_std_min,ratio_rate_numeric,feature,P1_missingness_review,route_to_ratio_rate_eda; also missingness_review,ratio_rate_eda,extreme combined missingness; very high unique percentage,81.12880514843371,78.8835548990645,2.245250249369207,57384,10269.0,False,False,80.82160250382451,67359,80.82160250382451,extreme_missing; high_unique_pct
cc_payment_to_min_inst_ratio_std_sum,ratio_rate_numeric,feature,P2_missingness_review,route_to_ratio_rate_eda; consider_missingness_logic_later,ratio_rate_eda,high combined missingness,71.73922233676193,65.83579517479075,5.90342716197118,57386,10270.0,False,False,70.931495698306,67365,70.931495698306,high_missing
cc_total_payment_to_min_inst_ratio_mean_mean,ratio_rate_numeric,feature,P1_missingness_review,route_to_ratio_rate_eda; also missingness_review,ratio_rate_eda,extreme combined missingness; very high unique percentage,80.72296600772006,78.21885770556376,2.504108302156297,57497,10469.0,False,False,80.38034553900998,67484,80.38034553900998,extreme_missing; high_unique_pct
cc_total_payment_to_min_inst_ratio_mean_max,ratio_rate_numeric,feature,P1_missingness_review,route_to_ratio_rate_eda; also missingness_review,ratio_rate_eda,extreme combined missingness; very high unique percentage,80.72296600772006,78.21885770556376,2.504108302156297,57490,10469.0,False,False,80.38034553900998,67466,80.38034553900998,extreme_missing; high_unique_pct
cc_total_payment_to_min_inst_ratio_mean_min,ratio_rate_numeric,feature,P1_missingness_review,route_to_ratio_rate_eda; also missingness_review,ratio_rate_eda,extreme combined missingness; very high unique percentage,80.72296600772006,78.21885770556376,2.504108302156297,57486,10468.0,False,False,80.38034553900998,67465,80.38034553900998,extreme_missing; high_unique_pct
cc_total_payment_to_min_inst_ratio_mean_sum,ratio_rate_numeric,feature,P2_missingness_review,route_to_ratio_rate_eda; consider_missingness_logic_later,ratio_rate_eda,high combined missingness,71.73922233676193,65.83579517479075,5.90342716197118,57497,10469.0,False,False,70.931495698306,67485,70.931495698306,high_missing
cc_total_payment_to_min_inst_ratio_max_mean,ratio_rate_numeric,feature,P1_missingness_review,route_to_ratio_rate_eda; also missingness_review,ratio_rate_eda,extreme combined missingness,80.72296600772006,78.21885770556376,2.504108302156297,44371,8938.0,False,False,80.38034553900998,51790,80.38034553900998,extreme_missing
cc_total_payment_to_min_inst_ratio_max_max,ratio_rate_numeric,feature,P1_missingness_review,route_to_ratio_rate_eda; also missingness_review,ratio_rate_eda,extreme combined missingness,80.72296600772006,78.21885770556376,2.504108302156297,44303,8925.0,False,False,80.38034553900998,51683,80.38034553900998,extreme_missing
cc_total_payment_to_min_inst_ratio_max_min,ratio_rate_numeric,feature,P1_missingness_review,route_to_ratio_rate_eda; also missingness_review,ratio_rate_eda,extreme combined missingness,80.72296600772006,78.21885770556376,2.504108302156297,44315,8928.0,False,False,80.38034553900998,51716,80.38034553900998,extreme_missing
cc_total_payment_to_min_inst_ratio_max_sum,ratio_rate_numeric,feature,P2_missingness_review,route_to_ratio_rate_eda; consider_missingness_logic_later,ratio_rate_eda,high combined missingness,71.73922233676193,65.83579517479075,5.90342716197118,44370,8938.0,False,False,70.931495698306,51789,70.931495698306,high_missing
cc_total_payment_to_min_inst_ratio_min_mean,ratio_rate_numeric,feature,P1_missingness_review,route_to_ratio_rate_eda; also missingness_review,ratio_rate_eda,extreme combined missingness,80.72296600772006,78.21885770556376,2.504108302156297,20667,4285.0,False,False,80.38034553900998,24475,80.38034553900998,extreme_missing
cc_total_payment_to_min_inst_ratio_min_max,ratio_rate_numeric,feature,P1_missingness_review,route_to_ratio_rate_eda; also missingness_review,ratio_rate_eda,extreme combined missingness,80.72296600772006,78.21885770556376,2.504108302156297,20651,4281.0,False,False,80.38034553900998,24443,80.38034553900998,extreme_missing
cc_total_payment_to_min_inst_ratio_min_min,ratio_rate_numeric,feature,P1_missingness_review,route_to_ratio_rate_eda; also missingness_review,ratio_rate_eda,extreme combined missingness,80.72296600772006,78.21885770556376,2.504108302156297,20535,4235.0,False,False,80.38034553900998,24293,80.38034553900998,extreme_missing
cc_total_payment_to_min_inst_ratio_min_sum,ratio_rate_numeric,feature,P2_missingness_review,route_to_ratio_rate_eda; consider_missingness_logic_later,ratio_rate_eda,high combined missingness,71.73922233676193,65.83579517479075,5.90342716197118,20658,4283.0,False,False,70.931495698306,24461,70.931495698306,high_missing
cc_total_payment_to_min_inst_ratio_std_mean,ratio_rate_numeric,feature,P1_missingness_review,route_to_ratio_rate_eda; also missingness_review,ratio_rate_eda,extreme combined missingness; very high unique percentage,81.12782957357622,78.88150336451666,2.246326209059561,57334,10265.0,False,False,80.82047971256544,67302,80.82047971256544,extreme_missing; high_unique_pct
cc_total_payment_to_min_inst_ratio_std_max,ratio_rate_numeric,feature,P1_missingness_review,route_to_ratio_rate_eda; also missingness_review,ratio_rate_eda,extreme combined missingness; very high unique percentage,81.12782957357622,78.88150336451666,2.246326209059561,57330,10265.0,False,False,80.82047971256544,67288,80.82047971256544,extreme_missing; high_unique_pct
cc_total_payment_to_min_inst_ratio_std_min,ratio_rate_numeric,feature,P1_missingness_review,route_to_ratio_rate_eda; also missingness_review,ratio_rate_eda,extreme combined missingness; very high unique percentage,81.12782957357622,78.88150336451666,2.246326209059561,57330,10264.0,False,False,80.82047971256544,67293,80.82047971256544,extreme_missing; high_unique_pct
cc_total_payment_to_min_inst_ratio_std_sum,ratio_rate_numeric,feature,P2_missingness_review,route_to_ratio_rate_eda; consider_missingness_logic_later,ratio_rate_eda,high combined missingness,71.73922233676193,65.83579517479075,5.90342716197118,57333,10265.0,False,False,70.931495698306,67301,70.931495698306,high_missing
cc_atm_drawing_share_mean_mean,ratio_rate_numeric,feature,P1_missingness_review,route_to_ratio_rate_eda; also missingness_review,ratio_rate_eda,extreme combined missingness,80.60687259967936,78.19423929098967,2.412633308689692,24383,4473.0,False,False,80.27676804536077,28625,80.27676804536077,extreme_missing
cc_atm_drawing_share_mean_max,ratio_rate_numeric,feature,P1_missingness_review,route_to_ratio_rate_eda; also missingness_review,ratio_rate_eda,extreme combined missingness,80.60687259967936,78.19423929098967,2.412633308689692,24309,4446.0,False,False,80.27676804536077,28526,80.27676804536077,extreme_missing
cc_atm_drawing_share_mean_min,ratio_rate_numeric,feature,P1_missingness_review,route_to_ratio_rate_eda; also missingness_review,ratio_rate_eda,extreme combined missingness,80.60687259967936,78.19423929098967,2.412633308689692,24345,4459.0,False,False,80.27676804536077,28574,80.27676804536077,extreme_missing
cc_atm_drawing_share_mean_sum,ratio_rate_numeric,feature,P2_missingness_review,route_to_ratio_rate_eda; consider_missingness_logic_later,ratio_rate_eda,high combined missingness,71.73922233676193,65.83579517479075,5.90342716197118,24392,4477.0,False,False,70.931495698306,28637,70.931495698306,high_missing
cc_atm_drawing_share_max_mean,ratio_rate_numeric,feature,P1_missingness_review,route_to_ratio_rate_eda; also missingness_review,ratio_rate_eda,extreme combined missingness,80.60687259967936,78.19423929098967,2.412633308689692,6985,1381.0,False,False,80.27676804536077,8262,80.27676804536077,extreme_missing
cc_atm_drawing_share_max_max,ratio_rate_numeric,feature,P1_missingness_review,route_to_ratio_rate_eda; also missingness_review,ratio_rate_eda,extreme combined missingness,80.60687259967936,78.19423929098967,2.412633308689692,6940,1362.0,False,False,80.27676804536077,8199,80.27676804536077,extreme_missing
cc_atm_drawing_share_max_min,ratio_rate_numeric,feature,P1_missingness_review,route_to_ratio_rate_eda; also missingness_review,ratio_rate_eda,extreme combined missingness,80.60687259967936,78.19423929098967,2.412633308689692,6973,1377.0,False,False,80.27676804536077,8244,80.27676804536077,extreme_missing
cc_atm_drawing_share_max_sum,ratio_rate_numeric,feature,P2_missingness_review,route_to_ratio_rate_eda; consider_missingness_logic_later,ratio_rate_eda,high combined missingness,71.73922233676193,65.83579517479075,5.90342716197118,6987,1382.0,False,False,70.931495698306,8264,70.931495698306,high_missing
cc_atm_drawing_share_min_mean,ratio_rate_numeric,feature,P1_missingness_review,route_to_ratio_rate_eda; also missingness_review,ratio_rate_eda,extreme combined missingness,80.60687259967936,78.19423929098967,2.412633308689692,5527,887.0,False,False,80.27676804536077,6287,80.27676804536077,extreme_missing
cc_atm_drawing_share_min_max,ratio_rate_numeric,feature,P1_missingness_review,route_to_ratio_rate_eda; also missingness_review,ratio_rate_eda,extreme combined missingness,80.60687259967936,78.19423929098967,2.412633308689692,5517,882.0,False,False,80.27676804536077,6273,80.27676804536077,extreme_missing
cc_atm_drawing_share_min_min,ratio_rate_numeric,feature,P1_missingness_review,route_to_ratio_rate_eda; also missingness_review,ratio_rate_eda,extreme combined missingness,80.60687259967936,78.19423929098967,2.412633308689692,5508,881.0,False,False,80.27676804536077,6263,80.27676804536077,extreme_missing
cc_atm_drawing_share_min_sum,ratio_rate_numeric,feature,P2_missingness_review,route_to_ratio_rate_eda; consider_missingness_logic_later,ratio_rate_eda,high combined missingness,71.73922233676193,65.83579517479075,5.90342716197118,5529,888.0,False,False,70.931495698306,6290,70.931495698306,high_missing
cc_pos_drawing_share_mean_mean,ratio_rate_numeric,feature,P1_missingness_review,route_to_ratio_rate_eda; also missingness_review,ratio_rate_eda,extreme combined missingness,80.60687259967936,78.19423929098967,2.412633308689692,23715,4403.0,False,False,80.27676804536077,27909,80.27676804536077,extreme_missing
cc_pos_drawing_share_mean_max,ratio_rate_numeric,feature,P1_missingness_review,route_to_ratio_rate_eda; also missingness_review,ratio_rate_eda,extreme combined missingness,80.60687259967936,78.19423929098967,2.412633308689692,23688,4394.0,False,False,80.27676804536077,27869,80.27676804536077,extreme_missing
cc_pos_drawing_share_mean_min,ratio_rate_numeric,feature,P1_missingness_review,route_to_ratio_rate_eda; also missingness_review,ratio_rate_eda,extreme combined missingness,80.60687259967936,78.19423929098967,2.412633308689692,23630,4375.0,False,False,80.27676804536077,27793,80.27676804536077,extreme_missing
cc_pos_drawing_share_mean_sum,ratio_rate_numeric,feature,P2_missingness_review,route_to_ratio_rate_eda; consider_missingness_logic_later,ratio_rate_eda,high combined missingness,71.73922233676193,65.83579517479075,5.90342716197118,23722,4406.0,False,False,70.931495698306,27916,70.931495698306,high_missing
cc_pos_drawing_share_max_mean,ratio_rate_numeric,feature,P1_missingness_review,route_to_ratio_rate_eda; also missingness_review,ratio_rate_eda,extreme combined missingness,80.60687259967936,78.19423929098967,2.412633308689692,6068,987.0,False,False,80.27676804536077,6932,80.27676804536077,extreme_missing
cc_pos_drawing_share_max_max,ratio_rate_numeric,feature,P1_missingness_review,route_to_ratio_rate_eda; also missingness_review,ratio_rate_eda,extreme combined missingness,80.60687259967936,78.19423929098967,2.412633308689692,6047,980.0,False,False,80.27676804536077,6905,80.27676804536077,extreme_missing
cc_pos_drawing_share_max_min,ratio_rate_numeric,feature,P1_missingness_review,route_to_ratio_rate_eda; also missingness_review,ratio_rate_eda,extreme combined missingness,80.60687259967936,78.19423929098967,2.412633308689692,6047,978.0,False,False,80.27676804536077,6902,80.27676804536077,extreme_missing
cc_pos_drawing_share_max_sum,ratio_rate_numeric,feature,P2_missingness_review,route_to_ratio_rate_eda; consider_missingness_logic_later,ratio_rate_eda,high combined missingness,71.73922233676193,65.83579517479075,5.90342716197118,6070,988.0,False,False,70.931495698306,6936,70.931495698306,high_missing
cc_pos_drawing_share_min_mean,ratio_rate_numeric,feature,P1_missingness_review,route_to_ratio_rate_eda; also missingness_review,ratio_rate_eda,extreme combined missingness,80.60687259967936,78.19423929098967,2.412633308689692,6461,1257.0,False,False,80.27676804536077,7635,80.27676804536077,extreme_missing
cc_pos_drawing_share_min_max,ratio_rate_numeric,feature,P1_missingness_review,route_to_ratio_rate_eda; also missingness_review,ratio_rate_eda,extreme combined missingness,80.60687259967936,78.19423929098967,2.412633308689692,6454,1255.0,False,False,80.27676804536077,7625,80.27676804536077,extreme_missing
cc_pos_drawing_share_min_min,ratio_rate_numeric,feature,P1_missingness_review,route_to_ratio_rate_eda; also missingness_review,ratio_rate_eda,extreme combined missingness,80.60687259967936,78.19423929098967,2.412633308689692,6416,1239.0,False,False,80.27676804536077,7573,80.27676804536077,extreme_missing
cc_pos_drawing_share_min_sum,ratio_rate_numeric,feature,P2_missingness_review,route_to_ratio_rate_eda; consider_missingness_logic_later,ratio_rate_eda,high combined missingness,71.73922233676193,65.83579517479075,5.90342716197118,6460,1257.0,False,False,70.931495698306,7632,70.931495698306,high_missing
cc_other_drawing_share_mean_mean,ratio_rate_numeric,feature,P1_missingness_review,route_to_ratio_rate_eda; also missingness_review,ratio_rate_eda,extreme combined missingness,80.60687259967936,78.19423929098967,2.412633308689692,2386,410.0,False,False,80.27676804536077,2714,80.27676804536077,extreme_missing
cc_other_drawing_share_mean_max,ratio_rate_numeric,feature,P1_missingness_review,route_to_ratio_rate_eda; also missingness_review,ratio_rate_eda,extreme combined missingness,80.60687259967936,78.19423929098967,2.412633308689692,2386,409.0,False,False,80.27676804536077,2714,80.27676804536077,extreme_missing
cc_other_drawing_share_mean_min,ratio_rate_numeric,feature,P1_missingness_review,route_to_ratio_rate_eda; also missingness_review,ratio_rate_eda,extreme combined missingness,80.60687259967936,78.19423929098967,2.412633308689692,2365,405.0,False,False,80.27676804536077,2689,80.27676804536077,extreme_missing
cc_other_drawing_share_mean_sum,ratio_rate_numeric,feature,P2_missingness_review,route_to_ratio_rate_eda; consider_missingness_logic_later,ratio_rate_eda,high combined missingness,71.73922233676193,65.83579517479075,5.90342716197118,2387,409.0,False,False,70.931495698306,2715,70.931495698306,high_missing
cc_other_drawing_share_max_mean,ratio_rate_numeric,feature,P1_missingness_review,route_to_ratio_rate_eda; also missingness_review,ratio_rate_eda,extreme combined missingness,80.60687259967936,78.19423929098967,2.412633308689692,1359,247.0,False,False,80.27676804536077,1548,80.27676804536077,extreme_missing
cc_other_drawing_share_max_max,ratio_rate_numeric,feature,P1_missingness_review,route_to_ratio_rate_eda; also missingness_review,ratio_rate_eda,extreme combined missingness,80.60687259967936,78.19423929098967,2.412633308689692,1358,246.0,False,False,80.27676804536077,1545,80.27676804536077,extreme_missing
cc_other_drawing_share_max_min,ratio_rate_numeric,feature,P1_missingness_review,route_to_ratio_rate_eda; also missingness_review,ratio_rate_eda,extreme combined missingness,80.60687259967936,78.19423929098967,2.412633308689692,1347,242.0,False,False,80.27676804536077,1532,80.27676804536077,extreme_missing
cc_other_drawing_share_max_sum,ratio_rate_numeric,feature,P2_missingness_review,route_to_ratio_rate_eda; consider_missingness_logic_later,ratio_rate_eda,high combined missingness,71.73922233676193,65.83579517479075,5.90342716197118,1361,246.0,False,False,70.931495698306,1548,70.931495698306,high_missing
cc_other_drawing_share_min_mean,ratio_rate_numeric,feature,P1_missingness_review,route_to_ratio_rate_eda; also missingness_review,ratio_rate_eda,extreme combined missingness,80.60687259967936,78.19423929098967,2.412633308689692,132,21.0,False,False,80.27676804536077,149,80.27676804536077,extreme_missing
cc_other_drawing_share_min_max,ratio_rate_numeric,feature,P1_missingness_review,route_to_ratio_rate_eda; also missingness_review,ratio_rate_eda,extreme combined missingness,80.60687259967936,78.19423929098967,2.412633308689692,132,21.0,False,False,80.27676804536077,149,80.27676804536077,extreme_missing
cc_other_drawing_share_min_min,ratio_rate_numeric,feature,P1_missingness_review,route_to_ratio_rate_eda; also missingness_review,ratio_rate_eda,extreme combined missingness,80.60687259967936,78.19423929098967,2.412633308689692,131,21.0,False,False,80.27676804536077,148,80.27676804536077,extreme_missing
cc_other_drawing_share_min_sum,ratio_rate_numeric,feature,P2_missingness_review,route_to_ratio_rate_eda; consider_missingness_logic_later,ratio_rate_eda,high combined missingness,71.73922233676193,65.83579517479075,5.90342716197118,132,21.0,False,False,70.931495698306,149,70.931495698306,high_missing
cc_credit_limit_range_mean,continuous_stat_numeric,feature,P2_missingness_review,route_to_continuous_numeric_eda; consider_missingness_logic_later,continuous_numeric_eda,high combined missingness,71.73922233676193,65.83579517479075,5.90342716197118,182,191.0,False,False,70.931495698306,219,70.931495698306,high_missing
cc_credit_limit_range_max,continuous_stat_numeric,feature,P2_missingness_review,route_to_continuous_numeric_eda; consider_missingness_logic_later,continuous_numeric_eda,high combined missingness,71.73922233676193,65.83579517479075,5.90342716197118,158,170.0,False,False,70.931495698306,185,70.931495698306,high_missing
cc_credit_limit_range_min,continuous_stat_numeric,feature,P2_missingness_review,route_to_continuous_numeric_eda; consider_missingness_logic_later,continuous_numeric_eda,high combined missingness,71.73922233676193,65.83579517479075,5.90342716197118,157,170.0,False,False,70.931495698306,185,70.931495698306,high_missing
cc_credit_limit_range_sum,continuous_stat_numeric,feature,P2_missingness_review,route_to_continuous_numeric_eda; consider_missingness_logic_later,continuous_numeric_eda,high combined missingness,71.73922233676193,65.83579517479075,5.90342716197118,164,173.0,False,False,70.931495698306,192,70.931495698306,high_missing
cc_balance_range_mean,continuous_stat_numeric,feature,P2_missingness_review,route_to_continuous_numeric_eda; consider_missingness_logic_later,continuous_numeric_eda,high combined missingness,71.73922233676193,65.83579517479075,5.90342716197118,56900,10482.0,False,False,70.931495698306,66677,70.931495698306,high_missing
cc_balance_range_max,continuous_stat_numeric,feature,P2_missingness_review,route_to_continuous_numeric_eda; consider_missingness_logic_later,continuous_numeric_eda,high combined missingness,71.73922233676193,65.83579517479075,5.90342716197118,56868,10478.0,False,False,70.931495698306,66614,70.931495698306,high_missing
cc_balance_range_min,continuous_stat_numeric,feature,P2_missingness_review,route_to_continuous_numeric_eda; consider_missingness_logic_later,continuous_numeric_eda,high combined missingness,71.73922233676193,65.83579517479075,5.90342716197118,56646,10394.0,False,False,70.931495698306,66326,70.931495698306,high_missing
cc_balance_range_sum,continuous_stat_numeric,feature,P2_missingness_review,route_to_continuous_numeric_eda; consider_missingness_logic_later,continuous_numeric_eda,high combined missingness,71.73922233676193,65.83579517479075,5.90342716197118,56883,10480.0,False,False,70.931495698306,66649,70.931495698306,high_missing
cc_utilization_range_mean,ratio_rate_numeric,feature,P2_missingness_review,route_to_ratio_rate_eda; consider_missingness_logic_later,ratio_rate_eda,high combined missingness,72.02181385381336,66.33636960446414,5.685444249349217,56288,10444.0,False,False,71.24391236614223,65921,71.24391236614223,high_missing
cc_utilization_range_max,ratio_rate_numeric,feature,P2_missingness_review,route_to_ratio_rate_eda; consider_missingness_logic_later,ratio_rate_eda,high combined missingness,72.02181385381336,66.33636960446414,5.685444249349217,56249,10440.0,False,False,71.24391236614223,65855,71.24391236614223,high_missing
cc_utilization_range_min,ratio_rate_numeric,feature,P2_missingness_review,route_to_ratio_rate_eda; consider_missingness_logic_later,ratio_rate_eda,high combined missingness,72.02181385381336,66.33636960446414,5.685444249349217,56058,10366.0,False,False,71.24391236614223,65611,71.24391236614223,high_missing
cc_utilization_range_sum,ratio_rate_numeric,feature,P2_missingness_review,route_to_ratio_rate_eda; consider_missingness_logic_later,ratio_rate_eda,high combined missingness,71.73922233676193,65.83579517479075,5.90342716197118,56275,10443.0,False,False,70.931495698306,65905,70.931495698306,high_missing
cc_limit_change_flag_mean,ratio_rate_numeric,feature,P2_missingness_review,route_to_ratio_rate_eda; consider_missingness_logic_later,ratio_rate_eda,high combined missingness,71.73922233676193,65.83579517479075,5.90342716197118,5,4.0,False,False,70.931495698306,5,70.931495698306,high_missing
cc_limit_change_flag_max,binary_flag,feature,P2_missingness_review,route_to_binary_flag_eda; consider_missingness_logic_later,binary_flag_eda,high combined missingness,71.73922233676193,65.83579517479075,5.90342716197118,2,2.0,False,False,70.931495698306,2,70.931495698306,high_missing
cc_limit_change_flag_min,binary_flag,feature,P2_missingness_review,route_to_binary_flag_eda; consider_missingness_logic_later,binary_flag_eda,high combined missingness,71.73922233676193,65.83579517479075,5.90342716197118,2,2.0,False,False,70.931495698306,2,70.931495698306,high_missing
cc_limit_change_flag_sum,discrete_count_numeric,feature,P2_missingness_review,route_to_discrete_count_eda; consider_missingness_logic_later,discrete_count_eda,high combined missingness,71.73922233676193,65.83579517479075,5.90342716197118,3,3.0,False,False,70.931495698306,3,70.931495698306,high_missing
cc_recent_6m_utilization_mean_mean,ratio_rate_numeric,feature,P2_missingness_review,route_to_ratio_rate_eda; consider_missingness_logic_later,ratio_rate_eda,high combined missingness,77.90030275339744,72.89512555391433,5.005177199483114,33996,5992.0,False,False,77.21547767750629,39959,77.21547767750629,high_missing
cc_recent_6m_utilization_mean_max,ratio_rate_numeric,feature,P2_missingness_review,route_to_ratio_rate_eda; consider_missingness_logic_later,ratio_rate_eda,high combined missingness,77.90030275339744,72.89512555391433,5.005177199483114,33996,5992.0,False,False,77.21547767750629,39960,77.21547767750629,high_missing
cc_recent_6m_utilization_mean_min,ratio_rate_numeric,feature,P2_missingness_review,route_to_ratio_rate_eda; consider_missingness_logic_later,ratio_rate_eda,high combined missingness,77.90030275339744,72.89512555391433,5.005177199483114,33862,5945.0,False,False,77.21547767750629,39779,77.21547767750629,high_missing
cc_recent_6m_utilization_mean_sum,ratio_rate_numeric,feature,P2_missingness_review,route_to_ratio_rate_eda; consider_missingness_logic_later,ratio_rate_eda,high combined missingness,71.73922233676193,65.83579517479075,5.90342716197118,33996,5992.0,False,False,70.931495698306,39960,70.931495698306,high_missing
cc_old_utilization_mean_mean,ratio_rate_numeric,feature,P2_missingness_review,route_to_ratio_rate_eda; consider_missingness_logic_later,ratio_rate_eda,high combined missingness,74.5537558006055,67.42778598391597,7.125969816689533,54644,9940.0,False,False,73.5787567893784,64400,73.5787567893784,high_missing
cc_old_utilization_mean_max,ratio_rate_numeric,feature,P2_missingness_review,route_to_ratio_rate_eda; consider_missingness_logic_later,ratio_rate_eda,high combined missingness,74.5537558006055,67.42778598391597,7.125969816689533,54637,9940.0,False,False,73.5787567893784,64392,73.5787567893784,high_missing
cc_old_utilization_mean_min,ratio_rate_numeric,feature,P2_missingness_review,route_to_ratio_rate_eda; consider_missingness_logic_later,ratio_rate_eda,high combined missingness,74.5537558006055,67.42778598391597,7.125969816689533,54488,9876.0,False,False,73.5787567893784,64179,73.5787567893784,high_missing
cc_old_utilization_mean_sum,ratio_rate_numeric,feature,P2_missingness_review,route_to_ratio_rate_eda; consider_missingness_logic_later,ratio_rate_eda,high combined missingness,71.73922233676193,65.83579517479075,5.90342716197118,54639,9940.0,False,False,70.931495698306,64396,70.931495698306,high_missing
cc_utilization_trend_6m_vs_old_mean,ratio_rate_numeric,feature,P1_missingness_review,route_to_ratio_rate_eda; also missingness_review,ratio_rate_eda,high combined missingness,80.4576096464842,74.04808796980141,6.409521676682786,42963,7947.0,False,False,79.58063746473734,50901,79.58063746473734,high_missing
cc_utilization_trend_6m_vs_old_max,ratio_rate_numeric,feature,P1_missingness_review,route_to_ratio_rate_eda; also missingness_review,ratio_rate_eda,high combined missingness,80.4576096464842,74.04808796980141,6.409521676682786,42903,7924.0,False,False,79.58063746473734,50818,79.58063746473734,high_missing
cc_utilization_trend_6m_vs_old_min,ratio_rate_numeric,feature,P1_missingness_review,route_to_ratio_rate_eda; also missingness_review,ratio_rate_eda,high combined missingness,80.4576096464842,74.04808796980141,6.409521676682786,42952,7939.0,False,False,79.58063746473734,50882,79.58063746473734,high_missing
cc_utilization_trend_6m_vs_old_sum,ratio_rate_numeric,feature,P2_missingness_review,route_to_ratio_rate_eda; consider_missingness_logic_later,ratio_rate_eda,high combined missingness,71.73922233676193,65.83579517479075,5.90342716197118,42963,7947.0,False,False,70.931495698306,50901,70.931495698306,high_missing
cc_recent_6m_dpd_mean_mean,overdue_delay_numeric,feature,P2_missingness_review,route_to_overdue_delay_eda; consider_missingness_logic_later,overdue_delay_eda,high combined missingness,71.73922233676193,65.83989824388642,5.899324092875503,14,13.0,False,False,70.93205709393551,14,70.93205709393551,high_missing
cc_recent_6m_dpd_mean_max,overdue_delay_numeric,feature,P2_missingness_review,route_to_overdue_delay_eda; consider_missingness_logic_later,overdue_delay_eda,high combined missingness,71.73922233676193,65.83989824388642,5.899324092875503,13,12.0,False,False,70.93205709393551,13,70.93205709393551,high_missing
cc_recent_6m_dpd_mean_min,overdue_delay_numeric,feature,P2_missingness_review,route_to_overdue_delay_eda; consider_missingness_logic_later,overdue_delay_eda,high combined missingness,71.73922233676193,65.83989824388642,5.899324092875503,13,12.0,False,False,70.93205709393551,13,70.93205709393551,high_missing
cc_recent_6m_dpd_mean_sum,overdue_delay_numeric,feature,P2_missingness_review,route_to_overdue_delay_eda; consider_missingness_logic_later,overdue_delay_eda,high combined missingness,71.73922233676193,65.83579517479075,5.90342716197118,13,12.0,False,False,70.931495698306,13,70.931495698306,high_missing
cc_old_dpd_mean_mean,overdue_delay_numeric,feature,P2_missingness_review,route_to_overdue_delay_eda; consider_missingness_logic_later,overdue_delay_eda,high combined missingness,74.38628211673729,67.06466436894797,7.321617747789318,1254,456.0,False,False,73.38451390155927,1301,73.38451390155927,high_missing
cc_old_dpd_mean_max,overdue_delay_numeric,feature,P2_missingness_review,route_to_overdue_delay_eda; consider_missingness_logic_later,overdue_delay_eda,high combined missingness,74.38628211673729,67.06466436894797,7.321617747789318,1226,444.0,False,False,73.38451390155927,1264,73.38451390155927,high_missing
cc_old_dpd_mean_min,overdue_delay_numeric,feature,P2_missingness_review,route_to_overdue_delay_eda; consider_missingness_logic_later,overdue_delay_eda,high combined missingness,74.38628211673729,67.06466436894797,7.321617747789318,1225,442.0,False,False,73.38451390155927,1263,73.38451390155927,high_missing
cc_old_dpd_mean_sum,overdue_delay_numeric,feature,P2_missingness_review,route_to_overdue_delay_eda; consider_missingness_logic_later,overdue_delay_eda,high combined missingness,71.73922233676193,65.83579517479075,5.90342716197118,1234,445.0,False,False,70.931495698306,1273,70.931495698306,high_missing
cc_dpd_trend_6m_vs_old_mean,overdue_delay_numeric,feature,P2_missingness_review,route_to_overdue_delay_eda; consider_missingness_logic_later,overdue_delay_eda,high combined missingness,74.38628211673729,67.06876743804365,7.317514678693641,1709,532.0,False,False,73.3850752971888,1802,73.3850752971888,high_missing
cc_dpd_trend_6m_vs_old_max,overdue_delay_numeric,feature,P2_missingness_review,route_to_overdue_delay_eda; consider_missingness_logic_later,overdue_delay_eda,high combined missingness,74.38628211673729,67.06876743804365,7.317514678693641,1682,518.0,False,False,73.3850752971888,1767,73.3850752971888,high_missing
cc_dpd_trend_6m_vs_old_min,overdue_delay_numeric,feature,P2_missingness_review,route_to_overdue_delay_eda; consider_missingness_logic_later,overdue_delay_eda,high combined missingness,74.38628211673729,67.06876743804365,7.317514678693641,1680,520.0,False,False,73.3850752971888,1765,73.3850752971888,high_missing
cc_dpd_trend_6m_vs_old_sum,overdue_delay_numeric,feature,P2_missingness_review,route_to_overdue_delay_eda; consider_missingness_logic_later,overdue_delay_eda,high combined missingness,71.73922233676193,65.83579517479075,5.90342716197118,1689,521.0,False,False,70.931495698306,1775,70.931495698306,high_missing
cc_recent_6m_payment_less_min_mean_mean,ratio_rate_numeric,feature,P2_missingness_review,route_to_ratio_rate_eda; consider_missingness_logic_later,ratio_rate_eda,high combined missingness,71.73922233676193,65.83989824388642,5.899324092875503,17,15.0,False,False,70.93205709393551,18,70.93205709393551,high_missing
cc_recent_6m_payment_less_min_mean_max,ratio_rate_numeric,feature,P2_missingness_review,route_to_ratio_rate_eda; consider_missingness_logic_later,ratio_rate_eda,high combined missingness,71.73922233676193,65.83989824388642,5.899324092875503,13,11.0,False,False,70.93205709393551,13,70.93205709393551,high_missing
cc_recent_6m_payment_less_min_mean_min,ratio_rate_numeric,feature,P2_missingness_review,route_to_ratio_rate_eda; consider_missingness_logic_later,ratio_rate_eda,high combined missingness,71.73922233676193,65.83989824388642,5.899324092875503,13,11.0,False,False,70.93205709393551,13,70.93205709393551,high_missing
cc_recent_6m_payment_less_min_mean_sum,ratio_rate_numeric,feature,P2_missingness_review,route_to_ratio_rate_eda; consider_missingness_logic_later,ratio_rate_eda,high combined missingness,71.73922233676193,65.83579517479075,5.90342716197118,13,11.0,False,False,70.931495698306,13,70.931495698306,high_missing
cc_old_payment_less_min_mean_mean,ratio_rate_numeric,feature,P2_missingness_review,route_to_ratio_rate_eda; consider_missingness_logic_later,ratio_rate_eda,high combined missingness,74.38628211673729,67.06466436894797,7.321617747789318,714,420.0,False,False,73.38451390155927,738,73.38451390155927,high_missing
cc_old_payment_less_min_mean_max,ratio_rate_numeric,feature,P2_missingness_review,route_to_ratio_rate_eda; consider_missingness_logic_later,ratio_rate_eda,high combined missingness,74.38628211673729,67.06466436894797,7.321617747789318,669,404.0,False,False,73.38451390155927,682,73.38451390155927,high_missing
cc_old_payment_less_min_mean_min,ratio_rate_numeric,feature,P2_missingness_review,route_to_ratio_rate_eda; consider_missingness_logic_later,ratio_rate_eda,high combined missingness,74.38628211673729,67.06466436894797,7.321617747789318,669,402.0,False,False,73.38451390155927,682,73.38451390155927,high_missing
cc_old_payment_less_min_mean_sum,ratio_rate_numeric,feature,P2_missingness_review,route_to_ratio_rate_eda; consider_missingness_logic_later,ratio_rate_eda,high combined missingness,71.73922233676193,65.83579517479075,5.90342716197118,690,409.0,False,False,70.931495698306,707,70.931495698306,high_missing
cc_payment_less_min_trend_6m_vs_old_mean,ratio_rate_numeric,feature,P2_missingness_review,route_to_ratio_rate_eda; consider_missingness_logic_later,ratio_rate_eda,high combined missingness,74.38628211673729,67.06876743804365,7.317514678693641,1513,717.0,False,False,73.3850752971888,1619,73.3850752971888,high_missing
cc_payment_less_min_trend_6m_vs_old_max,continuous_stat_numeric,feature,P2_missingness_review,route_to_continuous_numeric_eda; consider_missingness_logic_later,continuous_numeric_eda,high combined missingness,74.38628211673729,67.06876743804365,7.317514678693641,1462,694.0,False,False,73.3850752971888,1552,73.3850752971888,high_missing
cc_payment_less_min_trend_6m_vs_old_min,continuous_stat_numeric,feature,P2_missingness_review,route_to_continuous_numeric_eda; consider_missingness_logic_later,continuous_numeric_eda,high combined missingness,74.38628211673729,67.06876743804365,7.317514678693641,1461,697.0,False,False,73.3850752971888,1550,73.3850752971888,high_missing
cc_payment_less_min_trend_6m_vs_old_sum,continuous_stat_numeric,feature,P2_missingness_review,route_to_continuous_numeric_eda; consider_missingness_logic_later,continuous_numeric_eda,high combined missingness,71.73922233676193,65.83579517479075,5.90342716197118,1485,705.0,False,False,70.931495698306,1580,70.931495698306,high_missing
cc_recent_6m_high_util_80_mean_mean,ratio_rate_numeric,feature,P2_missingness_review,route_to_ratio_rate_eda; consider_missingness_logic_later,ratio_rate_eda,high combined missingness,71.73922233676193,65.83989824388642,5.899324092875503,18,18.0,False,False,70.93205709393551,19,70.93205709393551,high_missing
cc_recent_6m_high_util_80_mean_max,ratio_rate_numeric,feature,P2_missingness_review,route_to_ratio_rate_eda; consider_missingness_logic_later,ratio_rate_eda,high combined missingness,71.73922233676193,65.83989824388642,5.899324092875503,13,13.0,False,False,70.93205709393551,13,70.93205709393551,high_missing
cc_recent_6m_high_util_80_mean_min,ratio_rate_numeric,feature,P2_missingness_review,route_to_ratio_rate_eda; consider_missingness_logic_later,ratio_rate_eda,high combined missingness,71.73922233676193,65.83989824388642,5.899324092875503,13,13.0,False,False,70.93205709393551,13,70.93205709393551,high_missing
cc_recent_6m_high_util_80_mean_sum,ratio_rate_numeric,feature,P2_missingness_review,route_to_ratio_rate_eda; consider_missingness_logic_later,ratio_rate_eda,high combined missingness,71.73922233676193,65.83579517479075,5.90342716197118,16,13.0,False,False,70.931495698306,16,70.931495698306,high_missing
cc_old_high_util_80_mean_mean,ratio_rate_numeric,feature,P2_missingness_review,route_to_ratio_rate_eda; consider_missingness_logic_later,ratio_rate_eda,high combined missingness,74.38628211673729,67.06466436894797,7.321617747789318,2218,1170.0,False,False,73.38451390155927,2278,73.38451390155927,high_missing
cc_old_high_util_80_mean_max,ratio_rate_numeric,feature,P2_missingness_review,route_to_ratio_rate_eda; consider_missingness_logic_later,ratio_rate_eda,high combined missingness,74.38628211673729,67.06466436894797,7.321617747789318,2136,1143.0,False,False,73.38451390155927,2171,73.38451390155927,high_missing
cc_old_high_util_80_mean_min,ratio_rate_numeric,feature,P2_missingness_review,route_to_ratio_rate_eda; consider_missingness_logic_later,ratio_rate_eda,high combined missingness,74.38628211673729,67.06466436894797,7.321617747789318,2133,1139.0,False,False,73.38451390155927,2169,73.38451390155927,high_missing
cc_old_high_util_80_mean_sum,ratio_rate_numeric,feature,P2_missingness_review,route_to_ratio_rate_eda; consider_missingness_logic_later,ratio_rate_eda,high combined missingness,71.73922233676193,65.83579517479075,5.90342716197118,2193,1163.0,False,False,70.931495698306,2245,70.931495698306,high_missing
cc_high_util_80_trend_6m_vs_old_mean,ratio_rate_numeric,feature,P2_missingness_review,route_to_ratio_rate_eda; consider_missingness_logic_later,ratio_rate_eda,high combined missingness,74.38628211673729,67.06876743804365,7.317514678693641,4088,1708.0,False,False,73.3850752971888,4321,73.3850752971888,high_missing
cc_high_util_80_trend_6m_vs_old_max,ratio_rate_numeric,feature,P2_missingness_review,route_to_ratio_rate_eda; consider_missingness_logic_later,ratio_rate_eda,high combined missingness,74.38628211673729,67.06876743804365,7.317514678693641,3999,1673.0,False,False,73.3850752971888,4212,73.3850752971888,high_missing
cc_high_util_80_trend_6m_vs_old_min,ratio_rate_numeric,feature,P2_missingness_review,route_to_ratio_rate_eda; consider_missingness_logic_later,ratio_rate_eda,high combined missingness,74.38628211673729,67.06876743804365,7.317514678693641,4000,1681.0,False,False,73.3850752971888,4213,73.3850752971888,high_missing
cc_high_util_80_trend_6m_vs_old_sum,ratio_rate_numeric,feature,P2_missingness_review,route_to_ratio_rate_eda; consider_missingness_logic_later,ratio_rate_eda,high combined missingness,71.73922233676193,65.83579517479075,5.90342716197118,4058,1697.0,False,False,70.931495698306,4283,70.931495698306,high_missing
cc_latest_months_balance_mean,date_duration_numeric,feature,P2_missingness_review,route_to_date_duration_eda; consider_missingness_logic_later,date_duration_eda,high combined missingness,71.73922233676193,65.83579517479075,5.90342716197118,5,6.0,False,False,70.931495698306,7,70.931495698306,high_missing
cc_latest_months_balance_max,date_duration_numeric,feature,P2_missingness_review,route_to_date_duration_eda; consider_missingness_logic_later,date_duration_eda,high combined missingness,71.73922233676193,65.83579517479075,5.90342716197118,5,6.0,False,False,70.931495698306,7,70.931495698306,high_missing
cc_latest_months_balance_min,date_duration_numeric,feature,P2_missingness_review,route_to_date_duration_eda; consider_missingness_logic_later,date_duration_eda,high combined missingness,71.73922233676193,65.83579517479075,5.90342716197118,5,6.0,False,False,70.931495698306,7,70.931495698306,high_missing
cc_latest_months_balance_sum,date_duration_numeric,feature,P2_missingness_review,route_to_date_duration_eda; consider_missingness_logic_later,date_duration_eda,high combined missingness,71.73922233676193,65.83579517479075,5.90342716197118,7,9.0,False,False,70.931495698306,10,70.931495698306,high_missing
cc_latest_status_active_flag_mean,ratio_rate_numeric,feature,P2_missingness_review,route_to_ratio_rate_eda; consider_missingness_logic_later,ratio_rate_eda,high combined missingness,71.73922233676193,65.83579517479075,5.90342716197118,5,4.0,False,False,70.931495698306,5,70.931495698306,high_missing
cc_latest_status_active_flag_max,binary_flag,feature,P2_missingness_review,route_to_binary_flag_eda; consider_missingness_logic_later,binary_flag_eda,high combined missingness,71.73922233676193,65.83579517479075,5.90342716197118,2,2.0,False,False,70.931495698306,2,70.931495698306,high_missing
cc_latest_status_active_flag_min,binary_flag,feature,P2_missingness_review,route_to_binary_flag_eda; consider_missingness_logic_later,binary_flag_eda,high combined missingness,71.73922233676193,65.83579517479075,5.90342716197118,2,2.0,False,False,70.931495698306,2,70.931495698306,high_missing
cc_latest_status_active_flag_sum,discrete_count_numeric,feature,P2_missingness_review,route_to_discrete_count_eda; consider_missingness_logic_later,discrete_count_eda,high combined missingness,71.73922233676193,65.83579517479075,5.90342716197118,3,3.0,False,False,70.931495698306,3,70.931495698306,high_missing
cc_latest_status_completed_flag_mean,ratio_rate_numeric,feature,P2_missingness_review,route_to_ratio_rate_eda; consider_missingness_logic_later,ratio_rate_eda,high combined missingness,71.73922233676193,65.83579517479075,5.90342716197118,5,4.0,False,False,70.931495698306,5,70.931495698306,high_missing
cc_latest_status_completed_flag_max,binary_flag,feature,P2_missingness_review,route_to_binary_flag_eda; consider_missingness_logic_later,binary_flag_eda,high combined missingness,71.73922233676193,65.83579517479075,5.90342716197118,2,2.0,False,False,70.931495698306,2,70.931495698306,high_missing
cc_latest_status_completed_flag_min,binary_flag,feature,P2_missingness_review,route_to_binary_flag_eda; consider_missingness_logic_later,binary_flag_eda,high combined missingness,71.73922233676193,65.83579517479075,5.90342716197118,2,2.0,False,False,70.931495698306,2,70.931495698306,high_missing
cc_latest_status_completed_flag_sum,discrete_count_numeric,feature,P2_missingness_review,route_to_discrete_count_eda; consider_missingness_logic_later,discrete_count_eda,high combined missingness,71.73922233676193,65.83579517479075,5.90342716197118,4,4.0,False,False,70.931495698306,4,70.931495698306,high_missing
cc_latest_balance_mean,continuous_amount_numeric,feature,P2_missingness_review,route_to_continuous_numeric_eda; consider_missingness_logic_later,continuous_numeric_eda,high combined missingness,71.73922233676193,65.83579517479075,5.90342716197118,30603,5509.0,False,False,70.931495698306,36070,70.931495698306,high_missing
cc_latest_balance_max,continuous_amount_numeric,feature,P2_missingness_review,route_to_continuous_numeric_eda; consider_missingness_logic_later,continuous_numeric_eda,high combined missingness,71.73922233676193,65.83579517479075,5.90342716197118,30603,5509.0,False,False,70.931495698306,36071,70.931495698306,high_missing
cc_latest_balance_min,continuous_amount_numeric,feature,P2_missingness_review,route_to_continuous_numeric_eda; consider_missingness_logic_later,continuous_numeric_eda,high combined missingness,71.73922233676193,65.83579517479075,5.90342716197118,30406,5422.0,False,False,70.931495698306,35787,70.931495698306,high_missing
cc_latest_balance_sum,continuous_amount_numeric,feature,P2_missingness_review,route_to_continuous_numeric_eda; consider_missingness_logic_later,continuous_numeric_eda,high combined missingness,71.73922233676193,65.83579517479075,5.90342716197118,30603,5509.0,False,False,70.931495698306,36071,70.931495698306,high_missing
cc_latest_credit_limit_mean,continuous_amount_numeric,feature,P2_missingness_review,route_to_continuous_numeric_eda; consider_missingness_logic_later,continuous_numeric_eda,high combined missingness,71.73922233676193,65.83579517479075,5.90342716197118,198,197.0,False,False,70.931495698306,227,70.931495698306,high_missing
cc_latest_credit_limit_max,continuous_amount_numeric,feature,P2_missingness_review,route_to_continuous_numeric_eda; consider_missingness_logic_later,continuous_numeric_eda,high combined missingness,71.73922233676193,65.83579517479075,5.90342716197118,167,167.0,False,False,70.931495698306,181,70.931495698306,high_missing
cc_latest_credit_limit_min,continuous_amount_numeric,feature,P2_missingness_review,route_to_continuous_numeric_eda; consider_missingness_logic_later,continuous_numeric_eda,high combined missingness,71.73922233676193,65.83579517479075,5.90342716197118,167,167.0,False,False,70.931495698306,181,70.931495698306,high_missing
cc_latest_credit_limit_sum,continuous_amount_numeric,feature,P2_missingness_review,route_to_continuous_numeric_eda; consider_missingness_logic_later,continuous_numeric_eda,high combined missingness,71.73922233676193,65.83579517479075,5.90342716197118,177,174.0,False,False,70.931495698306,193,70.931495698306,high_missing
cc_latest_credit_utilization_mean,ratio_rate_numeric,feature,P2_missingness_review,route_to_ratio_rate_eda; consider_missingness_logic_later,ratio_rate_eda,high combined missingness,78.59588762678408,72.98744460856722,5.60844301821686,30394,5475.0,False,False,77.82852170495853,35827,77.82852170495853,high_missing
cc_latest_credit_utilization_max,ratio_rate_numeric,feature,P2_missingness_review,route_to_ratio_rate_eda; consider_missingness_logic_later,ratio_rate_eda,high combined missingness,78.59588762678408,72.98744460856722,5.60844301821686,30393,5475.0,False,False,77.82852170495853,35826,77.82852170495853,high_missing
cc_latest_credit_utilization_min,ratio_rate_numeric,feature,P2_missingness_review,route_to_ratio_rate_eda; consider_missingness_logic_later,ratio_rate_eda,high combined missingness,78.59588762678408,72.98744460856722,5.60844301821686,30285,5436.0,False,False,77.82852170495853,35679,77.82852170495853,high_missing
cc_latest_credit_utilization_sum,ratio_rate_numeric,feature,P2_missingness_review,route_to_ratio_rate_eda; consider_missingness_logic_later,ratio_rate_eda,high combined missingness,71.73922233676193,65.83579517479075,5.90342716197118,30393,5475.0,False,False,70.931495698306,35826,70.931495698306,high_missing
cc_latest_total_receivable_to_limit_mean,ratio_rate_numeric,feature,P2_missingness_review,route_to_ratio_rate_eda; consider_missingness_logic_later,ratio_rate_eda,high combined missingness,78.59588762678408,72.98744460856722,5.60844301821686,29852,5372.0,False,False,77.82852170495853,35184,77.82852170495853,high_missing
cc_latest_total_receivable_to_limit_max,ratio_rate_numeric,feature,P2_missingness_review,route_to_ratio_rate_eda; consider_missingness_logic_later,ratio_rate_eda,high combined missingness,78.59588762678408,72.98744460856722,5.60844301821686,29852,5372.0,False,False,77.82852170495853,35183,77.82852170495853,high_missing
cc_latest_total_receivable_to_limit_min,ratio_rate_numeric,feature,P2_missingness_review,route_to_ratio_rate_eda; consider_missingness_logic_later,ratio_rate_eda,high combined missingness,78.59588762678408,72.98744460856722,5.60844301821686,29747,5334.0,False,False,77.82852170495853,35041,77.82852170495853,high_missing
cc_latest_total_receivable_to_limit_sum,ratio_rate_numeric,feature,P2_missingness_review,route_to_ratio_rate_eda; consider_missingness_logic_later,ratio_rate_eda,high combined missingness,71.73922233676193,65.83579517479075,5.90342716197118,29852,5372.0,False,False,70.931495698306,35183,70.931495698306,high_missing
cc_latest_total_receivable_mean,continuous_amount_numeric,feature,P2_missingness_review,route_to_continuous_numeric_eda; consider_missingness_logic_later,continuous_numeric_eda,high combined missingness,71.73922233676193,65.83579517479075,5.90342716197118,30093,5408.0,False,False,70.931495698306,35466,70.931495698306,high_missing
cc_latest_total_receivable_max,continuous_amount_numeric,feature,P2_missingness_review,route_to_continuous_numeric_eda; consider_missingness_logic_later,continuous_numeric_eda,high combined missingness,71.73922233676193,65.83579517479075,5.90342716197118,30093,5408.0,False,False,70.931495698306,35464,70.931495698306,high_missing
cc_latest_total_receivable_min,continuous_amount_numeric,feature,P2_missingness_review,route_to_continuous_numeric_eda; consider_missingness_logic_later,continuous_numeric_eda,high combined missingness,71.73922233676193,65.83579517479075,5.90342716197118,29902,5325.0,False,False,70.931495698306,35192,70.931495698306,high_missing
cc_latest_total_receivable_sum,continuous_amount_numeric,feature,P2_missingness_review,route_to_continuous_numeric_eda; consider_missingness_logic_later,continuous_numeric_eda,high combined missingness,71.73922233676193,65.83579517479075,5.90342716197118,30093,5408.0,False,False,70.931495698306,35464,70.931495698306,high_missing
cc_latest_payment_current_mean,continuous_amount_numeric,feature,P1_missingness_review,route_to_continuous_numeric_eda; also missingness_review,continuous_numeric_eda,high combined missingness,80.14379973399326,77.31002790086985,2.833771833123407,19459,4379.0,False,False,79.75607359896703,21993,79.75607359896703,high_missing
cc_latest_payment_current_max,continuous_amount_numeric,feature,P1_missingness_review,route_to_continuous_numeric_eda; also missingness_review,continuous_numeric_eda,high combined missingness,80.14379973399326,77.31002790086985,2.833771833123407,19442,4373.0,False,False,79.75607359896703,21970,79.75607359896703,high_missing
cc_latest_payment_current_min,continuous_amount_numeric,feature,P1_missingness_review,route_to_continuous_numeric_eda; also missingness_review,continuous_numeric_eda,high combined missingness,80.14379973399326,77.31002790086985,2.833771833123407,19369,4344.0,False,False,79.75607359896703,21874,79.75607359896703,high_missing
cc_latest_payment_current_sum,continuous_amount_numeric,feature,P2_missingness_review,route_to_continuous_numeric_eda; consider_missingness_logic_later,continuous_numeric_eda,high combined missingness,71.73922233676193,65.83579517479075,5.90342716197118,19442,4373.0,False,False,70.931495698306,21970,70.931495698306,high_missing
cc_latest_payment_total_mean,continuous_amount_numeric,feature,P2_missingness_review,route_to_continuous_numeric_eda; consider_missingness_logic_later,continuous_numeric_eda,high combined missingness,71.73922233676193,65.83579517479075,5.90342716197118,15043,3361.0,False,False,70.931495698306,17567,70.931495698306,high_missing
cc_latest_payment_total_max,continuous_amount_numeric,feature,P2_missingness_review,route_to_continuous_numeric_eda; consider_missingness_logic_later,continuous_numeric_eda,high combined missingness,71.73922233676193,65.83579517479075,5.90342716197118,15039,3355.0,False,False,70.931495698306,17554,70.931495698306,high_missing
cc_latest_payment_total_min,continuous_amount_numeric,feature,P2_missingness_review,route_to_continuous_numeric_eda; consider_missingness_logic_later,continuous_numeric_eda,high combined missingness,71.73922233676193,65.83579517479075,5.90342716197118,14926,3299.0,False,False,70.931495698306,17397,70.931495698306,high_missing
cc_latest_payment_total_sum,continuous_amount_numeric,feature,P2_missingness_review,route_to_continuous_numeric_eda; consider_missingness_logic_later,continuous_numeric_eda,high combined missingness,71.73922233676193,65.83579517479075,5.90342716197118,15040,3355.0,False,False,70.931495698306,17555,70.931495698306,high_missing
cc_latest_min_instalment_mean,continuous_amount_numeric,feature,P2_missingness_review,route_to_continuous_numeric_eda; consider_missingness_logic_later,continuous_numeric_eda,high combined missingness,71.73922233676193,65.83579517479075,5.90342716197118,23690,4469.0,False,False,70.931495698306,27875,70.931495698306,high_missing
cc_latest_min_instalment_max,continuous_amount_numeric,feature,P2_missingness_review,route_to_continuous_numeric_eda; consider_missingness_logic_later,continuous_numeric_eda,high combined missingness,71.73922233676193,65.83579517479075,5.90342716197118,23681,4466.0,False,False,70.931495698306,27864,70.931495698306,high_missing
cc_latest_min_instalment_min,continuous_amount_numeric,feature,P2_missingness_review,route_to_continuous_numeric_eda; consider_missingness_logic_later,continuous_numeric_eda,high combined missingness,71.73922233676193,65.83579517479075,5.90342716197118,23521,4385.0,False,False,70.931495698306,27626,70.931495698306,high_missing
cc_latest_min_instalment_sum,continuous_amount_numeric,feature,P2_missingness_review,route_to_continuous_numeric_eda; consider_missingness_logic_later,continuous_numeric_eda,high combined missingness,71.73922233676193,65.83579517479075,5.90342716197118,23681,4466.0,False,False,70.931495698306,27864,70.931495698306,high_missing
cc_latest_payment_less_than_min_flag_mean,ratio_rate_numeric,feature,P2_missingness_review,route_to_ratio_rate_eda; consider_missingness_logic_later,ratio_rate_eda,high combined missingness,71.73922233676193,65.83579517479075,5.90342716197118,3,3.0,False,False,70.931495698306,3,70.931495698306,high_missing
cc_latest_payment_less_than_min_flag_max,binary_flag,feature,P2_missingness_review,route_to_binary_flag_eda; consider_missingness_logic_later,binary_flag_eda,high combined missingness,71.73922233676193,65.83579517479075,5.90342716197118,2,2.0,False,False,70.931495698306,2,70.931495698306,high_missing
cc_latest_payment_less_than_min_flag_min,binary_flag,feature,P2_missingness_review,route_to_binary_flag_eda; consider_missingness_logic_later,binary_flag_eda,high combined missingness,71.73922233676193,65.83579517479075,5.90342716197118,2,2.0,False,False,70.931495698306,2,70.931495698306,high_missing
cc_latest_payment_less_than_min_flag_sum,discrete_count_numeric,feature,P2_missingness_review,route_to_discrete_count_eda; consider_missingness_logic_later,discrete_count_eda,high combined missingness,71.73922233676193,65.83579517479075,5.90342716197118,3,2.0,False,False,70.931495698306,3,70.931495698306,high_missing
cc_latest_drawing_amount_mean,continuous_amount_numeric,feature,P2_missingness_review,route_to_continuous_numeric_eda; consider_missingness_logic_later,continuous_numeric_eda,high combined missingness,71.73922233676193,65.83579517479075,5.90342716197118,12033,2523.0,False,False,70.931495698306,14199,70.931495698306,high_missing
cc_latest_drawing_amount_max,continuous_amount_numeric,feature,P2_missingness_review,route_to_continuous_numeric_eda; consider_missingness_logic_later,continuous_numeric_eda,high combined missingness,71.73922233676193,65.83579517479075,5.90342716197118,12034,2520.0,False,False,70.931495698306,14202,70.931495698306,high_missing
cc_latest_drawing_amount_min,continuous_amount_numeric,feature,P2_missingness_review,route_to_continuous_numeric_eda; consider_missingness_logic_later,continuous_numeric_eda,high combined missingness,71.73922233676193,65.83579517479075,5.90342716197118,11931,2481.0,False,False,70.931495698306,14062,70.931495698306,high_missing
cc_latest_drawing_amount_sum,continuous_amount_numeric,feature,P2_missingness_review,route_to_continuous_numeric_eda; consider_missingness_logic_later,continuous_numeric_eda,high combined missingness,71.73922233676193,65.83579517479075,5.90342716197118,12034,2520.0,False,False,70.931495698306,14202,70.931495698306,high_missing
cc_latest_dpd_mean,overdue_delay_numeric,feature,P2_missingness_review,route_to_overdue_delay_eda; consider_missingness_logic_later,overdue_delay_eda,high combined missingness,71.73922233676193,65.83579517479075,5.90342716197118,279,75.0,False,False,70.931495698306,307,70.931495698306,high_missing
cc_latest_dpd_max,overdue_delay_numeric,feature,P2_missingness_review,route_to_overdue_delay_eda; consider_missingness_logic_later,overdue_delay_eda,high combined missingness,71.73922233676193,65.83579517479075,5.90342716197118,276,75.0,False,False,70.931495698306,304,70.931495698306,high_missing
cc_latest_dpd_min,overdue_delay_numeric,feature,P2_missingness_review,route_to_overdue_delay_eda; consider_missingness_logic_later,overdue_delay_eda,high combined missingness,71.73922233676193,65.83579517479075,5.90342716197118,275,75.0,False,False,70.931495698306,303,70.931495698306,high_missing
cc_latest_dpd_sum,overdue_delay_numeric,feature,P2_missingness_review,route_to_overdue_delay_eda; consider_missingness_logic_later,overdue_delay_eda,high combined missingness,71.73922233676193,65.83579517479075,5.90342716197118,276,75.0,False,False,70.931495698306,304,70.931495698306,high_missing
cc_latest_dpd_def_mean,overdue_delay_numeric,feature,P2_missingness_review,route_to_overdue_delay_eda; consider_missingness_logic_later,overdue_delay_eda,high combined missingness,71.73922233676193,65.83579517479075,5.90342716197118,26,9.0,False,False,70.931495698306,30,70.931495698306,high_missing
cc_latest_dpd_def_max,overdue_delay_numeric,feature,P2_missingness_review,route_to_overdue_delay_eda; consider_missingness_logic_later,overdue_delay_eda,high combined missingness,71.73922233676193,65.83579517479075,5.90342716197118,24,9.0,False,False,70.931495698306,28,70.931495698306,high_missing
cc_latest_dpd_def_min,overdue_delay_numeric,feature,P2_missingness_review,route_to_overdue_delay_eda; consider_missingness_logic_later,overdue_delay_eda,high combined missingness,71.73922233676193,65.83579517479075,5.90342716197118,23,9.0,False,False,70.931495698306,27,70.931495698306,high_missing
cc_latest_dpd_def_sum,overdue_delay_numeric,feature,P2_missingness_review,route_to_overdue_delay_eda; consider_missingness_logic_later,overdue_delay_eda,high combined missingness,71.73922233676193,65.83579517479075,5.90342716197118,24,9.0,False,False,70.931495698306,28,70.931495698306,high_missing
cc_latest_has_dpd_mean,ratio_rate_numeric,feature,P2_missingness_review,route_to_ratio_rate_eda; consider_missingness_logic_later,ratio_rate_eda,high combined missingness,71.73922233676193,65.83579517479075,5.90342716197118,3,2.0,False,False,70.931495698306,3,70.931495698306,high_missing
cc_latest_has_dpd_max,binary_flag,feature,P2_missingness_review,route_to_binary_flag_eda; consider_missingness_logic_later,binary_flag_eda,high combined missingness,71.73922233676193,65.83579517479075,5.90342716197118,2,2.0,False,False,70.931495698306,2,70.931495698306,high_missing
cc_latest_has_dpd_min,binary_flag,feature,P2_missingness_review,route_to_binary_flag_eda; consider_missingness_logic_later,binary_flag_eda,high combined missingness,71.73922233676193,65.83579517479075,5.90342716197118,2,2.0,False,False,70.931495698306,2,70.931495698306,high_missing
cc_latest_has_dpd_sum,binary_flag,feature,P2_missingness_review,route_to_binary_flag_eda; consider_missingness_logic_later,binary_flag_eda,high combined missingness,71.73922233676193,65.83579517479075,5.90342716197118,2,2.0,False,False,70.931495698306,2,70.931495698306,high_missing
cc_latest_has_dpd_def_mean,ratio_rate_numeric,feature,P2_missingness_review,route_to_ratio_rate_eda; consider_missingness_logic_later,ratio_rate_eda,high combined missingness,71.73922233676193,65.83579517479075,5.90342716197118,3,2.0,False,False,70.931495698306,3,70.931495698306,high_missing
cc_latest_has_dpd_def_max,binary_flag,feature,P2_missingness_review,route_to_binary_flag_eda; consider_missingness_logic_later,binary_flag_eda,high combined missingness,71.73922233676193,65.83579517479075,5.90342716197118,2,2.0,False,False,70.931495698306,2,70.931495698306,high_missing
cc_latest_has_dpd_def_min,binary_flag,feature,P2_missingness_review,route_to_binary_flag_eda; consider_missingness_logic_later,binary_flag_eda,high combined missingness,71.73922233676193,65.83579517479075,5.90342716197118,2,2.0,False,False,70.931495698306,2,70.931495698306,high_missing
cc_latest_has_dpd_def_sum,binary_flag,feature,P2_missingness_review,route_to_binary_flag_eda; consider_missingness_logic_later,binary_flag_eda,high combined missingness,71.73922233676193,65.83579517479075,5.90342716197118,2,2.0,False,False,70.931495698306,2,70.931495698306,high_missing
cc_latest_high_utilization_80plus_flag_mean,ratio_rate_numeric,feature,P2_missingness_review,route_to_ratio_rate_eda; consider_missingness_logic_later,ratio_rate_eda,high combined missingness,71.73922233676193,65.83579517479075,5.90342716197118,3,4.0,False,False,70.931495698306,4,70.931495698306,high_missing
cc_latest_high_utilization_80plus_flag_max,binary_flag,feature,P2_missingness_review,route_to_binary_flag_eda; consider_missingness_logic_later,binary_flag_eda,high combined missingness,71.73922233676193,65.83579517479075,5.90342716197118,2,2.0,False,False,70.931495698306,2,70.931495698306,high_missing
cc_latest_high_utilization_80plus_flag_min,binary_flag,feature,P2_missingness_review,route_to_binary_flag_eda; consider_missingness_logic_later,binary_flag_eda,high combined missingness,71.73922233676193,65.83579517479075,5.90342716197118,2,2.0,False,False,70.931495698306,2,70.931495698306,high_missing
cc_latest_high_utilization_80plus_flag_sum,discrete_count_numeric,feature,P2_missingness_review,route_to_discrete_count_eda; consider_missingness_logic_later,discrete_count_eda,high combined missingness,71.73922233676193,65.83579517479075,5.90342716197118,3,2.0,False,False,70.931495698306,3,70.931495698306,high_missing
cc_latest_no_payment_with_balance_flag_mean,ratio_rate_numeric,feature,P2_missingness_review,route_to_ratio_rate_eda; consider_missingness_logic_later,ratio_rate_eda,high combined missingness,71.73922233676193,65.83579517479075,5.90342716197118,3,3.0,False,False,70.931495698306,3,70.931495698306,high_missing
cc_latest_no_payment_with_balance_flag_max,binary_flag,feature,P2_missingness_review,route_to_binary_flag_eda; consider_missingness_logic_later,binary_flag_eda,high combined missingness,71.73922233676193,65.83579517479075,5.90342716197118,2,2.0,False,False,70.931495698306,2,70.931495698306,high_missing
cc_latest_no_payment_with_balance_flag_min,binary_flag,feature,P2_missingness_review,route_to_binary_flag_eda; consider_missingness_logic_later,binary_flag_eda,high combined missingness,71.73922233676193,65.83579517479075,5.90342716197118,2,2.0,False,False,70.931495698306,2,70.931495698306,high_missing
cc_latest_no_payment_with_balance_flag_sum,discrete_count_numeric,feature,P2_missingness_review,route_to_discrete_count_eda; consider_missingness_logic_later,discrete_count_eda,high combined missingness,71.73922233676193,65.83579517479075,5.90342716197118,3,2.0,False,False,70.931495698306,3,70.931495698306,high_missing
cc_contract_with_dpd_count,discrete_count_numeric,feature,P2_missingness_review,route_to_discrete_count_eda; consider_missingness_logic_later,discrete_count_eda,high combined missingness,71.73922233676193,65.83579517479075,5.90342716197118,3,3.0,False,False,70.931495698306,3,70.931495698306,high_missing
cc_contract_with_dpd_ratio,ratio_rate_numeric,feature,P2_missingness_review,route_to_ratio_rate_eda; consider_missingness_logic_later,ratio_rate_eda,high combined missingness,71.73922233676193,65.83579517479075,5.90342716197118,3,4.0,False,False,70.931495698306,4,70.931495698306,high_missing
cc_contract_with_dpd_def_count,discrete_count_numeric,feature,P2_missingness_review,route_to_discrete_count_eda; consider_missingness_logic_later,discrete_count_eda,high combined missingness,71.73922233676193,65.83579517479075,5.90342716197118,3,3.0,False,False,70.931495698306,3,70.931495698306,high_missing
cc_contract_with_dpd_def_ratio,ratio_rate_numeric,feature,P2_missingness_review,route_to_ratio_rate_eda; consider_missingness_logic_later,ratio_rate_eda,high combined missingness,71.73922233676193,65.83579517479075,5.90342716197118,3,4.0,False,False,70.931495698306,4,70.931495698306,high_missing
cc_contract_with_dpd_30plus_count,binary_flag,feature,P2_missingness_review,route_to_binary_flag_eda; consider_missingness_logic_later,binary_flag_eda,high combined missingness,71.73922233676193,65.83579517479075,5.90342716197118,2,2.0,False,False,70.931495698306,2,70.931495698306,high_missing
cc_contract_with_dpd_30plus_ratio,ratio_rate_numeric,feature,P2_missingness_review,route_to_ratio_rate_eda; consider_missingness_logic_later,ratio_rate_eda,high combined missingness,71.73922233676193,65.83579517479075,5.90342716197118,3,3.0,False,False,70.931495698306,3,70.931495698306,high_missing
cc_contract_with_dpd_60plus_count,binary_flag,feature,P2_missingness_review,route_to_binary_flag_eda; consider_missingness_logic_later,binary_flag_eda,high combined missingness,71.73922233676193,65.83579517479075,5.90342716197118,2,2.0,False,False,70.931495698306,2,70.931495698306,high_missing
cc_contract_with_dpd_60plus_ratio,ratio_rate_numeric,feature,P2_missingness_review,route_to_ratio_rate_eda; consider_missingness_logic_later,ratio_rate_eda,high combined missingness,71.73922233676193,65.83579517479075,5.90342716197118,3,3.0,False,False,70.931495698306,3,70.931495698306,high_missing
cc_contract_with_dpd_90plus_count,binary_flag,feature,P2_missingness_review,route_to_binary_flag_eda; consider_missingness_logic_later,binary_flag_eda,high combined missingness,71.73922233676193,65.83579517479075,5.90342716197118,2,2.0,False,False,70.931495698306,2,70.931495698306,high_missing
cc_contract_with_dpd_90plus_ratio,ratio_rate_numeric,feature,P2_missingness_review,route_to_ratio_rate_eda; consider_missingness_logic_later,ratio_rate_eda,high combined missingness,71.73922233676193,65.83579517479075,5.90342716197118,3,3.0,False,False,70.931495698306,3,70.931495698306,high_missing
cc_contract_with_dpd_def_30plus_count,binary_flag,feature,P2_missingness_review,route_to_binary_flag_eda; consider_missingness_logic_later,binary_flag_eda,high combined missingness,71.73922233676193,65.83579517479075,5.90342716197118,2,2.0,False,False,70.931495698306,2,70.931495698306,high_missing
cc_contract_with_dpd_def_30plus_ratio,ratio_rate_numeric,feature,P2_missingness_review,route_to_ratio_rate_eda; consider_missingness_logic_later,ratio_rate_eda,high combined missingness,71.73922233676193,65.83579517479075,5.90342716197118,3,2.0,False,False,70.931495698306,3,70.931495698306,high_missing
cc_contract_with_dpd_def_60plus_count,binary_flag,feature,P2_missingness_review,route_to_binary_flag_eda; consider_missingness_logic_later,binary_flag_eda,high combined missingness,71.73922233676193,65.83579517479075,5.90342716197118,2,2.0,False,False,70.931495698306,2,70.931495698306,high_missing
cc_contract_with_dpd_def_60plus_ratio,ratio_rate_numeric,feature,P2_missingness_review,route_to_ratio_rate_eda; consider_missingness_logic_later,ratio_rate_eda,high combined missingness,71.73922233676193,65.83579517479075,5.90342716197118,3,2.0,False,False,70.931495698306,3,70.931495698306,high_missing
cc_contract_with_dpd_def_90plus_count,binary_flag,feature,P2_missingness_review,route_to_binary_flag_eda; consider_missingness_logic_later,binary_flag_eda,high combined missingness,71.73922233676193,65.83579517479075,5.90342716197118,2,2.0,False,False,70.931495698306,2,70.931495698306,high_missing
cc_contract_with_dpd_def_90plus_ratio,ratio_rate_numeric,feature,P2_missingness_review,route_to_ratio_rate_eda; consider_missingness_logic_later,ratio_rate_eda,high combined missingness,71.73922233676193,65.83579517479075,5.90342716197118,3,2.0,False,False,70.931495698306,3,70.931495698306,high_missing
cc_contract_with_high_utilization_80plus_count,ratio_rate_numeric,feature,P2_missingness_review,route_to_ratio_rate_eda; consider_missingness_logic_later,ratio_rate_eda,high combined missingness,71.73922233676193,65.83579517479075,5.90342716197118,3,3.0,False,False,70.931495698306,3,70.931495698306,high_missing
cc_contract_with_high_utilization_80plus_ratio,ratio_rate_numeric,feature,P2_missingness_review,route_to_ratio_rate_eda; consider_missingness_logic_later,ratio_rate_eda,high combined missingness,71.73922233676193,65.83579517479075,5.90342716197118,4,5.0,False,False,70.931495698306,5,70.931495698306,high_missing
cc_contract_with_high_utilization_100plus_count,ratio_rate_numeric,feature,P2_missingness_review,route_to_ratio_rate_eda; consider_missingness_logic_later,ratio_rate_eda,high combined missingness,71.73922233676193,65.83579517479075,5.90342716197118,3,3.0,False,False,70.931495698306,3,70.931495698306,high_missing
cc_contract_with_high_utilization_100plus_ratio,ratio_rate_numeric,feature,P2_missingness_review,route_to_ratio_rate_eda; consider_missingness_logic_later,ratio_rate_eda,high combined missingness,71.73922233676193,65.83579517479075,5.90342716197118,3,5.0,False,False,70.931495698306,5,70.931495698306,high_missing
cc_contract_with_payment_less_than_min_count,discrete_count_numeric,feature,P2_missingness_review,route_to_discrete_count_eda; consider_missingness_logic_later,discrete_count_eda,high combined missingness,71.73922233676193,65.83579517479075,5.90342716197118,3,3.0,False,False,70.931495698306,3,70.931495698306,high_missing
cc_contract_with_payment_less_than_min_ratio,ratio_rate_numeric,feature,P2_missingness_review,route_to_ratio_rate_eda; consider_missingness_logic_later,ratio_rate_eda,high combined missingness,71.73922233676193,65.83579517479075,5.90342716197118,4,4.0,False,False,70.931495698306,4,70.931495698306,high_missing
cc_contract_with_no_payment_with_balance_count,discrete_count_numeric,feature,P2_missingness_review,route_to_discrete_count_eda; consider_missingness_logic_later,discrete_count_eda,high combined missingness,71.73922233676193,65.83579517479075,5.90342716197118,3,3.0,False,False,70.931495698306,3,70.931495698306,high_missing
cc_contract_with_no_payment_with_balance_ratio,ratio_rate_numeric,feature,P2_missingness_review,route_to_ratio_rate_eda; consider_missingness_logic_later,ratio_rate_eda,high combined missingness,71.73922233676193,65.83579517479075,5.90342716197118,4,4.0,False,False,70.931495698306,5,70.931495698306,high_missing
cc_contract_with_limit_change_count,discrete_count_numeric,feature,P2_missingness_review,route_to_discrete_count_eda; consider_missingness_logic_later,discrete_count_eda,high combined missingness,71.73922233676193,65.83579517479075,5.90342716197118,3,3.0,False,False,70.931495698306,3,70.931495698306,high_missing
cc_contract_with_limit_change_ratio,ratio_rate_numeric,feature,P2_missingness_review,route_to_ratio_rate_eda; consider_missingness_logic_later,ratio_rate_eda,high combined missingness,71.73922233676193,65.83579517479075,5.90342716197118,5,4.0,False,False,70.931495698306,5,70.931495698306,high_missing
cc_latest_months_balance,date_duration_numeric,feature,P2_missingness_review,route_to_date_duration_eda; consider_missingness_logic_later,date_duration_eda,high combined missingness,71.73922233676193,65.83579517479075,5.90342716197118,5,6.0,False,False,70.931495698306,7,70.931495698306,high_missing
cc_latest_status_active_flag,binary_flag,feature,P2_missingness_review,route_to_binary_flag_eda; consider_missingness_logic_later,binary_flag_eda,high combined missingness,71.73922233676193,65.83579517479075,5.90342716197118,2,2.0,False,False,70.931495698306,2,70.931495698306,high_missing
cc_latest_status_completed_flag,binary_flag,feature,P2_missingness_review,route_to_binary_flag_eda; consider_missingness_logic_later,binary_flag_eda,high combined missingness,71.73922233676193,65.83579517479075,5.90342716197118,2,2.0,False,False,70.931495698306,2,70.931495698306,high_missing
cc_latest_status_signed_flag,binary_flag,feature,P2_missingness_review,route_to_binary_flag_eda; consider_missingness_logic_later,binary_flag_eda,high combined missingness,71.73922233676193,65.83579517479075,5.90342716197118,2,2.0,False,False,70.931495698306,2,70.931495698306,high_missing
cc_latest_status_demand_flag,binary_flag,feature,P2_missingness_review,route_to_binary_flag_eda; consider_missingness_logic_later,binary_flag_eda,high combined missingness,71.73922233676193,65.83579517479075,5.90342716197118,2,2.0,False,False,70.931495698306,2,70.931495698306,high_missing
cc_latest_status_refused_flag,binary_flag,feature,P2_missingness_review,route_to_binary_flag_eda; consider_missingness_logic_later,binary_flag_eda,high combined missingness,71.73922233676193,65.83579517479075,5.90342716197118,1,1.0,False,False,70.931495698306,1,70.931495698306,high_missing
cc_latest_status_approved_flag,binary_flag,feature,P2_missingness_review,route_to_binary_flag_eda; consider_missingness_logic_later,binary_flag_eda,high combined missingness,71.73922233676193,65.83579517479075,5.90342716197118,1,1.0,False,False,70.931495698306,1,70.931495698306,high_missing
cc_latest_status_canceled_flag,binary_flag,feature,P2_missingness_review,route_to_binary_flag_eda; consider_missingness_logic_later,binary_flag_eda,high combined missingness,71.73922233676193,65.83579517479075,5.90342716197118,1,1.0,False,False,70.931495698306,1,70.931495698306,high_missing
cc_latest_balance,continuous_amount_numeric,feature,P2_missingness_review,route_to_continuous_numeric_eda; consider_missingness_logic_later,continuous_numeric_eda,high combined missingness,71.73922233676193,65.83579517479075,5.90342716197118,30603,5509.0,False,False,70.931495698306,36071,70.931495698306,high_missing
cc_latest_credit_limit,continuous_amount_numeric,feature,P2_missingness_review,route_to_continuous_numeric_eda; consider_missingness_logic_later,continuous_numeric_eda,high combined missingness,71.73922233676193,65.83579517479075,5.90342716197118,167,167.0,False,False,70.931495698306,181,70.931495698306,high_missing
cc_latest_credit_utilization,ratio_rate_numeric,feature,P2_missingness_review,route_to_ratio_rate_eda; consider_missingness_logic_later,ratio_rate_eda,high combined missingness,78.62060218984035,73.03462990316757,5.585972286672785,30393,5475.0,False,False,77.8563107886205,35826,77.8563107886205,high_missing
cc_latest_credit_utilization_capped,ratio_rate_numeric,feature,P2_missingness_review,route_to_ratio_rate_eda; consider_missingness_logic_later,ratio_rate_eda,high combined missingness,78.62060218984035,73.03462990316757,5.585972286672785,30393,5475.0,False,False,77.8563107886205,35826,77.8563107886205,high_missing
cc_latest_total_receivable,continuous_amount_numeric,feature,P2_missingness_review,route_to_continuous_numeric_eda; consider_missingness_logic_later,continuous_numeric_eda,high combined missingness,71.73922233676193,65.83579517479075,5.90342716197118,30093,5408.0,False,False,70.931495698306,35464,70.931495698306,high_missing
cc_latest_principal_receivable,continuous_amount_numeric,feature,P2_missingness_review,route_to_continuous_numeric_eda; consider_missingness_logic_later,continuous_numeric_eda,high combined missingness,71.73922233676193,65.83579517479075,5.90342716197118,29189,5297.0,False,False,70.931495698306,34447,70.931495698306,high_missing
cc_latest_recivable,continuous_amount_numeric,feature,P2_missingness_review,route_to_continuous_numeric_eda; consider_missingness_logic_later,continuous_numeric_eda,high combined missingness,71.73922233676193,65.83579517479075,5.90342716197118,30093,5408.0,False,False,70.931495698306,35464,70.931495698306,high_missing
cc_latest_total_receivable_to_limit,ratio_rate_numeric,feature,P2_missingness_review,route_to_ratio_rate_eda; consider_missingness_logic_later,ratio_rate_eda,high combined missingness,78.62060218984035,73.03462990316757,5.585972286672785,29852,5372.0,False,False,77.8563107886205,35183,77.8563107886205,high_missing
cc_latest_payment_current,continuous_amount_numeric,feature,P1_missingness_review,route_to_continuous_numeric_eda; also missingness_review,continuous_numeric_eda,high combined missingness,80.17827004562439,77.36541933366158,2.81285071196281,19429,4373.0,False,False,79.79340640833111,21957,79.79340640833111,high_missing
cc_latest_payment_total,continuous_amount_numeric,feature,P2_missingness_review,route_to_continuous_numeric_eda; consider_missingness_logic_later,continuous_numeric_eda,high combined missingness,71.73922233676193,65.83579517479075,5.90342716197118,15025,3354.0,False,False,70.931495698306,17540,70.931495698306,high_missing
cc_latest_min_instalment,continuous_amount_numeric,feature,P2_missingness_review,route_to_continuous_numeric_eda; consider_missingness_logic_later,continuous_numeric_eda,high combined missingness,71.73922233676193,65.83579517479075,5.90342716197118,23676,4465.0,False,False,70.931495698306,27858,70.931495698306,high_missing
cc_latest_payment_to_balance_ratio,ratio_rate_numeric,feature,P1_missingness_review,route_to_ratio_rate_eda; also missingness_review,ratio_rate_eda,extreme combined missingness,90.03450283079304,88.71861152141803,1.315891309375019,28047,5087.0,False,False,89.85445818304304,33125,89.85445818304304,extreme_missing
cc_latest_payment_to_min_inst_ratio,ratio_rate_numeric,feature,P1_missingness_review,route_to_ratio_rate_eda; also missingness_review,ratio_rate_eda,extreme combined missingness,90.06344488489843,88.83144592154932,1.231998963349113,24585,4580.0,False,False,89.89487866836957,28957,89.89487866836957,extreme_missing
cc_latest_payment_less_than_min_flag,binary_flag,feature,P2_missingness_review,route_to_binary_flag_eda; consider_missingness_logic_later,binary_flag_eda,high combined missingness,71.73922233676193,65.83579517479075,5.90342716197118,2,2.0,False,False,70.931495698306,2,70.931495698306,high_missing
cc_latest_no_payment_with_balance_flag,binary_flag,feature,P2_missingness_review,route_to_binary_flag_eda; consider_missingness_logic_later,binary_flag_eda,high combined missingness,71.73922233676193,65.83579517479075,5.90342716197118,2,2.0,False,False,70.931495698306,2,70.931495698306,high_missing
cc_latest_drawing_amount,continuous_amount_numeric,feature,P2_missingness_review,route_to_continuous_numeric_eda; consider_missingness_logic_later,continuous_numeric_eda,high combined missingness,71.73922233676193,65.83579517479075,5.90342716197118,12031,2519.0,False,False,70.931495698306,14198,70.931495698306,high_missing
cc_latest_drawing_count,discrete_count_numeric,feature,P2_missingness_review,route_to_discrete_count_eda; consider_missingness_logic_later,discrete_count_eda,high combined missingness,71.73922233676193,65.83579517479075,5.90342716197118,94,69.0,False,False,70.931495698306,97,70.931495698306,high_missing
cc_latest_has_drawing_flag,binary_flag,feature,P2_missingness_review,route_to_binary_flag_eda; consider_missingness_logic_later,binary_flag_eda,high combined missingness,71.73922233676193,65.83579517479075,5.90342716197118,2,2.0,False,False,70.931495698306,2,70.931495698306,high_missing
cc_latest_has_atm_drawing_flag,binary_flag,feature,P2_missingness_review,route_to_binary_flag_eda; consider_missingness_logic_later,binary_flag_eda,high combined missingness,71.73922233676193,65.83579517479075,5.90342716197118,2,2.0,False,False,70.931495698306,2,70.931495698306,high_missing
cc_latest_has_pos_drawing_flag,binary_flag,feature,P2_missingness_review,route_to_binary_flag_eda; consider_missingness_logic_later,binary_flag_eda,high combined missingness,71.73922233676193,65.83579517479075,5.90342716197118,2,2.0,False,False,70.931495698306,2,70.931495698306,high_missing
cc_latest_atm_drawing_share,ratio_rate_numeric,feature,P1_missingness_review,route_to_ratio_rate_eda; also missingness_review,ratio_rate_eda,extreme combined missingness,93.98135351255728,93.28327589036599,0.6980776221912919,3521,481.0,False,False,93.88584019873404,3983,93.88584019873404,extreme_missing
cc_latest_pos_drawing_share,ratio_rate_numeric,feature,P1_missingness_review,route_to_ratio_rate_eda; also missingness_review,ratio_rate_eda,extreme combined missingness,93.98135351255728,93.28327589036599,0.6980776221912919,3546,485.0,False,False,93.88584019873404,4012,93.88584019873404,extreme_missing
cc_latest_dpd,overdue_delay_numeric,feature,P2_missingness_review,route_to_overdue_delay_eda; consider_missingness_logic_later,overdue_delay_eda,high combined missingness,71.73922233676193,65.83579517479075,5.90342716197118,276,75.0,False,False,70.931495698306,304,70.931495698306,high_missing
cc_latest_dpd_def,overdue_delay_numeric,feature,P2_missingness_review,route_to_overdue_delay_eda; consider_missingness_logic_later,overdue_delay_eda,high combined missingness,71.73922233676193,65.83579517479075,5.90342716197118,24,9.0,False,False,70.931495698306,28,70.931495698306,high_missing
cc_latest_has_dpd,binary_flag,feature,P2_missingness_review,route_to_binary_flag_eda; consider_missingness_logic_later,binary_flag_eda,high combined missingness,71.73922233676193,65.83579517479075,5.90342716197118,2,2.0,False,False,70.931495698306,2,70.931495698306,high_missing
cc_latest_has_dpd_def,binary_flag,feature,P2_missingness_review,route_to_binary_flag_eda; consider_missingness_logic_later,binary_flag_eda,high combined missingness,71.73922233676193,65.83579517479075,5.90342716197118,2,2.0,False,False,70.931495698306,2,70.931495698306,high_missing
cc_latest_dpd_30plus_flag,binary_flag,feature,P2_missingness_review,route_to_binary_flag_eda; consider_missingness_logic_later,binary_flag_eda,high combined missingness,71.73922233676193,65.83579517479075,5.90342716197118,2,2.0,False,False,70.931495698306,2,70.931495698306,high_missing
cc_latest_dpd_60plus_flag,binary_flag,feature,P2_missingness_review,route_to_binary_flag_eda; consider_missingness_logic_later,binary_flag_eda,high combined missingness,71.73922233676193,65.83579517479075,5.90342716197118,2,2.0,False,False,70.931495698306,2,70.931495698306,high_missing
cc_latest_dpd_90plus_flag,binary_flag,feature,P2_missingness_review,route_to_binary_flag_eda; consider_missingness_logic_later,binary_flag_eda,high combined missingness,71.73922233676193,65.83579517479075,5.90342716197118,2,2.0,False,False,70.931495698306,2,70.931495698306,high_missing
cc_latest_high_utilization_80plus_flag,binary_flag,feature,P2_missingness_review,route_to_binary_flag_eda; consider_missingness_logic_later,binary_flag_eda,high combined missingness,71.73922233676193,65.83579517479075,5.90342716197118,2,2.0,False,False,70.931495698306,2,70.931495698306,high_missing
cc_latest_high_utilization_100plus_flag,binary_flag,feature,P2_missingness_review,route_to_binary_flag_eda; consider_missingness_logic_later,binary_flag_eda,high combined missingness,71.73922233676193,65.83579517479075,5.90342716197118,2,2.0,False,False,70.931495698306,2,70.931495698306,high_missing
cc_latest_over_limit_flag,binary_flag,feature,P2_missingness_review,route_to_binary_flag_eda; consider_missingness_logic_later,binary_flag_eda,high combined missingness,71.73922233676193,65.83579517479075,5.90342716197118,2,2.0,False,False,70.931495698306,2,70.931495698306,high_missing
cc_latest_invalid_credit_limit_flag,binary_flag,feature,P2_missingness_review,route_to_binary_flag_eda; consider_missingness_logic_later,binary_flag_eda,high combined missingness,71.73922233676193,65.83579517479075,5.90342716197118,2,2.0,False,False,70.931495698306,2,70.931495698306,high_missing
total_history_block_count,discrete_count_numeric,feature,P3_normal_type_specific_eda,route_to_discrete_count_eda,discrete_count_eda,no universal-level issue; continue type-specific EDA,0.0,0.0,0.0,6,6.0,False,False,0.0,6,60.66020126033319,
