feature,feature_category,role,universal_priority,universal_action,next_analysis_route,universal_reason,missing_pct_train,missing_pct_test,missing_gap_pct,n_unique_train,n_unique_test,constant_train,constant_test,missing_pct_combined,n_unique_combined,dominant_share_pct,issue_reasons
SK_ID_CURR,id,id,P0_exclude_non_feature,exclude_from_model; keep for tracking,exclude_from_model_tracking_only,identifier column; not a predictive feature,0.0,0.0,0.0,307511,48744.0,False,False,0.0,356255,0.000280697814767512,high_unique_pct
TARGET,target,target,P0_exclude_non_feature,exclude_from_features; use only as target,exclude_from_features_target_analysis_only,target column; absent from test by design,0.0,,,2,,False,False,0.0,2,91.92711805431351,train_test_presence_issue
FLAG_DOCUMENT_10,binary_flag,feature,P1_stability_review,route_to_binary_flag_eda; also stability_review,binary_flag_eda,constant in test; near-constant combined distribution,0.0,0.0,0.0,2,1.0,False,True,0.0,2,99.99803511529663,constant_test; near_constant
FLAG_DOCUMENT_12,binary_flag,feature,P1_stability_review,route_to_binary_flag_eda; also stability_review,binary_flag_eda,constant in test; near-constant combined distribution,0.0,0.0,0.0,2,1.0,False,True,0.0,2,99.99943860437045,constant_test; near_constant
FLAG_DOCUMENT_13,binary_flag,feature,P1_stability_review,route_to_binary_flag_eda; also stability_review,binary_flag_eda,constant in test; near-constant combined distribution,0.0,0.0,0.0,2,1.0,False,True,0.0,2,99.69572356879202,constant_test; near_constant
FLAG_DOCUMENT_14,binary_flag,feature,P1_stability_review,route_to_binary_flag_eda; also stability_review,binary_flag_eda,constant in test; near-constant combined distribution,0.0,0.0,0.0,2,1.0,False,True,0.0,2,99.74652987326493,constant_test; near_constant
FLAG_DOCUMENT_15,binary_flag,feature,P1_stability_review,route_to_binary_flag_eda; also stability_review,binary_flag_eda,constant in test; near-constant combined distribution,0.0,0.0,0.0,2,1.0,False,True,0.0,2,99.89558041290648,constant_test; near_constant
FLAG_DOCUMENT_16,binary_flag,feature,P1_stability_review,route_to_binary_flag_eda; also stability_review,binary_flag_eda,constant in test; near-constant combined distribution,0.0,0.0,0.0,2,1.0,False,True,0.0,2,99.14302957151479,constant_test; near_constant
FLAG_DOCUMENT_17,binary_flag,feature,P1_stability_review,route_to_binary_flag_eda; also stability_review,binary_flag_eda,constant in test; near-constant combined distribution,0.0,0.0,0.0,2,1.0,False,True,0.0,2,99.97698277918906,constant_test; near_constant
FLAG_DOCUMENT_19,binary_flag,feature,P1_stability_review,route_to_binary_flag_eda; also stability_review,binary_flag_eda,constant in test; near-constant combined distribution,0.0,0.0,0.0,2,1.0,False,True,0.0,2,99.94863229989754,constant_test; near_constant
FLAG_DOCUMENT_2,binary_flag,feature,P1_stability_review,route_to_binary_flag_eda; also stability_review,binary_flag_eda,constant in test; near-constant combined distribution,0.0,0.0,0.0,2,1.0,False,True,0.0,2,99.99635092840802,constant_test; near_constant
FLAG_DOCUMENT_20,binary_flag,feature,P1_stability_review,route_to_binary_flag_eda; also stability_review,binary_flag_eda,constant in test; near-constant combined distribution,0.0,0.0,0.0,2,1.0,False,True,0.0,2,99.95621114089627,constant_test; near_constant
FLAG_DOCUMENT_21,binary_flag,feature,P1_stability_review,route_to_binary_flag_eda; also stability_review,binary_flag_eda,constant in test; near-constant combined distribution,0.0,0.0,0.0,2,1.0,False,True,0.0,2,99.97108812507895,constant_test; near_constant
bureau_active_annuity_amount_max,continuous_amount_numeric,feature,P1_stability_review,route_to_continuous_numeric_eda; also stability_review,continuous_numeric_eda,high combined missingness; large train-test missingness gap,80.05079493091304,35.62284588872476,44.42794904218828,19214,14527.0,False,False,73.97201442786768,26211,73.97201442786768,high_missing; large_train_test_missing_gap
bureau_active_annuity_amount_mean,continuous_amount_numeric,feature,P1_stability_review,route_to_continuous_numeric_eda; also stability_review,continuous_numeric_eda,high combined missingness; large train-test missingness gap,80.05079493091304,35.62284588872476,44.42794904218828,26828,20527.0,False,False,73.97201442786768,41052,73.97201442786768,high_missing; large_train_test_missing_gap
bureau_annuity_amount_max,continuous_amount_numeric,feature,P1_stability_review,route_to_continuous_numeric_eda; also stability_review,continuous_numeric_eda,high combined missingness; large train-test missingness gap,73.98174374250027,21.60060725422616,52.38113648827411,23582,15377.0,False,False,66.81478154692566,30558,66.81478154692566,high_missing; large_train_test_missing_gap
bureau_annuity_amount_mean,continuous_amount_numeric,feature,P1_stability_review,route_to_continuous_numeric_eda; also stability_review,continuous_numeric_eda,high combined missingness; large train-test missingness gap,73.98174374250027,21.60060725422616,52.38113648827411,40538,23653.0,False,False,66.81478154692566,58038,66.81478154692566,high_missing; large_train_test_missing_gap
bureau_closed_annuity_amount_max,continuous_amount_numeric,feature,P1_stability_review,route_to_continuous_numeric_eda; also stability_review,continuous_numeric_eda,high combined missingness; large train-test missingness gap,78.53442641076253,40.11980961759396,38.41461679316858,17576,4393.0,False,False,73.27841012757716,19170,73.27841012757716,high_missing; large_train_test_missing_gap
bureau_closed_annuity_amount_mean,continuous_amount_numeric,feature,P1_stability_review,route_to_continuous_numeric_eda; also stability_review,continuous_numeric_eda,high combined missingness; large train-test missingness gap,78.53442641076253,40.11980961759396,38.41461679316858,25539,5059.0,False,False,73.27841012757716,28843,73.27841012757716,high_missing; large_train_test_missing_gap
bureau_latest_annuity_amount,continuous_amount_numeric,feature,P1_stability_review,route_to_continuous_numeric_eda; also stability_review,continuous_numeric_eda,high combined missingness; large train-test missingness gap,80.60297030024942,39.20482520925652,41.39814509099291,16112,11223.0,False,False,74.938737701927,21962,74.938737701927,high_missing; large_train_test_missing_gap
bureau_recent_12m_annuity_amount_max,continuous_amount_numeric,feature,P1_stability_review,route_to_continuous_numeric_eda; also stability_review,continuous_numeric_eda,extreme combined missingness; large train-test missingness gap,86.65608709932327,59.12727720334811,27.52880989597517,14355,10234.0,False,False,82.88950330521678,19893,82.88950330521678,extreme_missing; large_train_test_missing_gap
bureau_recent_12m_annuity_amount_mean,continuous_amount_numeric,feature,P1_stability_review,route_to_continuous_numeric_eda; also stability_review,continuous_numeric_eda,extreme combined missingness; large train-test missingness gap,86.65608709932327,59.12727720334811,27.52880989597517,17370,12193.0,False,False,82.88950330521678,25555,82.88950330521678,extreme_missing; large_train_test_missing_gap
bureau_recent_24m_annuity_amount_max,continuous_amount_numeric,feature,P1_stability_review,route_to_continuous_numeric_eda; also stability_review,continuous_numeric_eda,high combined missingness; large train-test missingness gap,80.68426820503983,41.15378302970622,39.53048517533361,18692,13286.0,False,False,75.27557507964801,25214,75.27557507964801,high_missing; large_train_test_missing_gap
bureau_recent_24m_annuity_amount_mean,continuous_amount_numeric,feature,P1_stability_review,route_to_continuous_numeric_eda; also stability_review,continuous_numeric_eda,high combined missingness; large train-test missingness gap,80.68426820503983,41.15378302970622,39.53048517533361,26057,17765.0,False,False,75.27557507964801,38255,75.27557507964801,high_missing; large_train_test_missing_gap
bureau_bal_late_trend_12m_vs_old_max,continuous_stat_numeric,feature,P1_stability_review,route_to_continuous_numeric_eda; also stability_review,continuous_numeric_eda,high combined missingness; large train-test missingness gap,70.0072517731073,13.19752174626621,56.80973002684109,1383,832.0,False,False,62.23435460554939,1737,62.23435460554939,high_missing; large_train_test_missing_gap
bureau_bal_late_trend_12m_vs_old_mean,continuous_stat_numeric,feature,P1_stability_review,route_to_continuous_numeric_eda; also stability_review,continuous_numeric_eda,high combined missingness; large train-test missingness gap,70.0072517731073,13.19752174626621,56.80973002684109,11055,7378.0,False,False,62.23435460554939,16622,62.23435460554939,high_missing; large_train_test_missing_gap
bureau_bal_late_trend_12m_vs_old_min,continuous_stat_numeric,feature,P1_stability_review,route_to_continuous_numeric_eda; also stability_review,continuous_numeric_eda,high combined missingness; large train-test missingness gap,70.0072517731073,13.19752174626621,56.80973002684109,1472,1080.0,False,False,62.23435460554939,1765,62.23435460554939,high_missing; large_train_test_missing_gap
bureau_bal_month_max_max,date_duration_numeric,feature,P1_stability_review,route_to_date_duration_eda; also stability_review,date_duration_eda,high combined missingness; large train-test missingness gap,70.0072517731073,13.19752174626621,56.80973002684109,91,3.0,False,False,62.23435460554939,91,62.23435460554939,high_missing; large_train_test_missing_gap
bureau_bal_month_max_mean,date_duration_numeric,feature,P1_stability_review,route_to_date_duration_eda; also stability_review,date_duration_eda,high combined missingness; large train-test missingness gap,70.0072517731073,13.19752174626621,56.80973002684109,3958,160.0,False,False,62.23435460554939,4008,62.23435460554939,high_missing; large_train_test_missing_gap
bureau_bal_month_max_min,date_duration_numeric,feature,P1_stability_review,route_to_date_duration_eda; also stability_review,date_duration_eda,high combined missingness; large train-test missingness gap,70.0072517731073,13.19752174626621,56.80973002684109,96,13.0,False,False,62.23435460554939,96,62.23435460554939,high_missing; large_train_test_missing_gap
bureau_bal_month_mean_max,date_duration_numeric,feature,P1_stability_review,route_to_date_duration_eda; also stability_review,date_duration_eda,high combined missingness; large train-test missingness gap,70.0072517731073,13.19752174626621,56.80973002684109,184,97.0,False,False,62.23435460554939,184,62.23435460554939,high_missing; large_train_test_missing_gap
bureau_bal_month_mean_mean,date_duration_numeric,feature,P1_stability_review,route_to_date_duration_eda; also stability_review,date_duration_eda,high combined missingness; large train-test missingness gap,70.0072517731073,13.19752174626621,56.80973002684109,7066,4485.0,False,False,62.23435460554939,8068,62.23435460554939,high_missing; large_train_test_missing_gap
bureau_bal_month_mean_min,date_duration_numeric,feature,P1_stability_review,route_to_date_duration_eda; also stability_review,date_duration_eda,high combined missingness; large train-test missingness gap,70.0072517731073,13.19752174626621,56.80973002684109,191,108.0,False,False,62.23435460554939,191,62.23435460554939,high_missing; large_train_test_missing_gap
bureau_bal_month_min_max,date_duration_numeric,feature,P1_stability_review,route_to_date_duration_eda; also stability_review,date_duration_eda,high combined missingness; large train-test missingness gap,70.0072517731073,13.19752174626621,56.80973002684109,97,96.0,False,False,62.23435460554939,97,62.23435460554939,high_missing; large_train_test_missing_gap
bureau_bal_month_min_mean,date_duration_numeric,feature,P1_stability_review,route_to_date_duration_eda; also stability_review,date_duration_eda,high combined missingness; large train-test missingness gap,70.0072517731073,13.19752174626621,56.80973002684109,5715,4496.0,False,False,62.23435460554939,6660,62.23435460554939,high_missing; large_train_test_missing_gap
bureau_bal_month_min_min,date_duration_numeric,feature,P1_stability_review,route_to_date_duration_eda; also stability_review,date_duration_eda,high combined missingness; large train-test missingness gap,70.0072517731073,13.19752174626621,56.80973002684109,97,97.0,False,False,62.23435460554939,97,62.23435460554939,high_missing; large_train_test_missing_gap
bureau_bal_month_span_max,date_duration_numeric,feature,P1_stability_review,route_to_date_duration_eda; also stability_review,date_duration_eda,high combined missingness; large train-test missingness gap,70.0072517731073,13.19752174626621,56.80973002684109,97,97.0,False,False,62.23435460554939,97,62.23435460554939,high_missing; large_train_test_missing_gap
bureau_bal_month_span_mean,date_duration_numeric,feature,P1_stability_review,route_to_date_duration_eda; also stability_review,date_duration_eda,high combined missingness; large train-test missingness gap,70.0072517731073,13.19752174626621,56.80973002684109,5673,4498.0,False,False,62.23435460554939,6833,62.23435460554939,high_missing; large_train_test_missing_gap
bureau_bal_month_span_min,date_duration_numeric,feature,P1_stability_review,route_to_date_duration_eda; also stability_review,date_duration_eda,high combined missingness; large train-test missingness gap,70.0072517731073,13.19752174626621,56.80973002684109,97,96.0,False,False,62.23435460554939,97,62.23435460554939,high_missing; large_train_test_missing_gap
bureau_bal_late_count_max,discrete_count_numeric,feature,P1_stability_review,route_to_discrete_count_eda; also stability_review,discrete_count_eda,high combined missingness; large train-test missingness gap,70.0072517731073,13.19752174626621,56.80973002684109,85,74.0,False,False,62.23435460554939,88,62.23435460554939,high_missing; large_train_test_missing_gap
bureau_bal_late_count_mean,discrete_count_numeric,feature,P1_stability_review,route_to_discrete_count_eda; also stability_review,discrete_count_eda,high combined missingness; large train-test missingness gap,70.0072517731073,13.19752174626621,56.80973002684109,907,631.0,False,False,62.23435460554939,1017,62.23435460554939,high_missing; large_train_test_missing_gap
bureau_bal_month_count_max,discrete_count_numeric,feature,P1_stability_review,route_to_discrete_count_eda; also stability_review,discrete_count_eda,high combined missingness; large train-test missingness gap,70.0072517731073,13.19752174626621,56.80973002684109,97,97.0,False,False,62.23435460554939,97,62.23435460554939,high_missing; large_train_test_missing_gap
bureau_bal_month_count_mean,discrete_count_numeric,feature,P1_stability_review,route_to_discrete_count_eda; also stability_review,discrete_count_eda,high combined missingness; large train-test missingness gap,70.0072517731073,13.19752174626621,56.80973002684109,5673,4498.0,False,False,62.23435460554939,6833,62.23435460554939,high_missing; large_train_test_missing_gap
bureau_bal_old_count_max,discrete_count_numeric,feature,P1_stability_review,route_to_discrete_count_eda; also stability_review,discrete_count_eda,high combined missingness; large train-test missingness gap,70.0072517731073,13.19752174626621,56.80973002684109,85,85.0,False,False,62.23435460554939,85,62.23435460554939,high_missing; large_train_test_missing_gap
bureau_bal_old_count_mean,discrete_count_numeric,feature,P1_stability_review,route_to_discrete_count_eda; also stability_review,discrete_count_eda,high combined missingness; large train-test missingness gap,70.0072517731073,13.19752174626621,56.80973002684109,5143,4254.0,False,False,62.23435460554939,6163,62.23435460554939,high_missing; large_train_test_missing_gap
bureau_bal_old_late_count_max,discrete_count_numeric,feature,P1_stability_review,route_to_discrete_count_eda; also stability_review,discrete_count_eda,high combined missingness; large train-test missingness gap,70.0072517731073,13.19752174626621,56.80973002684109,76,65.0,False,False,62.23435460554939,77,62.23435460554939,high_missing; large_train_test_missing_gap
bureau_bal_old_late_count_mean,discrete_count_numeric,feature,P1_stability_review,route_to_discrete_count_eda; also stability_review,discrete_count_eda,high combined missingness; large train-test missingness gap,70.0072517731073,13.19752174626621,56.80973002684109,811,560.0,False,False,62.23435460554939,900,62.23435460554939,high_missing; large_train_test_missing_gap
bureau_bal_recent_12m_count_max,discrete_count_numeric,feature,P1_stability_review,route_to_discrete_count_eda; also stability_review,discrete_count_eda,high combined missingness; large train-test missingness gap,70.0072517731073,13.19752174626621,56.80973002684109,14,13.0,False,False,62.23435460554939,14,62.23435460554939,high_missing; large_train_test_missing_gap
bureau_bal_recent_12m_count_mean,discrete_count_numeric,feature,P1_stability_review,route_to_discrete_count_eda; also stability_review,discrete_count_eda,high combined missingness; large train-test missingness gap,70.0072517731073,13.19752174626621,56.80973002684109,1860,868.0,False,False,62.23435460554939,2055,62.23435460554939,high_missing; large_train_test_missing_gap
bureau_bal_recent_12m_late_count_max,discrete_count_numeric,feature,P1_stability_review,route_to_discrete_count_eda; also stability_review,discrete_count_eda,high combined missingness; large train-test missingness gap,70.0072517731073,13.19752174626621,56.80973002684109,14,14.0,False,False,62.23435460554939,14,62.23435460554939,high_missing; large_train_test_missing_gap
bureau_bal_recent_12m_late_count_mean,discrete_count_numeric,feature,P1_stability_review,route_to_discrete_count_eda; also stability_review,discrete_count_eda,high combined missingness; large train-test missingness gap,70.0072517731073,13.19752174626621,56.80973002684109,408,263.0,False,False,62.23435460554939,442,62.23435460554939,high_missing; large_train_test_missing_gap
bureau_bal_recent_12m_severe_late_count_max,discrete_count_numeric,feature,P1_stability_review,route_to_discrete_count_eda; also stability_review,discrete_count_eda,high combined missingness; large train-test missingness gap,70.0072517731073,13.19752174626621,56.80973002684109,14,14.0,False,False,62.23435460554939,14,62.23435460554939,high_missing; large_train_test_missing_gap
bureau_bal_recent_12m_severe_late_count_mean,discrete_count_numeric,feature,P1_stability_review,route_to_discrete_count_eda; also stability_review,discrete_count_eda,high combined missingness; large train-test missingness gap,70.0072517731073,13.19752174626621,56.80973002684109,223,68.0,False,False,62.23435460554939,234,62.23435460554939,high_missing; large_train_test_missing_gap
bureau_bal_recent_6m_count_max,discrete_count_numeric,feature,P1_stability_review,route_to_discrete_count_eda; also stability_review,discrete_count_eda,high combined missingness; large train-test missingness gap,70.0072517731073,13.19752174626621,56.80973002684109,8,7.0,False,False,62.23435460554939,8,62.23435460554939,high_missing; large_train_test_missing_gap
bureau_bal_recent_6m_count_mean,discrete_count_numeric,feature,P1_stability_review,route_to_discrete_count_eda; also stability_review,discrete_count_eda,high combined missingness; large train-test missingness gap,70.0072517731073,13.19752174626621,56.80973002684109,1173,445.0,False,False,62.23435460554939,1281,62.23435460554939,high_missing; large_train_test_missing_gap
bureau_bal_recent_6m_late_count_max,discrete_count_numeric,feature,P1_stability_review,route_to_discrete_count_eda; also stability_review,discrete_count_eda,high combined missingness; large train-test missingness gap,70.0072517731073,13.19752174626621,56.80973002684109,8,8.0,False,False,62.23435460554939,8,62.23435460554939,high_missing; large_train_test_missing_gap
bureau_bal_recent_6m_late_count_mean,discrete_count_numeric,feature,P1_stability_review,route_to_discrete_count_eda; also stability_review,discrete_count_eda,high combined missingness; large train-test missingness gap,70.0072517731073,13.19752174626621,56.80973002684109,267,189.0,False,False,62.23435460554939,293,62.23435460554939,high_missing; large_train_test_missing_gap
bureau_bal_recent_6m_severe_late_count_max,discrete_count_numeric,feature,P1_stability_review,route_to_discrete_count_eda; also stability_review,discrete_count_eda,high combined missingness; large train-test missingness gap,70.0072517731073,13.19752174626621,56.80973002684109,8,8.0,False,False,62.23435460554939,8,62.23435460554939,high_missing; large_train_test_missing_gap
bureau_bal_recent_6m_severe_late_count_mean,discrete_count_numeric,feature,P1_stability_review,route_to_discrete_count_eda; also stability_review,discrete_count_eda,high combined missingness; large train-test missingness gap,70.0072517731073,13.19752174626621,56.80973002684109,156,44.0,False,False,62.23435460554939,162,62.23435460554939,high_missing; large_train_test_missing_gap
bureau_bal_severe_late_count_max,discrete_count_numeric,feature,P1_stability_review,route_to_discrete_count_eda; also stability_review,discrete_count_eda,high combined missingness; large train-test missingness gap,70.0072517731073,13.19752174626621,56.80973002684109,81,70.0,False,False,62.23435460554939,84,62.23435460554939,high_missing; large_train_test_missing_gap
bureau_bal_severe_late_count_mean,discrete_count_numeric,feature,P1_stability_review,route_to_discrete_count_eda; also stability_review,discrete_count_eda,high combined missingness; large train-test missingness gap,70.0072517731073,13.19752174626621,56.80973002684109,526,296.0,False,False,62.23435460554939,597,62.23435460554939,high_missing; large_train_test_missing_gap
bureau_bal_status_0_count_max,discrete_count_numeric,feature,P1_stability_review,route_to_discrete_count_eda; also stability_review,discrete_count_eda,high combined missingness; large train-test missingness gap,70.0072517731073,13.19752174626621,56.80973002684109,96,96.0,False,False,62.23435460554939,96,62.23435460554939,high_missing; large_train_test_missing_gap
bureau_bal_status_1_count_max,discrete_count_numeric,feature,P1_stability_review,route_to_discrete_count_eda; also stability_review,discrete_count_eda,high combined missingness; large train-test missingness gap,70.0072517731073,13.19752174626621,56.80973002684109,49,45.0,False,False,62.23435460554939,51,62.23435460554939,high_missing; large_train_test_missing_gap
bureau_bal_status_2_count_max,discrete_count_numeric,feature,P1_stability_review,route_to_discrete_count_eda; also stability_review,discrete_count_eda,high combined missingness; large train-test missingness gap,70.0072517731073,13.19752174626621,56.80973002684109,17,15.0,False,False,62.23435460554939,18,62.23435460554939,high_missing; large_train_test_missing_gap
bureau_bal_status_3_count_max,discrete_count_numeric,feature,P1_stability_review,route_to_discrete_count_eda; also stability_review,discrete_count_eda,high combined missingness; large train-test missingness gap,70.0072517731073,13.19752174626621,56.80973002684109,11,11.0,False,False,62.23435460554939,12,62.23435460554939,high_missing; large_train_test_missing_gap
bureau_bal_status_4_count_max,discrete_count_numeric,feature,P1_stability_review,route_to_discrete_count_eda; also stability_review,discrete_count_eda,high combined missingness; large train-test missingness gap,70.0072517731073,13.19752174626621,56.80973002684109,10,11.0,False,False,62.23435460554939,12,62.23435460554939,high_missing; large_train_test_missing_gap
bureau_bal_status_5_count_max,discrete_count_numeric,feature,P1_stability_review,route_to_discrete_count_eda; also stability_review,discrete_count_eda,high combined missingness; large train-test missingness gap,70.0072517731073,13.19752174626621,56.80973002684109,81,64.0,False,False,62.23435460554939,83,62.23435460554939,high_missing; large_train_test_missing_gap
bureau_bal_status_C_count_max,discrete_count_numeric,feature,P1_stability_review,route_to_discrete_count_eda; also stability_review,discrete_count_eda,high combined missingness; large train-test missingness gap,70.0072517731073,13.19752174626621,56.80973002684109,97,96.0,False,False,62.23435460554939,97,62.23435460554939,high_missing; large_train_test_missing_gap
bureau_bal_status_X_count_max,discrete_count_numeric,feature,P1_stability_review,route_to_discrete_count_eda; also stability_review,discrete_count_eda,high combined missingness; large train-test missingness gap,70.0072517731073,13.19752174626621,56.80973002684109,98,97.0,False,False,62.23435460554939,98,62.23435460554939,high_missing; large_train_test_missing_gap
bureau_bal_unique_status_count_max,discrete_count_numeric,feature,P1_stability_review,route_to_discrete_count_eda; also stability_review,discrete_count_eda,high combined missingness; large train-test missingness gap,70.0072517731073,13.19752174626621,56.80973002684109,8,8.0,False,False,62.23435460554939,8,62.23435460554939,high_missing; large_train_test_missing_gap
bureau_bal_max_late_status_max,overdue_delay_numeric,feature,P1_stability_review,route_to_overdue_delay_eda; also stability_review,overdue_delay_eda,high combined missingness; large train-test missingness gap,70.0072517731073,13.19752174626621,56.80973002684109,6,6.0,False,False,62.23435460554939,6,62.23435460554939,high_missing; large_train_test_missing_gap
bureau_bal_max_late_status_min,overdue_delay_numeric,feature,P1_stability_review,route_to_overdue_delay_eda; also stability_review,overdue_delay_eda,high combined missingness; large train-test missingness gap,70.0072517731073,13.19752174626621,56.80973002684109,6,6.0,False,False,62.23435460554939,6,62.23435460554939,high_missing; large_train_test_missing_gap
bureau_latest_bal_max_late_status,overdue_delay_numeric,feature,P1_stability_review,route_to_overdue_delay_eda; also stability_review,overdue_delay_eda,high combined missingness; large train-test missingness gap,70.04497400093005,13.64680781224356,56.3981661886865,6,6.0,False,False,62.32838837349652,6,62.32838837349652,high_missing; large_train_test_missing_gap
bureau_annuity_to_credit_max,ratio_rate_numeric,feature,P1_stability_review,route_to_ratio_rate_eda; also stability_review,ratio_rate_eda,high combined missingness; large train-test missingness gap,74.16645258218405,21.92474971278516,52.24170286939889,50146,19640.0,False,False,67.01856816044686,67321,67.01856816044686,high_missing; large_train_test_missing_gap
bureau_annuity_to_credit_mean,ratio_rate_numeric,feature,P1_stability_review,route_to_ratio_rate_eda; also stability_review,ratio_rate_eda,high combined missingness; large train-test missingness gap,74.16645258218405,21.92474971278516,52.24170286939889,56346,26545.0,False,False,67.01856816044686,81741,67.01856816044686,high_missing; large_train_test_missing_gap
bureau_bal_late_ratio_max,ratio_rate_numeric,feature,P1_stability_review,route_to_ratio_rate_eda; also stability_review,ratio_rate_eda,high combined missingness; large train-test missingness gap,70.0072517731073,13.19752174626621,56.80973002684109,1323,1082.0,False,False,62.23435460554939,1535,62.23435460554939,high_missing; large_train_test_missing_gap
bureau_bal_late_ratio_mean,ratio_rate_numeric,feature,P1_stability_review,route_to_ratio_rate_eda; also stability_review,ratio_rate_eda,high combined missingness; large train-test missingness gap,70.0072517731073,13.19752174626621,56.80973002684109,14068,8265.0,False,False,62.23435460554939,20485,62.23435460554939,high_missing; large_train_test_missing_gap
bureau_bal_late_ratio_min,ratio_rate_numeric,feature,P1_stability_review,route_to_ratio_rate_eda; also stability_review,ratio_rate_eda,high combined missingness; large train-test missingness gap,70.0072517731073,13.19752174626621,56.80973002684109,595,308.0,False,False,62.23435460554939,658,62.23435460554939,high_missing; large_train_test_missing_gap
bureau_bal_max_late_status_mean,ratio_rate_numeric,feature,P1_stability_review,route_to_ratio_rate_eda; also stability_review,ratio_rate_eda,high combined missingness; large train-test missingness gap,70.0072517731073,13.19752174626621,56.80973002684109,378,244.0,False,False,62.23435460554939,404,62.23435460554939,high_missing; large_train_test_missing_gap
bureau_bal_old_late_ratio_max,ratio_rate_numeric,feature,P1_stability_review,route_to_ratio_rate_eda; also stability_review,ratio_rate_eda,high combined missingness; large train-test missingness gap,70.0072517731073,13.19752174626621,56.80973002684109,1144,912.0,False,False,62.23435460554939,1321,62.23435460554939,high_missing; large_train_test_missing_gap
bureau_bal_old_late_ratio_mean,ratio_rate_numeric,feature,P1_stability_review,route_to_ratio_rate_eda; also stability_review,ratio_rate_eda,high combined missingness; large train-test missingness gap,70.0072517731073,13.19752174626621,56.80973002684109,11113,6018.0,False,False,62.23435460554939,15523,62.23435460554939,high_missing; large_train_test_missing_gap
bureau_bal_old_late_ratio_min,ratio_rate_numeric,feature,P1_stability_review,route_to_ratio_rate_eda; also stability_review,ratio_rate_eda,high combined missingness; large train-test missingness gap,70.0072517731073,13.19752174626621,56.80973002684109,472,249.0,False,False,62.23435460554939,538,62.23435460554939,high_missing; large_train_test_missing_gap
bureau_bal_recent_12m_late_ratio_max,ratio_rate_numeric,feature,P1_stability_review,route_to_ratio_rate_eda; also stability_review,ratio_rate_eda,high combined missingness; large train-test missingness gap,70.0072517731073,13.19752174626621,56.80973002684109,59,56.0,False,False,62.23435460554939,59,62.23435460554939,high_missing; large_train_test_missing_gap
bureau_bal_recent_12m_late_ratio_mean,ratio_rate_numeric,feature,P1_stability_review,route_to_ratio_rate_eda; also stability_review,ratio_rate_eda,high combined missingness; large train-test missingness gap,70.0072517731073,13.19752174626621,56.80973002684109,2091,974.0,False,False,62.23435460554939,2464,62.23435460554939,high_missing; large_train_test_missing_gap
bureau_bal_recent_12m_late_ratio_min,ratio_rate_numeric,feature,P1_stability_review,route_to_ratio_rate_eda; also stability_review,ratio_rate_eda,high combined missingness; large train-test missingness gap,70.0072517731073,13.19752174626621,56.80973002684109,49,32.0,False,False,62.23435460554939,49,62.23435460554939,high_missing; large_train_test_missing_gap
bureau_bal_recent_12m_severe_late_ratio_max,ratio_rate_numeric,feature,P1_stability_review,route_to_ratio_rate_eda; also stability_review,ratio_rate_eda,high combined missingness; large train-test missingness gap,70.0072517731073,13.19752174626621,56.80973002684109,53,22.0,False,False,62.23435460554939,53,62.23435460554939,high_missing; large_train_test_missing_gap
bureau_bal_recent_12m_severe_late_ratio_mean,ratio_rate_numeric,feature,P1_stability_review,route_to_ratio_rate_eda; also stability_review,ratio_rate_eda,high combined missingness; large train-test missingness gap,70.0072517731073,13.19752174626621,56.80973002684109,346,70.0,False,False,62.23435460554939,361,62.23435460554939,high_missing; large_train_test_missing_gap
bureau_bal_recent_12m_severe_late_ratio_min,ratio_rate_numeric,feature,P1_stability_review,route_to_ratio_rate_eda; also stability_review,ratio_rate_eda,high combined missingness; large train-test missingness gap,70.0072517731073,13.19752174626621,56.80973002684109,23,6.0,False,False,62.23435460554939,24,62.23435460554939,high_missing; large_train_test_missing_gap
bureau_bal_recent_6m_late_ratio_max,ratio_rate_numeric,feature,P1_stability_review,route_to_ratio_rate_eda; also stability_review,ratio_rate_eda,high combined missingness; large train-test missingness gap,70.0072517731073,13.19752174626621,56.80973002684109,19,19.0,False,False,62.23435460554939,19,62.23435460554939,high_missing; large_train_test_missing_gap
bureau_bal_recent_6m_late_ratio_mean,ratio_rate_numeric,feature,P1_stability_review,route_to_ratio_rate_eda; also stability_review,ratio_rate_eda,high combined missingness; large train-test missingness gap,70.0072517731073,13.19752174626621,56.80973002684109,659,332.0,False,False,62.23435460554939,728,62.23435460554939,high_missing; large_train_test_missing_gap
bureau_bal_recent_6m_late_ratio_min,ratio_rate_numeric,feature,P1_stability_review,route_to_ratio_rate_eda; also stability_review,ratio_rate_eda,high combined missingness; large train-test missingness gap,70.0072517731073,13.19752174626621,56.80973002684109,17,15.0,False,False,62.23435460554939,17,62.23435460554939,high_missing; large_train_test_missing_gap
bureau_bal_severe_late_ratio_max,ratio_rate_numeric,feature,P1_stability_review,route_to_ratio_rate_eda; also stability_review,ratio_rate_eda,high combined missingness; large train-test missingness gap,70.0072517731073,13.19752174626621,56.80973002684109,927,560.0,False,False,62.23435460554939,1090,62.23435460554939,high_missing; large_train_test_missing_gap
bureau_bal_severe_late_ratio_mean,ratio_rate_numeric,feature,P1_stability_review,route_to_ratio_rate_eda; also stability_review,ratio_rate_eda,high combined missingness; large train-test missingness gap,70.0072517731073,13.19752174626621,56.80973002684109,2287,1022.0,False,False,62.23435460554939,2889,62.23435460554939,high_missing; large_train_test_missing_gap
bureau_bal_severe_late_ratio_min,ratio_rate_numeric,feature,P1_stability_review,route_to_ratio_rate_eda; also stability_review,ratio_rate_eda,high combined missingness; large train-test missingness gap,70.0072517731073,13.19752174626621,56.80973002684109,294,90.0,False,False,62.23435460554939,345,62.23435460554939,high_missing; large_train_test_missing_gap
bureau_bal_status_0_count_mean,ratio_rate_numeric,feature,P1_stability_review,route_to_ratio_rate_eda; also stability_review,ratio_rate_eda,high combined missingness; large train-test missingness gap,70.0072517731073,13.19752174626621,56.80973002684109,3195,2619.0,False,False,62.23435460554939,3700,62.23435460554939,high_missing; large_train_test_missing_gap
bureau_bal_status_0_ratio_max,ratio_rate_numeric,feature,P1_stability_review,route_to_ratio_rate_eda; also stability_review,ratio_rate_eda,high combined missingness; large train-test missingness gap,70.0072517731073,13.19752174626621,56.80973002684109,2021,1940.0,False,False,62.23435460554939,2352,62.23435460554939,high_missing; large_train_test_missing_gap
bureau_bal_status_0_ratio_mean,ratio_rate_numeric,feature,P1_stability_review,route_to_ratio_rate_eda; also stability_review,ratio_rate_eda,high combined missingness; large train-test missingness gap,70.0072517731073,13.19752174626621,56.80973002684109,59102,32403.0,False,False,62.23435460554939,88252,62.23435460554939,high_missing; large_train_test_missing_gap
bureau_bal_status_0_ratio_min,ratio_rate_numeric,feature,P1_stability_review,route_to_ratio_rate_eda; also stability_review,ratio_rate_eda,high combined missingness; large train-test missingness gap,70.0072517731073,13.19752174626621,56.80973002684109,1745,1538.0,False,False,62.23435460554939,1930,62.23435460554939,high_missing; large_train_test_missing_gap
bureau_bal_status_1_count_mean,ratio_rate_numeric,feature,P1_stability_review,route_to_ratio_rate_eda; also stability_review,ratio_rate_eda,high combined missingness; large train-test missingness gap,70.0072517731073,13.19752174626621,56.80973002684109,661,529.0,False,False,62.23435460554939,760,62.23435460554939,high_missing; large_train_test_missing_gap
bureau_bal_status_1_ratio_max,ratio_rate_numeric,feature,P1_stability_review,route_to_ratio_rate_eda; also stability_review,ratio_rate_eda,high combined missingness; large train-test missingness gap,70.0072517731073,13.19752174626621,56.80973002684109,879,861.0,False,False,62.23435460554939,1063,62.23435460554939,high_missing; large_train_test_missing_gap
bureau_bal_status_1_ratio_mean,ratio_rate_numeric,feature,P1_stability_review,route_to_ratio_rate_eda; also stability_review,ratio_rate_eda,high combined missingness; large train-test missingness gap,70.0072517731073,13.19752174626621,56.80973002684109,13113,7875.0,False,False,62.23435460554939,19243,62.23435460554939,high_missing; large_train_test_missing_gap
bureau_bal_status_1_ratio_min,ratio_rate_numeric,feature,P1_stability_review,route_to_ratio_rate_eda; also stability_review,ratio_rate_eda,high combined missingness; large train-test missingness gap,70.0072517731073,13.19752174626621,56.80973002684109,424,254.0,False,False,62.23435460554939,457,62.23435460554939,high_missing; large_train_test_missing_gap
bureau_bal_status_2_count_mean,ratio_rate_numeric,feature,P1_stability_review,route_to_ratio_rate_eda; also stability_review,ratio_rate_eda,high combined missingness; large train-test missingness gap,70.0072517731073,13.19752174626621,56.80973002684109,208,138.0,False,False,62.23435460554939,222,62.23435460554939,high_missing; large_train_test_missing_gap
bureau_bal_status_2_ratio_max,ratio_rate_numeric,feature,P1_stability_review,route_to_ratio_rate_eda; also stability_review,ratio_rate_eda,high combined missingness; large train-test missingness gap,70.0072517731073,13.19752174626621,56.80973002684109,337,253.0,False,False,62.23435460554939,380,62.23435460554939,high_missing; large_train_test_missing_gap
bureau_bal_status_2_ratio_mean,ratio_rate_numeric,feature,P1_stability_review,route_to_ratio_rate_eda; also stability_review,ratio_rate_eda,high combined missingness; large train-test missingness gap,70.0072517731073,13.19752174626621,56.80973002684109,2755,1178.0,False,False,62.23435460554939,3345,62.23435460554939,high_missing; large_train_test_missing_gap
bureau_bal_status_2_ratio_min,ratio_rate_numeric,feature,P1_stability_review,route_to_ratio_rate_eda; also stability_review,ratio_rate_eda,high combined missingness; large train-test missingness gap,70.0072517731073,13.19752174626621,56.80973002684109,170,85.0,False,False,62.23435460554939,177,62.23435460554939,high_missing; large_train_test_missing_gap
bureau_bal_status_3_count_mean,ratio_rate_numeric,feature,P1_stability_review,route_to_ratio_rate_eda; also stability_review,ratio_rate_eda,high combined missingness; large train-test missingness gap,70.0072517731073,13.19752174626621,56.80973002684109,128,76.0,False,False,62.23435460554939,141,62.23435460554939,high_missing; large_train_test_missing_gap
bureau_bal_status_3_ratio_max,ratio_rate_numeric,feature,P1_stability_review,route_to_ratio_rate_eda; also stability_review,ratio_rate_eda,high combined missingness; large train-test missingness gap,70.0072517731073,13.19752174626621,56.80973002684109,210,153.0,False,False,62.23435460554939,224,62.23435460554939,high_missing; large_train_test_missing_gap
bureau_bal_status_3_ratio_mean,ratio_rate_numeric,feature,P1_stability_review,route_to_ratio_rate_eda; also stability_review,ratio_rate_eda,high combined missingness; large train-test missingness gap,70.0072517731073,13.19752174626621,56.80973002684109,1453,627.0,False,False,62.23435460554939,1727,62.23435460554939,high_missing; large_train_test_missing_gap
bureau_bal_status_3_ratio_min,ratio_rate_numeric,feature,P1_stability_review,route_to_ratio_rate_eda; also stability_review,ratio_rate_eda,high combined missingness; large train-test missingness gap,70.0072517731073,13.19752174626621,56.80973002684109,115,52.0,False,False,62.23435460554939,124,62.23435460554939,high_missing; large_train_test_missing_gap
bureau_bal_status_4_count_mean,ratio_rate_numeric,feature,P1_stability_review,route_to_ratio_rate_eda; also stability_review,ratio_rate_eda,high combined missingness; large train-test missingness gap,70.0072517731073,13.19752174626621,56.80973002684109,105,65.0,False,False,62.23435460554939,110,62.23435460554939,high_missing; large_train_test_missing_gap
bureau_bal_status_4_ratio_max,ratio_rate_numeric,feature,P1_stability_review,route_to_ratio_rate_eda; also stability_review,ratio_rate_eda,high combined missingness; large train-test missingness gap,70.0072517731073,13.19752174626621,56.80973002684109,171,123.0,False,False,62.23435460554939,187,62.23435460554939,high_missing; large_train_test_missing_gap
bureau_bal_status_4_ratio_mean,ratio_rate_numeric,feature,P1_stability_review,route_to_ratio_rate_eda; also stability_review,ratio_rate_eda,high combined missingness; large train-test missingness gap,70.0072517731073,13.19752174626621,56.80973002684109,1121,477.0,False,False,62.23435460554939,1315,62.23435460554939,high_missing; large_train_test_missing_gap
bureau_bal_status_4_ratio_min,ratio_rate_numeric,feature,P1_stability_review,route_to_ratio_rate_eda; also stability_review,ratio_rate_eda,high combined missingness; large train-test missingness gap,70.0072517731073,13.19752174626621,56.80973002684109,98,39.0,False,False,62.23435460554939,104,62.23435460554939,high_missing; large_train_test_missing_gap
bureau_bal_status_5_count_mean,ratio_rate_numeric,feature,P1_stability_review,route_to_ratio_rate_eda; also stability_review,ratio_rate_eda,high combined missingness; large train-test missingness gap,70.0072517731073,13.19752174626621,56.80973002684109,468,255.0,False,False,62.23435460554939,544,62.23435460554939,high_missing; large_train_test_missing_gap
bureau_bal_status_5_ratio_max,ratio_rate_numeric,feature,P1_stability_review,route_to_ratio_rate_eda; also stability_review,ratio_rate_eda,high combined missingness; large train-test missingness gap,70.0072517731073,13.19752174626621,56.80973002684109,864,462.0,False,False,62.23435460554939,1022,62.23435460554939,high_missing; large_train_test_missing_gap
bureau_bal_status_5_ratio_mean,ratio_rate_numeric,feature,P1_stability_review,route_to_ratio_rate_eda; also stability_review,ratio_rate_eda,high combined missingness; large train-test missingness gap,70.0072517731073,13.19752174626621,56.80973002684109,1628,664.0,False,False,62.23435460554939,2076,62.23435460554939,high_missing; large_train_test_missing_gap
bureau_bal_status_5_ratio_min,ratio_rate_numeric,feature,P1_stability_review,route_to_ratio_rate_eda; also stability_review,ratio_rate_eda,high combined missingness; large train-test missingness gap,70.0072517731073,13.19752174626621,56.80973002684109,237,58.0,False,False,62.23435460554939,280,62.23435460554939,high_missing; large_train_test_missing_gap
bureau_bal_status_C_count_mean,ratio_rate_numeric,feature,P1_stability_review,route_to_ratio_rate_eda; also stability_review,ratio_rate_eda,high combined missingness; large train-test missingness gap,70.0072517731073,13.19752174626621,56.80973002684109,4745,3886.0,False,False,62.23435460554939,5638,62.23435460554939,high_missing; large_train_test_missing_gap
bureau_bal_status_C_ratio_max,ratio_rate_numeric,feature,P1_stability_review,route_to_ratio_rate_eda; also stability_review,ratio_rate_eda,high combined missingness; large train-test missingness gap,70.0072517731073,13.19752174626621,56.80973002684109,2124,1890.0,False,False,62.23435460554939,2311,62.23435460554939,high_missing; large_train_test_missing_gap
bureau_bal_status_C_ratio_mean,ratio_rate_numeric,feature,P1_stability_review,route_to_ratio_rate_eda; also stability_review,ratio_rate_eda,high combined missingness; large train-test missingness gap,70.0072517731073,13.19752174626621,56.80973002684109,49918,27924.0,False,False,62.23435460554939,74523,62.23435460554939,high_missing; large_train_test_missing_gap
bureau_bal_status_C_ratio_min,ratio_rate_numeric,feature,P1_stability_review,route_to_ratio_rate_eda; also stability_review,ratio_rate_eda,high combined missingness; large train-test missingness gap,70.0072517731073,13.19752174626621,56.80973002684109,1616,1273.0,False,False,62.23435460554939,1889,62.23435460554939,high_missing; large_train_test_missing_gap
bureau_bal_status_X_count_mean,ratio_rate_numeric,feature,P1_stability_review,route_to_ratio_rate_eda; also stability_review,ratio_rate_eda,high combined missingness; large train-test missingness gap,70.0072517731073,13.19752174626621,56.80973002684109,3482,3209.0,False,False,62.23435460554939,4338,62.23435460554939,high_missing; large_train_test_missing_gap
bureau_bal_status_X_ratio_max,ratio_rate_numeric,feature,P1_stability_review,route_to_ratio_rate_eda; also stability_review,ratio_rate_eda,high combined missingness; large train-test missingness gap,70.0072517731073,13.19752174626621,56.80973002684109,2133,2051.0,False,False,62.23435460554939,2467,62.23435460554939,high_missing; large_train_test_missing_gap
bureau_bal_status_X_ratio_mean,ratio_rate_numeric,feature,P1_stability_review,route_to_ratio_rate_eda; also stability_review,ratio_rate_eda,high combined missingness; large train-test missingness gap,70.0072517731073,13.19752174626621,56.80973002684109,40428,25838.0,False,False,62.23435460554939,62867,62.23435460554939,high_missing; large_train_test_missing_gap
bureau_bal_status_X_ratio_min,ratio_rate_numeric,feature,P1_stability_review,route_to_ratio_rate_eda; also stability_review,ratio_rate_eda,high combined missingness; large train-test missingness gap,70.0072517731073,13.19752174626621,56.80973002684109,1346,975.0,False,False,62.23435460554939,1557,62.23435460554939,high_missing; large_train_test_missing_gap
bureau_bal_unique_status_count_mean,ratio_rate_numeric,feature,P1_stability_review,route_to_ratio_rate_eda; also stability_review,ratio_rate_eda,high combined missingness; large train-test missingness gap,70.0072517731073,13.19752174626621,56.80973002684109,635,439.0,False,False,62.23435460554939,683,62.23435460554939,high_missing; large_train_test_missing_gap
bureau_latest_bal_late_ratio,ratio_rate_numeric,feature,P1_stability_review,route_to_ratio_rate_eda; also stability_review,ratio_rate_eda,high combined missingness; large train-test missingness gap,70.04497400093005,13.64680781224356,56.3981661886865,693,444.0,False,False,62.32838837349652,791,62.32838837349652,high_missing; large_train_test_missing_gap
bureau_latest_bal_severe_late_ratio,ratio_rate_numeric,feature,P1_stability_review,route_to_ratio_rate_eda; also stability_review,ratio_rate_eda,high combined missingness; large train-test missingness gap,70.04497400093005,13.64680781224356,56.3981661886865,390,128.0,False,False,62.32838837349652,455,62.32838837349652,high_missing; large_train_test_missing_gap
bureau_overdue_annuity_amount_max,continuous_amount_numeric,feature,P1_missingness_review,route_to_continuous_numeric_eda; also missingness_review,continuous_numeric_eda,extreme combined missingness; near-constant combined distribution,99.74895207000725,99.43787953389135,0.3110725361159012,443,220.0,False,False,99.70639008575318,647,99.70639008575318,extreme_missing; near_constant
bureau_overdue_annuity_amount_mean,continuous_amount_numeric,feature,P1_missingness_review,route_to_continuous_numeric_eda; also missingness_review,continuous_numeric_eda,extreme combined missingness; near-constant combined distribution,99.74895207000725,99.43787953389135,0.3110725361159012,445,220.0,False,False,99.70639008575318,650,99.70639008575318,extreme_missing; near_constant
bureau_overdue_annuity_amount_sum,continuous_amount_numeric,feature,P1_missingness_review,route_to_continuous_numeric_eda; also missingness_review,continuous_numeric_eda,extreme combined missingness,98.91581114171527,99.04193336615789,0.126122224442625,444,220.0,False,False,98.93306760606869,649,98.93306760606869,extreme_missing
bureau_overdue_credit_amount_max,continuous_amount_numeric,feature,P1_missingness_review,route_to_continuous_numeric_eda; also missingness_review,continuous_numeric_eda,extreme combined missingness,98.91581114171527,99.04193336615789,0.126122224442625,1607,308.0,False,False,98.93306760606869,1820,98.93306760606869,extreme_missing
bureau_overdue_credit_amount_mean,continuous_amount_numeric,feature,P1_missingness_review,route_to_continuous_numeric_eda; also missingness_review,continuous_numeric_eda,extreme combined missingness,98.91581114171527,99.04193336615789,0.126122224442625,1667,319.0,False,False,98.93306760606869,1892,98.93306760606869,extreme_missing
bureau_overdue_credit_amount_sum,continuous_amount_numeric,feature,P1_missingness_review,route_to_continuous_numeric_eda; also missingness_review,continuous_numeric_eda,extreme combined missingness,98.91581114171527,99.04193336615789,0.126122224442625,1661,317.0,False,False,98.93306760606869,1883,98.93306760606869,extreme_missing
bureau_overdue_debt_amount_max,continuous_amount_numeric,feature,P1_missingness_review,route_to_continuous_numeric_eda; also missingness_review,continuous_numeric_eda,extreme combined missingness; near-constant combined distribution,99.02735186708767,99.13630395535861,0.1089520882709394,2254,331.0,False,False,99.04225905601325,2568,99.04225905601325,extreme_missing; near_constant
bureau_overdue_debt_amount_mean,continuous_amount_numeric,feature,P1_missingness_review,route_to_continuous_numeric_eda; also missingness_review,continuous_numeric_eda,extreme combined missingness; near-constant combined distribution,99.02735186708767,99.13630395535861,0.1089520882709394,2258,331.0,False,False,99.04225905601325,2573,99.04225905601325,extreme_missing; near_constant
bureau_overdue_debt_amount_sum,continuous_amount_numeric,feature,P1_missingness_review,route_to_continuous_numeric_eda; also missingness_review,continuous_numeric_eda,extreme combined missingness,98.91581114171527,99.04193336615789,0.126122224442625,2254,331.0,False,False,98.93306760606869,2568,98.93306760606869,extreme_missing
bureau_overdue_limit_amount_max,continuous_amount_numeric,feature,P1_missingness_review,route_to_continuous_numeric_eda; also missingness_review,continuous_numeric_eda,extreme combined missingness; near-constant combined distribution,99.33205641424209,99.51994091580502,0.1878845015629338,108,8.0,False,False,99.35776339981193,115,99.35776339981193,extreme_missing; near_constant
bureau_overdue_limit_amount_mean,continuous_amount_numeric,feature,P1_missingness_review,route_to_continuous_numeric_eda; also missingness_review,continuous_numeric_eda,extreme combined missingness; near-constant combined distribution,99.33205641424209,99.51994091580502,0.1878845015629338,108,8.0,False,False,99.35776339981193,115,99.35776339981193,extreme_missing; near_constant
bureau_overdue_limit_amount_sum,continuous_amount_numeric,feature,P1_missingness_review,route_to_continuous_numeric_eda; also missingness_review,continuous_numeric_eda,extreme combined missingness,98.91581114171527,99.04193336615789,0.126122224442625,108,8.0,False,False,98.93306760606869,115,98.93306760606869,extreme_missing
bureau_overdue_overdue_amount_max,continuous_amount_numeric,feature,P1_missingness_review,route_to_continuous_numeric_eda; also missingness_review,continuous_numeric_eda,extreme combined missingness,98.91581114171527,99.04193336615789,0.126122224442625,1202,288.0,False,False,98.93306760606869,1349,98.93306760606869,extreme_missing
bureau_overdue_overdue_amount_mean,continuous_amount_numeric,feature,P1_missingness_review,route_to_continuous_numeric_eda; also missingness_review,continuous_numeric_eda,extreme combined missingness,98.91581114171527,99.04193336615789,0.126122224442625,1233,289.0,False,False,98.93306760606869,1385,98.93306760606869,extreme_missing
bureau_overdue_overdue_amount_sum,continuous_amount_numeric,feature,P1_missingness_review,route_to_continuous_numeric_eda; also missingness_review,continuous_numeric_eda,extreme combined missingness,98.91581114171527,99.04193336615789,0.126122224442625,1217,289.0,False,False,98.93306760606869,1368,98.93306760606869,extreme_missing
cc_atm_drawing_amount_max_max,continuous_amount_numeric,feature,P1_missingness_review,route_to_continuous_numeric_eda; also missingness_review,continuous_numeric_eda,high combined missingness,80.11778440446032,77.3223371081569,2.795447296303422,1305,614.0,False,False,79.73530196067424,1370,79.73530196067424,high_missing
cc_atm_drawing_amount_max_mean,continuous_amount_numeric,feature,P1_missingness_review,route_to_continuous_numeric_eda; also missingness_review,continuous_numeric_eda,high combined missingness,80.11778440446032,77.3223371081569,2.795447296303422,1326,630.0,False,False,79.73530196067424,1403,79.73530196067424,high_missing
cc_atm_drawing_amount_max_min,continuous_amount_numeric,feature,P1_missingness_review,route_to_continuous_numeric_eda; also missingness_review,continuous_numeric_eda,high combined missingness,80.11778440446032,77.3223371081569,2.795447296303422,1304,611.0,False,False,79.73530196067424,1367,79.73530196067424,high_missing
cc_atm_drawing_amount_mean_max,continuous_amount_numeric,feature,P1_missingness_review,route_to_continuous_numeric_eda; also missingness_review,continuous_numeric_eda,high combined missingness,80.11778440446032,77.3223371081569,2.795447296303422,22319,5473.0,False,False,79.73530196067424,24687,79.73530196067424,high_missing
cc_atm_drawing_amount_mean_mean,continuous_amount_numeric,feature,P1_missingness_review,route_to_continuous_numeric_eda; also missingness_review,continuous_numeric_eda,high combined missingness,80.11778440446032,77.3223371081569,2.795447296303422,22426,5497.0,False,False,79.73530196067424,24827,79.73530196067424,high_missing
cc_atm_drawing_amount_mean_min,continuous_amount_numeric,feature,P1_missingness_review,route_to_continuous_numeric_eda; also missingness_review,continuous_numeric_eda,high combined missingness,80.11778440446032,77.3223371081569,2.795447296303422,22322,5463.0,False,False,79.73530196067424,24685,79.73530196067424,high_missing
cc_latest_payment_current,continuous_amount_numeric,feature,P1_missingness_review,route_to_continuous_numeric_eda; also missingness_review,continuous_numeric_eda,high combined missingness,80.17827004562439,77.36541933366158,2.81285071196281,19429,4373.0,False,False,79.79340640833111,21957,79.79340640833111,high_missing
cc_latest_payment_current_max,continuous_amount_numeric,feature,P1_missingness_review,route_to_continuous_numeric_eda; also missingness_review,continuous_numeric_eda,high combined missingness,80.14379973399326,77.31002790086985,2.833771833123407,19442,4373.0,False,False,79.75607359896703,21970,79.75607359896703,high_missing
cc_latest_payment_current_mean,continuous_amount_numeric,feature,P1_missingness_review,route_to_continuous_numeric_eda; also missingness_review,continuous_numeric_eda,high combined missingness,80.14379973399326,77.31002790086985,2.833771833123407,19459,4379.0,False,False,79.75607359896703,21993,79.75607359896703,high_missing
cc_latest_payment_current_min,continuous_amount_numeric,feature,P1_missingness_review,route_to_continuous_numeric_eda; also missingness_review,continuous_numeric_eda,high combined missingness,80.14379973399326,77.31002790086985,2.833771833123407,19369,4344.0,False,False,79.75607359896703,21874,79.75607359896703,high_missing
cc_other_drawing_amount_max_max,continuous_amount_numeric,feature,P1_missingness_review,route_to_continuous_numeric_eda; also missingness_review,continuous_numeric_eda,high combined missingness,80.11778440446032,77.3223371081569,2.795447296303422,1339,385.0,False,False,79.73530196067424,1482,79.73530196067424,high_missing
cc_other_drawing_amount_max_mean,continuous_amount_numeric,feature,P1_missingness_review,route_to_continuous_numeric_eda; also missingness_review,continuous_numeric_eda,high combined missingness,80.11778440446032,77.3223371081569,2.795447296303422,1354,388.0,False,False,79.73530196067424,1499,79.73530196067424,high_missing
cc_other_drawing_amount_max_min,continuous_amount_numeric,feature,P1_missingness_review,route_to_continuous_numeric_eda; also missingness_review,continuous_numeric_eda,high combined missingness,80.11778440446032,77.3223371081569,2.795447296303422,1336,384.0,False,False,79.73530196067424,1479,79.73530196067424,high_missing
cc_other_drawing_amount_mean_max,continuous_amount_numeric,feature,P1_missingness_review,route_to_continuous_numeric_eda; also missingness_review,continuous_numeric_eda,high combined missingness,80.11778440446032,77.3223371081569,2.795447296303422,3900,720.0,False,False,79.73530196067424,4374,79.73530196067424,high_missing
cc_other_drawing_amount_mean_mean,continuous_amount_numeric,feature,P1_missingness_review,route_to_continuous_numeric_eda; also missingness_review,continuous_numeric_eda,high combined missingness,80.11778440446032,77.3223371081569,2.795447296303422,3913,722.0,False,False,79.73530196067424,4388,79.73530196067424,high_missing
cc_other_drawing_amount_mean_min,continuous_amount_numeric,feature,P1_missingness_review,route_to_continuous_numeric_eda; also missingness_review,continuous_numeric_eda,high combined missingness,80.11778440446032,77.3223371081569,2.795447296303422,3885,714.0,False,False,79.73530196067424,4355,79.73530196067424,high_missing
cc_payment_current_max_max,continuous_amount_numeric,feature,P1_missingness_review,route_to_continuous_numeric_eda; also missingness_review,continuous_numeric_eda,high combined missingness,80.14379973399326,77.31002790086985,2.833771833123407,25753,6248.0,False,False,79.75607359896703,29790,79.75607359896703,high_missing
cc_payment_current_max_mean,continuous_amount_numeric,feature,P1_missingness_review,route_to_continuous_numeric_eda; also missingness_review,continuous_numeric_eda,high combined missingness,80.14379973399326,77.31002790086985,2.833771833123407,25819,6265.0,False,False,79.75607359896703,29893,79.75607359896703,high_missing
cc_payment_current_max_min,continuous_amount_numeric,feature,P1_missingness_review,route_to_continuous_numeric_eda; also missingness_review,continuous_numeric_eda,high combined missingness,80.14379973399326,77.31002790086985,2.833771833123407,25728,6221.0,False,False,79.75607359896703,29756,79.75607359896703,high_missing
cc_payment_current_mean_max,continuous_amount_numeric,feature,P1_missingness_review,route_to_continuous_numeric_eda; also missingness_review,continuous_numeric_eda,high combined missingness,80.14379973399326,77.31002790086985,2.833771833123407,56705,10616.0,False,False,79.75607359896703,66660,79.75607359896703,high_missing
cc_payment_current_mean_mean,continuous_amount_numeric,feature,P1_missingness_review,route_to_continuous_numeric_eda; also missingness_review,continuous_numeric_eda,high combined missingness,80.14379973399326,77.31002790086985,2.833771833123407,56737,10628.0,False,False,79.75607359896703,66712,79.75607359896703,high_missing
cc_payment_current_mean_min,continuous_amount_numeric,feature,P1_missingness_review,route_to_continuous_numeric_eda; also missingness_review,continuous_numeric_eda,high combined missingness,80.14379973399326,77.31002790086985,2.833771833123407,56723,10625.0,False,False,79.75607359896703,66695,79.75607359896703,high_missing
cc_payment_current_min_max,continuous_amount_numeric,feature,P1_missingness_review,route_to_continuous_numeric_eda; also missingness_review,continuous_numeric_eda,high combined missingness,80.14379973399326,77.31002790086985,2.833771833123407,9984,2447.0,False,False,79.75607359896703,11604,79.75607359896703,high_missing
cc_payment_current_min_mean,continuous_amount_numeric,feature,P1_missingness_review,route_to_continuous_numeric_eda; also missingness_review,continuous_numeric_eda,high combined missingness,80.14379973399326,77.31002790086985,2.833771833123407,9996,2451.0,False,False,79.75607359896703,11620,79.75607359896703,high_missing
cc_payment_current_min_min,continuous_amount_numeric,feature,P1_missingness_review,route_to_continuous_numeric_eda; also missingness_review,continuous_numeric_eda,high combined missingness,80.14379973399326,77.31002790086985,2.833771833123407,9923,2428.0,False,False,79.75607359896703,11528,79.75607359896703,high_missing
cc_pos_drawing_amount_max_max,continuous_amount_numeric,feature,P1_missingness_review,route_to_continuous_numeric_eda; also missingness_review,continuous_numeric_eda,high combined missingness,80.11778440446032,77.3223371081569,2.795447296303422,28865,6124.0,False,False,79.73530196067424,33877,79.73530196067424,high_missing
cc_pos_drawing_amount_max_mean,continuous_amount_numeric,feature,P1_missingness_review,route_to_continuous_numeric_eda; also missingness_review,continuous_numeric_eda,high combined missingness,80.11778440446032,77.3223371081569,2.795447296303422,28872,6125.0,False,False,79.73530196067424,33895,79.73530196067424,high_missing
cc_pos_drawing_amount_max_min,continuous_amount_numeric,feature,P1_missingness_review,route_to_continuous_numeric_eda; also missingness_review,continuous_numeric_eda,high combined missingness,80.11778440446032,77.3223371081569,2.795447296303422,28748,6080.0,False,False,79.73530196067424,33722,79.73530196067424,high_missing
cc_pos_drawing_amount_mean_max,continuous_amount_numeric,feature,P1_missingness_review,route_to_continuous_numeric_eda; also missingness_review,continuous_numeric_eda,high combined missingness,80.11778440446032,77.3223371081569,2.795447296303422,33399,6578.0,False,False,79.73530196067424,39795,79.73530196067424,high_missing
cc_pos_drawing_amount_mean_mean,continuous_amount_numeric,feature,P1_missingness_review,route_to_continuous_numeric_eda; also missingness_review,continuous_numeric_eda,high combined missingness,80.11778440446032,77.3223371081569,2.795447296303422,33398,6579.0,False,False,79.73530196067424,39794,79.73530196067424,high_missing
cc_pos_drawing_amount_mean_min,continuous_amount_numeric,feature,P1_missingness_review,route_to_continuous_numeric_eda; also missingness_review,continuous_numeric_eda,high combined missingness,80.11778440446032,77.3223371081569,2.795447296303422,33284,6536.0,False,False,79.73530196067424,39638,79.73530196067424,high_missing
prev_canceled_annuity_amount_max,continuous_amount_numeric,feature,P1_missingness_review,route_to_continuous_numeric_eda; also missingness_review,continuous_numeric_eda,extreme combined missingness,97.44139234043661,96.7647300180535,0.676662322383109,4007,1214.0,False,False,97.34880913952085,4642,97.34880913952085,extreme_missing
prev_canceled_annuity_amount_mean,continuous_amount_numeric,feature,P1_missingness_review,route_to_continuous_numeric_eda; also missingness_review,continuous_numeric_eda,extreme combined missingness,97.44139234043661,96.7647300180535,0.676662322383109,4306,1254.0,False,False,97.34880913952085,5014,97.34880913952085,extreme_missing
prev_canceled_down_payment_max,continuous_amount_numeric,feature,P1_missingness_review,route_to_continuous_numeric_eda; also missingness_review,continuous_numeric_eda,extreme combined missingness; near-constant combined distribution,99.84228206470664,99.79074347612014,0.05153858858649585,90,29.0,False,False,99.83523038273147,111,99.83523038273147,extreme_missing; near_constant
prev_canceled_down_payment_mean,continuous_amount_numeric,feature,P1_missingness_review,route_to_continuous_numeric_eda; also missingness_review,continuous_numeric_eda,extreme combined missingness; near-constant combined distribution,99.84228206470664,99.79074347612014,0.05153858858649585,92,29.0,False,False,99.83523038273147,113,99.83523038273147,extreme_missing; near_constant
prev_canceled_goods_price_max,continuous_amount_numeric,feature,P1_missingness_review,route_to_continuous_numeric_eda; also missingness_review,continuous_numeric_eda,extreme combined missingness,97.38220746574919,96.70728705071393,0.6749204150352597,554,265.0,False,False,97.28986259841967,615,97.28986259841967,extreme_missing
prev_canceled_goods_price_mean,continuous_amount_numeric,feature,P1_missingness_review,route_to_continuous_numeric_eda; also missingness_review,continuous_numeric_eda,extreme combined missingness,97.38220746574919,96.70728705071393,0.6749204150352597,681,303.0,False,False,97.28986259841967,758,97.28986259841967,extreme_missing
prev_refused_down_payment_max,continuous_amount_numeric,feature,P1_missingness_review,route_to_continuous_numeric_eda; also missingness_review,continuous_numeric_eda,extreme combined missingness,85.31109456247094,84.74684063679632,0.5642539256746204,6494,1949.0,False,False,85.23389145415503,7030,85.23389145415503,extreme_missing
prev_refused_down_payment_mean,continuous_amount_numeric,feature,P1_missingness_review,route_to_continuous_numeric_eda; also missingness_review,continuous_numeric_eda,extreme combined missingness,85.31109456247094,84.74684063679632,0.5642539256746204,9009,2275.0,False,False,85.23389145415503,9918,85.23389145415503,extreme_missing
prev_unused_offer_annuity_amount_max,continuous_amount_numeric,feature,P1_missingness_review,route_to_continuous_numeric_eda; also missingness_review,continuous_numeric_eda,extreme combined missingness; near-constant combined distribution,99.7661872258228,99.75997045790251,0.006216767920292909,642,117.0,False,False,99.76533662685436,735,99.76533662685436,extreme_missing; near_constant
prev_unused_offer_annuity_amount_mean,continuous_amount_numeric,feature,P1_missingness_review,route_to_continuous_numeric_eda; also missingness_review,continuous_numeric_eda,extreme combined missingness; near-constant combined distribution,99.7661872258228,99.75997045790251,0.006216767920292909,650,117.0,False,False,99.76533662685436,744,99.76533662685436,extreme_missing; near_constant
prev_unused_offer_annuity_amount_sum,continuous_amount_numeric,feature,P1_missingness_review,route_to_continuous_numeric_eda; also missingness_review,continuous_numeric_eda,extreme combined missingness,93.81062791249744,93.75102576727392,0.05960214522352203,657,118.0,False,False,93.8024729477481,751,93.8024729477481,extreme_missing
prev_unused_offer_application_amount_max,continuous_amount_numeric,feature,P1_missingness_review,route_to_continuous_numeric_eda; also missingness_review,continuous_numeric_eda,extreme combined missingness,93.81062791249744,93.75102576727392,0.05960214522352203,9361,2323.0,False,False,93.8024729477481,10271,93.8024729477481,extreme_missing
prev_unused_offer_application_amount_mean,continuous_amount_numeric,feature,P1_missingness_review,route_to_continuous_numeric_eda; also missingness_review,continuous_numeric_eda,extreme combined missingness,93.81062791249744,93.75102576727392,0.05960214522352203,10355,2402.0,False,False,93.8024729477481,11445,93.8024729477481,extreme_missing
prev_unused_offer_application_amount_sum,continuous_amount_numeric,feature,P1_missingness_review,route_to_continuous_numeric_eda; also missingness_review,continuous_numeric_eda,extreme combined missingness,93.81062791249744,93.75102576727392,0.05960214522352203,10401,2423.0,False,False,93.8024729477481,11479,93.8024729477481,extreme_missing
prev_unused_offer_credit_amount_max,continuous_amount_numeric,feature,P1_missingness_review,route_to_continuous_numeric_eda; also missingness_review,continuous_numeric_eda,extreme combined missingness,93.81062791249744,93.75102576727392,0.05960214522352203,9368,2325.0,False,False,93.8024729477481,10279,93.8024729477481,extreme_missing
prev_unused_offer_credit_amount_mean,continuous_amount_numeric,feature,P1_missingness_review,route_to_continuous_numeric_eda; also missingness_review,continuous_numeric_eda,extreme combined missingness,93.81062791249744,93.75102576727392,0.05960214522352203,10361,2404.0,False,False,93.8024729477481,11452,93.8024729477481,extreme_missing
prev_unused_offer_credit_amount_sum,continuous_amount_numeric,feature,P1_missingness_review,route_to_continuous_numeric_eda; also missingness_review,continuous_numeric_eda,extreme combined missingness,93.81062791249744,93.75102576727392,0.05960214522352203,10407,2425.0,False,False,93.8024729477481,11486,93.8024729477481,extreme_missing
prev_unused_offer_down_payment_max,continuous_amount_numeric,feature,P1_missingness_review,route_to_continuous_numeric_eda; also missingness_review,continuous_numeric_eda,extreme combined missingness,94.37385979688531,94.29878549154768,0.07507430533763682,3,1.0,False,False,94.36358787946835,3,94.36358787946835,extreme_missing
prev_unused_offer_down_payment_mean,continuous_amount_numeric,feature,P1_missingness_review,route_to_continuous_numeric_eda; also missingness_review,continuous_numeric_eda,extreme combined missingness,94.37385979688531,94.29878549154768,0.07507430533763682,3,1.0,False,False,94.36358787946835,3,94.36358787946835,extreme_missing
prev_unused_offer_down_payment_sum,continuous_amount_numeric,feature,P1_missingness_review,route_to_continuous_numeric_eda; also missingness_review,continuous_numeric_eda,extreme combined missingness,93.81062791249744,93.75102576727392,0.05960214522352203,3,1.0,False,False,93.8024729477481,3,93.8024729477481,extreme_missing
prev_unused_offer_goods_price_max,continuous_amount_numeric,feature,P1_missingness_review,route_to_continuous_numeric_eda; also missingness_review,continuous_numeric_eda,extreme combined missingness,93.81192867897408,93.75307730182176,0.05885137715232247,9361,2323.0,False,False,93.80387643682194,10271,93.80387643682194,extreme_missing
prev_unused_offer_goods_price_mean,continuous_amount_numeric,feature,P1_missingness_review,route_to_continuous_numeric_eda; also missingness_review,continuous_numeric_eda,extreme combined missingness,93.81192867897408,93.75307730182176,0.05885137715232247,10355,2402.0,False,False,93.80387643682194,11445,93.80387643682194,extreme_missing
prev_unused_offer_goods_price_sum,continuous_amount_numeric,feature,P1_missingness_review,route_to_continuous_numeric_eda; also missingness_review,continuous_numeric_eda,extreme combined missingness,93.81062791249744,93.75102576727392,0.05960214522352203,10401,2423.0,False,False,93.8024729477481,11479,93.8024729477481,extreme_missing
cc_payment_current_std_max,continuous_stat_numeric,feature,P1_missingness_review,route_to_continuous_numeric_eda; also missingness_review,continuous_numeric_eda,high combined missingness; very high unique percentage,80.28720923804352,77.46799606105367,2.819213176989848,58867,10740.0,False,False,79.9014750670166,69383,79.9014750670166,high_missing; high_unique_pct
cc_payment_current_std_mean,continuous_stat_numeric,feature,P1_missingness_review,route_to_continuous_numeric_eda; also missingness_review,continuous_numeric_eda,high combined missingness; very high unique percentage,80.28720923804352,77.46799606105367,2.819213176989848,58876,10742.0,False,False,79.9014750670166,69397,79.9014750670166,high_missing; high_unique_pct
cc_payment_current_std_min,continuous_stat_numeric,feature,P1_missingness_review,route_to_continuous_numeric_eda; also missingness_review,continuous_numeric_eda,high combined missingness; very high unique percentage,80.28720923804352,77.46799606105367,2.819213176989848,58860,10740.0,False,False,79.9014750670166,69376,79.9014750670166,high_missing; high_unique_pct
prev_unused_offer_application_credit_diff_max,continuous_stat_numeric,feature,P1_missingness_review,route_to_continuous_numeric_eda; also missingness_review,continuous_numeric_eda,extreme combined missingness,93.81062791249744,93.75102576727392,0.05960214522352203,9,3.0,False,False,93.8024729477481,10,93.8024729477481,extreme_missing
prev_unused_offer_application_credit_diff_mean,continuous_stat_numeric,feature,P1_missingness_review,route_to_continuous_numeric_eda; also missingness_review,continuous_numeric_eda,extreme combined missingness,93.81062791249744,93.75102576727392,0.05960214522352203,10,3.0,False,False,93.8024729477481,11,93.8024729477481,extreme_missing
prev_unused_offer_application_credit_diff_sum,continuous_stat_numeric,feature,P1_missingness_review,route_to_continuous_numeric_eda; also missingness_review,continuous_numeric_eda,extreme combined missingness,93.81062791249744,93.75102576727392,0.05960214522352203,10,3.0,False,False,93.8024729477481,11,93.8024729477481,extreme_missing
cc_atm_drawing_count_max_max,discrete_count_numeric,feature,P1_missingness_review,route_to_discrete_count_eda; also missingness_review,discrete_count_eda,high combined missingness,80.11778440446032,77.3223371081569,2.795447296303422,44,35.0,False,False,79.73530196067424,44,79.73530196067424,high_missing
cc_atm_drawing_count_max_mean,discrete_count_numeric,feature,P1_missingness_review,route_to_discrete_count_eda; also missingness_review,discrete_count_eda,high combined missingness,80.11778440446032,77.3223371081569,2.795447296303422,54,45.0,False,False,79.73530196067424,55,79.73530196067424,high_missing
cc_atm_drawing_count_max_min,discrete_count_numeric,feature,P1_missingness_review,route_to_discrete_count_eda; also missingness_review,discrete_count_eda,high combined missingness,80.11778440446032,77.3223371081569,2.795447296303422,44,35.0,False,False,79.73530196067424,44,79.73530196067424,high_missing
cc_atm_drawing_count_mean_max,discrete_count_numeric,feature,P1_missingness_review,route_to_discrete_count_eda; also missingness_review,discrete_count_eda,high combined missingness,80.11778440446032,77.3223371081569,2.795447296303422,3310,1647.0,False,False,79.73530196067424,3442,79.73530196067424,high_missing
cc_atm_drawing_count_mean_mean,discrete_count_numeric,feature,P1_missingness_review,route_to_discrete_count_eda; also missingness_review,discrete_count_eda,high combined missingness,80.11778440446032,77.3223371081569,2.795447296303422,3434,1692.0,False,False,79.73530196067424,3605,79.73530196067424,high_missing
cc_atm_drawing_count_mean_min,discrete_count_numeric,feature,P1_missingness_review,route_to_discrete_count_eda; also missingness_review,discrete_count_eda,high combined missingness,80.11778440446032,77.3223371081569,2.795447296303422,3311,1648.0,False,False,79.73530196067424,3444,79.73530196067424,high_missing
cc_other_drawing_count_max_max,discrete_count_numeric,feature,P1_missingness_review,route_to_discrete_count_eda; also missingness_review,discrete_count_eda,high combined missingness,80.11778440446032,77.3223371081569,2.795447296303422,11,9.0,False,False,79.73530196067424,11,79.73530196067424,high_missing
cc_other_drawing_count_max_mean,discrete_count_numeric,feature,P1_missingness_review,route_to_discrete_count_eda; also missingness_review,discrete_count_eda,high combined missingness,80.11778440446032,77.3223371081569,2.795447296303422,13,10.0,False,False,79.73530196067424,13,79.73530196067424,high_missing
cc_other_drawing_count_max_min,discrete_count_numeric,feature,P1_missingness_review,route_to_discrete_count_eda; also missingness_review,discrete_count_eda,high combined missingness,80.11778440446032,77.3223371081569,2.795447296303422,11,9.0,False,False,79.73530196067424,11,79.73530196067424,high_missing
cc_other_drawing_count_mean_max,discrete_count_numeric,feature,P1_missingness_review,route_to_discrete_count_eda; also missingness_review,discrete_count_eda,high combined missingness,80.11778440446032,77.3223371081569,2.795447296303422,433,183.0,False,False,79.73530196067424,452,79.73530196067424,high_missing
cc_other_drawing_count_mean_mean,discrete_count_numeric,feature,P1_missingness_review,route_to_discrete_count_eda; also missingness_review,discrete_count_eda,high combined missingness,80.11778440446032,77.3223371081569,2.795447296303422,445,185.0,False,False,79.73530196067424,465,79.73530196067424,high_missing
cc_other_drawing_count_mean_min,discrete_count_numeric,feature,P1_missingness_review,route_to_discrete_count_eda; also missingness_review,discrete_count_eda,high combined missingness,80.11778440446032,77.3223371081569,2.795447296303422,432,182.0,False,False,79.73530196067424,451,79.73530196067424,high_missing
cc_pos_drawing_count_max_max,discrete_count_numeric,feature,P1_missingness_review,route_to_discrete_count_eda; also missingness_review,discrete_count_eda,high combined missingness,80.11778440446032,77.3223371081569,2.795447296303422,123,97.0,False,False,79.73530196067424,128,79.73530196067424,high_missing
cc_pos_drawing_count_max_mean,discrete_count_numeric,feature,P1_missingness_review,route_to_discrete_count_eda; also missingness_review,discrete_count_eda,high combined missingness,80.11778440446032,77.3223371081569,2.795447296303422,151,115.0,False,False,79.73530196067424,158,79.73530196067424,high_missing
cc_pos_drawing_count_max_min,discrete_count_numeric,feature,P1_missingness_review,route_to_discrete_count_eda; also missingness_review,discrete_count_eda,high combined missingness,80.11778440446032,77.3223371081569,2.795447296303422,123,97.0,False,False,79.73530196067424,128,79.73530196067424,high_missing
cc_pos_drawing_count_mean_max,discrete_count_numeric,feature,P1_missingness_review,route_to_discrete_count_eda; also missingness_review,discrete_count_eda,high combined missingness,80.11778440446032,77.3223371081569,2.795447296303422,4936,2185.0,False,False,79.73530196067424,5380,79.73530196067424,high_missing
cc_pos_drawing_count_mean_mean,discrete_count_numeric,feature,P1_missingness_review,route_to_discrete_count_eda; also missingness_review,discrete_count_eda,high combined missingness,80.11778440446032,77.3223371081569,2.795447296303422,4991,2211.0,False,False,79.73530196067424,5460,79.73530196067424,high_missing
cc_pos_drawing_count_mean_min,discrete_count_numeric,feature,P1_missingness_review,route_to_discrete_count_eda; also missingness_review,discrete_count_eda,high combined missingness,80.11778440446032,77.3223371081569,2.795447296303422,4933,2186.0,False,False,79.73530196067424,5378,79.73530196067424,high_missing
prev_canceled_cnt_payment_max,discrete_count_numeric,feature,P1_missingness_review,route_to_discrete_count_eda; also missingness_review,discrete_count_eda,extreme combined missingness,97.44139234043661,96.7647300180535,0.676662322383109,22,17.0,False,False,97.34880913952085,23,97.34880913952085,extreme_missing
prev_canceled_cnt_payment_mean,discrete_count_numeric,feature,P1_missingness_review,route_to_discrete_count_eda; also missingness_review,discrete_count_eda,extreme combined missingness,97.44139234043661,96.7647300180535,0.676662322383109,44,29.0,False,False,97.34880913952085,45,97.34880913952085,extreme_missing
prev_unused_offer_application_count,discrete_count_numeric,feature,P1_missingness_review,route_to_discrete_count_eda; also missingness_review,discrete_count_eda,extreme combined missingness,93.81062791249744,93.75102576727392,0.05960214522352203,10,7.0,False,False,93.8024729477481,12,93.8024729477481,extreme_missing
prev_unused_offer_cnt_payment_max,discrete_count_numeric,feature,P1_missingness_review,route_to_discrete_count_eda; also missingness_review,discrete_count_eda,extreme combined missingness; near-constant combined distribution,99.7661872258228,99.75997045790251,0.006216767920292909,9,5.0,False,False,99.76533662685436,9,99.76533662685436,extreme_missing; near_constant
prev_unused_offer_cnt_payment_mean,discrete_count_numeric,feature,P1_missingness_review,route_to_discrete_count_eda; also missingness_review,discrete_count_eda,extreme combined missingness; near-constant combined distribution,99.7661872258228,99.75997045790251,0.006216767920292909,11,6.0,False,False,99.76533662685436,11,99.76533662685436,extreme_missing; near_constant
prev_unused_offer_cnt_payment_sum,discrete_count_numeric,feature,P1_missingness_review,route_to_discrete_count_eda; also missingness_review,discrete_count_eda,extreme combined missingness,93.81062791249744,93.75102576727392,0.05960214522352203,15,8.0,False,False,93.8024729477481,16,93.8024729477481,extreme_missing
prev_unused_offer_recent_12m_count,discrete_count_numeric,feature,P1_missingness_review,route_to_discrete_count_eda; also missingness_review,discrete_count_eda,extreme combined missingness,93.81062791249744,93.75102576727392,0.05960214522352203,9,5.0,False,False,93.8024729477481,9,93.8024729477481,extreme_missing
prev_unused_offer_recent_24m_count,discrete_count_numeric,feature,P1_missingness_review,route_to_discrete_count_eda; also missingness_review,discrete_count_eda,extreme combined missingness,93.81062791249744,93.75102576727392,0.05960214522352203,9,8.0,False,False,93.8024729477481,9,93.8024729477481,extreme_missing
bureau_overdue_overdue_days_max,overdue_delay_numeric,feature,P1_missingness_review,route_to_overdue_delay_eda; also missingness_review,overdue_delay_eda,extreme combined missingness,98.91581114171527,99.04193336615789,0.126122224442625,665,147.0,False,False,98.93306760606869,706,98.93306760606869,extreme_missing
bureau_overdue_overdue_days_mean,overdue_delay_numeric,feature,P1_missingness_review,route_to_overdue_delay_eda; also missingness_review,overdue_delay_eda,extreme combined missingness,98.91581114171527,99.04193336615789,0.126122224442625,735,152.0,False,False,98.93306760606869,778,98.93306760606869,extreme_missing
bureau_overdue_overdue_days_sum,overdue_delay_numeric,feature,P1_missingness_review,route_to_overdue_delay_eda; also missingness_review,overdue_delay_eda,extreme combined missingness,98.91581114171527,99.04193336615789,0.126122224442625,680,150.0,False,False,98.93306760606869,719,98.93306760606869,extreme_missing
bureau_debt_to_limit_max,ratio_rate_numeric,feature,P1_missingness_review,route_to_ratio_rate_eda; also missingness_review,ratio_rate_eda,extreme combined missingness,84.13292532624848,84.32627605448876,0.1933507282402758,33139,5608.0,False,False,84.15938021922499,38647,84.15938021922499,extreme_missing
bureau_debt_to_limit_mean,ratio_rate_numeric,feature,P1_missingness_review,route_to_ratio_rate_eda; also missingness_review,ratio_rate_eda,extreme combined missingness,84.13292532624848,84.32627605448876,0.1933507282402758,33979,5617.0,False,False,84.15938021922499,39519,84.15938021922499,extreme_missing
cc_atm_drawing_share_max_max,ratio_rate_numeric,feature,P1_missingness_review,route_to_ratio_rate_eda; also missingness_review,ratio_rate_eda,extreme combined missingness,80.60687259967936,78.19423929098967,2.412633308689692,6940,1362.0,False,False,80.27676804536077,8199,80.27676804536077,extreme_missing
cc_atm_drawing_share_max_mean,ratio_rate_numeric,feature,P1_missingness_review,route_to_ratio_rate_eda; also missingness_review,ratio_rate_eda,extreme combined missingness,80.60687259967936,78.19423929098967,2.412633308689692,6985,1381.0,False,False,80.27676804536077,8262,80.27676804536077,extreme_missing
cc_atm_drawing_share_max_min,ratio_rate_numeric,feature,P1_missingness_review,route_to_ratio_rate_eda; also missingness_review,ratio_rate_eda,extreme combined missingness,80.60687259967936,78.19423929098967,2.412633308689692,6973,1377.0,False,False,80.27676804536077,8244,80.27676804536077,extreme_missing
cc_atm_drawing_share_mean_max,ratio_rate_numeric,feature,P1_missingness_review,route_to_ratio_rate_eda; also missingness_review,ratio_rate_eda,extreme combined missingness,80.60687259967936,78.19423929098967,2.412633308689692,24309,4446.0,False,False,80.27676804536077,28526,80.27676804536077,extreme_missing
cc_atm_drawing_share_mean_mean,ratio_rate_numeric,feature,P1_missingness_review,route_to_ratio_rate_eda; also missingness_review,ratio_rate_eda,extreme combined missingness,80.60687259967936,78.19423929098967,2.412633308689692,24383,4473.0,False,False,80.27676804536077,28625,80.27676804536077,extreme_missing
cc_atm_drawing_share_mean_min,ratio_rate_numeric,feature,P1_missingness_review,route_to_ratio_rate_eda; also missingness_review,ratio_rate_eda,extreme combined missingness,80.60687259967936,78.19423929098967,2.412633308689692,24345,4459.0,False,False,80.27676804536077,28574,80.27676804536077,extreme_missing
cc_atm_drawing_share_min_max,ratio_rate_numeric,feature,P1_missingness_review,route_to_ratio_rate_eda; also missingness_review,ratio_rate_eda,extreme combined missingness,80.60687259967936,78.19423929098967,2.412633308689692,5517,882.0,False,False,80.27676804536077,6273,80.27676804536077,extreme_missing
cc_atm_drawing_share_min_mean,ratio_rate_numeric,feature,P1_missingness_review,route_to_ratio_rate_eda; also missingness_review,ratio_rate_eda,extreme combined missingness,80.60687259967936,78.19423929098967,2.412633308689692,5527,887.0,False,False,80.27676804536077,6287,80.27676804536077,extreme_missing
cc_atm_drawing_share_min_min,ratio_rate_numeric,feature,P1_missingness_review,route_to_ratio_rate_eda; also missingness_review,ratio_rate_eda,extreme combined missingness,80.60687259967936,78.19423929098967,2.412633308689692,5508,881.0,False,False,80.27676804536077,6263,80.27676804536077,extreme_missing
cc_latest_atm_drawing_share,ratio_rate_numeric,feature,P1_missingness_review,route_to_ratio_rate_eda; also missingness_review,ratio_rate_eda,extreme combined missingness,93.98135351255728,93.28327589036599,0.6980776221912919,3521,481.0,False,False,93.88584019873404,3983,93.88584019873404,extreme_missing
cc_latest_payment_to_balance_ratio,ratio_rate_numeric,feature,P1_missingness_review,route_to_ratio_rate_eda; also missingness_review,ratio_rate_eda,extreme combined missingness,90.03450283079304,88.71861152141803,1.315891309375019,28047,5087.0,False,False,89.85445818304304,33125,89.85445818304304,extreme_missing
cc_latest_payment_to_balance_ratio_max,ratio_rate_numeric,feature,P1_missingness_review,route_to_ratio_rate_eda; also missingness_review,ratio_rate_eda,extreme combined missingness,90.03450283079304,88.71861152141803,1.315891309375019,28048,5087.0,False,False,89.85445818304304,33126,89.85445818304304,extreme_missing
cc_latest_payment_to_balance_ratio_mean,ratio_rate_numeric,feature,P1_missingness_review,route_to_ratio_rate_eda; also missingness_review,ratio_rate_eda,extreme combined missingness,90.03450283079304,88.71861152141803,1.315891309375019,28048,5087.0,False,False,89.85445818304304,33126,89.85445818304304,extreme_missing
cc_latest_payment_to_balance_ratio_min,ratio_rate_numeric,feature,P1_missingness_review,route_to_ratio_rate_eda; also missingness_review,ratio_rate_eda,extreme combined missingness,90.03450283079304,88.71861152141803,1.315891309375019,28047,5087.0,False,False,89.85445818304304,33125,89.85445818304304,extreme_missing
cc_latest_payment_to_min_inst_ratio,ratio_rate_numeric,feature,P1_missingness_review,route_to_ratio_rate_eda; also missingness_review,ratio_rate_eda,extreme combined missingness,90.06344488489843,88.83144592154932,1.231998963349113,24585,4580.0,False,False,89.89487866836957,28957,89.89487866836957,extreme_missing
cc_latest_payment_to_min_inst_ratio_max,ratio_rate_numeric,feature,P1_missingness_review,route_to_ratio_rate_eda; also missingness_review,ratio_rate_eda,extreme combined missingness,90.06116854356429,88.82939438700149,1.231774156562807,24591,4581.0,False,False,89.89263308585143,28964,89.89263308585143,extreme_missing
cc_latest_payment_to_min_inst_ratio_mean,ratio_rate_numeric,feature,P1_missingness_review,route_to_ratio_rate_eda; also missingness_review,ratio_rate_eda,extreme combined missingness,90.06116854356429,88.82939438700149,1.231774156562807,24592,4581.0,False,False,89.89263308585143,28965,89.89263308585143,extreme_missing
cc_latest_payment_to_min_inst_ratio_min,ratio_rate_numeric,feature,P1_missingness_review,route_to_ratio_rate_eda; also missingness_review,ratio_rate_eda,extreme combined missingness,90.06116854356429,88.82939438700149,1.231774156562807,24591,4581.0,False,False,89.89263308585143,28964,89.89263308585143,extreme_missing
cc_latest_pos_drawing_share,ratio_rate_numeric,feature,P1_missingness_review,route_to_ratio_rate_eda; also missingness_review,ratio_rate_eda,extreme combined missingness,93.98135351255728,93.28327589036599,0.6980776221912919,3546,485.0,False,False,93.88584019873404,4012,93.88584019873404,extreme_missing
cc_other_drawing_share_max_max,ratio_rate_numeric,feature,P1_missingness_review,route_to_ratio_rate_eda; also missingness_review,ratio_rate_eda,extreme combined missingness,80.60687259967936,78.19423929098967,2.412633308689692,1358,246.0,False,False,80.27676804536077,1545,80.27676804536077,extreme_missing
cc_other_drawing_share_max_mean,ratio_rate_numeric,feature,P1_missingness_review,route_to_ratio_rate_eda; also missingness_review,ratio_rate_eda,extreme combined missingness,80.60687259967936,78.19423929098967,2.412633308689692,1359,247.0,False,False,80.27676804536077,1548,80.27676804536077,extreme_missing
cc_other_drawing_share_max_min,ratio_rate_numeric,feature,P1_missingness_review,route_to_ratio_rate_eda; also missingness_review,ratio_rate_eda,extreme combined missingness,80.60687259967936,78.19423929098967,2.412633308689692,1347,242.0,False,False,80.27676804536077,1532,80.27676804536077,extreme_missing
cc_other_drawing_share_mean_max,ratio_rate_numeric,feature,P1_missingness_review,route_to_ratio_rate_eda; also missingness_review,ratio_rate_eda,extreme combined missingness,80.60687259967936,78.19423929098967,2.412633308689692,2386,409.0,False,False,80.27676804536077,2714,80.27676804536077,extreme_missing
cc_other_drawing_share_mean_mean,ratio_rate_numeric,feature,P1_missingness_review,route_to_ratio_rate_eda; also missingness_review,ratio_rate_eda,extreme combined missingness,80.60687259967936,78.19423929098967,2.412633308689692,2386,410.0,False,False,80.27676804536077,2714,80.27676804536077,extreme_missing
cc_other_drawing_share_mean_min,ratio_rate_numeric,feature,P1_missingness_review,route_to_ratio_rate_eda; also missingness_review,ratio_rate_eda,extreme combined missingness,80.60687259967936,78.19423929098967,2.412633308689692,2365,405.0,False,False,80.27676804536077,2689,80.27676804536077,extreme_missing
cc_other_drawing_share_min_max,ratio_rate_numeric,feature,P1_missingness_review,route_to_ratio_rate_eda; also missingness_review,ratio_rate_eda,extreme combined missingness,80.60687259967936,78.19423929098967,2.412633308689692,132,21.0,False,False,80.27676804536077,149,80.27676804536077,extreme_missing
cc_other_drawing_share_min_mean,ratio_rate_numeric,feature,P1_missingness_review,route_to_ratio_rate_eda; also missingness_review,ratio_rate_eda,extreme combined missingness,80.60687259967936,78.19423929098967,2.412633308689692,132,21.0,False,False,80.27676804536077,149,80.27676804536077,extreme_missing
cc_other_drawing_share_min_min,ratio_rate_numeric,feature,P1_missingness_review,route_to_ratio_rate_eda; also missingness_review,ratio_rate_eda,extreme combined missingness,80.60687259967936,78.19423929098967,2.412633308689692,131,21.0,False,False,80.27676804536077,148,80.27676804536077,extreme_missing
cc_payment_to_balance_ratio_max_max,ratio_rate_numeric,feature,P1_missingness_review,route_to_ratio_rate_eda; also missingness_review,ratio_rate_eda,extreme combined missingness; very high unique percentage,80.83710826604576,78.47324798949614,2.363860276549616,56845,10371.0,False,False,80.51367700102455,66437,80.51367700102455,extreme_missing; high_unique_pct
cc_payment_to_balance_ratio_max_mean,ratio_rate_numeric,feature,P1_missingness_review,route_to_ratio_rate_eda; also missingness_review,ratio_rate_eda,extreme combined missingness; very high unique percentage,80.83710826604576,78.47324798949614,2.363860276549616,56862,10372.0,False,False,80.51367700102455,66479,80.51367700102455,extreme_missing; high_unique_pct
cc_payment_to_balance_ratio_max_min,ratio_rate_numeric,feature,P1_missingness_review,route_to_ratio_rate_eda; also missingness_review,ratio_rate_eda,extreme combined missingness; very high unique percentage,80.83710826604576,78.47324798949614,2.363860276549616,56856,10370.0,False,False,80.51367700102455,66465,80.51367700102455,extreme_missing; high_unique_pct
cc_payment_to_balance_ratio_mean_max,ratio_rate_numeric,feature,P1_missingness_review,route_to_ratio_rate_eda; also missingness_review,ratio_rate_eda,extreme combined missingness; very high unique percentage,80.83710826604576,78.47324798949614,2.363860276549616,58070,10430.0,False,False,80.51367700102455,68187,80.51367700102455,extreme_missing; high_unique_pct
cc_payment_to_balance_ratio_mean_mean,ratio_rate_numeric,feature,P1_missingness_review,route_to_ratio_rate_eda; also missingness_review,ratio_rate_eda,extreme combined missingness; very high unique percentage,80.83710826604576,78.47324798949614,2.363860276549616,58076,10431.0,False,False,80.51367700102455,68208,80.51367700102455,extreme_missing; high_unique_pct
cc_payment_to_balance_ratio_mean_min,ratio_rate_numeric,feature,P1_missingness_review,route_to_ratio_rate_eda; also missingness_review,ratio_rate_eda,extreme combined missingness; very high unique percentage,80.83710826604576,78.47324798949614,2.363860276549616,58071,10429.0,False,False,80.51367700102455,68198,80.51367700102455,extreme_missing; high_unique_pct
cc_payment_to_balance_ratio_min_max,ratio_rate_numeric,feature,P1_missingness_review,route_to_ratio_rate_eda; also missingness_review,ratio_rate_eda,extreme combined missingness,80.83710826604576,78.47324798949614,2.363860276549616,25777,5160.0,False,False,80.51367700102455,30722,80.51367700102455,extreme_missing
cc_payment_to_balance_ratio_min_mean,ratio_rate_numeric,feature,P1_missingness_review,route_to_ratio_rate_eda; also missingness_review,ratio_rate_eda,extreme combined missingness,80.83710826604576,78.47324798949614,2.363860276549616,25779,5160.0,False,False,80.51367700102455,30733,80.51367700102455,extreme_missing
cc_payment_to_balance_ratio_min_min,ratio_rate_numeric,feature,P1_missingness_review,route_to_ratio_rate_eda; also missingness_review,ratio_rate_eda,extreme combined missingness,80.83710826604576,78.47324798949614,2.363860276549616,25667,5115.0,False,False,80.51367700102455,30572,80.51367700102455,extreme_missing
cc_payment_to_balance_ratio_std_max,ratio_rate_numeric,feature,P1_missingness_review,route_to_ratio_rate_eda; also missingness_review,ratio_rate_eda,extreme combined missingness; very high unique percentage,81.33204991040971,79.14615132118826,2.185898589221452,56860,10157.0,False,False,81.03296795834444,66723,81.03296795834444,extreme_missing; high_unique_pct
cc_payment_to_balance_ratio_std_mean,ratio_rate_numeric,feature,P1_missingness_review,route_to_ratio_rate_eda; also missingness_review,ratio_rate_eda,extreme combined missingness; very high unique percentage,81.33204991040971,79.14615132118826,2.185898589221452,56865,10157.0,False,False,81.03296795834444,66740,81.03296795834444,extreme_missing; high_unique_pct
cc_payment_to_balance_ratio_std_min,ratio_rate_numeric,feature,P1_missingness_review,route_to_ratio_rate_eda; also missingness_review,ratio_rate_eda,extreme combined missingness; very high unique percentage,81.33204991040971,79.14615132118826,2.185898589221452,56865,10156.0,False,False,81.03296795834444,66736,81.03296795834444,extreme_missing; high_unique_pct
cc_payment_to_min_inst_ratio_max_max,ratio_rate_numeric,feature,P1_missingness_review,route_to_ratio_rate_eda; also missingness_review,ratio_rate_eda,extreme combined missingness,80.72621792391168,78.22296077465944,2.503257149252235,47090,9328.0,False,False,80.38371391278719,54929,80.38371391278719,extreme_missing
cc_payment_to_min_inst_ratio_max_mean,ratio_rate_numeric,feature,P1_missingness_review,route_to_ratio_rate_eda; also missingness_review,ratio_rate_eda,extreme combined missingness,80.72621792391168,78.22296077465944,2.503257149252235,47147,9340.0,False,False,80.38371391278719,55024,80.38371391278719,extreme_missing
cc_payment_to_min_inst_ratio_max_min,ratio_rate_numeric,feature,P1_missingness_review,route_to_ratio_rate_eda; also missingness_review,ratio_rate_eda,extreme combined missingness,80.72621792391168,78.22296077465944,2.503257149252235,47095,9331.0,False,False,80.38371391278719,54956,80.38371391278719,extreme_missing
cc_payment_to_min_inst_ratio_mean_max,ratio_rate_numeric,feature,P1_missingness_review,route_to_ratio_rate_eda; also missingness_review,ratio_rate_eda,extreme combined missingness; very high unique percentage,80.72621792391168,78.22296077465944,2.503257149252235,58213,10536.0,False,False,80.38371391278719,68399,80.38371391278719,extreme_missing; high_unique_pct
cc_payment_to_min_inst_ratio_mean_mean,ratio_rate_numeric,feature,P1_missingness_review,route_to_ratio_rate_eda; also missingness_review,ratio_rate_eda,extreme combined missingness; very high unique percentage,80.72621792391168,78.22296077465944,2.503257149252235,58217,10536.0,False,False,80.38371391278719,68412,80.38371391278719,extreme_missing; high_unique_pct
cc_payment_to_min_inst_ratio_mean_min,ratio_rate_numeric,feature,P1_missingness_review,route_to_ratio_rate_eda; also missingness_review,ratio_rate_eda,extreme combined missingness; very high unique percentage,80.72621792391168,78.22296077465944,2.503257149252235,58209,10535.0,False,False,80.38371391278719,68398,80.38371391278719,extreme_missing; high_unique_pct
cc_payment_to_min_inst_ratio_min_max,ratio_rate_numeric,feature,P1_missingness_review,route_to_ratio_rate_eda; also missingness_review,ratio_rate_eda,extreme combined missingness,80.72621792391168,78.22296077465944,2.503257149252235,22771,4750.0,False,False,80.38371391278719,26928,80.38371391278719,extreme_missing
cc_payment_to_min_inst_ratio_min_mean,ratio_rate_numeric,feature,P1_missingness_review,route_to_ratio_rate_eda; also missingness_review,ratio_rate_eda,extreme combined missingness,80.72621792391168,78.22296077465944,2.503257149252235,22800,4761.0,False,False,80.38371391278719,26977,80.38371391278719,extreme_missing
cc_payment_to_min_inst_ratio_min_min,ratio_rate_numeric,feature,P1_missingness_review,route_to_ratio_rate_eda; also missingness_review,ratio_rate_eda,extreme combined missingness,80.72621792391168,78.22296077465944,2.503257149252235,22687,4716.0,False,False,80.38371391278719,26818,80.38371391278719,extreme_missing
cc_payment_to_min_inst_ratio_std_max,ratio_rate_numeric,feature,P1_missingness_review,route_to_ratio_rate_eda; also missingness_review,ratio_rate_eda,extreme combined missingness; very high unique percentage,81.12880514843371,78.8835548990645,2.245250249369207,57383,10271.0,False,False,80.82160250382451,67352,80.82160250382451,extreme_missing; high_unique_pct
cc_payment_to_min_inst_ratio_std_mean,ratio_rate_numeric,feature,P1_missingness_review,route_to_ratio_rate_eda; also missingness_review,ratio_rate_eda,extreme combined missingness; very high unique percentage,81.12880514843371,78.8835548990645,2.245250249369207,57386,10271.0,False,False,80.82160250382451,67366,80.82160250382451,extreme_missing; high_unique_pct
cc_payment_to_min_inst_ratio_std_min,ratio_rate_numeric,feature,P1_missingness_review,route_to_ratio_rate_eda; also missingness_review,ratio_rate_eda,extreme combined missingness; very high unique percentage,81.12880514843371,78.8835548990645,2.245250249369207,57384,10269.0,False,False,80.82160250382451,67359,80.82160250382451,extreme_missing; high_unique_pct
cc_pos_drawing_share_max_max,ratio_rate_numeric,feature,P1_missingness_review,route_to_ratio_rate_eda; also missingness_review,ratio_rate_eda,extreme combined missingness,80.60687259967936,78.19423929098967,2.412633308689692,6047,980.0,False,False,80.27676804536077,6905,80.27676804536077,extreme_missing
cc_pos_drawing_share_max_mean,ratio_rate_numeric,feature,P1_missingness_review,route_to_ratio_rate_eda; also missingness_review,ratio_rate_eda,extreme combined missingness,80.60687259967936,78.19423929098967,2.412633308689692,6068,987.0,False,False,80.27676804536077,6932,80.27676804536077,extreme_missing
cc_pos_drawing_share_max_min,ratio_rate_numeric,feature,P1_missingness_review,route_to_ratio_rate_eda; also missingness_review,ratio_rate_eda,extreme combined missingness,80.60687259967936,78.19423929098967,2.412633308689692,6047,978.0,False,False,80.27676804536077,6902,80.27676804536077,extreme_missing
cc_pos_drawing_share_mean_max,ratio_rate_numeric,feature,P1_missingness_review,route_to_ratio_rate_eda; also missingness_review,ratio_rate_eda,extreme combined missingness,80.60687259967936,78.19423929098967,2.412633308689692,23688,4394.0,False,False,80.27676804536077,27869,80.27676804536077,extreme_missing
cc_pos_drawing_share_mean_mean,ratio_rate_numeric,feature,P1_missingness_review,route_to_ratio_rate_eda; also missingness_review,ratio_rate_eda,extreme combined missingness,80.60687259967936,78.19423929098967,2.412633308689692,23715,4403.0,False,False,80.27676804536077,27909,80.27676804536077,extreme_missing
cc_pos_drawing_share_mean_min,ratio_rate_numeric,feature,P1_missingness_review,route_to_ratio_rate_eda; also missingness_review,ratio_rate_eda,extreme combined missingness,80.60687259967936,78.19423929098967,2.412633308689692,23630,4375.0,False,False,80.27676804536077,27793,80.27676804536077,extreme_missing
cc_pos_drawing_share_min_max,ratio_rate_numeric,feature,P1_missingness_review,route_to_ratio_rate_eda; also missingness_review,ratio_rate_eda,extreme combined missingness,80.60687259967936,78.19423929098967,2.412633308689692,6454,1255.0,False,False,80.27676804536077,7625,80.27676804536077,extreme_missing
cc_pos_drawing_share_min_mean,ratio_rate_numeric,feature,P1_missingness_review,route_to_ratio_rate_eda; also missingness_review,ratio_rate_eda,extreme combined missingness,80.60687259967936,78.19423929098967,2.412633308689692,6461,1257.0,False,False,80.27676804536077,7635,80.27676804536077,extreme_missing
cc_pos_drawing_share_min_min,ratio_rate_numeric,feature,P1_missingness_review,route_to_ratio_rate_eda; also missingness_review,ratio_rate_eda,extreme combined missingness,80.60687259967936,78.19423929098967,2.412633308689692,6416,1239.0,False,False,80.27676804536077,7573,80.27676804536077,extreme_missing
cc_total_payment_to_balance_ratio_max_max,ratio_rate_numeric,feature,P1_missingness_review,route_to_ratio_rate_eda; also missingness_review,ratio_rate_eda,extreme combined missingness,80.61825430635001,78.1860331527983,2.432221153551708,56671,10332.0,False,False,80.28546967761856,66211,80.28546967761856,extreme_missing
cc_total_payment_to_balance_ratio_max_mean,ratio_rate_numeric,feature,P1_missingness_review,route_to_ratio_rate_eda; also missingness_review,ratio_rate_eda,extreme combined missingness,80.61825430635001,78.1860331527983,2.432221153551708,56689,10334.0,False,False,80.28546967761856,66254,80.28546967761856,extreme_missing
cc_total_payment_to_balance_ratio_max_min,ratio_rate_numeric,feature,P1_missingness_review,route_to_ratio_rate_eda; also missingness_review,ratio_rate_eda,extreme combined missingness,80.61825430635001,78.1860331527983,2.432221153551708,56671,10331.0,False,False,80.28546967761856,66227,80.28546967761856,extreme_missing
cc_total_payment_to_balance_ratio_mean_max,ratio_rate_numeric,feature,P1_missingness_review,route_to_ratio_rate_eda; also missingness_review,ratio_rate_eda,extreme combined missingness; very high unique percentage,80.61825430635001,78.1860331527983,2.432221153551708,58012,10413.0,False,False,80.28546967761856,68113,80.28546967761856,extreme_missing; high_unique_pct
cc_total_payment_to_balance_ratio_mean_mean,ratio_rate_numeric,feature,P1_missingness_review,route_to_ratio_rate_eda; also missingness_review,ratio_rate_eda,extreme combined missingness; very high unique percentage,80.61825430635001,78.1860331527983,2.432221153551708,58019,10414.0,False,False,80.28546967761856,68135,80.28546967761856,extreme_missing; high_unique_pct
cc_total_payment_to_balance_ratio_mean_min,ratio_rate_numeric,feature,P1_missingness_review,route_to_ratio_rate_eda; also missingness_review,ratio_rate_eda,extreme combined missingness; very high unique percentage,80.61825430635001,78.1860331527983,2.432221153551708,58002,10411.0,False,False,80.28546967761856,68111,80.28546967761856,extreme_missing; high_unique_pct
cc_total_payment_to_balance_ratio_min_max,ratio_rate_numeric,feature,P1_missingness_review,route_to_ratio_rate_eda; also missingness_review,ratio_rate_eda,extreme combined missingness,80.61825430635001,78.1860331527983,2.432221153551708,9113,1978.0,False,False,80.28546967761856,10995,80.28546967761856,extreme_missing
cc_total_payment_to_balance_ratio_min_mean,ratio_rate_numeric,feature,P1_missingness_review,route_to_ratio_rate_eda; also missingness_review,ratio_rate_eda,extreme combined missingness,80.61825430635001,78.1860331527983,2.432221153551708,9115,1979.0,False,False,80.28546967761856,11001,80.28546967761856,extreme_missing
cc_total_payment_to_balance_ratio_min_min,ratio_rate_numeric,feature,P1_missingness_review,route_to_ratio_rate_eda; also missingness_review,ratio_rate_eda,extreme combined missingness,80.61825430635001,78.1860331527983,2.432221153551708,9040,1949.0,False,False,80.28546967761856,10896,80.28546967761856,extreme_missing
cc_total_payment_to_balance_ratio_std_max,ratio_rate_numeric,feature,P1_missingness_review,route_to_ratio_rate_eda; also missingness_review,ratio_rate_eda,extreme combined missingness; very high unique percentage,81.10311501051994,78.83226653536846,2.270848475151482,57405,10280.0,False,False,80.79240993108868,67384,80.79240993108868,extreme_missing; high_unique_pct
cc_total_payment_to_balance_ratio_std_mean,ratio_rate_numeric,feature,P1_missingness_review,route_to_ratio_rate_eda; also missingness_review,ratio_rate_eda,extreme combined missingness; very high unique percentage,81.10311501051994,78.83226653536846,2.270848475151482,57413,10280.0,False,False,80.79240993108868,67405,80.79240993108868,extreme_missing; high_unique_pct
cc_total_payment_to_balance_ratio_std_min,ratio_rate_numeric,feature,P1_missingness_review,route_to_ratio_rate_eda; also missingness_review,ratio_rate_eda,extreme combined missingness; very high unique percentage,81.10311501051994,78.83226653536846,2.270848475151482,57409,10280.0,False,False,80.79240993108868,67397,80.79240993108868,extreme_missing; high_unique_pct
cc_total_payment_to_min_inst_ratio_max_max,ratio_rate_numeric,feature,P1_missingness_review,route_to_ratio_rate_eda; also missingness_review,ratio_rate_eda,extreme combined missingness,80.72296600772006,78.21885770556376,2.504108302156297,44303,8925.0,False,False,80.38034553900998,51683,80.38034553900998,extreme_missing
cc_total_payment_to_min_inst_ratio_max_mean,ratio_rate_numeric,feature,P1_missingness_review,route_to_ratio_rate_eda; also missingness_review,ratio_rate_eda,extreme combined missingness,80.72296600772006,78.21885770556376,2.504108302156297,44371,8938.0,False,False,80.38034553900998,51790,80.38034553900998,extreme_missing
cc_total_payment_to_min_inst_ratio_max_min,ratio_rate_numeric,feature,P1_missingness_review,route_to_ratio_rate_eda; also missingness_review,ratio_rate_eda,extreme combined missingness,80.72296600772006,78.21885770556376,2.504108302156297,44315,8928.0,False,False,80.38034553900998,51716,80.38034553900998,extreme_missing
cc_total_payment_to_min_inst_ratio_mean_max,ratio_rate_numeric,feature,P1_missingness_review,route_to_ratio_rate_eda; also missingness_review,ratio_rate_eda,extreme combined missingness; very high unique percentage,80.72296600772006,78.21885770556376,2.504108302156297,57490,10469.0,False,False,80.38034553900998,67466,80.38034553900998,extreme_missing; high_unique_pct
cc_total_payment_to_min_inst_ratio_mean_mean,ratio_rate_numeric,feature,P1_missingness_review,route_to_ratio_rate_eda; also missingness_review,ratio_rate_eda,extreme combined missingness; very high unique percentage,80.72296600772006,78.21885770556376,2.504108302156297,57497,10469.0,False,False,80.38034553900998,67484,80.38034553900998,extreme_missing; high_unique_pct
cc_total_payment_to_min_inst_ratio_mean_min,ratio_rate_numeric,feature,P1_missingness_review,route_to_ratio_rate_eda; also missingness_review,ratio_rate_eda,extreme combined missingness; very high unique percentage,80.72296600772006,78.21885770556376,2.504108302156297,57486,10468.0,False,False,80.38034553900998,67465,80.38034553900998,extreme_missing; high_unique_pct
cc_total_payment_to_min_inst_ratio_min_max,ratio_rate_numeric,feature,P1_missingness_review,route_to_ratio_rate_eda; also missingness_review,ratio_rate_eda,extreme combined missingness,80.72296600772006,78.21885770556376,2.504108302156297,20651,4281.0,False,False,80.38034553900998,24443,80.38034553900998,extreme_missing
cc_total_payment_to_min_inst_ratio_min_mean,ratio_rate_numeric,feature,P1_missingness_review,route_to_ratio_rate_eda; also missingness_review,ratio_rate_eda,extreme combined missingness,80.72296600772006,78.21885770556376,2.504108302156297,20667,4285.0,False,False,80.38034553900998,24475,80.38034553900998,extreme_missing
cc_total_payment_to_min_inst_ratio_min_min,ratio_rate_numeric,feature,P1_missingness_review,route_to_ratio_rate_eda; also missingness_review,ratio_rate_eda,extreme combined missingness,80.72296600772006,78.21885770556376,2.504108302156297,20535,4235.0,False,False,80.38034553900998,24293,80.38034553900998,extreme_missing
cc_total_payment_to_min_inst_ratio_std_max,ratio_rate_numeric,feature,P1_missingness_review,route_to_ratio_rate_eda; also missingness_review,ratio_rate_eda,extreme combined missingness; very high unique percentage,81.12782957357622,78.88150336451666,2.246326209059561,57330,10265.0,False,False,80.82047971256544,67288,80.82047971256544,extreme_missing; high_unique_pct
cc_total_payment_to_min_inst_ratio_std_mean,ratio_rate_numeric,feature,P1_missingness_review,route_to_ratio_rate_eda; also missingness_review,ratio_rate_eda,extreme combined missingness; very high unique percentage,81.12782957357622,78.88150336451666,2.246326209059561,57334,10265.0,False,False,80.82047971256544,67302,80.82047971256544,extreme_missing; high_unique_pct
cc_total_payment_to_min_inst_ratio_std_min,ratio_rate_numeric,feature,P1_missingness_review,route_to_ratio_rate_eda; also missingness_review,ratio_rate_eda,extreme combined missingness; very high unique percentage,81.12782957357622,78.88150336451666,2.246326209059561,57330,10264.0,False,False,80.82047971256544,67293,80.82047971256544,extreme_missing; high_unique_pct
cc_utilization_trend_6m_vs_old_max,ratio_rate_numeric,feature,P1_missingness_review,route_to_ratio_rate_eda; also missingness_review,ratio_rate_eda,high combined missingness,80.4576096464842,74.04808796980141,6.409521676682786,42903,7924.0,False,False,79.58063746473734,50818,79.58063746473734,high_missing
cc_utilization_trend_6m_vs_old_mean,ratio_rate_numeric,feature,P1_missingness_review,route_to_ratio_rate_eda; also missingness_review,ratio_rate_eda,high combined missingness,80.4576096464842,74.04808796980141,6.409521676682786,42963,7947.0,False,False,79.58063746473734,50901,79.58063746473734,high_missing
cc_utilization_trend_6m_vs_old_min,ratio_rate_numeric,feature,P1_missingness_review,route_to_ratio_rate_eda; also missingness_review,ratio_rate_eda,high combined missingness,80.4576096464842,74.04808796980141,6.409521676682786,42952,7939.0,False,False,79.58063746473734,50882,79.58063746473734,high_missing
prev_canceled_annuity_to_credit_ratio_max,ratio_rate_numeric,feature,P1_missingness_review,route_to_ratio_rate_eda; also missingness_review,ratio_rate_eda,extreme combined missingness,97.44139234043661,96.7647300180535,0.676662322383109,2127,781.0,False,False,97.34880913952085,2475,97.34880913952085,extreme_missing
prev_canceled_annuity_to_credit_ratio_mean,ratio_rate_numeric,feature,P1_missingness_review,route_to_ratio_rate_eda; also missingness_review,ratio_rate_eda,extreme combined missingness,97.44139234043661,96.7647300180535,0.676662322383109,2456,840.0,False,False,97.34880913952085,2870,97.34880913952085,extreme_missing
prev_canceled_credit_to_application_ratio_max,ratio_rate_numeric,feature,P1_missingness_review,route_to_ratio_rate_eda; also missingness_review,ratio_rate_eda,extreme combined missingness,97.38448380708333,96.70933858526178,0.6751452218215519,705,251.0,False,False,97.2921081809378,808,97.2921081809378,extreme_missing
prev_canceled_credit_to_application_ratio_mean,ratio_rate_numeric,feature,P1_missingness_review,route_to_ratio_rate_eda; also missingness_review,ratio_rate_eda,extreme combined missingness,97.38448380708333,96.70933858526178,0.6751452218215519,829,277.0,False,False,97.2921081809378,952,97.2921081809378,extreme_missing
prev_unused_offer_annuity_to_credit_ratio_max,ratio_rate_numeric,feature,P1_missingness_review,route_to_ratio_rate_eda; also missingness_review,ratio_rate_eda,extreme combined missingness; near-constant combined distribution,99.7661872258228,99.75997045790251,0.006216767920292909,311,95.0,False,False,99.76533662685436,344,99.76533662685436,extreme_missing; near_constant
prev_unused_offer_annuity_to_credit_ratio_mean,ratio_rate_numeric,feature,P1_missingness_review,route_to_ratio_rate_eda; also missingness_review,ratio_rate_eda,extreme combined missingness; near-constant combined distribution,99.7661872258228,99.75997045790251,0.006216767920292909,318,98.0,False,False,99.76533662685436,354,99.76533662685436,extreme_missing; near_constant
prev_unused_offer_annuity_to_credit_ratio_sum,ratio_rate_numeric,feature,P1_missingness_review,route_to_ratio_rate_eda; also missingness_review,ratio_rate_eda,extreme combined missingness,93.81062791249744,93.75102576727392,0.05960214522352203,348,101.0,False,False,93.8024729477481,387,93.8024729477481,extreme_missing
prev_unused_offer_credit_to_application_ratio_max,ratio_rate_numeric,feature,P1_missingness_review,route_to_ratio_rate_eda; also missingness_review,ratio_rate_eda,extreme combined missingness,93.91468923062915,93.86180863285738,0.05288059777177523,9,2.0,False,False,93.90745393047115,10,93.90745393047115,extreme_missing
prev_unused_offer_credit_to_application_ratio_mean,ratio_rate_numeric,feature,P1_missingness_review,route_to_ratio_rate_eda; also missingness_review,ratio_rate_eda,extreme combined missingness,93.91468923062915,93.86180863285738,0.05288059777177523,9,2.0,False,False,93.90745393047115,10,93.90745393047115,extreme_missing
prev_unused_offer_credit_to_application_ratio_sum,ratio_rate_numeric,feature,P1_missingness_review,route_to_ratio_rate_eda; also missingness_review,ratio_rate_eda,extreme combined missingness,93.81062791249744,93.75102576727392,0.05960214522352203,19,9.0,False,False,93.8024729477481,22,93.8024729477481,extreme_missing
cc_contract_with_dpd_30plus_count,binary_flag,feature,P2_missingness_review,route_to_binary_flag_eda; consider_missingness_logic_later,binary_flag_eda,high combined missingness,71.73922233676193,65.83579517479075,5.90342716197118,2,2.0,False,False,70.931495698306,2,70.931495698306,high_missing
cc_contract_with_dpd_60plus_count,binary_flag,feature,P2_missingness_review,route_to_binary_flag_eda; consider_missingness_logic_later,binary_flag_eda,high combined missingness,71.73922233676193,65.83579517479075,5.90342716197118,2,2.0,False,False,70.931495698306,2,70.931495698306,high_missing
cc_contract_with_dpd_90plus_count,binary_flag,feature,P2_missingness_review,route_to_binary_flag_eda; consider_missingness_logic_later,binary_flag_eda,high combined missingness,71.73922233676193,65.83579517479075,5.90342716197118,2,2.0,False,False,70.931495698306,2,70.931495698306,high_missing
cc_contract_with_dpd_def_30plus_count,binary_flag,feature,P2_missingness_review,route_to_binary_flag_eda; consider_missingness_logic_later,binary_flag_eda,high combined missingness,71.73922233676193,65.83579517479075,5.90342716197118,2,2.0,False,False,70.931495698306,2,70.931495698306,high_missing
cc_contract_with_dpd_def_60plus_count,binary_flag,feature,P2_missingness_review,route_to_binary_flag_eda; consider_missingness_logic_later,binary_flag_eda,high combined missingness,71.73922233676193,65.83579517479075,5.90342716197118,2,2.0,False,False,70.931495698306,2,70.931495698306,high_missing
cc_contract_with_dpd_def_90plus_count,binary_flag,feature,P2_missingness_review,route_to_binary_flag_eda; consider_missingness_logic_later,binary_flag_eda,high combined missingness,71.73922233676193,65.83579517479075,5.90342716197118,2,2.0,False,False,70.931495698306,2,70.931495698306,high_missing
cc_latest_dpd_30plus_flag,binary_flag,feature,P2_missingness_review,route_to_binary_flag_eda; consider_missingness_logic_later,binary_flag_eda,high combined missingness,71.73922233676193,65.83579517479075,5.90342716197118,2,2.0,False,False,70.931495698306,2,70.931495698306,high_missing
cc_latest_dpd_60plus_flag,binary_flag,feature,P2_missingness_review,route_to_binary_flag_eda; consider_missingness_logic_later,binary_flag_eda,high combined missingness,71.73922233676193,65.83579517479075,5.90342716197118,2,2.0,False,False,70.931495698306,2,70.931495698306,high_missing
cc_latest_dpd_90plus_flag,binary_flag,feature,P2_missingness_review,route_to_binary_flag_eda; consider_missingness_logic_later,binary_flag_eda,high combined missingness,71.73922233676193,65.83579517479075,5.90342716197118,2,2.0,False,False,70.931495698306,2,70.931495698306,high_missing
cc_latest_has_atm_drawing_flag,binary_flag,feature,P2_missingness_review,route_to_binary_flag_eda; consider_missingness_logic_later,binary_flag_eda,high combined missingness,71.73922233676193,65.83579517479075,5.90342716197118,2,2.0,False,False,70.931495698306,2,70.931495698306,high_missing
cc_latest_has_dpd,binary_flag,feature,P2_missingness_review,route_to_binary_flag_eda; consider_missingness_logic_later,binary_flag_eda,high combined missingness,71.73922233676193,65.83579517479075,5.90342716197118,2,2.0,False,False,70.931495698306,2,70.931495698306,high_missing
cc_latest_has_dpd_def,binary_flag,feature,P2_missingness_review,route_to_binary_flag_eda; consider_missingness_logic_later,binary_flag_eda,high combined missingness,71.73922233676193,65.83579517479075,5.90342716197118,2,2.0,False,False,70.931495698306,2,70.931495698306,high_missing
cc_latest_has_dpd_def_max,binary_flag,feature,P2_missingness_review,route_to_binary_flag_eda; consider_missingness_logic_later,binary_flag_eda,high combined missingness,71.73922233676193,65.83579517479075,5.90342716197118,2,2.0,False,False,70.931495698306,2,70.931495698306,high_missing
cc_latest_has_dpd_def_min,binary_flag,feature,P2_missingness_review,route_to_binary_flag_eda; consider_missingness_logic_later,binary_flag_eda,high combined missingness,71.73922233676193,65.83579517479075,5.90342716197118,2,2.0,False,False,70.931495698306,2,70.931495698306,high_missing
cc_latest_has_dpd_def_sum,binary_flag,feature,P2_missingness_review,route_to_binary_flag_eda; consider_missingness_logic_later,binary_flag_eda,high combined missingness,71.73922233676193,65.83579517479075,5.90342716197118,2,2.0,False,False,70.931495698306,2,70.931495698306,high_missing
cc_latest_has_dpd_max,binary_flag,feature,P2_missingness_review,route_to_binary_flag_eda; consider_missingness_logic_later,binary_flag_eda,high combined missingness,71.73922233676193,65.83579517479075,5.90342716197118,2,2.0,False,False,70.931495698306,2,70.931495698306,high_missing
cc_latest_has_dpd_min,binary_flag,feature,P2_missingness_review,route_to_binary_flag_eda; consider_missingness_logic_later,binary_flag_eda,high combined missingness,71.73922233676193,65.83579517479075,5.90342716197118,2,2.0,False,False,70.931495698306,2,70.931495698306,high_missing
cc_latest_has_dpd_sum,binary_flag,feature,P2_missingness_review,route_to_binary_flag_eda; consider_missingness_logic_later,binary_flag_eda,high combined missingness,71.73922233676193,65.83579517479075,5.90342716197118,2,2.0,False,False,70.931495698306,2,70.931495698306,high_missing
cc_latest_has_drawing_flag,binary_flag,feature,P2_missingness_review,route_to_binary_flag_eda; consider_missingness_logic_later,binary_flag_eda,high combined missingness,71.73922233676193,65.83579517479075,5.90342716197118,2,2.0,False,False,70.931495698306,2,70.931495698306,high_missing
cc_latest_has_pos_drawing_flag,binary_flag,feature,P2_missingness_review,route_to_binary_flag_eda; consider_missingness_logic_later,binary_flag_eda,high combined missingness,71.73922233676193,65.83579517479075,5.90342716197118,2,2.0,False,False,70.931495698306,2,70.931495698306,high_missing
cc_latest_high_utilization_100plus_flag,binary_flag,feature,P2_missingness_review,route_to_binary_flag_eda; consider_missingness_logic_later,binary_flag_eda,high combined missingness,71.73922233676193,65.83579517479075,5.90342716197118,2,2.0,False,False,70.931495698306,2,70.931495698306,high_missing
cc_latest_high_utilization_80plus_flag,binary_flag,feature,P2_missingness_review,route_to_binary_flag_eda; consider_missingness_logic_later,binary_flag_eda,high combined missingness,71.73922233676193,65.83579517479075,5.90342716197118,2,2.0,False,False,70.931495698306,2,70.931495698306,high_missing
cc_latest_high_utilization_80plus_flag_max,binary_flag,feature,P2_missingness_review,route_to_binary_flag_eda; consider_missingness_logic_later,binary_flag_eda,high combined missingness,71.73922233676193,65.83579517479075,5.90342716197118,2,2.0,False,False,70.931495698306,2,70.931495698306,high_missing
cc_latest_high_utilization_80plus_flag_min,binary_flag,feature,P2_missingness_review,route_to_binary_flag_eda; consider_missingness_logic_later,binary_flag_eda,high combined missingness,71.73922233676193,65.83579517479075,5.90342716197118,2,2.0,False,False,70.931495698306,2,70.931495698306,high_missing
cc_latest_invalid_credit_limit_flag,binary_flag,feature,P2_missingness_review,route_to_binary_flag_eda; consider_missingness_logic_later,binary_flag_eda,high combined missingness,71.73922233676193,65.83579517479075,5.90342716197118,2,2.0,False,False,70.931495698306,2,70.931495698306,high_missing
cc_latest_no_payment_with_balance_flag,binary_flag,feature,P2_missingness_review,route_to_binary_flag_eda; consider_missingness_logic_later,binary_flag_eda,high combined missingness,71.73922233676193,65.83579517479075,5.90342716197118,2,2.0,False,False,70.931495698306,2,70.931495698306,high_missing
cc_latest_no_payment_with_balance_flag_max,binary_flag,feature,P2_missingness_review,route_to_binary_flag_eda; consider_missingness_logic_later,binary_flag_eda,high combined missingness,71.73922233676193,65.83579517479075,5.90342716197118,2,2.0,False,False,70.931495698306,2,70.931495698306,high_missing
cc_latest_no_payment_with_balance_flag_min,binary_flag,feature,P2_missingness_review,route_to_binary_flag_eda; consider_missingness_logic_later,binary_flag_eda,high combined missingness,71.73922233676193,65.83579517479075,5.90342716197118,2,2.0,False,False,70.931495698306,2,70.931495698306,high_missing
cc_latest_over_limit_flag,binary_flag,feature,P2_missingness_review,route_to_binary_flag_eda; consider_missingness_logic_later,binary_flag_eda,high combined missingness,71.73922233676193,65.83579517479075,5.90342716197118,2,2.0,False,False,70.931495698306,2,70.931495698306,high_missing
cc_latest_payment_less_than_min_flag,binary_flag,feature,P2_missingness_review,route_to_binary_flag_eda; consider_missingness_logic_later,binary_flag_eda,high combined missingness,71.73922233676193,65.83579517479075,5.90342716197118,2,2.0,False,False,70.931495698306,2,70.931495698306,high_missing
cc_latest_payment_less_than_min_flag_max,binary_flag,feature,P2_missingness_review,route_to_binary_flag_eda; consider_missingness_logic_later,binary_flag_eda,high combined missingness,71.73922233676193,65.83579517479075,5.90342716197118,2,2.0,False,False,70.931495698306,2,70.931495698306,high_missing
cc_latest_payment_less_than_min_flag_min,binary_flag,feature,P2_missingness_review,route_to_binary_flag_eda; consider_missingness_logic_later,binary_flag_eda,high combined missingness,71.73922233676193,65.83579517479075,5.90342716197118,2,2.0,False,False,70.931495698306,2,70.931495698306,high_missing
cc_latest_status_active_flag,binary_flag,feature,P2_missingness_review,route_to_binary_flag_eda; consider_missingness_logic_later,binary_flag_eda,high combined missingness,71.73922233676193,65.83579517479075,5.90342716197118,2,2.0,False,False,70.931495698306,2,70.931495698306,high_missing
cc_latest_status_active_flag_max,binary_flag,feature,P2_missingness_review,route_to_binary_flag_eda; consider_missingness_logic_later,binary_flag_eda,high combined missingness,71.73922233676193,65.83579517479075,5.90342716197118,2,2.0,False,False,70.931495698306,2,70.931495698306,high_missing
cc_latest_status_active_flag_min,binary_flag,feature,P2_missingness_review,route_to_binary_flag_eda; consider_missingness_logic_later,binary_flag_eda,high combined missingness,71.73922233676193,65.83579517479075,5.90342716197118,2,2.0,False,False,70.931495698306,2,70.931495698306,high_missing
cc_latest_status_approved_flag,binary_flag,feature,P2_missingness_review,route_to_binary_flag_eda; consider_missingness_logic_later,binary_flag_eda,high combined missingness,71.73922233676193,65.83579517479075,5.90342716197118,1,1.0,False,False,70.931495698306,1,70.931495698306,high_missing
cc_latest_status_canceled_flag,binary_flag,feature,P2_missingness_review,route_to_binary_flag_eda; consider_missingness_logic_later,binary_flag_eda,high combined missingness,71.73922233676193,65.83579517479075,5.90342716197118,1,1.0,False,False,70.931495698306,1,70.931495698306,high_missing
cc_latest_status_completed_flag,binary_flag,feature,P2_missingness_review,route_to_binary_flag_eda; consider_missingness_logic_later,binary_flag_eda,high combined missingness,71.73922233676193,65.83579517479075,5.90342716197118,2,2.0,False,False,70.931495698306,2,70.931495698306,high_missing
cc_latest_status_completed_flag_max,binary_flag,feature,P2_missingness_review,route_to_binary_flag_eda; consider_missingness_logic_later,binary_flag_eda,high combined missingness,71.73922233676193,65.83579517479075,5.90342716197118,2,2.0,False,False,70.931495698306,2,70.931495698306,high_missing
cc_latest_status_completed_flag_min,binary_flag,feature,P2_missingness_review,route_to_binary_flag_eda; consider_missingness_logic_later,binary_flag_eda,high combined missingness,71.73922233676193,65.83579517479075,5.90342716197118,2,2.0,False,False,70.931495698306,2,70.931495698306,high_missing
cc_latest_status_demand_flag,binary_flag,feature,P2_missingness_review,route_to_binary_flag_eda; consider_missingness_logic_later,binary_flag_eda,high combined missingness,71.73922233676193,65.83579517479075,5.90342716197118,2,2.0,False,False,70.931495698306,2,70.931495698306,high_missing
cc_latest_status_refused_flag,binary_flag,feature,P2_missingness_review,route_to_binary_flag_eda; consider_missingness_logic_later,binary_flag_eda,high combined missingness,71.73922233676193,65.83579517479075,5.90342716197118,1,1.0,False,False,70.931495698306,1,70.931495698306,high_missing
cc_latest_status_signed_flag,binary_flag,feature,P2_missingness_review,route_to_binary_flag_eda; consider_missingness_logic_later,binary_flag_eda,high combined missingness,71.73922233676193,65.83579517479075,5.90342716197118,2,2.0,False,False,70.931495698306,2,70.931495698306,high_missing
cc_limit_change_flag_max,binary_flag,feature,P2_missingness_review,route_to_binary_flag_eda; consider_missingness_logic_later,binary_flag_eda,high combined missingness,71.73922233676193,65.83579517479075,5.90342716197118,2,2.0,False,False,70.931495698306,2,70.931495698306,high_missing
cc_limit_change_flag_min,binary_flag,feature,P2_missingness_review,route_to_binary_flag_eda; consider_missingness_logic_later,binary_flag_eda,high combined missingness,71.73922233676193,65.83579517479075,5.90342716197118,2,2.0,False,False,70.931495698306,2,70.931495698306,high_missing
cc_missing_credit_limit_count_max,binary_flag,feature,P2_missingness_review,route_to_binary_flag_eda; consider_missingness_logic_later,binary_flag_eda,high combined missingness,71.73922233676193,65.83579517479075,5.90342716197118,1,1.0,False,False,70.931495698306,1,70.931495698306,high_missing
cc_missing_credit_limit_count_mean,binary_flag,feature,P2_missingness_review,route_to_binary_flag_eda; consider_missingness_logic_later,binary_flag_eda,high combined missingness,71.73922233676193,65.83579517479075,5.90342716197118,1,1.0,False,False,70.931495698306,1,70.931495698306,high_missing
cc_missing_credit_limit_count_sum,binary_flag,feature,P2_missingness_review,route_to_binary_flag_eda; consider_missingness_logic_later,binary_flag_eda,high combined missingness,71.73922233676193,65.83579517479075,5.90342716197118,1,1.0,False,False,70.931495698306,1,70.931495698306,high_missing
cc_status_approved_count_max,binary_flag,feature,P2_missingness_review,route_to_binary_flag_eda; consider_missingness_logic_later,binary_flag_eda,high combined missingness,71.73922233676193,65.83579517479075,5.90342716197118,2,1.0,False,False,70.931495698306,2,70.931495698306,high_missing
cc_status_approved_count_mean,binary_flag,feature,P2_missingness_review,route_to_binary_flag_eda; consider_missingness_logic_later,binary_flag_eda,high combined missingness,71.73922233676193,65.83579517479075,5.90342716197118,2,1.0,False,False,70.931495698306,2,70.931495698306,high_missing
cc_status_approved_count_sum,binary_flag,feature,P2_missingness_review,route_to_binary_flag_eda; consider_missingness_logic_later,binary_flag_eda,high combined missingness,71.73922233676193,65.83579517479075,5.90342716197118,2,1.0,False,False,70.931495698306,2,70.931495698306,high_missing
cc_status_canceled_count_max,binary_flag,feature,P2_missingness_review,route_to_binary_flag_eda; consider_missingness_logic_later,binary_flag_eda,high combined missingness,71.73922233676193,65.83579517479075,5.90342716197118,1,1.0,False,False,70.931495698306,1,70.931495698306,high_missing
cc_status_canceled_count_mean,binary_flag,feature,P2_missingness_review,route_to_binary_flag_eda; consider_missingness_logic_later,binary_flag_eda,high combined missingness,71.73922233676193,65.83579517479075,5.90342716197118,1,1.0,False,False,70.931495698306,1,70.931495698306,high_missing
cc_status_canceled_count_sum,binary_flag,feature,P2_missingness_review,route_to_binary_flag_eda; consider_missingness_logic_later,binary_flag_eda,high combined missingness,71.73922233676193,65.83579517479075,5.90342716197118,1,1.0,False,False,70.931495698306,1,70.931495698306,high_missing
cc_status_canceled_ratio_max,binary_flag,feature,P2_missingness_review,route_to_binary_flag_eda; consider_missingness_logic_later,binary_flag_eda,high combined missingness,71.73922233676193,65.83579517479075,5.90342716197118,1,1.0,False,False,70.931495698306,1,70.931495698306,high_missing
cc_status_canceled_ratio_mean,binary_flag,feature,P2_missingness_review,route_to_binary_flag_eda; consider_missingness_logic_later,binary_flag_eda,high combined missingness,71.73922233676193,65.83579517479075,5.90342716197118,1,1.0,False,False,70.931495698306,1,70.931495698306,high_missing
cc_status_canceled_ratio_min,binary_flag,feature,P2_missingness_review,route_to_binary_flag_eda; consider_missingness_logic_later,binary_flag_eda,high combined missingness,71.73922233676193,65.83579517479075,5.90342716197118,1,1.0,False,False,70.931495698306,1,70.931495698306,high_missing
cc_status_refused_count_max,binary_flag,feature,P2_missingness_review,route_to_binary_flag_eda; consider_missingness_logic_later,binary_flag_eda,high combined missingness,71.73922233676193,65.83579517479075,5.90342716197118,2,2.0,False,False,70.931495698306,2,70.931495698306,high_missing
cc_status_refused_count_mean,binary_flag,feature,P2_missingness_review,route_to_binary_flag_eda; consider_missingness_logic_later,binary_flag_eda,high combined missingness,71.73922233676193,65.83579517479075,5.90342716197118,2,2.0,False,False,70.931495698306,2,70.931495698306,high_missing
cc_status_refused_count_sum,binary_flag,feature,P2_missingness_review,route_to_binary_flag_eda; consider_missingness_logic_later,binary_flag_eda,high combined missingness,71.73922233676193,65.83579517479075,5.90342716197118,2,2.0,False,False,70.931495698306,2,70.931495698306,high_missing
cc_status_sent_proposal_count_max,binary_flag,feature,P2_missingness_review,route_to_binary_flag_eda; consider_missingness_logic_later,binary_flag_eda,high combined missingness,71.73922233676193,65.83579517479075,5.90342716197118,2,2.0,False,False,70.931495698306,2,70.931495698306,high_missing
cc_status_sent_proposal_count_sum,binary_flag,feature,P2_missingness_review,route_to_binary_flag_eda; consider_missingness_logic_later,binary_flag_eda,high combined missingness,71.73922233676193,65.83579517479075,5.90342716197118,2,2.0,False,False,70.931495698306,2,70.931495698306,high_missing
FONDKAPREMONT_MODE,categorical_nominal,feature,P2_missingness_review,route_to_categorical_nominal_eda; consider_missingness_logic_later,categorical_nominal_eda,high combined missingness,68.38617155158677,67.28417856556705,1.101992986019724,4,4.0,False,False,68.23539318746403,4,68.23539318746403,high_missing
WALLSMATERIAL_MODE,categorical_nominal,feature,P2_missingness_review,route_to_categorical_nominal_eda; consider_missingness_logic_later,categorical_nominal_eda,high combined missingness,50.8407829313423,49.01731495158378,1.823467979758512,7,7.0,False,False,50.59128994680776,7,50.59128994680776,high_missing
bureau_recent_12m_annuity_amount_sum,continuous_amount_numeric,feature,P2_missingness_review,route_to_continuous_numeric_eda; consider_missingness_logic_later,continuous_numeric_eda,high combined missingness,50.64826949279863,52.16847201706877,1.520202524270132,16652,11580.0,False,False,50.85626868394829,23704,50.85626868394829,high_missing
bureau_recent_12m_credit_amount_max,continuous_amount_numeric,feature,P2_missingness_review,route_to_continuous_numeric_eda; consider_missingness_logic_later,continuous_numeric_eda,high combined missingness,50.64891987603696,52.17667815526013,1.527758279223178,43220,10360.0,False,False,50.8579528708369,48838,50.8579528708369,high_missing
bureau_recent_12m_credit_amount_mean,continuous_amount_numeric,feature,P2_missingness_review,route_to_continuous_numeric_eda; consider_missingness_logic_later,continuous_numeric_eda,high combined missingness,50.64891987603696,52.17667815526013,1.527758279223178,73647,14591.0,False,False,50.8579528708369,83574,50.8579528708369,high_missing
bureau_recent_12m_credit_amount_sum,continuous_amount_numeric,feature,P2_missingness_review,route_to_continuous_numeric_eda; consider_missingness_logic_later,continuous_numeric_eda,high combined missingness,50.64826949279863,52.16847201706877,1.520202524270132,72349,14209.0,False,False,50.85626868394829,81939,50.85626868394829,high_missing
bureau_recent_12m_debt_amount_max,continuous_amount_numeric,feature,P2_missingness_review,route_to_continuous_numeric_eda; consider_missingness_logic_later,continuous_numeric_eda,high combined missingness,54.32391036418209,54.58928278352207,0.2653724193399825,91124,17387.0,False,False,54.36021950569114,102559,54.36021950569114,high_missing
bureau_recent_12m_debt_amount_mean,continuous_amount_numeric,feature,P2_missingness_review,route_to_continuous_numeric_eda; consider_missingness_logic_later,continuous_numeric_eda,high combined missingness,54.32391036418209,54.58928278352207,0.2653724193399825,99496,17894.0,False,False,54.36021950569114,113059,54.36021950569114,high_missing
bureau_recent_12m_debt_amount_sum,continuous_amount_numeric,feature,P2_missingness_review,route_to_continuous_numeric_eda; consider_missingness_logic_later,continuous_numeric_eda,high combined missingness,50.64826949279863,52.16847201706877,1.520202524270132,96230,17688.0,False,False,50.85626868394829,108740,50.85626868394829,high_missing
bureau_recent_12m_limit_amount_max,continuous_amount_numeric,feature,P2_missingness_review,route_to_continuous_numeric_eda; consider_missingness_logic_later,continuous_numeric_eda,high combined missingness,59.64729716985734,62.02199245035286,2.374695280495523,13626,2352.0,False,False,59.97221091633802,15807,59.97221091633802,high_missing
bureau_recent_12m_limit_amount_mean,continuous_amount_numeric,feature,P2_missingness_review,route_to_continuous_numeric_eda; consider_missingness_logic_later,continuous_numeric_eda,high combined missingness,59.64729716985734,62.02199245035286,2.374695280495523,14127,2427.0,False,False,59.97221091633802,16389,59.97221091633802,high_missing
bureau_recent_12m_limit_amount_sum,continuous_amount_numeric,feature,P2_missingness_review,route_to_continuous_numeric_eda; consider_missingness_logic_later,continuous_numeric_eda,high combined missingness,50.64826949279863,52.16847201706877,1.520202524270132,13903,2385.0,False,False,50.85626868394829,16125,50.85626868394829,high_missing
bureau_recent_12m_overdue_amount_max,continuous_amount_numeric,feature,P2_missingness_review,route_to_continuous_numeric_eda; consider_missingness_logic_later,continuous_numeric_eda,high combined missingness,50.64826949279863,52.16847201706877,1.520202524270132,588,116.0,False,False,50.85626868394829,657,50.85626868394829,high_missing
bureau_recent_12m_overdue_amount_mean,continuous_amount_numeric,feature,P2_missingness_review,route_to_continuous_numeric_eda; consider_missingness_logic_later,continuous_numeric_eda,high combined missingness,50.64826949279863,52.16847201706877,1.520202524270132,697,121.0,False,False,50.85626868394829,776,50.85626868394829,high_missing
bureau_recent_12m_overdue_amount_sum,continuous_amount_numeric,feature,P2_missingness_review,route_to_continuous_numeric_eda; consider_missingness_logic_later,continuous_numeric_eda,high combined missingness,50.64826949279863,52.16847201706877,1.520202524270132,591,116.0,False,False,50.85626868394829,661,50.85626868394829,high_missing
cc_atm_drawing_amount_max_sum,continuous_amount_numeric,feature,P2_missingness_review,route_to_continuous_numeric_eda; consider_missingness_logic_later,continuous_numeric_eda,high combined missingness,71.73922233676193,65.83579517479075,5.90342716197118,1309,622.0,False,False,70.931495698306,1378,70.931495698306,high_missing
cc_atm_drawing_amount_mean_sum,continuous_amount_numeric,feature,P2_missingness_review,route_to_continuous_numeric_eda; consider_missingness_logic_later,continuous_numeric_eda,high combined missingness,71.73922233676193,65.83579517479075,5.90342716197118,22416,5497.0,False,False,70.931495698306,24817,70.931495698306,high_missing
cc_atm_drawing_amount_sum_max,continuous_amount_numeric,feature,P2_missingness_review,route_to_continuous_numeric_eda; consider_missingness_logic_later,continuous_numeric_eda,high combined missingness,71.73922233676193,65.83579517479075,5.90342716197118,5008,2180.0,False,False,70.931495698306,5335,70.931495698306,high_missing
cc_atm_drawing_amount_sum_mean,continuous_amount_numeric,feature,P2_missingness_review,route_to_continuous_numeric_eda; consider_missingness_logic_later,continuous_numeric_eda,high combined missingness,71.73922233676193,65.83579517479075,5.90342716197118,5058,2215.0,False,False,70.931495698306,5403,70.931495698306,high_missing
cc_atm_drawing_amount_sum_min,continuous_amount_numeric,feature,P2_missingness_review,route_to_continuous_numeric_eda; consider_missingness_logic_later,continuous_numeric_eda,high combined missingness,71.73922233676193,65.83579517479075,5.90342716197118,4997,2166.0,False,False,70.931495698306,5324,70.931495698306,high_missing
cc_atm_drawing_amount_sum_sum,continuous_amount_numeric,feature,P2_missingness_review,route_to_continuous_numeric_eda; consider_missingness_logic_later,continuous_numeric_eda,high combined missingness,71.73922233676193,65.83579517479075,5.90342716197118,5016,2187.0,False,False,70.931495698306,5347,70.931495698306,high_missing
cc_balance_max_max,continuous_amount_numeric,feature,P2_missingness_review,route_to_continuous_numeric_eda; consider_missingness_logic_later,continuous_numeric_eda,high combined missingness,71.73922233676193,65.83579517479075,5.90342716197118,56722,10438.0,False,False,70.931495698306,66374,70.931495698306,high_missing
cc_balance_max_mean,continuous_amount_numeric,feature,P2_missingness_review,route_to_continuous_numeric_eda; consider_missingness_logic_later,continuous_numeric_eda,high combined missingness,71.73922233676193,65.83579517479075,5.90342716197118,56755,10443.0,False,False,70.931495698306,66430,70.931495698306,high_missing
cc_balance_max_min,continuous_amount_numeric,feature,P2_missingness_review,route_to_continuous_numeric_eda; consider_missingness_logic_later,continuous_numeric_eda,high combined missingness,71.73922233676193,65.83579517479075,5.90342716197118,56498,10354.0,False,False,70.931495698306,66075,70.931495698306,high_missing
cc_balance_max_sum,continuous_amount_numeric,feature,P2_missingness_review,route_to_continuous_numeric_eda; consider_missingness_logic_later,continuous_numeric_eda,high combined missingness,71.73922233676193,65.83579517479075,5.90342716197118,56737,10441.0,False,False,70.931495698306,66403,70.931495698306,high_missing
cc_balance_mean_max,continuous_amount_numeric,feature,P2_missingness_review,route_to_continuous_numeric_eda; consider_missingness_logic_later,continuous_numeric_eda,high combined missingness,71.73922233676193,65.83579517479075,5.90342716197118,59424,10626.0,False,False,70.931495698306,70024,70.931495698306,high_missing
cc_balance_mean_mean,continuous_amount_numeric,feature,P2_missingness_review,route_to_continuous_numeric_eda; consider_missingness_logic_later,continuous_numeric_eda,high combined missingness,71.73922233676193,65.83579517479075,5.90342716197118,59425,10626.0,False,False,70.931495698306,70025,70.931495698306,high_missing
cc_balance_mean_min,continuous_amount_numeric,feature,P2_missingness_review,route_to_continuous_numeric_eda; consider_missingness_logic_later,continuous_numeric_eda,high combined missingness,71.73922233676193,65.83579517479075,5.90342716197118,59179,10539.0,False,False,70.931495698306,69695,70.931495698306,high_missing
cc_balance_mean_sum,continuous_amount_numeric,feature,P2_missingness_review,route_to_continuous_numeric_eda; consider_missingness_logic_later,continuous_numeric_eda,high combined missingness,71.73922233676193,65.83579517479075,5.90342716197118,59425,10626.0,False,False,70.931495698306,70026,70.931495698306,high_missing
cc_balance_min_max,continuous_amount_numeric,feature,P2_missingness_review,route_to_continuous_numeric_eda; consider_missingness_logic_later,continuous_numeric_eda,high combined missingness,71.73922233676193,65.83579517479075,5.90342716197118,11689,1929.0,False,False,70.931495698306,13442,70.931495698306,high_missing
cc_balance_min_mean,continuous_amount_numeric,feature,P2_missingness_review,route_to_continuous_numeric_eda; consider_missingness_logic_later,continuous_numeric_eda,high combined missingness,71.73922233676193,65.83579517479075,5.90342716197118,11702,1935.0,False,False,70.931495698306,13457,70.931495698306,high_missing
cc_balance_min_min,continuous_amount_numeric,feature,P2_missingness_review,route_to_continuous_numeric_eda; consider_missingness_logic_later,continuous_numeric_eda,high combined missingness,71.73922233676193,65.83579517479075,5.90342716197118,11608,1888.0,False,False,70.931495698306,13320,70.931495698306,high_missing
cc_balance_min_sum,continuous_amount_numeric,feature,P2_missingness_review,route_to_continuous_numeric_eda; consider_missingness_logic_later,continuous_numeric_eda,high combined missingness,71.73922233676193,65.83579517479075,5.90342716197118,11692,1930.0,False,False,70.931495698306,13445,70.931495698306,high_missing
cc_balance_sum_max,continuous_amount_numeric,feature,P2_missingness_review,route_to_continuous_numeric_eda; consider_missingness_logic_later,continuous_numeric_eda,high combined missingness,71.73922233676193,65.83579517479075,5.90342716197118,58788,10606.0,False,False,70.931495698306,69036,70.931495698306,high_missing
cc_balance_sum_mean,continuous_amount_numeric,feature,P2_missingness_review,route_to_continuous_numeric_eda; consider_missingness_logic_later,continuous_numeric_eda,high combined missingness,71.73922233676193,65.83579517479075,5.90342716197118,58803,10607.0,False,False,70.931495698306,69073,70.931495698306,high_missing
cc_balance_sum_min,continuous_amount_numeric,feature,P2_missingness_review,route_to_continuous_numeric_eda; consider_missingness_logic_later,continuous_numeric_eda,high combined missingness,71.73922233676193,65.83579517479075,5.90342716197118,58554,10520.0,False,False,70.931495698306,68732,70.931495698306,high_missing
cc_balance_sum_sum,continuous_amount_numeric,feature,P2_missingness_review,route_to_continuous_numeric_eda; consider_missingness_logic_later,continuous_numeric_eda,high combined missingness,71.73922233676193,65.83579517479075,5.90342716197118,58793,10607.0,False,False,70.931495698306,69053,70.931495698306,high_missing
cc_credit_limit_max_max,continuous_amount_numeric,feature,P2_missingness_review,route_to_continuous_numeric_eda; consider_missingness_logic_later,continuous_numeric_eda,high combined missingness,71.73922233676193,65.83579517479075,5.90342716197118,54,49.0,False,False,70.931495698306,54,70.931495698306,high_missing
cc_credit_limit_max_mean,continuous_amount_numeric,feature,P2_missingness_review,route_to_continuous_numeric_eda; consider_missingness_logic_later,continuous_numeric_eda,high combined missingness,71.73922233676193,65.83579517479075,5.90342716197118,88,80.0,False,False,70.931495698306,99,70.931495698306,high_missing
cc_credit_limit_max_min,continuous_amount_numeric,feature,P2_missingness_review,route_to_continuous_numeric_eda; consider_missingness_logic_later,continuous_numeric_eda,high combined missingness,71.73922233676193,65.83579517479075,5.90342716197118,54,49.0,False,False,70.931495698306,54,70.931495698306,high_missing
cc_credit_limit_max_sum,continuous_amount_numeric,feature,P2_missingness_review,route_to_continuous_numeric_eda; consider_missingness_logic_later,continuous_numeric_eda,high combined missingness,71.73922233676193,65.83579517479075,5.90342716197118,77,71.0,False,False,70.931495698306,86,70.931495698306,high_missing
cc_credit_limit_mean_max,continuous_amount_numeric,feature,P2_missingness_review,route_to_continuous_numeric_eda; consider_missingness_logic_later,continuous_numeric_eda,high combined missingness,71.73922233676193,65.83579517479075,5.90342716197118,11046,4220.0,False,False,70.931495698306,12692,70.931495698306,high_missing
cc_credit_limit_mean_mean,continuous_amount_numeric,feature,P2_missingness_review,route_to_continuous_numeric_eda; consider_missingness_logic_later,continuous_numeric_eda,high combined missingness,71.73922233676193,65.83579517479075,5.90342716197118,11181,4300.0,False,False,70.931495698306,12888,70.931495698306,high_missing
cc_credit_limit_mean_min,continuous_amount_numeric,feature,P2_missingness_review,route_to_continuous_numeric_eda; consider_missingness_logic_later,continuous_numeric_eda,high combined missingness,71.73922233676193,65.83579517479075,5.90342716197118,11043,4223.0,False,False,70.931495698306,12695,70.931495698306,high_missing
cc_credit_limit_mean_sum,continuous_amount_numeric,feature,P2_missingness_review,route_to_continuous_numeric_eda; consider_missingness_logic_later,continuous_numeric_eda,high combined missingness,71.73922233676193,65.83579517479075,5.90342716197118,11194,4304.0,False,False,70.931495698306,12898,70.931495698306,high_missing
cc_credit_limit_min_max,continuous_amount_numeric,feature,P2_missingness_review,route_to_continuous_numeric_eda; consider_missingness_logic_later,continuous_numeric_eda,high combined missingness,71.73922233676193,65.83579517479075,5.90342716197118,161,165.0,False,False,70.931495698306,180,70.931495698306,high_missing
cc_credit_limit_min_mean,continuous_amount_numeric,feature,P2_missingness_review,route_to_continuous_numeric_eda; consider_missingness_logic_later,continuous_numeric_eda,high combined missingness,71.73922233676193,65.83579517479075,5.90342716197118,190,193.0,False,False,70.931495698306,223,70.931495698306,high_missing
cc_credit_limit_min_min,continuous_amount_numeric,feature,P2_missingness_review,route_to_continuous_numeric_eda; consider_missingness_logic_later,continuous_numeric_eda,high combined missingness,71.73922233676193,65.83579517479075,5.90342716197118,161,165.0,False,False,70.931495698306,180,70.931495698306,high_missing
cc_credit_limit_min_sum,continuous_amount_numeric,feature,P2_missingness_review,route_to_continuous_numeric_eda; consider_missingness_logic_later,continuous_numeric_eda,high combined missingness,71.73922233676193,65.83579517479075,5.90342716197118,171,172.0,False,False,70.931495698306,192,70.931495698306,high_missing
cc_drawing_amount_max_max,continuous_amount_numeric,feature,P2_missingness_review,route_to_continuous_numeric_eda; consider_missingness_logic_later,continuous_numeric_eda,high combined missingness,71.73922233676193,65.83579517479075,5.90342716197118,24117,5249.0,False,False,70.931495698306,28333,70.931495698306,high_missing
cc_drawing_amount_max_mean,continuous_amount_numeric,feature,P2_missingness_review,route_to_continuous_numeric_eda; consider_missingness_logic_later,continuous_numeric_eda,high combined missingness,71.73922233676193,65.83579517479075,5.90342716197118,24190,5272.0,False,False,70.931495698306,28436,70.931495698306,high_missing
cc_drawing_amount_max_min,continuous_amount_numeric,feature,P2_missingness_review,route_to_continuous_numeric_eda; consider_missingness_logic_later,continuous_numeric_eda,high combined missingness,71.73922233676193,65.83579517479075,5.90342716197118,24019,5212.0,False,False,70.931495698306,28198,70.931495698306,high_missing
cc_drawing_amount_max_sum,continuous_amount_numeric,feature,P2_missingness_review,route_to_continuous_numeric_eda; consider_missingness_logic_later,continuous_numeric_eda,high combined missingness,71.73922233676193,65.83579517479075,5.90342716197118,24167,5264.0,False,False,70.931495698306,28400,70.931495698306,high_missing
cc_drawing_amount_mean_max,continuous_amount_numeric,feature,P2_missingness_review,route_to_continuous_numeric_eda; consider_missingness_logic_later,continuous_numeric_eda,high combined missingness,71.73922233676193,65.83579517479075,5.90342716197118,49003,9566.0,False,False,70.931495698306,57296,70.931495698306,high_missing
cc_drawing_amount_mean_mean,continuous_amount_numeric,feature,P2_missingness_review,route_to_continuous_numeric_eda; consider_missingness_logic_later,continuous_numeric_eda,high combined missingness,71.73922233676193,65.83579517479075,5.90342716197118,49059,9570.0,False,False,70.931495698306,57363,70.931495698306,high_missing
cc_drawing_amount_mean_min,continuous_amount_numeric,feature,P2_missingness_review,route_to_continuous_numeric_eda; consider_missingness_logic_later,continuous_numeric_eda,high combined missingness,71.73922233676193,65.83579517479075,5.90342716197118,48802,9482.0,False,False,70.931495698306,57020,70.931495698306,high_missing
cc_drawing_amount_mean_sum,continuous_amount_numeric,feature,P2_missingness_review,route_to_continuous_numeric_eda; consider_missingness_logic_later,continuous_numeric_eda,high combined missingness,71.73922233676193,65.83579517479075,5.90342716197118,49038,9573.0,False,False,70.931495698306,57341,70.931495698306,high_missing
cc_drawing_amount_min_max,continuous_amount_numeric,feature,P2_missingness_review,route_to_continuous_numeric_eda; consider_missingness_logic_later,continuous_numeric_eda,high combined missingness,71.73922233676193,65.83579517479075,5.90342716197118,2107,366.0,False,False,70.931495698306,2414,70.931495698306,high_missing
cc_drawing_amount_min_mean,continuous_amount_numeric,feature,P2_missingness_review,route_to_continuous_numeric_eda; consider_missingness_logic_later,continuous_numeric_eda,high combined missingness,71.73922233676193,65.83579517479075,5.90342716197118,2106,366.0,False,False,70.931495698306,2413,70.931495698306,high_missing
cc_drawing_amount_min_min,continuous_amount_numeric,feature,P2_missingness_review,route_to_continuous_numeric_eda; consider_missingness_logic_later,continuous_numeric_eda,high combined missingness,71.73922233676193,65.83579517479075,5.90342716197118,2066,354.0,False,False,70.931495698306,2363,70.931495698306,high_missing
cc_drawing_amount_min_sum,continuous_amount_numeric,feature,P2_missingness_review,route_to_continuous_numeric_eda; consider_missingness_logic_later,continuous_numeric_eda,high combined missingness,71.73922233676193,65.83579517479075,5.90342716197118,2107,366.0,False,False,70.931495698306,2414,70.931495698306,high_missing
cc_drawing_amount_sum_max,continuous_amount_numeric,feature,P2_missingness_review,route_to_continuous_numeric_eda; consider_missingness_logic_later,continuous_numeric_eda,high combined missingness,71.73922233676193,65.83579517479075,5.90342716197118,40329,8393.0,False,False,70.931495698306,47311,70.931495698306,high_missing
cc_drawing_amount_sum_mean,continuous_amount_numeric,feature,P2_missingness_review,route_to_continuous_numeric_eda; consider_missingness_logic_later,continuous_numeric_eda,high combined missingness,71.73922233676193,65.83579517479075,5.90342716197118,40385,8412.0,False,False,70.931495698306,47391,70.931495698306,high_missing
cc_drawing_amount_sum_min,continuous_amount_numeric,feature,P2_missingness_review,route_to_continuous_numeric_eda; consider_missingness_logic_later,continuous_numeric_eda,high combined missingness,71.73922233676193,65.83579517479075,5.90342716197118,40150,8327.0,False,False,70.931495698306,47079,70.931495698306,high_missing
cc_drawing_amount_sum_sum,continuous_amount_numeric,feature,P2_missingness_review,route_to_continuous_numeric_eda; consider_missingness_logic_later,continuous_numeric_eda,high combined missingness,71.73922233676193,65.83579517479075,5.90342716197118,40372,8403.0,False,False,70.931495698306,47373,70.931495698306,high_missing
cc_latest_balance,continuous_amount_numeric,feature,P2_missingness_review,route_to_continuous_numeric_eda; consider_missingness_logic_later,continuous_numeric_eda,high combined missingness,71.73922233676193,65.83579517479075,5.90342716197118,30603,5509.0,False,False,70.931495698306,36071,70.931495698306,high_missing
cc_latest_balance_max,continuous_amount_numeric,feature,P2_missingness_review,route_to_continuous_numeric_eda; consider_missingness_logic_later,continuous_numeric_eda,high combined missingness,71.73922233676193,65.83579517479075,5.90342716197118,30603,5509.0,False,False,70.931495698306,36071,70.931495698306,high_missing
cc_latest_balance_mean,continuous_amount_numeric,feature,P2_missingness_review,route_to_continuous_numeric_eda; consider_missingness_logic_later,continuous_numeric_eda,high combined missingness,71.73922233676193,65.83579517479075,5.90342716197118,30603,5509.0,False,False,70.931495698306,36070,70.931495698306,high_missing
cc_latest_balance_min,continuous_amount_numeric,feature,P2_missingness_review,route_to_continuous_numeric_eda; consider_missingness_logic_later,continuous_numeric_eda,high combined missingness,71.73922233676193,65.83579517479075,5.90342716197118,30406,5422.0,False,False,70.931495698306,35787,70.931495698306,high_missing
cc_latest_balance_sum,continuous_amount_numeric,feature,P2_missingness_review,route_to_continuous_numeric_eda; consider_missingness_logic_later,continuous_numeric_eda,high combined missingness,71.73922233676193,65.83579517479075,5.90342716197118,30603,5509.0,False,False,70.931495698306,36071,70.931495698306,high_missing
cc_latest_credit_limit,continuous_amount_numeric,feature,P2_missingness_review,route_to_continuous_numeric_eda; consider_missingness_logic_later,continuous_numeric_eda,high combined missingness,71.73922233676193,65.83579517479075,5.90342716197118,167,167.0,False,False,70.931495698306,181,70.931495698306,high_missing
cc_latest_credit_limit_max,continuous_amount_numeric,feature,P2_missingness_review,route_to_continuous_numeric_eda; consider_missingness_logic_later,continuous_numeric_eda,high combined missingness,71.73922233676193,65.83579517479075,5.90342716197118,167,167.0,False,False,70.931495698306,181,70.931495698306,high_missing
cc_latest_credit_limit_mean,continuous_amount_numeric,feature,P2_missingness_review,route_to_continuous_numeric_eda; consider_missingness_logic_later,continuous_numeric_eda,high combined missingness,71.73922233676193,65.83579517479075,5.90342716197118,198,197.0,False,False,70.931495698306,227,70.931495698306,high_missing
cc_latest_credit_limit_min,continuous_amount_numeric,feature,P2_missingness_review,route_to_continuous_numeric_eda; consider_missingness_logic_later,continuous_numeric_eda,high combined missingness,71.73922233676193,65.83579517479075,5.90342716197118,167,167.0,False,False,70.931495698306,181,70.931495698306,high_missing
cc_latest_credit_limit_sum,continuous_amount_numeric,feature,P2_missingness_review,route_to_continuous_numeric_eda; consider_missingness_logic_later,continuous_numeric_eda,high combined missingness,71.73922233676193,65.83579517479075,5.90342716197118,177,174.0,False,False,70.931495698306,193,70.931495698306,high_missing
cc_latest_drawing_amount,continuous_amount_numeric,feature,P2_missingness_review,route_to_continuous_numeric_eda; consider_missingness_logic_later,continuous_numeric_eda,high combined missingness,71.73922233676193,65.83579517479075,5.90342716197118,12031,2519.0,False,False,70.931495698306,14198,70.931495698306,high_missing
cc_latest_drawing_amount_max,continuous_amount_numeric,feature,P2_missingness_review,route_to_continuous_numeric_eda; consider_missingness_logic_later,continuous_numeric_eda,high combined missingness,71.73922233676193,65.83579517479075,5.90342716197118,12034,2520.0,False,False,70.931495698306,14202,70.931495698306,high_missing
cc_latest_drawing_amount_mean,continuous_amount_numeric,feature,P2_missingness_review,route_to_continuous_numeric_eda; consider_missingness_logic_later,continuous_numeric_eda,high combined missingness,71.73922233676193,65.83579517479075,5.90342716197118,12033,2523.0,False,False,70.931495698306,14199,70.931495698306,high_missing
cc_latest_drawing_amount_min,continuous_amount_numeric,feature,P2_missingness_review,route_to_continuous_numeric_eda; consider_missingness_logic_later,continuous_numeric_eda,high combined missingness,71.73922233676193,65.83579517479075,5.90342716197118,11931,2481.0,False,False,70.931495698306,14062,70.931495698306,high_missing
cc_latest_drawing_amount_sum,continuous_amount_numeric,feature,P2_missingness_review,route_to_continuous_numeric_eda; consider_missingness_logic_later,continuous_numeric_eda,high combined missingness,71.73922233676193,65.83579517479075,5.90342716197118,12034,2520.0,False,False,70.931495698306,14202,70.931495698306,high_missing
cc_latest_min_instalment,continuous_amount_numeric,feature,P2_missingness_review,route_to_continuous_numeric_eda; consider_missingness_logic_later,continuous_numeric_eda,high combined missingness,71.73922233676193,65.83579517479075,5.90342716197118,23676,4465.0,False,False,70.931495698306,27858,70.931495698306,high_missing
cc_latest_min_instalment_max,continuous_amount_numeric,feature,P2_missingness_review,route_to_continuous_numeric_eda; consider_missingness_logic_later,continuous_numeric_eda,high combined missingness,71.73922233676193,65.83579517479075,5.90342716197118,23681,4466.0,False,False,70.931495698306,27864,70.931495698306,high_missing
cc_latest_min_instalment_mean,continuous_amount_numeric,feature,P2_missingness_review,route_to_continuous_numeric_eda; consider_missingness_logic_later,continuous_numeric_eda,high combined missingness,71.73922233676193,65.83579517479075,5.90342716197118,23690,4469.0,False,False,70.931495698306,27875,70.931495698306,high_missing
cc_latest_min_instalment_min,continuous_amount_numeric,feature,P2_missingness_review,route_to_continuous_numeric_eda; consider_missingness_logic_later,continuous_numeric_eda,high combined missingness,71.73922233676193,65.83579517479075,5.90342716197118,23521,4385.0,False,False,70.931495698306,27626,70.931495698306,high_missing
cc_latest_min_instalment_sum,continuous_amount_numeric,feature,P2_missingness_review,route_to_continuous_numeric_eda; consider_missingness_logic_later,continuous_numeric_eda,high combined missingness,71.73922233676193,65.83579517479075,5.90342716197118,23681,4466.0,False,False,70.931495698306,27864,70.931495698306,high_missing
cc_latest_payment_current_sum,continuous_amount_numeric,feature,P2_missingness_review,route_to_continuous_numeric_eda; consider_missingness_logic_later,continuous_numeric_eda,high combined missingness,71.73922233676193,65.83579517479075,5.90342716197118,19442,4373.0,False,False,70.931495698306,21970,70.931495698306,high_missing
cc_latest_payment_total,continuous_amount_numeric,feature,P2_missingness_review,route_to_continuous_numeric_eda; consider_missingness_logic_later,continuous_numeric_eda,high combined missingness,71.73922233676193,65.83579517479075,5.90342716197118,15025,3354.0,False,False,70.931495698306,17540,70.931495698306,high_missing
cc_latest_payment_total_max,continuous_amount_numeric,feature,P2_missingness_review,route_to_continuous_numeric_eda; consider_missingness_logic_later,continuous_numeric_eda,high combined missingness,71.73922233676193,65.83579517479075,5.90342716197118,15039,3355.0,False,False,70.931495698306,17554,70.931495698306,high_missing
cc_latest_payment_total_mean,continuous_amount_numeric,feature,P2_missingness_review,route_to_continuous_numeric_eda; consider_missingness_logic_later,continuous_numeric_eda,high combined missingness,71.73922233676193,65.83579517479075,5.90342716197118,15043,3361.0,False,False,70.931495698306,17567,70.931495698306,high_missing
cc_latest_payment_total_min,continuous_amount_numeric,feature,P2_missingness_review,route_to_continuous_numeric_eda; consider_missingness_logic_later,continuous_numeric_eda,high combined missingness,71.73922233676193,65.83579517479075,5.90342716197118,14926,3299.0,False,False,70.931495698306,17397,70.931495698306,high_missing
cc_latest_payment_total_sum,continuous_amount_numeric,feature,P2_missingness_review,route_to_continuous_numeric_eda; consider_missingness_logic_later,continuous_numeric_eda,high combined missingness,71.73922233676193,65.83579517479075,5.90342716197118,15040,3355.0,False,False,70.931495698306,17555,70.931495698306,high_missing
cc_latest_principal_receivable,continuous_amount_numeric,feature,P2_missingness_review,route_to_continuous_numeric_eda; consider_missingness_logic_later,continuous_numeric_eda,high combined missingness,71.73922233676193,65.83579517479075,5.90342716197118,29189,5297.0,False,False,70.931495698306,34447,70.931495698306,high_missing
cc_latest_recivable,continuous_amount_numeric,feature,P2_missingness_review,route_to_continuous_numeric_eda; consider_missingness_logic_later,continuous_numeric_eda,high combined missingness,71.73922233676193,65.83579517479075,5.90342716197118,30093,5408.0,False,False,70.931495698306,35464,70.931495698306,high_missing
cc_latest_total_receivable,continuous_amount_numeric,feature,P2_missingness_review,route_to_continuous_numeric_eda; consider_missingness_logic_later,continuous_numeric_eda,high combined missingness,71.73922233676193,65.83579517479075,5.90342716197118,30093,5408.0,False,False,70.931495698306,35464,70.931495698306,high_missing
cc_latest_total_receivable_max,continuous_amount_numeric,feature,P2_missingness_review,route_to_continuous_numeric_eda; consider_missingness_logic_later,continuous_numeric_eda,high combined missingness,71.73922233676193,65.83579517479075,5.90342716197118,30093,5408.0,False,False,70.931495698306,35464,70.931495698306,high_missing
cc_latest_total_receivable_mean,continuous_amount_numeric,feature,P2_missingness_review,route_to_continuous_numeric_eda; consider_missingness_logic_later,continuous_numeric_eda,high combined missingness,71.73922233676193,65.83579517479075,5.90342716197118,30093,5408.0,False,False,70.931495698306,35466,70.931495698306,high_missing
cc_latest_total_receivable_min,continuous_amount_numeric,feature,P2_missingness_review,route_to_continuous_numeric_eda; consider_missingness_logic_later,continuous_numeric_eda,high combined missingness,71.73922233676193,65.83579517479075,5.90342716197118,29902,5325.0,False,False,70.931495698306,35192,70.931495698306,high_missing
cc_latest_total_receivable_sum,continuous_amount_numeric,feature,P2_missingness_review,route_to_continuous_numeric_eda; consider_missingness_logic_later,continuous_numeric_eda,high combined missingness,71.73922233676193,65.83579517479075,5.90342716197118,30093,5408.0,False,False,70.931495698306,35464,70.931495698306,high_missing
cc_mature_instalment_max_max,continuous_amount_numeric,feature,P2_missingness_review,route_to_continuous_numeric_eda; consider_missingness_logic_later,continuous_numeric_eda,high combined missingness,71.73922233676193,65.83579517479075,5.90342716197118,120,118.0,False,False,70.931495698306,121,70.931495698306,high_missing
cc_mature_instalment_max_mean,continuous_amount_numeric,feature,P2_missingness_review,route_to_continuous_numeric_eda; consider_missingness_logic_later,continuous_numeric_eda,high combined missingness,71.73922233676193,65.83579517479075,5.90342716197118,164,152.0,False,False,70.931495698306,168,70.931495698306,high_missing
cc_mature_instalment_max_min,continuous_amount_numeric,feature,P2_missingness_review,route_to_continuous_numeric_eda; consider_missingness_logic_later,continuous_numeric_eda,high combined missingness,71.73922233676193,65.83579517479075,5.90342716197118,120,118.0,False,False,70.931495698306,121,70.931495698306,high_missing
cc_mature_instalment_max_sum,continuous_amount_numeric,feature,P2_missingness_review,route_to_continuous_numeric_eda; consider_missingness_logic_later,continuous_numeric_eda,high combined missingness,71.73922233676193,65.83579517479075,5.90342716197118,120,118.0,False,False,70.931495698306,121,70.931495698306,high_missing
cc_mature_instalment_mean_max,continuous_amount_numeric,feature,P2_missingness_review,route_to_continuous_numeric_eda; consider_missingness_logic_later,continuous_numeric_eda,high combined missingness,71.73922233676193,65.83579517479075,5.90342716197118,13689,4444.0,False,False,70.931495698306,15161,70.931495698306,high_missing
cc_mature_instalment_mean_mean,continuous_amount_numeric,feature,P2_missingness_review,route_to_continuous_numeric_eda; consider_missingness_logic_later,continuous_numeric_eda,high combined missingness,71.73922233676193,65.83579517479075,5.90342716197118,13914,4491.0,False,False,70.931495698306,15467,70.931495698306,high_missing
cc_mature_instalment_mean_min,continuous_amount_numeric,feature,P2_missingness_review,route_to_continuous_numeric_eda; consider_missingness_logic_later,continuous_numeric_eda,high combined missingness,71.73922233676193,65.83579517479075,5.90342716197118,13608,4389.0,False,False,70.931495698306,15072,70.931495698306,high_missing
cc_mature_instalment_mean_sum,continuous_amount_numeric,feature,P2_missingness_review,route_to_continuous_numeric_eda; consider_missingness_logic_later,continuous_numeric_eda,high combined missingness,71.73922233676193,65.83579517479075,5.90342716197118,13814,4483.0,False,False,70.931495698306,15338,70.931495698306,high_missing
cc_mature_instalment_min_max,continuous_amount_numeric,feature,P2_missingness_review,route_to_continuous_numeric_eda; consider_missingness_logic_later,continuous_numeric_eda,high combined missingness,71.73922233676193,65.83579517479075,5.90342716197118,28,29.0,False,False,70.931495698306,30,70.931495698306,high_missing
cc_mature_instalment_min_mean,continuous_amount_numeric,feature,P2_missingness_review,route_to_continuous_numeric_eda; consider_missingness_logic_later,continuous_numeric_eda,high combined missingness,71.73922233676193,65.83579517479075,5.90342716197118,40,40.0,False,False,70.931495698306,43,70.931495698306,high_missing
cc_mature_instalment_min_min,continuous_amount_numeric,feature,P2_missingness_review,route_to_continuous_numeric_eda; consider_missingness_logic_later,continuous_numeric_eda,high combined missingness,71.73922233676193,65.83579517479075,5.90342716197118,28,28.0,False,False,70.931495698306,30,70.931495698306,high_missing
cc_mature_instalment_min_sum,continuous_amount_numeric,feature,P2_missingness_review,route_to_continuous_numeric_eda; consider_missingness_logic_later,continuous_numeric_eda,high combined missingness,71.73922233676193,65.83579517479075,5.90342716197118,28,29.0,False,False,70.931495698306,30,70.931495698306,high_missing
cc_min_instalment_max_max,continuous_amount_numeric,feature,P2_missingness_review,route_to_continuous_numeric_eda; consider_missingness_logic_later,continuous_numeric_eda,high combined missingness,71.73922233676193,65.83579517479075,5.90342716197118,32000,6460.0,False,False,70.931495698306,37619,70.931495698306,high_missing
cc_min_instalment_max_mean,continuous_amount_numeric,feature,P2_missingness_review,route_to_continuous_numeric_eda; consider_missingness_logic_later,continuous_numeric_eda,high combined missingness,71.73922233676193,65.83579517479075,5.90342716197118,32064,6480.0,False,False,70.931495698306,37711,70.931495698306,high_missing
cc_min_instalment_max_min,continuous_amount_numeric,feature,P2_missingness_review,route_to_continuous_numeric_eda; consider_missingness_logic_later,continuous_numeric_eda,high combined missingness,71.73922233676193,65.83579517479075,5.90342716197118,31855,6392.0,False,False,70.931495698306,37420,70.931495698306,high_missing
cc_min_instalment_max_sum,continuous_amount_numeric,feature,P2_missingness_review,route_to_continuous_numeric_eda; consider_missingness_logic_later,continuous_numeric_eda,high combined missingness,71.73922233676193,65.83579517479075,5.90342716197118,32053,6473.0,False,False,70.931495698306,37691,70.931495698306,high_missing
cc_min_instalment_mean_max,continuous_amount_numeric,feature,P2_missingness_review,route_to_continuous_numeric_eda; consider_missingness_logic_later,continuous_numeric_eda,high combined missingness,71.73922233676193,65.83579517479075,5.90342716197118,57342,10351.0,False,False,70.931495698306,67530,70.931495698306,high_missing
cc_min_instalment_mean_mean,continuous_amount_numeric,feature,P2_missingness_review,route_to_continuous_numeric_eda; consider_missingness_logic_later,continuous_numeric_eda,high combined missingness,71.73922233676193,65.83579517479075,5.90342716197118,57352,10353.0,False,False,70.931495698306,67544,70.931495698306,high_missing
cc_min_instalment_mean_min,continuous_amount_numeric,feature,P2_missingness_review,route_to_continuous_numeric_eda; consider_missingness_logic_later,continuous_numeric_eda,high combined missingness,71.73922233676193,65.83579517479075,5.90342716197118,57097,10267.0,False,False,70.931495698306,67200,70.931495698306,high_missing
cc_min_instalment_mean_sum,continuous_amount_numeric,feature,P2_missingness_review,route_to_continuous_numeric_eda; consider_missingness_logic_later,continuous_numeric_eda,high combined missingness,71.73922233676193,65.83579517479075,5.90342716197118,57350,10352.0,False,False,70.931495698306,67538,70.931495698306,high_missing
cc_min_instalment_min_max,continuous_amount_numeric,feature,P2_missingness_review,route_to_continuous_numeric_eda; consider_missingness_logic_later,continuous_numeric_eda,high combined missingness,71.73922233676193,65.83579517479075,5.90342716197118,2359,336.0,False,False,70.931495698306,2654,70.931495698306,high_missing
cc_min_instalment_min_mean,continuous_amount_numeric,feature,P2_missingness_review,route_to_continuous_numeric_eda; consider_missingness_logic_later,continuous_numeric_eda,high combined missingness,71.73922233676193,65.83579517479075,5.90342716197118,2361,336.0,False,False,70.931495698306,2656,70.931495698306,high_missing
cc_min_instalment_min_min,continuous_amount_numeric,feature,P2_missingness_review,route_to_continuous_numeric_eda; consider_missingness_logic_later,continuous_numeric_eda,high combined missingness,71.73922233676193,65.83579517479075,5.90342716197118,2358,335.0,False,False,70.931495698306,2652,70.931495698306,high_missing
cc_min_instalment_min_sum,continuous_amount_numeric,feature,P2_missingness_review,route_to_continuous_numeric_eda; consider_missingness_logic_later,continuous_numeric_eda,high combined missingness,71.73922233676193,65.83579517479075,5.90342716197118,2359,336.0,False,False,70.931495698306,2654,70.931495698306,high_missing
cc_min_instalment_sum_max,continuous_amount_numeric,feature,P2_missingness_review,route_to_continuous_numeric_eda; consider_missingness_logic_later,continuous_numeric_eda,high combined missingness,71.73922233676193,65.83579517479075,5.90342716197118,56310,10252.0,False,False,70.931495698306,66053,70.931495698306,high_missing
cc_min_instalment_sum_mean,continuous_amount_numeric,feature,P2_missingness_review,route_to_continuous_numeric_eda; consider_missingness_logic_later,continuous_numeric_eda,high combined missingness,71.73922233676193,65.83579517479075,5.90342716197118,56328,10255.0,False,False,70.931495698306,66088,70.931495698306,high_missing
cc_min_instalment_sum_min,continuous_amount_numeric,feature,P2_missingness_review,route_to_continuous_numeric_eda; consider_missingness_logic_later,continuous_numeric_eda,high combined missingness,71.73922233676193,65.83579517479075,5.90342716197118,56069,10165.0,False,False,70.931495698306,65736,70.931495698306,high_missing
cc_min_instalment_sum_sum,continuous_amount_numeric,feature,P2_missingness_review,route_to_continuous_numeric_eda; consider_missingness_logic_later,continuous_numeric_eda,high combined missingness,71.73922233676193,65.83579517479075,5.90342716197118,56320,10253.0,False,False,70.931495698306,66073,70.931495698306,high_missing
cc_other_drawing_amount_max_sum,continuous_amount_numeric,feature,P2_missingness_review,route_to_continuous_numeric_eda; consider_missingness_logic_later,continuous_numeric_eda,high combined missingness,71.73922233676193,65.83579517479075,5.90342716197118,1342,385.0,False,False,70.931495698306,1485,70.931495698306,high_missing
cc_other_drawing_amount_mean_sum,continuous_amount_numeric,feature,P2_missingness_review,route_to_continuous_numeric_eda; consider_missingness_logic_later,continuous_numeric_eda,high combined missingness,71.73922233676193,65.83579517479075,5.90342716197118,3901,720.0,False,False,70.931495698306,4375,70.931495698306,high_missing
cc_other_drawing_amount_sum_max,continuous_amount_numeric,feature,P2_missingness_review,route_to_continuous_numeric_eda; consider_missingness_logic_later,continuous_numeric_eda,high combined missingness,71.73922233676193,65.83579517479075,5.90342716197118,2065,501.0,False,False,70.931495698306,2289,70.931495698306,high_missing
cc_other_drawing_amount_sum_mean,continuous_amount_numeric,feature,P2_missingness_review,route_to_continuous_numeric_eda; consider_missingness_logic_later,continuous_numeric_eda,high combined missingness,71.73922233676193,65.83579517479075,5.90342716197118,2078,508.0,False,False,70.931495698306,2306,70.931495698306,high_missing
cc_other_drawing_amount_sum_min,continuous_amount_numeric,feature,P2_missingness_review,route_to_continuous_numeric_eda; consider_missingness_logic_later,continuous_numeric_eda,high combined missingness,71.73922233676193,65.83579517479075,5.90342716197118,2049,497.0,False,False,70.931495698306,2272,70.931495698306,high_missing
cc_other_drawing_amount_sum_sum,continuous_amount_numeric,feature,P2_missingness_review,route_to_continuous_numeric_eda; consider_missingness_logic_later,continuous_numeric_eda,high combined missingness,71.73922233676193,65.83579517479075,5.90342716197118,2066,501.0,False,False,70.931495698306,2290,70.931495698306,high_missing
cc_payment_current_max_sum,continuous_amount_numeric,feature,P2_missingness_review,route_to_continuous_numeric_eda; consider_missingness_logic_later,continuous_numeric_eda,high combined missingness,71.73922233676193,65.83579517479075,5.90342716197118,25812,6265.0,False,False,70.931495698306,29879,70.931495698306,high_missing
cc_payment_current_mean_sum,continuous_amount_numeric,feature,P2_missingness_review,route_to_continuous_numeric_eda; consider_missingness_logic_later,continuous_numeric_eda,high combined missingness,71.73922233676193,65.83579517479075,5.90342716197118,56737,10628.0,False,False,70.931495698306,66713,70.931495698306,high_missing
cc_payment_current_min_sum,continuous_amount_numeric,feature,P2_missingness_review,route_to_continuous_numeric_eda; consider_missingness_logic_later,continuous_numeric_eda,high combined missingness,71.73922233676193,65.83579517479075,5.90342716197118,9983,2447.0,False,False,70.931495698306,11603,70.931495698306,high_missing
cc_payment_current_sum_max,continuous_amount_numeric,feature,P2_missingness_review,route_to_continuous_numeric_eda; consider_missingness_logic_later,continuous_numeric_eda,high combined missingness,71.73922233676193,65.83579517479075,5.90342716197118,54209,10354.0,False,False,70.931495698306,63550,70.931495698306,high_missing
cc_payment_current_sum_mean,continuous_amount_numeric,feature,P2_missingness_review,route_to_continuous_numeric_eda; consider_missingness_logic_later,continuous_numeric_eda,high combined missingness,71.73922233676193,65.83579517479075,5.90342716197118,54233,10358.0,False,False,70.931495698306,63601,70.931495698306,high_missing
cc_payment_current_sum_min,continuous_amount_numeric,feature,P2_missingness_review,route_to_continuous_numeric_eda; consider_missingness_logic_later,continuous_numeric_eda,high combined missingness,71.73922233676193,65.83579517479075,5.90342716197118,53970,10266.0,False,False,70.931495698306,63240,70.931495698306,high_missing
cc_payment_current_sum_sum,continuous_amount_numeric,feature,P2_missingness_review,route_to_continuous_numeric_eda; consider_missingness_logic_later,continuous_numeric_eda,high combined missingness,71.73922233676193,65.83579517479075,5.90342716197118,54221,10356.0,False,False,70.931495698306,63582,70.931495698306,high_missing
cc_payment_total_max_max,continuous_amount_numeric,feature,P2_missingness_review,route_to_continuous_numeric_eda; consider_missingness_logic_later,continuous_numeric_eda,high combined missingness,71.73922233676193,65.83579517479075,5.90342716197118,30350,6938.0,False,False,70.931495698306,35265,70.931495698306,high_missing
cc_payment_total_max_mean,continuous_amount_numeric,feature,P2_missingness_review,route_to_continuous_numeric_eda; consider_missingness_logic_later,continuous_numeric_eda,high combined missingness,71.73922233676193,65.83579517479075,5.90342716197118,30461,6958.0,False,False,70.931495698306,35425,70.931495698306,high_missing
cc_payment_total_max_min,continuous_amount_numeric,feature,P2_missingness_review,route_to_continuous_numeric_eda; consider_missingness_logic_later,continuous_numeric_eda,high combined missingness,71.73922233676193,65.83579517479075,5.90342716197118,30273,6885.0,False,False,70.931495698306,35167,70.931495698306,high_missing
cc_payment_total_max_sum,continuous_amount_numeric,feature,P2_missingness_review,route_to_continuous_numeric_eda; consider_missingness_logic_later,continuous_numeric_eda,high combined missingness,71.73922233676193,65.83579517479075,5.90342716197118,30416,6953.0,False,False,70.931495698306,35367,70.931495698306,high_missing
cc_payment_total_mean_max,continuous_amount_numeric,feature,P2_missingness_review,route_to_continuous_numeric_eda; consider_missingness_logic_later,continuous_numeric_eda,high combined missingness,71.73922233676193,65.83579517479075,5.90342716197118,57778,10691.0,False,False,70.931495698306,67856,70.931495698306,high_missing
cc_payment_total_mean_mean,continuous_amount_numeric,feature,P2_missingness_review,route_to_continuous_numeric_eda; consider_missingness_logic_later,continuous_numeric_eda,high combined missingness,71.73922233676193,65.83579517479075,5.90342716197118,57804,10700.0,False,False,70.931495698306,67893,70.931495698306,high_missing
cc_payment_total_mean_min,continuous_amount_numeric,feature,P2_missingness_review,route_to_continuous_numeric_eda; consider_missingness_logic_later,continuous_numeric_eda,high combined missingness,71.73922233676193,65.83579517479075,5.90342716197118,57556,10621.0,False,False,70.931495698306,67571,70.931495698306,high_missing
cc_payment_total_mean_sum,continuous_amount_numeric,feature,P2_missingness_review,route_to_continuous_numeric_eda; consider_missingness_logic_later,continuous_numeric_eda,high combined missingness,71.73922233676193,65.83579517479075,5.90342716197118,57799,10700.0,False,False,70.931495698306,67889,70.931495698306,high_missing
cc_payment_total_min_max,continuous_amount_numeric,feature,P2_missingness_review,route_to_continuous_numeric_eda; consider_missingness_logic_later,continuous_numeric_eda,high combined missingness,71.73922233676193,65.83579517479075,5.90342716197118,1529,337.0,False,False,70.931495698306,1784,70.931495698306,high_missing
cc_payment_total_min_mean,continuous_amount_numeric,feature,P2_missingness_review,route_to_continuous_numeric_eda; consider_missingness_logic_later,continuous_numeric_eda,high combined missingness,71.73922233676193,65.83579517479075,5.90342716197118,1531,338.0,False,False,70.931495698306,1786,70.931495698306,high_missing
cc_payment_total_min_min,continuous_amount_numeric,feature,P2_missingness_review,route_to_continuous_numeric_eda; consider_missingness_logic_later,continuous_numeric_eda,high combined missingness,71.73922233676193,65.83579517479075,5.90342716197118,1507,328.0,False,False,70.931495698306,1754,70.931495698306,high_missing
cc_payment_total_min_sum,continuous_amount_numeric,feature,P2_missingness_review,route_to_continuous_numeric_eda; consider_missingness_logic_later,continuous_numeric_eda,high combined missingness,71.73922233676193,65.83579517479075,5.90342716197118,1529,337.0,False,False,70.931495698306,1784,70.931495698306,high_missing
cc_payment_total_sum_max,continuous_amount_numeric,feature,P2_missingness_review,route_to_continuous_numeric_eda; consider_missingness_logic_later,continuous_numeric_eda,high combined missingness,71.73922233676193,65.83579517479075,5.90342716197118,52924,10334.0,False,False,70.931495698306,61770,70.931495698306,high_missing
cc_payment_total_sum_mean,continuous_amount_numeric,feature,P2_missingness_review,route_to_continuous_numeric_eda; consider_missingness_logic_later,continuous_numeric_eda,high combined missingness,71.73922233676193,65.83579517479075,5.90342716197118,52945,10339.0,False,False,70.931495698306,61821,70.931495698306,high_missing
cc_payment_total_sum_min,continuous_amount_numeric,feature,P2_missingness_review,route_to_continuous_numeric_eda; consider_missingness_logic_later,continuous_numeric_eda,high combined missingness,71.73922233676193,65.83579517479075,5.90342716197118,52689,10255.0,False,False,70.931495698306,61475,70.931495698306,high_missing
cc_payment_total_sum_sum,continuous_amount_numeric,feature,P2_missingness_review,route_to_continuous_numeric_eda; consider_missingness_logic_later,continuous_numeric_eda,high combined missingness,71.73922233676193,65.83579517479075,5.90342716197118,52938,10336.0,False,False,70.931495698306,61809,70.931495698306,high_missing
cc_pos_drawing_amount_max_sum,continuous_amount_numeric,feature,P2_missingness_review,route_to_continuous_numeric_eda; consider_missingness_logic_later,continuous_numeric_eda,high combined missingness,71.73922233676193,65.83579517479075,5.90342716197118,28864,6125.0,False,False,70.931495698306,33887,70.931495698306,high_missing
cc_pos_drawing_amount_mean_sum,continuous_amount_numeric,feature,P2_missingness_review,route_to_continuous_numeric_eda; consider_missingness_logic_later,continuous_numeric_eda,high combined missingness,71.73922233676193,65.83579517479075,5.90342716197118,33401,6579.0,False,False,70.931495698306,39798,70.931495698306,high_missing
cc_pos_drawing_amount_sum_max,continuous_amount_numeric,feature,P2_missingness_review,route_to_continuous_numeric_eda; consider_missingness_logic_later,continuous_numeric_eda,high combined missingness,71.73922233676193,65.83579517479075,5.90342716197118,31658,6416.0,False,False,70.931495698306,37540,70.931495698306,high_missing
cc_pos_drawing_amount_sum_mean,continuous_amount_numeric,feature,P2_missingness_review,route_to_continuous_numeric_eda; consider_missingness_logic_later,continuous_numeric_eda,high combined missingness,71.73922233676193,65.83579517479075,5.90342716197118,31676,6417.0,False,False,70.931495698306,37569,70.931495698306,high_missing
cc_pos_drawing_amount_sum_min,continuous_amount_numeric,feature,P2_missingness_review,route_to_continuous_numeric_eda; consider_missingness_logic_later,continuous_numeric_eda,high combined missingness,71.73922233676193,65.83579517479075,5.90342716197118,31460,6342.0,False,False,70.931495698306,37280,70.931495698306,high_missing
cc_pos_drawing_amount_sum_sum,continuous_amount_numeric,feature,P2_missingness_review,route_to_continuous_numeric_eda; consider_missingness_logic_later,continuous_numeric_eda,high combined missingness,71.73922233676193,65.83579517479075,5.90342716197118,31658,6416.0,False,False,70.931495698306,37551,70.931495698306,high_missing
cc_principal_receivable_max_max,continuous_amount_numeric,feature,P2_missingness_review,route_to_continuous_numeric_eda; consider_missingness_logic_later,continuous_numeric_eda,high combined missingness,71.73922233676193,65.83579517479075,5.90342716197118,46270,9077.0,False,False,70.931495698306,54360,70.931495698306,high_missing
cc_principal_receivable_max_mean,continuous_amount_numeric,feature,P2_missingness_review,route_to_continuous_numeric_eda; consider_missingness_logic_later,continuous_numeric_eda,high combined missingness,71.73922233676193,65.83579517479075,5.90342716197118,46299,9086.0,False,False,70.931495698306,54412,70.931495698306,high_missing
cc_principal_receivable_max_min,continuous_amount_numeric,feature,P2_missingness_review,route_to_continuous_numeric_eda; consider_missingness_logic_later,continuous_numeric_eda,high combined missingness,71.73922233676193,65.83579517479075,5.90342716197118,46071,9004.0,False,False,70.931495698306,54100,70.931495698306,high_missing
cc_principal_receivable_max_sum,continuous_amount_numeric,feature,P2_missingness_review,route_to_continuous_numeric_eda; consider_missingness_logic_later,continuous_numeric_eda,high combined missingness,71.73922233676193,65.83579517479075,5.90342716197118,46288,9085.0,False,False,70.931495698306,54399,70.931495698306,high_missing
cc_principal_receivable_mean_max,continuous_amount_numeric,feature,P2_missingness_review,route_to_continuous_numeric_eda; consider_missingness_logic_later,continuous_numeric_eda,high combined missingness,71.73922233676193,65.83579517479075,5.90342716197118,58514,10485.0,False,False,70.931495698306,68932,70.931495698306,high_missing
cc_principal_receivable_mean_mean,continuous_amount_numeric,feature,P2_missingness_review,route_to_continuous_numeric_eda; consider_missingness_logic_later,continuous_numeric_eda,high combined missingness,71.73922233676193,65.83579517479075,5.90342716197118,58517,10486.0,False,False,70.931495698306,68938,70.931495698306,high_missing
cc_principal_receivable_mean_min,continuous_amount_numeric,feature,P2_missingness_review,route_to_continuous_numeric_eda; consider_missingness_logic_later,continuous_numeric_eda,high combined missingness,71.73922233676193,65.83579517479075,5.90342716197118,58270,10401.0,False,False,70.931495698306,68607,70.931495698306,high_missing
cc_principal_receivable_mean_sum,continuous_amount_numeric,feature,P2_missingness_review,route_to_continuous_numeric_eda; consider_missingness_logic_later,continuous_numeric_eda,high combined missingness,71.73922233676193,65.83579517479075,5.90342716197118,58516,10486.0,False,False,70.931495698306,68935,70.931495698306,high_missing
cc_principal_receivable_sum_max,continuous_amount_numeric,feature,P2_missingness_review,route_to_continuous_numeric_eda; consider_missingness_logic_later,continuous_numeric_eda,high combined missingness,71.73922233676193,65.83579517479075,5.90342716197118,57746,10434.0,False,False,70.931495698306,67789,70.931495698306,high_missing
cc_principal_receivable_sum_mean,continuous_amount_numeric,feature,P2_missingness_review,route_to_continuous_numeric_eda; consider_missingness_logic_later,continuous_numeric_eda,high combined missingness,71.73922233676193,65.83579517479075,5.90342716197118,57760,10435.0,False,False,70.931495698306,67819,70.931495698306,high_missing
cc_principal_receivable_sum_min,continuous_amount_numeric,feature,P2_missingness_review,route_to_continuous_numeric_eda; consider_missingness_logic_later,continuous_numeric_eda,high combined missingness,71.73922233676193,65.83579517479075,5.90342716197118,57514,10349.0,False,False,70.931495698306,67488,70.931495698306,high_missing
cc_principal_receivable_sum_sum,continuous_amount_numeric,feature,P2_missingness_review,route_to_continuous_numeric_eda; consider_missingness_logic_later,continuous_numeric_eda,high combined missingness,71.73922233676193,65.83579517479075,5.90342716197118,57752,10436.0,False,False,70.931495698306,67809,70.931495698306,high_missing
cc_recivable_max_max,continuous_amount_numeric,feature,P2_missingness_review,route_to_continuous_numeric_eda; consider_missingness_logic_later,continuous_numeric_eda,high combined missingness,71.73922233676193,65.83579517479075,5.90342716197118,56412,10365.0,False,False,70.931495698306,66001,70.931495698306,high_missing
cc_recivable_max_mean,continuous_amount_numeric,feature,P2_missingness_review,route_to_continuous_numeric_eda; consider_missingness_logic_later,continuous_numeric_eda,high combined missingness,71.73922233676193,65.83579517479075,5.90342716197118,56443,10367.0,False,False,70.931495698306,66051,70.931495698306,high_missing
cc_recivable_max_min,continuous_amount_numeric,feature,P2_missingness_review,route_to_continuous_numeric_eda; consider_missingness_logic_later,continuous_numeric_eda,high combined missingness,71.73922233676193,65.83579517479075,5.90342716197118,56184,10283.0,False,False,70.931495698306,65699,70.931495698306,high_missing
cc_recivable_max_sum,continuous_amount_numeric,feature,P2_missingness_review,route_to_continuous_numeric_eda; consider_missingness_logic_later,continuous_numeric_eda,high combined missingness,71.73922233676193,65.83579517479075,5.90342716197118,56424,10368.0,False,False,70.931495698306,66027,70.931495698306,high_missing
cc_recivable_mean_max,continuous_amount_numeric,feature,P2_missingness_review,route_to_continuous_numeric_eda; consider_missingness_logic_later,continuous_numeric_eda,high combined missingness,71.73922233676193,65.83579517479075,5.90342716197118,59484,10734.0,False,False,70.931495698306,70173,70.931495698306,high_missing
cc_recivable_mean_mean,continuous_amount_numeric,feature,P2_missingness_review,route_to_continuous_numeric_eda; consider_missingness_logic_later,continuous_numeric_eda,high combined missingness,71.73922233676193,65.83579517479075,5.90342716197118,59492,10736.0,False,False,70.931495698306,70183,70.931495698306,high_missing
cc_recivable_mean_min,continuous_amount_numeric,feature,P2_missingness_review,route_to_continuous_numeric_eda; consider_missingness_logic_later,continuous_numeric_eda,high combined missingness,71.73922233676193,65.83579517479075,5.90342716197118,59242,10648.0,False,False,70.931495698306,69846,70.931495698306,high_missing
cc_recivable_mean_sum,continuous_amount_numeric,feature,P2_missingness_review,route_to_continuous_numeric_eda; consider_missingness_logic_later,continuous_numeric_eda,high combined missingness,71.73922233676193,65.83579517479075,5.90342716197118,59492,10736.0,False,False,70.931495698306,70183,70.931495698306,high_missing
cc_recivable_sum_max,continuous_amount_numeric,feature,P2_missingness_review,route_to_continuous_numeric_eda; consider_missingness_logic_later,continuous_numeric_eda,high combined missingness,71.73922233676193,65.83579517479075,5.90342716197118,58833,10706.0,False,False,70.931495698306,69143,70.931495698306,high_missing
cc_recivable_sum_mean,continuous_amount_numeric,feature,P2_missingness_review,route_to_continuous_numeric_eda; consider_missingness_logic_later,continuous_numeric_eda,high combined missingness,71.73922233676193,65.83579517479075,5.90342716197118,58853,10707.0,False,False,70.931495698306,69184,70.931495698306,high_missing
cc_recivable_sum_min,continuous_amount_numeric,feature,P2_missingness_review,route_to_continuous_numeric_eda; consider_missingness_logic_later,continuous_numeric_eda,high combined missingness,71.73922233676193,65.83579517479075,5.90342716197118,58601,10620.0,False,False,70.931495698306,68842,70.931495698306,high_missing
cc_recivable_sum_sum,continuous_amount_numeric,feature,P2_missingness_review,route_to_continuous_numeric_eda; consider_missingness_logic_later,continuous_numeric_eda,high combined missingness,71.73922233676193,65.83579517479075,5.90342716197118,58845,10708.0,False,False,70.931495698306,69171,70.931495698306,high_missing
cc_total_receivable_max_max,continuous_amount_numeric,feature,P2_missingness_review,route_to_continuous_numeric_eda; consider_missingness_logic_later,continuous_numeric_eda,high combined missingness,71.73922233676193,65.83579517479075,5.90342716197118,56422,10365.0,False,False,70.931495698306,66012,70.931495698306,high_missing
cc_total_receivable_max_mean,continuous_amount_numeric,feature,P2_missingness_review,route_to_continuous_numeric_eda; consider_missingness_logic_later,continuous_numeric_eda,high combined missingness,71.73922233676193,65.83579517479075,5.90342716197118,56452,10367.0,False,False,70.931495698306,66061,70.931495698306,high_missing
cc_total_receivable_max_min,continuous_amount_numeric,feature,P2_missingness_review,route_to_continuous_numeric_eda; consider_missingness_logic_later,continuous_numeric_eda,high combined missingness,71.73922233676193,65.83579517479075,5.90342716197118,56194,10283.0,False,False,70.931495698306,65710,70.931495698306,high_missing
cc_total_receivable_max_sum,continuous_amount_numeric,feature,P2_missingness_review,route_to_continuous_numeric_eda; consider_missingness_logic_later,continuous_numeric_eda,high combined missingness,71.73922233676193,65.83579517479075,5.90342716197118,56434,10368.0,False,False,70.931495698306,66038,70.931495698306,high_missing
cc_total_receivable_mean_max,continuous_amount_numeric,feature,P2_missingness_review,route_to_continuous_numeric_eda; consider_missingness_logic_later,continuous_numeric_eda,high combined missingness,71.73922233676193,65.83579517479075,5.90342716197118,59483,10734.0,False,False,70.931495698306,70174,70.931495698306,high_missing
cc_total_receivable_mean_mean,continuous_amount_numeric,feature,P2_missingness_review,route_to_continuous_numeric_eda; consider_missingness_logic_later,continuous_numeric_eda,high combined missingness,71.73922233676193,65.83579517479075,5.90342716197118,59491,10736.0,False,False,70.931495698306,70183,70.931495698306,high_missing
cc_total_receivable_mean_min,continuous_amount_numeric,feature,P2_missingness_review,route_to_continuous_numeric_eda; consider_missingness_logic_later,continuous_numeric_eda,high combined missingness,71.73922233676193,65.83579517479075,5.90342716197118,59241,10648.0,False,False,70.931495698306,69847,70.931495698306,high_missing
cc_total_receivable_mean_sum,continuous_amount_numeric,feature,P2_missingness_review,route_to_continuous_numeric_eda; consider_missingness_logic_later,continuous_numeric_eda,high combined missingness,71.73922233676193,65.83579517479075,5.90342716197118,59491,10736.0,False,False,70.931495698306,70184,70.931495698306,high_missing
cc_total_receivable_min_max,continuous_amount_numeric,feature,P2_missingness_review,route_to_continuous_numeric_eda; consider_missingness_logic_later,continuous_numeric_eda,high combined missingness,71.73922233676193,65.83579517479075,5.90342716197118,19851,3657.0,False,False,70.931495698306,22445,70.931495698306,high_missing
cc_total_receivable_min_mean,continuous_amount_numeric,feature,P2_missingness_review,route_to_continuous_numeric_eda; consider_missingness_logic_later,continuous_numeric_eda,high combined missingness,71.73922233676193,65.83579517479075,5.90342716197118,20008,3708.0,False,False,70.931495698306,22629,70.931495698306,high_missing
cc_total_receivable_min_min,continuous_amount_numeric,feature,P2_missingness_review,route_to_continuous_numeric_eda; consider_missingness_logic_later,continuous_numeric_eda,high combined missingness,71.73922233676193,65.83579517479075,5.90342716197118,19918,3679.0,False,False,70.931495698306,22496,70.931495698306,high_missing
cc_total_receivable_min_sum,continuous_amount_numeric,feature,P2_missingness_review,route_to_continuous_numeric_eda; consider_missingness_logic_later,continuous_numeric_eda,high combined missingness,71.73922233676193,65.83579517479075,5.90342716197118,19985,3708.0,False,False,70.931495698306,22599,70.931495698306,high_missing
cc_total_receivable_sum_max,continuous_amount_numeric,feature,P2_missingness_review,route_to_continuous_numeric_eda; consider_missingness_logic_later,continuous_numeric_eda,high combined missingness,71.73922233676193,65.83579517479075,5.90342716197118,58829,10705.0,False,False,70.931495698306,69139,70.931495698306,high_missing
cc_total_receivable_sum_mean,continuous_amount_numeric,feature,P2_missingness_review,route_to_continuous_numeric_eda; consider_missingness_logic_later,continuous_numeric_eda,high combined missingness,71.73922233676193,65.83579517479075,5.90342716197118,58849,10706.0,False,False,70.931495698306,69179,70.931495698306,high_missing
cc_total_receivable_sum_min,continuous_amount_numeric,feature,P2_missingness_review,route_to_continuous_numeric_eda; consider_missingness_logic_later,continuous_numeric_eda,high combined missingness,71.73922233676193,65.83579517479075,5.90342716197118,58598,10619.0,False,False,70.931495698306,68839,70.931495698306,high_missing
cc_total_receivable_sum_sum,continuous_amount_numeric,feature,P2_missingness_review,route_to_continuous_numeric_eda; consider_missingness_logic_later,continuous_numeric_eda,high combined missingness,71.73922233676193,65.83579517479075,5.90342716197118,58841,10707.0,False,False,70.931495698306,69167,70.931495698306,high_missing
prev_canceled_annuity_amount_sum,continuous_amount_numeric,feature,P2_missingness_review,route_to_continuous_numeric_eda; consider_missingness_logic_later,continuous_numeric_eda,high combined missingness,63.99283277671368,54.93188905301165,9.060943723702032,4388,1263.0,False,False,62.75308416723976,5118,62.75308416723976,high_missing
prev_canceled_application_amount_max,continuous_amount_numeric,feature,P2_missingness_review,route_to_continuous_numeric_eda; consider_missingness_logic_later,continuous_numeric_eda,high combined missingness,63.99283277671368,54.93188905301165,9.060943723702032,554,265.0,False,False,62.75308416723976,615,62.75308416723976,high_missing
prev_canceled_application_amount_mean,continuous_amount_numeric,feature,P2_missingness_review,route_to_continuous_numeric_eda; consider_missingness_logic_later,continuous_numeric_eda,high combined missingness,63.99283277671368,54.93188905301165,9.060943723702032,1218,492.0,False,False,62.75308416723976,1398,62.75308416723976,high_missing
prev_canceled_application_amount_sum,continuous_amount_numeric,feature,P2_missingness_review,route_to_continuous_numeric_eda; consider_missingness_logic_later,continuous_numeric_eda,high combined missingness,63.99283277671368,54.93188905301165,9.060943723702032,670,299.0,False,False,62.75308416723976,745,62.75308416723976,high_missing
prev_canceled_credit_amount_max,continuous_amount_numeric,feature,P2_missingness_review,route_to_continuous_numeric_eda; consider_missingness_logic_later,continuous_numeric_eda,high combined missingness,63.99283277671368,54.93188905301165,9.060943723702032,1568,587.0,False,False,62.75308416723976,1788,62.75308416723976,high_missing
prev_canceled_credit_amount_mean,continuous_amount_numeric,feature,P2_missingness_review,route_to_continuous_numeric_eda; consider_missingness_logic_later,continuous_numeric_eda,high combined missingness,63.99283277671368,54.93188905301165,9.060943723702032,2939,921.0,False,False,62.75308416723976,3415,62.75308416723976,high_missing
prev_canceled_credit_amount_sum,continuous_amount_numeric,feature,P2_missingness_review,route_to_continuous_numeric_eda; consider_missingness_logic_later,continuous_numeric_eda,high combined missingness,63.99283277671368,54.93188905301165,9.060943723702032,1937,668.0,False,False,62.75308416723976,2221,62.75308416723976,high_missing
prev_canceled_down_payment_sum,continuous_amount_numeric,feature,P2_missingness_review,route_to_continuous_numeric_eda; consider_missingness_logic_later,continuous_numeric_eda,high combined missingness,63.99283277671368,54.93188905301165,9.060943723702032,90,29.0,False,False,62.75308416723976,111,62.75308416723976,high_missing
prev_canceled_goods_price_sum,continuous_amount_numeric,feature,P2_missingness_review,route_to_continuous_numeric_eda; consider_missingness_logic_later,continuous_numeric_eda,high combined missingness,63.99283277671368,54.93188905301165,9.060943723702032,670,299.0,False,False,62.75308416723976,745,62.75308416723976,high_missing
prev_latest_down_payment,continuous_amount_numeric,feature,P2_missingness_review,route_to_continuous_numeric_eda; consider_missingness_logic_later,continuous_numeric_eda,high combined missingness,57.47371638738127,56.89520761529624,0.5785087720850299,11004,3780.0,False,False,57.39456288332795,11962,57.39456288332795,high_missing
prev_refused_annuity_amount_max,continuous_amount_numeric,feature,P2_missingness_review,route_to_continuous_numeric_eda; consider_missingness_logic_later,continuous_numeric_eda,high combined missingness,70.22220343337312,66.09634006236665,4.125863371006474,43628,10431.0,False,False,69.65768901489102,49748,69.65768901489102,high_missing
prev_refused_annuity_amount_mean,continuous_amount_numeric,feature,P2_missingness_review,route_to_continuous_numeric_eda; consider_missingness_logic_later,continuous_numeric_eda,high combined missingness,70.22220343337312,66.09634006236665,4.125863371006474,66076,13160.0,False,False,69.65768901489102,76663,69.65768901489102,high_missing
prev_refused_annuity_amount_sum,continuous_amount_numeric,feature,P2_missingness_review,route_to_continuous_numeric_eda; consider_missingness_logic_later,continuous_numeric_eda,high combined missingness,67.3852317478074,63.10725422616117,4.277977521646228,66466,13189.0,False,False,66.79990456274298,77117,66.79990456274298,high_missing
prev_refused_application_amount_max,continuous_amount_numeric,feature,P2_missingness_review,route_to_continuous_numeric_eda; consider_missingness_logic_later,continuous_numeric_eda,high combined missingness,67.3852317478074,63.10725422616117,4.277977521646228,17300,4140.0,False,False,66.79990456274298,19128,66.79990456274298,high_missing
prev_refused_application_amount_mean,continuous_amount_numeric,feature,P2_missingness_review,route_to_continuous_numeric_eda; consider_missingness_logic_later,continuous_numeric_eda,high combined missingness,67.3852317478074,63.10725422616117,4.277977521646228,32297,7559.0,False,False,66.79990456274298,36535,66.79990456274298,high_missing
prev_refused_application_amount_sum,continuous_amount_numeric,feature,P2_missingness_review,route_to_continuous_numeric_eda; consider_missingness_logic_later,continuous_numeric_eda,high combined missingness,67.3852317478074,63.10725422616117,4.277977521646228,30369,7025.0,False,False,66.79990456274298,34385,66.79990456274298,high_missing
prev_refused_credit_amount_max,continuous_amount_numeric,feature,P2_missingness_review,route_to_continuous_numeric_eda; consider_missingness_logic_later,continuous_numeric_eda,high combined missingness,67.3852317478074,63.10725422616117,4.277977521646228,24804,6603.0,False,False,66.79990456274298,27308,66.79990456274298,high_missing
prev_refused_credit_amount_mean,continuous_amount_numeric,feature,P2_missingness_review,route_to_continuous_numeric_eda; consider_missingness_logic_later,continuous_numeric_eda,high combined missingness,67.3852317478074,63.10725422616117,4.277977521646228,53226,11616.0,False,False,66.79990456274298,60958,66.79990456274298,high_missing
prev_refused_credit_amount_sum,continuous_amount_numeric,feature,P2_missingness_review,route_to_continuous_numeric_eda; consider_missingness_logic_later,continuous_numeric_eda,high combined missingness,67.3852317478074,63.10725422616117,4.277977521646228,52378,11477.0,False,False,66.79990456274298,59946,66.79990456274298,high_missing
prev_refused_down_payment_sum,continuous_amount_numeric,feature,P2_missingness_review,route_to_continuous_numeric_eda; consider_missingness_logic_later,continuous_numeric_eda,high combined missingness,67.3852317478074,63.10725422616117,4.277977521646228,7966,2179.0,False,False,66.79990456274298,8693,66.79990456274298,high_missing
prev_refused_goods_price_max,continuous_amount_numeric,feature,P2_missingness_review,route_to_continuous_numeric_eda; consider_missingness_logic_later,continuous_numeric_eda,high combined missingness,69.68140977070739,65.51575578532743,4.165653985379961,17298,4139.0,False,False,69.11145106735344,19126,69.11145106735344,high_missing
prev_refused_goods_price_mean,continuous_amount_numeric,feature,P2_missingness_review,route_to_continuous_numeric_eda; consider_missingness_logic_later,continuous_numeric_eda,high combined missingness,69.68140977070739,65.51575578532743,4.165653985379961,31594,7411.0,False,False,69.11145106735344,35742,69.11145106735344,high_missing
prev_refused_goods_price_sum,continuous_amount_numeric,feature,P2_missingness_review,route_to_continuous_numeric_eda; consider_missingness_logic_later,continuous_numeric_eda,high combined missingness,67.3852317478074,63.10725422616117,4.277977521646228,30375,7025.0,False,False,66.79990456274298,34390,66.79990456274298,high_missing
cc_balance_range_max,continuous_stat_numeric,feature,P2_missingness_review,route_to_continuous_numeric_eda; consider_missingness_logic_later,continuous_numeric_eda,high combined missingness,71.73922233676193,65.83579517479075,5.90342716197118,56868,10478.0,False,False,70.931495698306,66614,70.931495698306,high_missing
cc_balance_range_mean,continuous_stat_numeric,feature,P2_missingness_review,route_to_continuous_numeric_eda; consider_missingness_logic_later,continuous_numeric_eda,high combined missingness,71.73922233676193,65.83579517479075,5.90342716197118,56900,10482.0,False,False,70.931495698306,66677,70.931495698306,high_missing
cc_balance_range_min,continuous_stat_numeric,feature,P2_missingness_review,route_to_continuous_numeric_eda; consider_missingness_logic_later,continuous_numeric_eda,high combined missingness,71.73922233676193,65.83579517479075,5.90342716197118,56646,10394.0,False,False,70.931495698306,66326,70.931495698306,high_missing
cc_balance_range_sum,continuous_stat_numeric,feature,P2_missingness_review,route_to_continuous_numeric_eda; consider_missingness_logic_later,continuous_numeric_eda,high combined missingness,71.73922233676193,65.83579517479075,5.90342716197118,56883,10480.0,False,False,70.931495698306,66649,70.931495698306,high_missing
cc_balance_std_max,continuous_stat_numeric,feature,P2_missingness_review,route_to_continuous_numeric_eda; consider_missingness_logic_later,continuous_numeric_eda,high combined missingness,71.94474344007207,65.95888724766125,5.985856192410822,59289,10619.0,False,False,71.12573858612511,69884,71.12573858612511,high_missing
cc_balance_std_mean,continuous_stat_numeric,feature,P2_missingness_review,route_to_continuous_numeric_eda; consider_missingness_logic_later,continuous_numeric_eda,high combined missingness,71.94474344007207,65.95888724766125,5.985856192410822,59288,10619.0,False,False,71.12573858612511,69881,71.12573858612511,high_missing
cc_balance_std_min,continuous_stat_numeric,feature,P2_missingness_review,route_to_continuous_numeric_eda; consider_missingness_logic_later,continuous_numeric_eda,high combined missingness,71.94474344007207,65.95888724766125,5.985856192410822,59060,10535.0,False,False,71.12573858612511,69571,71.12573858612511,high_missing
cc_balance_std_sum,continuous_stat_numeric,feature,P2_missingness_review,route_to_continuous_numeric_eda; consider_missingness_logic_later,continuous_numeric_eda,high combined missingness,71.73922233676193,65.83579517479075,5.90342716197118,59289,10619.0,False,False,70.931495698306,69884,70.931495698306,high_missing
cc_credit_limit_range_max,continuous_stat_numeric,feature,P2_missingness_review,route_to_continuous_numeric_eda; consider_missingness_logic_later,continuous_numeric_eda,high combined missingness,71.73922233676193,65.83579517479075,5.90342716197118,158,170.0,False,False,70.931495698306,185,70.931495698306,high_missing
cc_credit_limit_range_mean,continuous_stat_numeric,feature,P2_missingness_review,route_to_continuous_numeric_eda; consider_missingness_logic_later,continuous_numeric_eda,high combined missingness,71.73922233676193,65.83579517479075,5.90342716197118,182,191.0,False,False,70.931495698306,219,70.931495698306,high_missing
cc_credit_limit_range_min,continuous_stat_numeric,feature,P2_missingness_review,route_to_continuous_numeric_eda; consider_missingness_logic_later,continuous_numeric_eda,high combined missingness,71.73922233676193,65.83579517479075,5.90342716197118,157,170.0,False,False,70.931495698306,185,70.931495698306,high_missing
cc_credit_limit_range_sum,continuous_stat_numeric,feature,P2_missingness_review,route_to_continuous_numeric_eda; consider_missingness_logic_later,continuous_numeric_eda,high combined missingness,71.73922233676193,65.83579517479075,5.90342716197118,164,173.0,False,False,70.931495698306,192,70.931495698306,high_missing
cc_credit_limit_std_max,continuous_stat_numeric,feature,P2_missingness_review,route_to_continuous_numeric_eda; consider_missingness_logic_later,continuous_numeric_eda,high combined missingness,71.94474344007207,65.95888724766125,5.985856192410822,15727,5318.0,False,False,71.12573858612511,18750,71.12573858612511,high_missing
cc_credit_limit_std_mean,continuous_stat_numeric,feature,P2_missingness_review,route_to_continuous_numeric_eda; consider_missingness_logic_later,continuous_numeric_eda,high combined missingness,71.94474344007207,65.95888724766125,5.985856192410822,15851,5359.0,False,False,71.12573858612511,18924,71.12573858612511,high_missing
cc_credit_limit_std_min,continuous_stat_numeric,feature,P2_missingness_review,route_to_continuous_numeric_eda; consider_missingness_logic_later,continuous_numeric_eda,high combined missingness,71.94474344007207,65.95888724766125,5.985856192410822,15668,5267.0,False,False,71.12573858612511,18677,71.12573858612511,high_missing
cc_credit_limit_std_sum,continuous_stat_numeric,feature,P2_missingness_review,route_to_continuous_numeric_eda; consider_missingness_logic_later,continuous_numeric_eda,high combined missingness,71.73922233676193,65.83579517479075,5.90342716197118,15792,5341.0,False,False,70.931495698306,18844,70.931495698306,high_missing
cc_drawing_amount_std_max,continuous_stat_numeric,feature,P2_missingness_review,route_to_continuous_numeric_eda; consider_missingness_logic_later,continuous_numeric_eda,high combined missingness,71.94474344007207,65.95888724766125,5.985856192410822,55186,10195.0,False,False,71.12573858612511,64875,71.12573858612511,high_missing
cc_drawing_amount_std_mean,continuous_stat_numeric,feature,P2_missingness_review,route_to_continuous_numeric_eda; consider_missingness_logic_later,continuous_numeric_eda,high combined missingness,71.94474344007207,65.95888724766125,5.985856192410822,55209,10199.0,False,False,71.12573858612511,64906,71.12573858612511,high_missing
cc_drawing_amount_std_min,continuous_stat_numeric,feature,P2_missingness_review,route_to_continuous_numeric_eda; consider_missingness_logic_later,continuous_numeric_eda,high combined missingness,71.94474344007207,65.95888724766125,5.985856192410822,54979,10117.0,False,False,71.12573858612511,64597,71.12573858612511,high_missing
cc_drawing_amount_std_sum,continuous_stat_numeric,feature,P2_missingness_review,route_to_continuous_numeric_eda; consider_missingness_logic_later,continuous_numeric_eda,high combined missingness,71.73922233676193,65.83579517479075,5.90342716197118,55208,10201.0,False,False,70.931495698306,64907,70.931495698306,high_missing
cc_mature_instalment_std_max,continuous_stat_numeric,feature,P2_missingness_review,route_to_continuous_numeric_eda; consider_missingness_logic_later,continuous_numeric_eda,high combined missingness,71.94474344007207,65.95888724766125,5.985856192410822,16606,4541.0,False,False,71.12573858612511,18815,71.12573858612511,high_missing
cc_mature_instalment_std_mean,continuous_stat_numeric,feature,P2_missingness_review,route_to_continuous_numeric_eda; consider_missingness_logic_later,continuous_numeric_eda,high combined missingness,71.94474344007207,65.95888724766125,5.985856192410822,16896,4637.0,False,False,71.12573858612511,19212,71.12573858612511,high_missing
cc_mature_instalment_std_min,continuous_stat_numeric,feature,P2_missingness_review,route_to_continuous_numeric_eda; consider_missingness_logic_later,continuous_numeric_eda,high combined missingness,71.94474344007207,65.95888724766125,5.985856192410822,16522,4510.0,False,False,71.12573858612511,18716,71.12573858612511,high_missing
cc_mature_instalment_std_sum,continuous_stat_numeric,feature,P2_missingness_review,route_to_continuous_numeric_eda; consider_missingness_logic_later,continuous_numeric_eda,high combined missingness,71.73922233676193,65.83579517479075,5.90342716197118,16766,4601.0,False,False,70.931495698306,19045,70.931495698306,high_missing
cc_min_instalment_std_max,continuous_stat_numeric,feature,P2_missingness_review,route_to_continuous_numeric_eda; consider_missingness_logic_later,continuous_numeric_eda,high combined missingness,71.94474344007207,65.95888724766125,5.985856192410822,57404,10352.0,False,False,71.12573858612511,67621,71.12573858612511,high_missing
cc_min_instalment_std_mean,continuous_stat_numeric,feature,P2_missingness_review,route_to_continuous_numeric_eda; consider_missingness_logic_later,continuous_numeric_eda,high combined missingness,71.94474344007207,65.95888724766125,5.985856192410822,57407,10354.0,False,False,71.12573858612511,67626,71.12573858612511,high_missing
cc_min_instalment_std_min,continuous_stat_numeric,feature,P2_missingness_review,route_to_continuous_numeric_eda; consider_missingness_logic_later,continuous_numeric_eda,high combined missingness,71.94474344007207,65.95888724766125,5.985856192410822,57161,10270.0,False,False,71.12573858612511,67293,71.12573858612511,high_missing
cc_min_instalment_std_sum,continuous_stat_numeric,feature,P2_missingness_review,route_to_continuous_numeric_eda; consider_missingness_logic_later,continuous_numeric_eda,high combined missingness,71.73922233676193,65.83579517479075,5.90342716197118,57408,10352.0,False,False,70.931495698306,67625,70.931495698306,high_missing
cc_payment_current_std_sum,continuous_stat_numeric,feature,P2_missingness_review,route_to_continuous_numeric_eda; consider_missingness_logic_later,continuous_numeric_eda,high combined missingness,71.73922233676193,65.83579517479075,5.90342716197118,58876,10743.0,False,False,70.931495698306,69397,70.931495698306,high_missing
cc_payment_less_min_trend_6m_vs_old_max,continuous_stat_numeric,feature,P2_missingness_review,route_to_continuous_numeric_eda; consider_missingness_logic_later,continuous_numeric_eda,high combined missingness,74.38628211673729,67.06876743804365,7.317514678693641,1462,694.0,False,False,73.3850752971888,1552,73.3850752971888,high_missing
cc_payment_less_min_trend_6m_vs_old_min,continuous_stat_numeric,feature,P2_missingness_review,route_to_continuous_numeric_eda; consider_missingness_logic_later,continuous_numeric_eda,high combined missingness,74.38628211673729,67.06876743804365,7.317514678693641,1461,697.0,False,False,73.3850752971888,1550,73.3850752971888,high_missing
cc_payment_less_min_trend_6m_vs_old_sum,continuous_stat_numeric,feature,P2_missingness_review,route_to_continuous_numeric_eda; consider_missingness_logic_later,continuous_numeric_eda,high combined missingness,71.73922233676193,65.83579517479075,5.90342716197118,1485,705.0,False,False,70.931495698306,1580,70.931495698306,high_missing
cc_payment_total_std_max,continuous_stat_numeric,feature,P2_missingness_review,route_to_continuous_numeric_eda; consider_missingness_logic_later,continuous_numeric_eda,high combined missingness,71.94474344007207,65.95888724766125,5.985856192410822,59870,10867.0,False,False,71.12573858612511,70577,71.12573858612511,high_missing
cc_payment_total_std_mean,continuous_stat_numeric,feature,P2_missingness_review,route_to_continuous_numeric_eda; consider_missingness_logic_later,continuous_numeric_eda,high combined missingness,71.94474344007207,65.95888724766125,5.985856192410822,59878,10870.0,False,False,71.12573858612511,70595,71.12573858612511,high_missing
cc_payment_total_std_min,continuous_stat_numeric,feature,P2_missingness_review,route_to_continuous_numeric_eda; consider_missingness_logic_later,continuous_numeric_eda,high combined missingness,71.94474344007207,65.95888724766125,5.985856192410822,59643,10791.0,False,False,71.12573858612511,70282,71.12573858612511,high_missing
cc_payment_total_std_sum,continuous_stat_numeric,feature,P2_missingness_review,route_to_continuous_numeric_eda; consider_missingness_logic_later,continuous_numeric_eda,high combined missingness,71.73922233676193,65.83579517479075,5.90342716197118,59879,10869.0,False,False,70.931495698306,70592,70.931495698306,high_missing
cc_total_receivable_std_max,continuous_stat_numeric,feature,P2_missingness_review,route_to_continuous_numeric_eda; consider_missingness_logic_later,continuous_numeric_eda,high combined missingness,71.94474344007207,65.95888724766125,5.985856192410822,59353,10731.0,False,False,71.12573858612511,70036,71.12573858612511,high_missing
cc_total_receivable_std_mean,continuous_stat_numeric,feature,P2_missingness_review,route_to_continuous_numeric_eda; consider_missingness_logic_later,continuous_numeric_eda,high combined missingness,71.94474344007207,65.95888724766125,5.985856192410822,59353,10731.0,False,False,71.12573858612511,70034,71.12573858612511,high_missing
cc_total_receivable_std_min,continuous_stat_numeric,feature,P2_missingness_review,route_to_continuous_numeric_eda; consider_missingness_logic_later,continuous_numeric_eda,high combined missingness,71.94474344007207,65.95888724766125,5.985856192410822,59116,10644.0,False,False,71.12573858612511,69712,71.12573858612511,high_missing
cc_total_receivable_std_sum,continuous_stat_numeric,feature,P2_missingness_review,route_to_continuous_numeric_eda; consider_missingness_logic_later,continuous_numeric_eda,high combined missingness,71.73922233676193,65.83579517479075,5.90342716197118,59355,10731.0,False,False,70.931495698306,70038,70.931495698306,high_missing
prev_canceled_application_credit_diff_max,continuous_stat_numeric,feature,P2_missingness_review,route_to_continuous_numeric_eda; consider_missingness_logic_later,continuous_numeric_eda,high combined missingness,63.99283277671368,54.93188905301165,9.060943723702032,499,163.0,False,False,62.75308416723976,563,62.75308416723976,high_missing
prev_canceled_application_credit_diff_mean,continuous_stat_numeric,feature,P2_missingness_review,route_to_continuous_numeric_eda; consider_missingness_logic_later,continuous_numeric_eda,high combined missingness,63.99283277671368,54.93188905301165,9.060943723702032,1616,504.0,False,False,62.75308416723976,1864,62.75308416723976,high_missing
prev_canceled_application_credit_diff_sum,continuous_stat_numeric,feature,P2_missingness_review,route_to_continuous_numeric_eda; consider_missingness_logic_later,continuous_numeric_eda,high combined missingness,63.99283277671368,54.93188905301165,9.060943723702032,1134,393.0,False,False,62.75308416723976,1282,62.75308416723976,high_missing
prev_refused_application_credit_diff_max,continuous_stat_numeric,feature,P2_missingness_review,route_to_continuous_numeric_eda; consider_missingness_logic_later,continuous_numeric_eda,high combined missingness,67.3852317478074,63.10725422616117,4.277977521646228,13166,4082.0,False,False,66.79990456274298,14244,66.79990456274298,high_missing
prev_refused_application_credit_diff_mean,continuous_stat_numeric,feature,P2_missingness_review,route_to_continuous_numeric_eda; consider_missingness_logic_later,continuous_numeric_eda,high combined missingness,67.3852317478074,63.10725422616117,4.277977521646228,34907,8207.0,False,False,66.79990456274298,39364,66.79990456274298,high_missing
prev_refused_application_credit_diff_sum,continuous_stat_numeric,feature,P2_missingness_review,route_to_continuous_numeric_eda; consider_missingness_logic_later,continuous_numeric_eda,high combined missingness,67.3852317478074,63.10725422616117,4.277977521646228,30781,7668.0,False,False,66.79990456274298,34363,66.79990456274298,high_missing
OWN_CAR_AGE,date_duration_numeric,feature,P2_missingness_review,route_to_date_duration_eda; consider_missingness_logic_later,date_duration_eda,high combined missingness,65.9908100848425,66.28918430986378,0.2983742250212913,62,52.0,False,False,66.0316346437243,63,66.0316346437243,high_missing
cc_latest_months_balance,date_duration_numeric,feature,P2_missingness_review,route_to_date_duration_eda; consider_missingness_logic_later,date_duration_eda,high combined missingness,71.73922233676193,65.83579517479075,5.90342716197118,5,6.0,False,False,70.931495698306,7,70.931495698306,high_missing
cc_latest_months_balance_max,date_duration_numeric,feature,P2_missingness_review,route_to_date_duration_eda; consider_missingness_logic_later,date_duration_eda,high combined missingness,71.73922233676193,65.83579517479075,5.90342716197118,5,6.0,False,False,70.931495698306,7,70.931495698306,high_missing
cc_latest_months_balance_mean,date_duration_numeric,feature,P2_missingness_review,route_to_date_duration_eda; consider_missingness_logic_later,date_duration_eda,high combined missingness,71.73922233676193,65.83579517479075,5.90342716197118,5,6.0,False,False,70.931495698306,7,70.931495698306,high_missing
cc_latest_months_balance_min,date_duration_numeric,feature,P2_missingness_review,route_to_date_duration_eda; consider_missingness_logic_later,date_duration_eda,high combined missingness,71.73922233676193,65.83579517479075,5.90342716197118,5,6.0,False,False,70.931495698306,7,70.931495698306,high_missing
cc_latest_months_balance_sum,date_duration_numeric,feature,P2_missingness_review,route_to_date_duration_eda; consider_missingness_logic_later,date_duration_eda,high combined missingness,71.73922233676193,65.83579517479075,5.90342716197118,7,9.0,False,False,70.931495698306,10,70.931495698306,high_missing
cc_month_max,date_duration_numeric,feature,P2_missingness_review,route_to_date_duration_eda; consider_missingness_logic_later,date_duration_eda,high combined missingness,71.73922233676193,65.83579517479075,5.90342716197118,5,6.0,False,False,70.931495698306,7,70.931495698306,high_missing
cc_month_max_max,date_duration_numeric,feature,P2_missingness_review,route_to_date_duration_eda; consider_missingness_logic_later,date_duration_eda,high combined missingness,71.73922233676193,65.83579517479075,5.90342716197118,5,6.0,False,False,70.931495698306,7,70.931495698306,high_missing
cc_month_max_mean,date_duration_numeric,feature,P2_missingness_review,route_to_date_duration_eda; consider_missingness_logic_later,date_duration_eda,high combined missingness,71.73922233676193,65.83579517479075,5.90342716197118,5,6.0,False,False,70.931495698306,7,70.931495698306,high_missing
cc_month_max_min,date_duration_numeric,feature,P2_missingness_review,route_to_date_duration_eda; consider_missingness_logic_later,date_duration_eda,high combined missingness,71.73922233676193,65.83579517479075,5.90342716197118,5,6.0,False,False,70.931495698306,7,70.931495698306,high_missing
cc_month_max_sum,date_duration_numeric,feature,P2_missingness_review,route_to_date_duration_eda; consider_missingness_logic_later,date_duration_eda,high combined missingness,71.73922233676193,65.83579517479075,5.90342716197118,7,9.0,False,False,70.931495698306,10,70.931495698306,high_missing
cc_month_mean_max,date_duration_numeric,feature,P2_missingness_review,route_to_date_duration_eda; consider_missingness_logic_later,date_duration_eda,high combined missingness,71.73922233676193,65.83579517479075,5.90342716197118,108,101.0,False,False,70.931495698306,110,70.931495698306,high_missing
cc_month_mean_mean,date_duration_numeric,feature,P2_missingness_review,route_to_date_duration_eda; consider_missingness_logic_later,date_duration_eda,high combined missingness,71.73922233676193,65.83579517479075,5.90342716197118,166,141.0,False,False,70.931495698306,173,70.931495698306,high_missing
cc_month_mean_min,date_duration_numeric,feature,P2_missingness_review,route_to_date_duration_eda; consider_missingness_logic_later,date_duration_eda,high combined missingness,71.73922233676193,65.83579517479075,5.90342716197118,110,102.0,False,False,70.931495698306,113,70.931495698306,high_missing
cc_month_mean_sum,date_duration_numeric,feature,P2_missingness_review,route_to_date_duration_eda; consider_missingness_logic_later,date_duration_eda,high combined missingness,71.73922233676193,65.83579517479075,5.90342716197118,141,125.0,False,False,70.931495698306,146,70.931495698306,high_missing
cc_month_min,date_duration_numeric,feature,P2_missingness_review,route_to_date_duration_eda; consider_missingness_logic_later,date_duration_eda,high combined missingness,71.73922233676193,65.83579517479075,5.90342716197118,96,96.0,False,False,70.931495698306,96,70.931495698306,high_missing
cc_month_min_max,date_duration_numeric,feature,P2_missingness_review,route_to_date_duration_eda; consider_missingness_logic_later,date_duration_eda,high combined missingness,71.73922233676193,65.83579517479075,5.90342716197118,96,96.0,False,False,70.931495698306,96,70.931495698306,high_missing
cc_month_min_mean,date_duration_numeric,feature,P2_missingness_review,route_to_date_duration_eda; consider_missingness_logic_later,date_duration_eda,high combined missingness,71.73922233676193,65.83579517479075,5.90342716197118,152,137.0,False,False,70.931495698306,157,70.931495698306,high_missing
cc_month_min_min,date_duration_numeric,feature,P2_missingness_review,route_to_date_duration_eda; consider_missingness_logic_later,date_duration_eda,high combined missingness,71.73922233676193,65.83579517479075,5.90342716197118,96,96.0,False,False,70.931495698306,96,70.931495698306,high_missing
cc_month_min_sum,date_duration_numeric,feature,P2_missingness_review,route_to_date_duration_eda; consider_missingness_logic_later,date_duration_eda,high combined missingness,71.73922233676193,65.83579517479075,5.90342716197118,128,123.0,False,False,70.931495698306,131,70.931495698306,high_missing
cc_month_span_max_x,date_duration_numeric,feature,P2_missingness_review,route_to_date_duration_eda; consider_missingness_logic_later,date_duration_eda,high combined missingness,71.73922233676193,65.83579517479075,5.90342716197118,96,96.0,False,False,70.931495698306,96,70.931495698306,high_missing
cc_month_span_max_y,date_duration_numeric,feature,P2_missingness_review,route_to_date_duration_eda; consider_missingness_logic_later,date_duration_eda,high combined missingness,71.73922233676193,65.83579517479075,5.90342716197118,96,96.0,False,False,70.931495698306,96,70.931495698306,high_missing
cc_month_span_mean_x,date_duration_numeric,feature,P2_missingness_review,route_to_date_duration_eda; consider_missingness_logic_later,date_duration_eda,high combined missingness,71.73922233676193,65.83579517479075,5.90342716197118,149,137.0,False,False,70.931495698306,156,70.931495698306,high_missing
cc_month_span_mean_y,date_duration_numeric,feature,P2_missingness_review,route_to_date_duration_eda; consider_missingness_logic_later,date_duration_eda,high combined missingness,71.73922233676193,65.83579517479075,5.90342716197118,149,137.0,False,False,70.931495698306,156,70.931495698306,high_missing
cc_month_span_min,date_duration_numeric,feature,P2_missingness_review,route_to_date_duration_eda; consider_missingness_logic_later,date_duration_eda,high combined missingness,71.73922233676193,65.83579517479075,5.90342716197118,96,96.0,False,False,70.931495698306,96,70.931495698306,high_missing
cc_month_span_sum,date_duration_numeric,feature,P2_missingness_review,route_to_date_duration_eda; consider_missingness_logic_later,date_duration_eda,high combined missingness,71.73922233676193,65.83579517479075,5.90342716197118,127,120.0,False,False,70.931495698306,131,70.931495698306,high_missing
cc_atm_drawing_count_max_sum,discrete_count_numeric,feature,P2_missingness_review,route_to_discrete_count_eda; consider_missingness_logic_later,discrete_count_eda,high combined missingness,71.73922233676193,65.83579517479075,5.90342716197118,44,35.0,False,False,70.931495698306,44,70.931495698306,high_missing
cc_atm_drawing_count_mean_sum,discrete_count_numeric,feature,P2_missingness_review,route_to_discrete_count_eda; consider_missingness_logic_later,discrete_count_eda,high combined missingness,71.73922233676193,65.83579517479075,5.90342716197118,3416,1689.0,False,False,70.931495698306,3583,70.931495698306,high_missing
cc_atm_drawing_count_sum_max,discrete_count_numeric,feature,P2_missingness_review,route_to_discrete_count_eda; consider_missingness_logic_later,discrete_count_eda,high combined missingness,71.73922233676193,65.83579517479075,5.90342716197118,163,120.0,False,False,70.931495698306,169,70.931495698306,high_missing
cc_atm_drawing_count_sum_mean,discrete_count_numeric,feature,P2_missingness_review,route_to_discrete_count_eda; consider_missingness_logic_later,discrete_count_eda,high combined missingness,71.73922233676193,65.83579517479075,5.90342716197118,195,143.0,False,False,70.931495698306,204,70.931495698306,high_missing
cc_atm_drawing_count_sum_min,discrete_count_numeric,feature,P2_missingness_review,route_to_discrete_count_eda; consider_missingness_logic_later,discrete_count_eda,high combined missingness,71.73922233676193,65.83579517479075,5.90342716197118,163,120.0,False,False,70.931495698306,169,70.931495698306,high_missing
cc_atm_drawing_count_sum_sum,discrete_count_numeric,feature,P2_missingness_review,route_to_discrete_count_eda; consider_missingness_logic_later,discrete_count_eda,high combined missingness,71.73922233676193,65.83579517479075,5.90342716197118,163,120.0,False,False,70.931495698306,169,70.931495698306,high_missing
cc_contract_count,discrete_count_numeric,feature,P2_missingness_review,route_to_discrete_count_eda; consider_missingness_logic_later,discrete_count_eda,high combined missingness,71.73922233676193,65.83579517479075,5.90342716197118,4,3.0,False,False,70.931495698306,4,70.931495698306,high_missing
cc_contract_with_dpd_count,discrete_count_numeric,feature,P2_missingness_review,route_to_discrete_count_eda; consider_missingness_logic_later,discrete_count_eda,high combined missingness,71.73922233676193,65.83579517479075,5.90342716197118,3,3.0,False,False,70.931495698306,3,70.931495698306,high_missing
cc_contract_with_dpd_def_count,discrete_count_numeric,feature,P2_missingness_review,route_to_discrete_count_eda; consider_missingness_logic_later,discrete_count_eda,high combined missingness,71.73922233676193,65.83579517479075,5.90342716197118,3,3.0,False,False,70.931495698306,3,70.931495698306,high_missing
cc_contract_with_limit_change_count,discrete_count_numeric,feature,P2_missingness_review,route_to_discrete_count_eda; consider_missingness_logic_later,discrete_count_eda,high combined missingness,71.73922233676193,65.83579517479075,5.90342716197118,3,3.0,False,False,70.931495698306,3,70.931495698306,high_missing
cc_contract_with_no_payment_with_balance_count,discrete_count_numeric,feature,P2_missingness_review,route_to_discrete_count_eda; consider_missingness_logic_later,discrete_count_eda,high combined missingness,71.73922233676193,65.83579517479075,5.90342716197118,3,3.0,False,False,70.931495698306,3,70.931495698306,high_missing
cc_contract_with_payment_less_than_min_count,discrete_count_numeric,feature,P2_missingness_review,route_to_discrete_count_eda; consider_missingness_logic_later,discrete_count_eda,high combined missingness,71.73922233676193,65.83579517479075,5.90342716197118,3,3.0,False,False,70.931495698306,3,70.931495698306,high_missing
cc_credit_limit_unique_count_max,discrete_count_numeric,feature,P2_missingness_review,route_to_discrete_count_eda; consider_missingness_logic_later,discrete_count_eda,high combined missingness,71.73922233676193,65.83579517479075,5.90342716197118,8,7.0,False,False,70.931495698306,8,70.931495698306,high_missing
cc_credit_limit_unique_count_mean,discrete_count_numeric,feature,P2_missingness_review,route_to_discrete_count_eda; consider_missingness_logic_later,discrete_count_eda,high combined missingness,71.73922233676193,65.83579517479075,5.90342716197118,13,11.0,False,False,70.931495698306,13,70.931495698306,high_missing
cc_credit_limit_unique_count_sum,discrete_count_numeric,feature,P2_missingness_review,route_to_discrete_count_eda; consider_missingness_logic_later,discrete_count_eda,high combined missingness,71.73922233676193,65.83579517479075,5.90342716197118,8,7.0,False,False,70.931495698306,8,70.931495698306,high_missing
cc_dpd_30plus_count_max,discrete_count_numeric,feature,P2_missingness_review,route_to_discrete_count_eda; consider_missingness_logic_later,discrete_count_eda,high combined missingness,71.73922233676193,65.83579517479075,5.90342716197118,86,67.0,False,False,70.931495698306,87,70.931495698306,high_missing
cc_dpd_30plus_count_mean,discrete_count_numeric,feature,P2_missingness_review,route_to_discrete_count_eda; consider_missingness_logic_later,discrete_count_eda,high combined missingness,71.73922233676193,65.83579517479075,5.90342716197118,91,69.0,False,False,70.931495698306,93,70.931495698306,high_missing
cc_dpd_30plus_count_sum,discrete_count_numeric,feature,P2_missingness_review,route_to_discrete_count_eda; consider_missingness_logic_later,discrete_count_eda,high combined missingness,71.73922233676193,65.83579517479075,5.90342716197118,86,67.0,False,False,70.931495698306,87,70.931495698306,high_missing
cc_dpd_60plus_count_max,discrete_count_numeric,feature,P2_missingness_review,route_to_discrete_count_eda; consider_missingness_logic_later,discrete_count_eda,high combined missingness,71.73922233676193,65.83579517479075,5.90342716197118,86,64.0,False,False,70.931495698306,86,70.931495698306,high_missing
cc_dpd_60plus_count_mean,discrete_count_numeric,feature,P2_missingness_review,route_to_discrete_count_eda; consider_missingness_logic_later,discrete_count_eda,high combined missingness,71.73922233676193,65.83579517479075,5.90342716197118,93,64.0,False,False,70.931495698306,93,70.931495698306,high_missing
cc_dpd_60plus_count_sum,discrete_count_numeric,feature,P2_missingness_review,route_to_discrete_count_eda; consider_missingness_logic_later,discrete_count_eda,high combined missingness,71.73922233676193,65.83579517479075,5.90342716197118,86,64.0,False,False,70.931495698306,86,70.931495698306,high_missing
cc_dpd_90plus_count_max,discrete_count_numeric,feature,P2_missingness_review,route_to_discrete_count_eda; consider_missingness_logic_later,discrete_count_eda,high combined missingness,71.73922233676193,65.83579517479075,5.90342716197118,84,62.0,False,False,70.931495698306,85,70.931495698306,high_missing
cc_dpd_90plus_count_mean,discrete_count_numeric,feature,P2_missingness_review,route_to_discrete_count_eda; consider_missingness_logic_later,discrete_count_eda,high combined missingness,71.73922233676193,65.83579517479075,5.90342716197118,86,64.0,False,False,70.931495698306,88,70.931495698306,high_missing
cc_dpd_90plus_count_sum,discrete_count_numeric,feature,P2_missingness_review,route_to_discrete_count_eda; consider_missingness_logic_later,discrete_count_eda,high combined missingness,71.73922233676193,65.83579517479075,5.90342716197118,84,62.0,False,False,70.931495698306,85,70.931495698306,high_missing
cc_dpd_def_30plus_count_max,discrete_count_numeric,feature,P2_missingness_review,route_to_discrete_count_eda; consider_missingness_logic_later,discrete_count_eda,high combined missingness,71.73922233676193,65.83579517479075,5.90342716197118,27,10.0,False,False,70.931495698306,33,70.931495698306,high_missing
cc_dpd_def_30plus_count_mean,discrete_count_numeric,feature,P2_missingness_review,route_to_discrete_count_eda; consider_missingness_logic_later,discrete_count_eda,high combined missingness,71.73922233676193,65.83579517479075,5.90342716197118,29,10.0,False,False,70.931495698306,35,70.931495698306,high_missing
cc_dpd_def_30plus_count_sum,discrete_count_numeric,feature,P2_missingness_review,route_to_discrete_count_eda; consider_missingness_logic_later,discrete_count_eda,high combined missingness,71.73922233676193,65.83579517479075,5.90342716197118,27,10.0,False,False,70.931495698306,33,70.931495698306,high_missing
cc_dpd_def_60plus_count_max,discrete_count_numeric,feature,P2_missingness_review,route_to_discrete_count_eda; consider_missingness_logic_later,discrete_count_eda,high combined missingness,71.73922233676193,65.83579517479075,5.90342716197118,20,10.0,False,False,70.931495698306,25,70.931495698306,high_missing
cc_dpd_def_60plus_count_mean,discrete_count_numeric,feature,P2_missingness_review,route_to_discrete_count_eda; consider_missingness_logic_later,discrete_count_eda,high combined missingness,71.73922233676193,65.83579517479075,5.90342716197118,21,10.0,False,False,70.931495698306,26,70.931495698306,high_missing
cc_dpd_def_60plus_count_sum,discrete_count_numeric,feature,P2_missingness_review,route_to_discrete_count_eda; consider_missingness_logic_later,discrete_count_eda,high combined missingness,71.73922233676193,65.83579517479075,5.90342716197118,20,10.0,False,False,70.931495698306,25,70.931495698306,high_missing
cc_dpd_def_90plus_count_max,discrete_count_numeric,feature,P2_missingness_review,route_to_discrete_count_eda; consider_missingness_logic_later,discrete_count_eda,high combined missingness,71.73922233676193,65.83579517479075,5.90342716197118,17,10.0,False,False,70.931495698306,25,70.931495698306,high_missing
cc_dpd_def_90plus_count_mean,discrete_count_numeric,feature,P2_missingness_review,route_to_discrete_count_eda; consider_missingness_logic_later,discrete_count_eda,high combined missingness,71.73922233676193,65.83579517479075,5.90342716197118,17,10.0,False,False,70.931495698306,25,70.931495698306,high_missing
cc_dpd_def_90plus_count_sum,discrete_count_numeric,feature,P2_missingness_review,route_to_discrete_count_eda; consider_missingness_logic_later,discrete_count_eda,high combined missingness,71.73922233676193,65.83579517479075,5.90342716197118,17,10.0,False,False,70.931495698306,25,70.931495698306,high_missing
cc_drawing_count_max_max,discrete_count_numeric,feature,P2_missingness_review,route_to_discrete_count_eda; consider_missingness_logic_later,discrete_count_eda,high combined missingness,71.73922233676193,65.83579517479075,5.90342716197118,119,100.0,False,False,70.931495698306,123,70.931495698306,high_missing
cc_drawing_count_max_mean,discrete_count_numeric,feature,P2_missingness_review,route_to_discrete_count_eda; consider_missingness_logic_later,discrete_count_eda,high combined missingness,71.73922233676193,65.83579517479075,5.90342716197118,151,121.0,False,False,70.931495698306,156,70.931495698306,high_missing
cc_drawing_count_max_min,discrete_count_numeric,feature,P2_missingness_review,route_to_discrete_count_eda; consider_missingness_logic_later,discrete_count_eda,high combined missingness,71.73922233676193,65.83579517479075,5.90342716197118,119,100.0,False,False,70.931495698306,123,70.931495698306,high_missing
cc_drawing_count_max_sum,discrete_count_numeric,feature,P2_missingness_review,route_to_discrete_count_eda; consider_missingness_logic_later,discrete_count_eda,high combined missingness,71.73922233676193,65.83579517479075,5.90342716197118,119,100.0,False,False,70.931495698306,123,70.931495698306,high_missing
cc_drawing_count_mean_max,discrete_count_numeric,feature,P2_missingness_review,route_to_discrete_count_eda; consider_missingness_logic_later,discrete_count_eda,high combined missingness,71.73922233676193,65.83579517479075,5.90342716197118,6413,3021.0,False,False,70.931495698306,6895,70.931495698306,high_missing
cc_drawing_count_mean_mean,discrete_count_numeric,feature,P2_missingness_review,route_to_discrete_count_eda; consider_missingness_logic_later,discrete_count_eda,high combined missingness,71.73922233676193,65.83579517479075,5.90342716197118,6627,3093.0,False,False,70.931495698306,7173,70.931495698306,high_missing
cc_drawing_count_mean_min,discrete_count_numeric,feature,P2_missingness_review,route_to_discrete_count_eda; consider_missingness_logic_later,discrete_count_eda,high combined missingness,71.73922233676193,65.83579517479075,5.90342716197118,6412,3015.0,False,False,70.931495698306,6891,70.931495698306,high_missing
cc_drawing_count_mean_sum,discrete_count_numeric,feature,P2_missingness_review,route_to_discrete_count_eda; consider_missingness_logic_later,discrete_count_eda,high combined missingness,71.73922233676193,65.83579517479075,5.90342716197118,6581,3070.0,False,False,70.931495698306,7111,70.931495698306,high_missing
cc_drawing_count_sum_max,discrete_count_numeric,feature,P2_missingness_review,route_to_discrete_count_eda; consider_missingness_logic_later,discrete_count_eda,high combined missingness,71.73922233676193,65.83579517479075,5.90342716197118,548,372.0,False,False,70.931495698306,585,70.931495698306,high_missing
cc_drawing_count_sum_mean,discrete_count_numeric,feature,P2_missingness_review,route_to_discrete_count_eda; consider_missingness_logic_later,discrete_count_eda,high combined missingness,71.73922233676193,65.83579517479075,5.90342716197118,614,406.0,False,False,70.931495698306,658,70.931495698306,high_missing
cc_drawing_count_sum_min,discrete_count_numeric,feature,P2_missingness_review,route_to_discrete_count_eda; consider_missingness_logic_later,discrete_count_eda,high combined missingness,71.73922233676193,65.83579517479075,5.90342716197118,546,372.0,False,False,70.931495698306,583,70.931495698306,high_missing
cc_drawing_count_sum_sum,discrete_count_numeric,feature,P2_missingness_review,route_to_discrete_count_eda; consider_missingness_logic_later,discrete_count_eda,high combined missingness,71.73922233676193,65.83579517479075,5.90342716197118,548,374.0,False,False,70.931495698306,585,70.931495698306,high_missing
cc_has_atm_drawing_count_count_max,discrete_count_numeric,feature,P2_missingness_review,route_to_discrete_count_eda; consider_missingness_logic_later,discrete_count_eda,high combined missingness,71.73922233676193,65.83579517479075,5.90342716197118,68,53.0,False,False,70.931495698306,69,70.931495698306,high_missing
cc_has_atm_drawing_count_count_sum,discrete_count_numeric,feature,P2_missingness_review,route_to_discrete_count_eda; consider_missingness_logic_later,discrete_count_eda,high combined missingness,71.73922233676193,65.83579517479075,5.90342716197118,68,54.0,False,False,70.931495698306,69,70.931495698306,high_missing
cc_has_atm_drawing_count_max,discrete_count_numeric,feature,P2_missingness_review,route_to_discrete_count_eda; consider_missingness_logic_later,discrete_count_eda,high combined missingness,71.73922233676193,65.83579517479075,5.90342716197118,68,53.0,False,False,70.931495698306,69,70.931495698306,high_missing
cc_has_atm_drawing_count_sum,discrete_count_numeric,feature,P2_missingness_review,route_to_discrete_count_eda; consider_missingness_logic_later,discrete_count_eda,high combined missingness,71.73922233676193,65.83579517479075,5.90342716197118,68,54.0,False,False,70.931495698306,69,70.931495698306,high_missing
cc_has_balance_count_max,discrete_count_numeric,feature,P2_missingness_review,route_to_discrete_count_eda; consider_missingness_logic_later,discrete_count_eda,high combined missingness,71.73922233676193,65.83579517479075,5.90342716197118,97,97.0,False,False,70.931495698306,97,70.931495698306,high_missing
cc_has_balance_count_sum,discrete_count_numeric,feature,P2_missingness_review,route_to_discrete_count_eda; consider_missingness_logic_later,discrete_count_eda,high combined missingness,71.73922233676193,65.83579517479075,5.90342716197118,99,97.0,False,False,70.931495698306,99,70.931495698306,high_missing
cc_has_dpd_count_max,discrete_count_numeric,feature,P2_missingness_review,route_to_discrete_count_eda; consider_missingness_logic_later,discrete_count_eda,high combined missingness,71.73922233676193,65.83579517479075,5.90342716197118,91,76.0,False,False,70.931495698306,91,70.931495698306,high_missing
cc_has_dpd_count_sum,discrete_count_numeric,feature,P2_missingness_review,route_to_discrete_count_eda; consider_missingness_logic_later,discrete_count_eda,high combined missingness,71.73922233676193,65.83579517479075,5.90342716197118,91,76.0,False,False,70.931495698306,91,70.931495698306,high_missing
cc_has_dpd_def_count_max,discrete_count_numeric,feature,P2_missingness_review,route_to_discrete_count_eda; consider_missingness_logic_later,discrete_count_eda,high combined missingness,71.73922233676193,65.83579517479075,5.90342716197118,64,47.0,False,False,70.931495698306,68,70.931495698306,high_missing
cc_has_dpd_def_count_sum,discrete_count_numeric,feature,P2_missingness_review,route_to_discrete_count_eda; consider_missingness_logic_later,discrete_count_eda,high combined missingness,71.73922233676193,65.83579517479075,5.90342716197118,64,47.0,False,False,70.931495698306,68,70.931495698306,high_missing
cc_has_drawing_count_count_max,discrete_count_numeric,feature,P2_missingness_review,route_to_discrete_count_eda; consider_missingness_logic_later,discrete_count_eda,high combined missingness,71.73922233676193,65.83579517479075,5.90342716197118,75,65.0,False,False,70.931495698306,76,70.931495698306,high_missing
cc_has_drawing_count_count_sum,discrete_count_numeric,feature,P2_missingness_review,route_to_discrete_count_eda; consider_missingness_logic_later,discrete_count_eda,high combined missingness,71.73922233676193,65.83579517479075,5.90342716197118,75,65.0,False,False,70.931495698306,76,70.931495698306,high_missing
cc_has_drawing_count_max,discrete_count_numeric,feature,P2_missingness_review,route_to_discrete_count_eda; consider_missingness_logic_later,discrete_count_eda,high combined missingness,71.73922233676193,65.83579517479075,5.90342716197118,75,64.0,False,False,70.931495698306,76,70.931495698306,high_missing
cc_has_drawing_count_sum,discrete_count_numeric,feature,P2_missingness_review,route_to_discrete_count_eda; consider_missingness_logic_later,discrete_count_eda,high combined missingness,71.73922233676193,65.83579517479075,5.90342716197118,75,64.0,False,False,70.931495698306,76,70.931495698306,high_missing
cc_has_min_instalment_count_max,discrete_count_numeric,feature,P2_missingness_review,route_to_discrete_count_eda; consider_missingness_logic_later,discrete_count_eda,high combined missingness,71.73922233676193,65.83579517479075,5.90342716197118,97,97.0,False,False,70.931495698306,97,70.931495698306,high_missing
cc_has_min_instalment_count_sum,discrete_count_numeric,feature,P2_missingness_review,route_to_discrete_count_eda; consider_missingness_logic_later,discrete_count_eda,high combined missingness,71.73922233676193,65.83579517479075,5.90342716197118,98,97.0,False,False,70.931495698306,98,70.931495698306,high_missing
cc_has_other_drawing_count_count_max,discrete_count_numeric,feature,P2_missingness_review,route_to_discrete_count_eda; consider_missingness_logic_later,discrete_count_eda,high combined missingness,71.73922233676193,65.83579517479075,5.90342716197118,25,13.0,False,False,70.931495698306,25,70.931495698306,high_missing
cc_has_other_drawing_count_count_sum,discrete_count_numeric,feature,P2_missingness_review,route_to_discrete_count_eda; consider_missingness_logic_later,discrete_count_eda,high combined missingness,71.73922233676193,65.83579517479075,5.90342716197118,25,13.0,False,False,70.931495698306,25,70.931495698306,high_missing
cc_has_other_drawing_count_max,discrete_count_numeric,feature,P2_missingness_review,route_to_discrete_count_eda; consider_missingness_logic_later,discrete_count_eda,high combined missingness,71.73922233676193,65.83579517479075,5.90342716197118,25,13.0,False,False,70.931495698306,25,70.931495698306,high_missing
cc_has_other_drawing_count_sum,discrete_count_numeric,feature,P2_missingness_review,route_to_discrete_count_eda; consider_missingness_logic_later,discrete_count_eda,high combined missingness,71.73922233676193,65.83579517479075,5.90342716197118,25,13.0,False,False,70.931495698306,25,70.931495698306,high_missing
cc_has_payment_current_count_max,discrete_count_numeric,feature,P2_missingness_review,route_to_discrete_count_eda; consider_missingness_logic_later,discrete_count_eda,high combined missingness,71.73922233676193,65.83579517479075,5.90342716197118,97,97.0,False,False,70.931495698306,97,70.931495698306,high_missing
cc_has_payment_current_count_sum,discrete_count_numeric,feature,P2_missingness_review,route_to_discrete_count_eda; consider_missingness_logic_later,discrete_count_eda,high combined missingness,71.73922233676193,65.83579517479075,5.90342716197118,102,97.0,False,False,70.931495698306,102,70.931495698306,high_missing
cc_has_payment_total_count_max,discrete_count_numeric,feature,P2_missingness_review,route_to_discrete_count_eda; consider_missingness_logic_later,discrete_count_eda,high combined missingness,71.73922233676193,65.83579517479075,5.90342716197118,97,97.0,False,False,70.931495698306,97,70.931495698306,high_missing
cc_has_payment_total_count_sum,discrete_count_numeric,feature,P2_missingness_review,route_to_discrete_count_eda; consider_missingness_logic_later,discrete_count_eda,high combined missingness,71.73922233676193,65.83579517479075,5.90342716197118,98,97.0,False,False,70.931495698306,98,70.931495698306,high_missing
cc_has_pos_drawing_count_count_max,discrete_count_numeric,feature,P2_missingness_review,route_to_discrete_count_eda; consider_missingness_logic_later,discrete_count_eda,high combined missingness,71.73922233676193,65.83579517479075,5.90342716197118,60,52.0,False,False,70.931495698306,62,70.931495698306,high_missing
cc_has_pos_drawing_count_count_sum,discrete_count_numeric,feature,P2_missingness_review,route_to_discrete_count_eda; consider_missingness_logic_later,discrete_count_eda,high combined missingness,71.73922233676193,65.83579517479075,5.90342716197118,60,52.0,False,False,70.931495698306,62,70.931495698306,high_missing
cc_has_pos_drawing_count_max,discrete_count_numeric,feature,P2_missingness_review,route_to_discrete_count_eda; consider_missingness_logic_later,discrete_count_eda,high combined missingness,71.73922233676193,65.83579517479075,5.90342716197118,60,52.0,False,False,70.931495698306,62,70.931495698306,high_missing
cc_has_pos_drawing_count_sum,discrete_count_numeric,feature,P2_missingness_review,route_to_discrete_count_eda; consider_missingness_logic_later,discrete_count_eda,high combined missingness,71.73922233676193,65.83579517479075,5.90342716197118,60,52.0,False,False,70.931495698306,62,70.931495698306,high_missing
cc_has_total_receivable_count_max,discrete_count_numeric,feature,P2_missingness_review,route_to_discrete_count_eda; consider_missingness_logic_later,discrete_count_eda,high combined missingness,71.73922233676193,65.83579517479075,5.90342716197118,97,97.0,False,False,70.931495698306,97,70.931495698306,high_missing
cc_has_total_receivable_count_sum,discrete_count_numeric,feature,P2_missingness_review,route_to_discrete_count_eda; consider_missingness_logic_later,discrete_count_eda,high combined missingness,71.73922233676193,65.83579517479075,5.90342716197118,99,97.0,False,False,70.931495698306,99,70.931495698306,high_missing
cc_invalid_credit_limit_count_max,discrete_count_numeric,feature,P2_missingness_review,route_to_discrete_count_eda; consider_missingness_logic_later,discrete_count_eda,high combined missingness,71.73922233676193,65.83579517479075,5.90342716197118,72,46.0,False,False,70.931495698306,74,70.931495698306,high_missing
cc_invalid_credit_limit_count_mean,discrete_count_numeric,feature,P2_missingness_review,route_to_discrete_count_eda; consider_missingness_logic_later,discrete_count_eda,high combined missingness,71.73922233676193,65.83579517479075,5.90342716197118,95,63.0,False,False,70.931495698306,101,70.931495698306,high_missing
cc_invalid_credit_limit_count_sum,discrete_count_numeric,feature,P2_missingness_review,route_to_discrete_count_eda; consider_missingness_logic_later,discrete_count_eda,high combined missingness,71.73922233676193,65.83579517479075,5.90342716197118,78,51.0,False,False,70.931495698306,82,70.931495698306,high_missing
cc_is_recent_12m_count_max,discrete_count_numeric,feature,P2_missingness_review,route_to_discrete_count_eda; consider_missingness_logic_later,discrete_count_eda,high combined missingness,71.73922233676193,65.83579517479075,5.90342716197118,12,12.0,False,False,70.931495698306,12,70.931495698306,high_missing
cc_is_recent_12m_count_sum,discrete_count_numeric,feature,P2_missingness_review,route_to_discrete_count_eda; consider_missingness_logic_later,discrete_count_eda,high combined missingness,71.73922233676193,65.83579517479075,5.90342716197118,26,26.0,False,False,70.931495698306,28,70.931495698306,high_missing
cc_is_recent_24m_count_max,discrete_count_numeric,feature,P2_missingness_review,route_to_discrete_count_eda; consider_missingness_logic_later,discrete_count_eda,high combined missingness,71.73922233676193,65.83579517479075,5.90342716197118,24,24.0,False,False,70.931495698306,24,70.931495698306,high_missing
cc_is_recent_24m_count_sum,discrete_count_numeric,feature,P2_missingness_review,route_to_discrete_count_eda; consider_missingness_logic_later,discrete_count_eda,high combined missingness,71.73922233676193,65.83579517479075,5.90342716197118,48,47.0,False,False,70.931495698306,49,70.931495698306,high_missing
cc_is_recent_6m_count_max,discrete_count_numeric,feature,P2_missingness_review,route_to_discrete_count_eda; consider_missingness_logic_later,discrete_count_eda,high combined missingness,71.73922233676193,65.83579517479075,5.90342716197118,6,7.0,False,False,70.931495698306,7,70.931495698306,high_missing
cc_is_recent_6m_count_sum,discrete_count_numeric,feature,P2_missingness_review,route_to_discrete_count_eda; consider_missingness_logic_later,discrete_count_eda,high combined missingness,71.73922233676193,65.83579517479075,5.90342716197118,13,16.0,False,False,70.931495698306,16,70.931495698306,high_missing
cc_latest_drawing_count,discrete_count_numeric,feature,P2_missingness_review,route_to_discrete_count_eda; consider_missingness_logic_later,discrete_count_eda,high combined missingness,71.73922233676193,65.83579517479075,5.90342716197118,94,69.0,False,False,70.931495698306,97,70.931495698306,high_missing
cc_latest_drawing_count_max,discrete_count_numeric,feature,P2_missingness_review,route_to_discrete_count_eda; consider_missingness_logic_later,discrete_count_eda,high combined missingness,71.73922233676193,65.83579517479075,5.90342716197118,94,69.0,False,False,70.931495698306,97,70.931495698306,high_missing
cc_latest_drawing_count_mean,discrete_count_numeric,feature,P2_missingness_review,route_to_discrete_count_eda; consider_missingness_logic_later,discrete_count_eda,high combined missingness,71.73922233676193,65.83579517479075,5.90342716197118,108,78.0,False,False,70.931495698306,115,70.931495698306,high_missing
cc_latest_drawing_count_sum,discrete_count_numeric,feature,P2_missingness_review,route_to_discrete_count_eda; consider_missingness_logic_later,discrete_count_eda,high combined missingness,71.73922233676193,65.83579517479075,5.90342716197118,94,69.0,False,False,70.931495698306,97,70.931495698306,high_missing
cc_latest_high_utilization_80plus_flag_sum,discrete_count_numeric,feature,P2_missingness_review,route_to_discrete_count_eda; consider_missingness_logic_later,discrete_count_eda,high combined missingness,71.73922233676193,65.83579517479075,5.90342716197118,3,2.0,False,False,70.931495698306,3,70.931495698306,high_missing
cc_latest_no_payment_with_balance_flag_sum,discrete_count_numeric,feature,P2_missingness_review,route_to_discrete_count_eda; consider_missingness_logic_later,discrete_count_eda,high combined missingness,71.73922233676193,65.83579517479075,5.90342716197118,3,2.0,False,False,70.931495698306,3,70.931495698306,high_missing
cc_latest_payment_less_than_min_flag_sum,discrete_count_numeric,feature,P2_missingness_review,route_to_discrete_count_eda; consider_missingness_logic_later,discrete_count_eda,high combined missingness,71.73922233676193,65.83579517479075,5.90342716197118,3,2.0,False,False,70.931495698306,3,70.931495698306,high_missing
cc_latest_status_active_flag_sum,discrete_count_numeric,feature,P2_missingness_review,route_to_discrete_count_eda; consider_missingness_logic_later,discrete_count_eda,high combined missingness,71.73922233676193,65.83579517479075,5.90342716197118,3,3.0,False,False,70.931495698306,3,70.931495698306,high_missing
cc_latest_status_completed_flag_sum,discrete_count_numeric,feature,P2_missingness_review,route_to_discrete_count_eda; consider_missingness_logic_later,discrete_count_eda,high combined missingness,71.73922233676193,65.83579517479075,5.90342716197118,4,4.0,False,False,70.931495698306,4,70.931495698306,high_missing
cc_limit_change_flag_sum,discrete_count_numeric,feature,P2_missingness_review,route_to_discrete_count_eda; consider_missingness_logic_later,discrete_count_eda,high combined missingness,71.73922233676193,65.83579517479075,5.90342716197118,3,3.0,False,False,70.931495698306,3,70.931495698306,high_missing
cc_missing_min_instalment_count_max,discrete_count_numeric,feature,P2_missingness_review,route_to_discrete_count_eda; consider_missingness_logic_later,discrete_count_eda,high combined missingness,71.73922233676193,65.83579517479075,5.90342716197118,76,53.0,False,False,70.931495698306,77,70.931495698306,high_missing
cc_missing_min_instalment_count_mean,discrete_count_numeric,feature,P2_missingness_review,route_to_discrete_count_eda; consider_missingness_logic_later,discrete_count_eda,high combined missingness,71.73922233676193,65.83579517479075,5.90342716197118,92,64.0,False,False,70.931495698306,93,70.931495698306,high_missing
cc_missing_min_instalment_count_sum,discrete_count_numeric,feature,P2_missingness_review,route_to_discrete_count_eda; consider_missingness_logic_later,discrete_count_eda,high combined missingness,71.73922233676193,65.83579517479075,5.90342716197118,76,53.0,False,False,70.931495698306,77,70.931495698306,high_missing
cc_missing_payment_current_count_max,discrete_count_numeric,feature,P2_missingness_review,route_to_discrete_count_eda; consider_missingness_logic_later,discrete_count_eda,high combined missingness,71.73922233676193,65.83579517479075,5.90342716197118,97,86.0,False,False,70.931495698306,97,70.931495698306,high_missing
cc_missing_payment_current_count_mean,discrete_count_numeric,feature,P2_missingness_review,route_to_discrete_count_eda; consider_missingness_logic_later,discrete_count_eda,high combined missingness,71.73922233676193,65.83579517479075,5.90342716197118,127,109.0,False,False,70.931495698306,132,70.931495698306,high_missing
cc_missing_payment_current_count_sum,discrete_count_numeric,feature,P2_missingness_review,route_to_discrete_count_eda; consider_missingness_logic_later,discrete_count_eda,high combined missingness,71.73922233676193,65.83579517479075,5.90342716197118,100,87.0,False,False,70.931495698306,100,70.931495698306,high_missing
cc_month_count_max,discrete_count_numeric,feature,P2_missingness_review,route_to_discrete_count_eda; consider_missingness_logic_later,discrete_count_eda,high combined missingness,71.73922233676193,65.83579517479075,5.90342716197118,96,96.0,False,False,70.931495698306,96,70.931495698306,high_missing
cc_month_count_mean,discrete_count_numeric,feature,P2_missingness_review,route_to_discrete_count_eda; consider_missingness_logic_later,discrete_count_eda,high combined missingness,71.73922233676193,65.83579517479075,5.90342716197118,149,137.0,False,False,70.931495698306,156,70.931495698306,high_missing
cc_month_count_sum,discrete_count_numeric,feature,P2_missingness_review,route_to_discrete_count_eda; consider_missingness_logic_later,discrete_count_eda,high combined missingness,71.73922233676193,65.83579517479075,5.90342716197118,128,121.0,False,False,70.931495698306,132,70.931495698306,high_missing
cc_month_record_count_max,discrete_count_numeric,feature,P2_missingness_review,route_to_discrete_count_eda; consider_missingness_logic_later,discrete_count_eda,high combined missingness,71.73922233676193,65.83579517479075,5.90342716197118,96,96.0,False,False,70.931495698306,96,70.931495698306,high_missing
cc_month_record_count_mean,discrete_count_numeric,feature,P2_missingness_review,route_to_discrete_count_eda; consider_missingness_logic_later,discrete_count_eda,high combined missingness,71.73922233676193,65.83579517479075,5.90342716197118,149,137.0,False,False,70.931495698306,156,70.931495698306,high_missing
cc_month_record_count_sum,discrete_count_numeric,feature,P2_missingness_review,route_to_discrete_count_eda; consider_missingness_logic_later,discrete_count_eda,high combined missingness,71.73922233676193,65.83579517479075,5.90342716197118,128,121.0,False,False,70.931495698306,132,70.931495698306,high_missing
cc_no_payment_with_balance_count_max,discrete_count_numeric,feature,P2_missingness_review,route_to_discrete_count_eda; consider_missingness_logic_later,discrete_count_eda,high combined missingness,71.73922233676193,65.83579517479075,5.90342716197118,90,67.0,False,False,70.931495698306,90,70.931495698306,high_missing
cc_no_payment_with_balance_count_mean,discrete_count_numeric,feature,P2_missingness_review,route_to_discrete_count_eda; consider_missingness_logic_later,discrete_count_eda,high combined missingness,71.73922233676193,65.83579517479075,5.90342716197118,99,74.0,False,False,70.931495698306,101,70.931495698306,high_missing
cc_no_payment_with_balance_count_sum,discrete_count_numeric,feature,P2_missingness_review,route_to_discrete_count_eda; consider_missingness_logic_later,discrete_count_eda,high combined missingness,71.73922233676193,65.83579517479075,5.90342716197118,90,67.0,False,False,70.931495698306,90,70.931495698306,high_missing
cc_other_drawing_count_max_sum,discrete_count_numeric,feature,P2_missingness_review,route_to_discrete_count_eda; consider_missingness_logic_later,discrete_count_eda,high combined missingness,71.73922233676193,65.83579517479075,5.90342716197118,11,9.0,False,False,70.931495698306,11,70.931495698306,high_missing
cc_other_drawing_count_mean_sum,discrete_count_numeric,feature,P2_missingness_review,route_to_discrete_count_eda; consider_missingness_logic_later,discrete_count_eda,high combined missingness,71.73922233676193,65.83579517479075,5.90342716197118,436,183.0,False,False,70.931495698306,455,70.931495698306,high_missing
cc_other_drawing_count_sum_max,discrete_count_numeric,feature,P2_missingness_review,route_to_discrete_count_eda; consider_missingness_logic_later,discrete_count_eda,high combined missingness,71.73922233676193,65.83579517479075,5.90342716197118,31,17.0,False,False,70.931495698306,31,70.931495698306,high_missing
cc_other_drawing_count_sum_mean,discrete_count_numeric,feature,P2_missingness_review,route_to_discrete_count_eda; consider_missingness_logic_later,discrete_count_eda,high combined missingness,71.73922233676193,65.83579517479075,5.90342716197118,36,19.0,False,False,70.931495698306,36,70.931495698306,high_missing
cc_other_drawing_count_sum_min,discrete_count_numeric,feature,P2_missingness_review,route_to_discrete_count_eda; consider_missingness_logic_later,discrete_count_eda,high combined missingness,71.73922233676193,65.83579517479075,5.90342716197118,31,17.0,False,False,70.931495698306,31,70.931495698306,high_missing
cc_other_drawing_count_sum_sum,discrete_count_numeric,feature,P2_missingness_review,route_to_discrete_count_eda; consider_missingness_logic_later,discrete_count_eda,high combined missingness,71.73922233676193,65.83579517479075,5.90342716197118,31,17.0,False,False,70.931495698306,31,70.931495698306,high_missing
cc_over_limit_flag_count_max,discrete_count_numeric,feature,P2_missingness_review,route_to_discrete_count_eda; consider_missingness_logic_later,discrete_count_eda,high combined missingness,71.73922233676193,65.83579517479075,5.90342716197118,86,69.0,False,False,70.931495698306,87,70.931495698306,high_missing
cc_over_limit_flag_count_mean,discrete_count_numeric,feature,P2_missingness_review,route_to_discrete_count_eda; consider_missingness_logic_later,discrete_count_eda,high combined missingness,71.73922233676193,65.83579517479075,5.90342716197118,105,85.0,False,False,70.931495698306,110,70.931495698306,high_missing
cc_over_limit_flag_count_sum,discrete_count_numeric,feature,P2_missingness_review,route_to_discrete_count_eda; consider_missingness_logic_later,discrete_count_eda,high combined missingness,71.73922233676193,65.83579517479075,5.90342716197118,86,69.0,False,False,70.931495698306,87,70.931495698306,high_missing
cc_payment_less_than_min_instalment_count_max,discrete_count_numeric,feature,P2_missingness_review,route_to_discrete_count_eda; consider_missingness_logic_later,discrete_count_eda,high combined missingness,71.73922233676193,65.83579517479075,5.90342716197118,48,22.0,False,False,70.931495698306,49,70.931495698306,high_missing
cc_payment_less_than_min_instalment_count_sum,discrete_count_numeric,feature,P2_missingness_review,route_to_discrete_count_eda; consider_missingness_logic_later,discrete_count_eda,high combined missingness,71.73922233676193,65.83579517479075,5.90342716197118,48,22.0,False,False,70.931495698306,49,70.931495698306,high_missing
cc_payment_near_min_instalment_count_max,discrete_count_numeric,feature,P2_missingness_review,route_to_discrete_count_eda; consider_missingness_logic_later,discrete_count_eda,high combined missingness,71.73922233676193,65.83579517479075,5.90342716197118,97,95.0,False,False,70.931495698306,97,70.931495698306,high_missing
cc_payment_near_min_instalment_count_mean,discrete_count_numeric,feature,P2_missingness_review,route_to_discrete_count_eda; consider_missingness_logic_later,discrete_count_eda,high combined missingness,71.73922233676193,65.83579517479075,5.90342716197118,128,118.0,False,False,70.931495698306,130,70.931495698306,high_missing
cc_payment_near_min_instalment_count_sum,discrete_count_numeric,feature,P2_missingness_review,route_to_discrete_count_eda; consider_missingness_logic_later,discrete_count_eda,high combined missingness,71.73922233676193,65.83579517479075,5.90342716197118,97,95.0,False,False,70.931495698306,97,70.931495698306,high_missing
cc_pos_drawing_count_max_sum,discrete_count_numeric,feature,P2_missingness_review,route_to_discrete_count_eda; consider_missingness_logic_later,discrete_count_eda,high combined missingness,71.73922233676193,65.83579517479075,5.90342716197118,123,97.0,False,False,70.931495698306,128,70.931495698306,high_missing
cc_pos_drawing_count_mean_sum,discrete_count_numeric,feature,P2_missingness_review,route_to_discrete_count_eda; consider_missingness_logic_later,discrete_count_eda,high combined missingness,71.73922233676193,65.83579517479075,5.90342716197118,4988,2209.0,False,False,70.931495698306,5457,70.931495698306,high_missing
cc_pos_drawing_count_sum_max,discrete_count_numeric,feature,P2_missingness_review,route_to_discrete_count_eda; consider_missingness_logic_later,discrete_count_eda,high combined missingness,71.73922233676193,65.83579517479075,5.90342716197118,532,362.0,False,False,70.931495698306,575,70.931495698306,high_missing
cc_pos_drawing_count_sum_mean,discrete_count_numeric,feature,P2_missingness_review,route_to_discrete_count_eda; consider_missingness_logic_later,discrete_count_eda,high combined missingness,71.73922233676193,65.83579517479075,5.90342716197118,581,391.0,False,False,70.931495698306,638,70.931495698306,high_missing
cc_pos_drawing_count_sum_min,discrete_count_numeric,feature,P2_missingness_review,route_to_discrete_count_eda; consider_missingness_logic_later,discrete_count_eda,high combined missingness,71.73922233676193,65.83579517479075,5.90342716197118,531,362.0,False,False,70.931495698306,574,70.931495698306,high_missing
cc_pos_drawing_count_sum_sum,discrete_count_numeric,feature,P2_missingness_review,route_to_discrete_count_eda; consider_missingness_logic_later,discrete_count_eda,high combined missingness,71.73922233676193,65.83579517479075,5.90342716197118,532,364.0,False,False,70.931495698306,575,70.931495698306,high_missing
cc_recent_12m_has_dpd_count_max,discrete_count_numeric,feature,P2_missingness_review,route_to_discrete_count_eda; consider_missingness_logic_later,discrete_count_eda,high combined missingness,71.73922233676193,65.83579517479075,5.90342716197118,13,13.0,False,False,70.931495698306,13,70.931495698306,high_missing
cc_recent_12m_has_dpd_count_sum,discrete_count_numeric,feature,P2_missingness_review,route_to_discrete_count_eda; consider_missingness_logic_later,discrete_count_eda,high combined missingness,71.73922233676193,65.83579517479075,5.90342716197118,13,13.0,False,False,70.931495698306,13,70.931495698306,high_missing
cc_recent_12m_has_dpd_def_count_max,discrete_count_numeric,feature,P2_missingness_review,route_to_discrete_count_eda; consider_missingness_logic_later,discrete_count_eda,high combined missingness,71.73922233676193,65.83579517479075,5.90342716197118,13,12.0,False,False,70.931495698306,13,70.931495698306,high_missing
cc_recent_12m_has_dpd_def_count_sum,discrete_count_numeric,feature,P2_missingness_review,route_to_discrete_count_eda; consider_missingness_logic_later,discrete_count_eda,high combined missingness,71.73922233676193,65.83579517479075,5.90342716197118,13,12.0,False,False,70.931495698306,13,70.931495698306,high_missing
cc_recent_12m_payment_less_than_min_count_max,discrete_count_numeric,feature,P2_missingness_review,route_to_discrete_count_eda; consider_missingness_logic_later,discrete_count_eda,high combined missingness,71.73922233676193,65.83579517479075,5.90342716197118,12,8.0,False,False,70.931495698306,12,70.931495698306,high_missing
cc_recent_12m_payment_less_than_min_count_sum,discrete_count_numeric,feature,P2_missingness_review,route_to_discrete_count_eda; consider_missingness_logic_later,discrete_count_eda,high combined missingness,71.73922233676193,65.83579517479075,5.90342716197118,12,8.0,False,False,70.931495698306,12,70.931495698306,high_missing
cc_recent_24m_has_dpd_count_max,discrete_count_numeric,feature,P2_missingness_review,route_to_discrete_count_eda; consider_missingness_logic_later,discrete_count_eda,high combined missingness,71.73922233676193,65.83579517479075,5.90342716197118,25,24.0,False,False,70.931495698306,25,70.931495698306,high_missing
cc_recent_24m_has_dpd_count_sum,discrete_count_numeric,feature,P2_missingness_review,route_to_discrete_count_eda; consider_missingness_logic_later,discrete_count_eda,high combined missingness,71.73922233676193,65.83579517479075,5.90342716197118,25,24.0,False,False,70.931495698306,25,70.931495698306,high_missing
cc_recent_24m_has_dpd_def_count_max,discrete_count_numeric,feature,P2_missingness_review,route_to_discrete_count_eda; consider_missingness_logic_later,discrete_count_eda,high combined missingness,71.73922233676193,65.83579517479075,5.90342716197118,24,17.0,False,False,70.931495698306,24,70.931495698306,high_missing
cc_recent_24m_has_dpd_def_count_sum,discrete_count_numeric,feature,P2_missingness_review,route_to_discrete_count_eda; consider_missingness_logic_later,discrete_count_eda,high combined missingness,71.73922233676193,65.83579517479075,5.90342716197118,24,17.0,False,False,70.931495698306,24,70.931495698306,high_missing
cc_recent_24m_payment_less_than_min_count_max,discrete_count_numeric,feature,P2_missingness_review,route_to_discrete_count_eda; consider_missingness_logic_later,discrete_count_eda,high combined missingness,71.73922233676193,65.83579517479075,5.90342716197118,22,12.0,False,False,70.931495698306,22,70.931495698306,high_missing
cc_recent_24m_payment_less_than_min_count_sum,discrete_count_numeric,feature,P2_missingness_review,route_to_discrete_count_eda; consider_missingness_logic_later,discrete_count_eda,high combined missingness,71.73922233676193,65.83579517479075,5.90342716197118,22,12.0,False,False,70.931495698306,22,70.931495698306,high_missing
cc_recent_6m_has_dpd_count_max,discrete_count_numeric,feature,P2_missingness_review,route_to_discrete_count_eda; consider_missingness_logic_later,discrete_count_eda,high combined missingness,71.73922233676193,65.83579517479075,5.90342716197118,7,7.0,False,False,70.931495698306,7,70.931495698306,high_missing
cc_recent_6m_has_dpd_count_sum,discrete_count_numeric,feature,P2_missingness_review,route_to_discrete_count_eda; consider_missingness_logic_later,discrete_count_eda,high combined missingness,71.73922233676193,65.83579517479075,5.90342716197118,7,7.0,False,False,70.931495698306,7,70.931495698306,high_missing
cc_recent_6m_has_dpd_def_count_max,discrete_count_numeric,feature,P2_missingness_review,route_to_discrete_count_eda; consider_missingness_logic_later,discrete_count_eda,high combined missingness,71.73922233676193,65.83579517479075,5.90342716197118,7,7.0,False,False,70.931495698306,7,70.931495698306,high_missing
cc_recent_6m_has_dpd_def_count_sum,discrete_count_numeric,feature,P2_missingness_review,route_to_discrete_count_eda; consider_missingness_logic_later,discrete_count_eda,high combined missingness,71.73922233676193,65.83579517479075,5.90342716197118,7,7.0,False,False,70.931495698306,7,70.931495698306,high_missing
cc_recent_6m_payment_less_than_min_count_max,discrete_count_numeric,feature,P2_missingness_review,route_to_discrete_count_eda; consider_missingness_logic_later,discrete_count_eda,high combined missingness,71.73922233676193,65.83579517479075,5.90342716197118,7,7.0,False,False,70.931495698306,7,70.931495698306,high_missing
cc_recent_6m_payment_less_than_min_count_sum,discrete_count_numeric,feature,P2_missingness_review,route_to_discrete_count_eda; consider_missingness_logic_later,discrete_count_eda,high combined missingness,71.73922233676193,65.83579517479075,5.90342716197118,7,7.0,False,False,70.931495698306,7,70.931495698306,high_missing
cc_status_active_count_max,discrete_count_numeric,feature,P2_missingness_review,route_to_discrete_count_eda; consider_missingness_logic_later,discrete_count_eda,high combined missingness,71.73922233676193,65.83579517479075,5.90342716197118,97,97.0,False,False,70.931495698306,97,70.931495698306,high_missing
cc_status_active_count_sum,discrete_count_numeric,feature,P2_missingness_review,route_to_discrete_count_eda; consider_missingness_logic_later,discrete_count_eda,high combined missingness,71.73922233676193,65.83579517479075,5.90342716197118,103,99.0,False,False,70.931495698306,104,70.931495698306,high_missing
cc_status_completed_count_max,discrete_count_numeric,feature,P2_missingness_review,route_to_discrete_count_eda; consider_missingness_logic_later,discrete_count_eda,high combined missingness,71.73922233676193,65.83579517479075,5.90342716197118,37,35.0,False,False,70.931495698306,38,70.931495698306,high_missing
cc_status_completed_count_sum,discrete_count_numeric,feature,P2_missingness_review,route_to_discrete_count_eda; consider_missingness_logic_later,discrete_count_eda,high combined missingness,71.73922233676193,65.83579517479075,5.90342716197118,40,40.0,False,False,70.931495698306,44,70.931495698306,high_missing
cc_status_demand_count_max,discrete_count_numeric,feature,P2_missingness_review,route_to_discrete_count_eda; consider_missingness_logic_later,discrete_count_eda,high combined missingness,71.73922233676193,65.83579517479075,5.90342716197118,14,8.0,False,False,70.931495698306,21,70.931495698306,high_missing
cc_status_demand_count_sum,discrete_count_numeric,feature,P2_missingness_review,route_to_discrete_count_eda; consider_missingness_logic_later,discrete_count_eda,high combined missingness,71.73922233676193,65.83579517479075,5.90342716197118,14,8.0,False,False,70.931495698306,21,70.931495698306,high_missing
cc_status_signed_count_max,discrete_count_numeric,feature,P2_missingness_review,route_to_discrete_count_eda; consider_missingness_logic_later,discrete_count_eda,high combined missingness,71.73922233676193,65.83579517479075,5.90342716197118,43,17.0,False,False,70.931495698306,45,70.931495698306,high_missing
cc_status_signed_count_sum,discrete_count_numeric,feature,P2_missingness_review,route_to_discrete_count_eda; consider_missingness_logic_later,discrete_count_eda,high combined missingness,71.73922233676193,65.83579517479075,5.90342716197118,43,17.0,False,False,70.931495698306,45,70.931495698306,high_missing
prev_canceled_application_count,discrete_count_numeric,feature,P2_missingness_review,route_to_discrete_count_eda; consider_missingness_logic_later,discrete_count_eda,high combined missingness,63.99283277671368,54.93188905301165,9.060943723702032,38,25.0,False,False,62.75308416723976,39,62.75308416723976,high_missing
prev_canceled_cnt_payment_sum,discrete_count_numeric,feature,P2_missingness_review,route_to_discrete_count_eda; consider_missingness_logic_later,discrete_count_eda,high combined missingness,63.99283277671368,54.93188905301165,9.060943723702032,46,32.0,False,False,62.75308416723976,48,62.75308416723976,high_missing
prev_canceled_recent_12m_count,discrete_count_numeric,feature,P2_missingness_review,route_to_discrete_count_eda; consider_missingness_logic_later,discrete_count_eda,high combined missingness,63.99283277671368,54.93188905301165,9.060943723702032,38,21.0,False,False,62.75308416723976,38,62.75308416723976,high_missing
prev_canceled_recent_24m_count,discrete_count_numeric,feature,P2_missingness_review,route_to_discrete_count_eda; consider_missingness_logic_later,discrete_count_eda,high combined missingness,63.99283277671368,54.93188905301165,9.060943723702032,39,26.0,False,False,62.75308416723976,40,62.75308416723976,high_missing
prev_refused_application_count,discrete_count_numeric,feature,P2_missingness_review,route_to_discrete_count_eda; consider_missingness_logic_later,discrete_count_eda,high combined missingness,67.3852317478074,63.10725422616117,4.277977521646228,45,30.0,False,False,66.79990456274298,46,66.79990456274298,high_missing
prev_refused_cnt_payment_max,discrete_count_numeric,feature,P2_missingness_review,route_to_discrete_count_eda; consider_missingness_logic_later,discrete_count_eda,high combined missingness,70.22220343337312,66.09634006236665,4.125863371006474,33,26.0,False,False,69.65768901489102,33,69.65768901489102,high_missing
prev_refused_cnt_payment_mean,discrete_count_numeric,feature,P2_missingness_review,route_to_discrete_count_eda; consider_missingness_logic_later,discrete_count_eda,high combined missingness,70.22220343337312,66.09634006236665,4.125863371006474,1091,526.0,False,False,69.65768901489102,1161,69.65768901489102,high_missing
prev_refused_cnt_payment_sum,discrete_count_numeric,feature,P2_missingness_review,route_to_discrete_count_eda; consider_missingness_logic_later,discrete_count_eda,high combined missingness,67.3852317478074,63.10725422616117,4.277977521646228,432,261.0,False,False,66.79990456274298,449,66.79990456274298,high_missing
prev_refused_recent_12m_count,discrete_count_numeric,feature,P2_missingness_review,route_to_discrete_count_eda; consider_missingness_logic_later,discrete_count_eda,high combined missingness,67.3852317478074,63.10725422616117,4.277977521646228,34,21.0,False,False,66.79990456274298,34,66.79990456274298,high_missing
prev_refused_recent_24m_count,discrete_count_numeric,feature,P2_missingness_review,route_to_discrete_count_eda; consider_missingness_logic_later,discrete_count_eda,high combined missingness,67.3852317478074,63.10725422616117,4.277977521646228,39,26.0,False,False,66.79990456274298,40,66.79990456274298,high_missing
bureau_recent_12m_overdue_days_max,overdue_delay_numeric,feature,P2_missingness_review,route_to_overdue_delay_eda; consider_missingness_logic_later,overdue_delay_eda,high combined missingness,50.64826949279863,52.16847201706877,1.520202524270132,142,57.0,False,False,50.85626868394829,150,50.85626868394829,high_missing
bureau_recent_12m_overdue_days_mean,overdue_delay_numeric,feature,P2_missingness_review,route_to_overdue_delay_eda; consider_missingness_logic_later,overdue_delay_eda,high combined missingness,50.64826949279863,52.16847201706877,1.520202524270132,292,77.0,False,False,50.85626868394829,311,50.85626868394829,high_missing
bureau_recent_12m_overdue_days_sum,overdue_delay_numeric,feature,P2_missingness_review,route_to_overdue_delay_eda; consider_missingness_logic_later,overdue_delay_eda,high combined missingness,50.64826949279863,52.16847201706877,1.520202524270132,148,57.0,False,False,50.85626868394829,157,50.85626868394829,high_missing
cc_dpd_def_max_max,overdue_delay_numeric,feature,P2_missingness_review,route_to_overdue_delay_eda; consider_missingness_logic_later,overdue_delay_eda,high combined missingness,71.73922233676193,65.83579517479075,5.90342716197118,52,27.0,False,False,70.931495698306,62,70.931495698306,high_missing
cc_dpd_def_max_mean,overdue_delay_numeric,feature,P2_missingness_review,route_to_overdue_delay_eda; consider_missingness_logic_later,overdue_delay_eda,high combined missingness,71.73922233676193,65.83579517479075,5.90342716197118,59,33.0,False,False,70.931495698306,71,70.931495698306,high_missing
cc_dpd_def_max_min,overdue_delay_numeric,feature,P2_missingness_review,route_to_overdue_delay_eda; consider_missingness_logic_later,overdue_delay_eda,high combined missingness,71.73922233676193,65.83579517479075,5.90342716197118,51,27.0,False,False,70.931495698306,61,70.931495698306,high_missing
cc_dpd_def_max_sum,overdue_delay_numeric,feature,P2_missingness_review,route_to_overdue_delay_eda; consider_missingness_logic_later,overdue_delay_eda,high combined missingness,71.73922233676193,65.83579517479075,5.90342716197118,54,28.0,False,False,70.931495698306,64,70.931495698306,high_missing
cc_dpd_def_mean_max,overdue_delay_numeric,feature,P2_missingness_review,route_to_overdue_delay_eda; consider_missingness_logic_later,overdue_delay_eda,high combined missingness,71.73922233676193,65.83579517479075,5.90342716197118,1469,502.0,False,False,70.931495698306,1534,70.931495698306,high_missing
cc_dpd_def_mean_mean,overdue_delay_numeric,feature,P2_missingness_review,route_to_overdue_delay_eda; consider_missingness_logic_later,overdue_delay_eda,high combined missingness,71.73922233676193,65.83579517479075,5.90342716197118,1504,517.0,False,False,70.931495698306,1579,70.931495698306,high_missing
cc_dpd_def_mean_min,overdue_delay_numeric,feature,P2_missingness_review,route_to_overdue_delay_eda; consider_missingness_logic_later,overdue_delay_eda,high combined missingness,71.73922233676193,65.83579517479075,5.90342716197118,1463,500.0,False,False,70.931495698306,1529,70.931495698306,high_missing
cc_dpd_def_mean_sum,overdue_delay_numeric,feature,P2_missingness_review,route_to_overdue_delay_eda; consider_missingness_logic_later,overdue_delay_eda,high combined missingness,71.73922233676193,65.83579517479075,5.90342716197118,1472,503.0,False,False,70.931495698306,1539,70.931495698306,high_missing
cc_dpd_def_std_max,overdue_delay_numeric,feature,P2_missingness_review,route_to_overdue_delay_eda; consider_missingness_logic_later,overdue_delay_eda,high combined missingness,71.94474344007207,65.95888724766125,5.985856192410822,2048,560.0,False,False,71.12573858612511,2162,71.12573858612511,high_missing
cc_dpd_def_std_mean,overdue_delay_numeric,feature,P2_missingness_review,route_to_overdue_delay_eda; consider_missingness_logic_later,overdue_delay_eda,high combined missingness,71.94474344007207,65.95888724766125,5.985856192410822,2123,584.0,False,False,71.12573858612511,2249,71.12573858612511,high_missing
cc_dpd_def_std_min,overdue_delay_numeric,feature,P2_missingness_review,route_to_overdue_delay_eda; consider_missingness_logic_later,overdue_delay_eda,high combined missingness,71.94474344007207,65.95888724766125,5.985856192410822,2039,557.0,False,False,71.12573858612511,2151,71.12573858612511,high_missing
cc_dpd_def_std_sum,overdue_delay_numeric,feature,P2_missingness_review,route_to_overdue_delay_eda; consider_missingness_logic_later,overdue_delay_eda,high combined missingness,71.73922233676193,65.83579517479075,5.90342716197118,2053,561.0,False,False,70.931495698306,2168,70.931495698306,high_missing
cc_dpd_def_sum_max,overdue_delay_numeric,feature,P2_missingness_review,route_to_overdue_delay_eda; consider_missingness_logic_later,overdue_delay_eda,high combined missingness,71.73922233676193,65.83579517479075,5.90342716197118,217,66.0,False,False,70.931495698306,229,70.931495698306,high_missing
cc_dpd_def_sum_mean,overdue_delay_numeric,feature,P2_missingness_review,route_to_overdue_delay_eda; consider_missingness_logic_later,overdue_delay_eda,high combined missingness,71.73922233676193,65.83579517479075,5.90342716197118,228,73.0,False,False,70.931495698306,241,70.931495698306,high_missing
cc_dpd_def_sum_min,overdue_delay_numeric,feature,P2_missingness_review,route_to_overdue_delay_eda; consider_missingness_logic_later,overdue_delay_eda,high combined missingness,71.73922233676193,65.83579517479075,5.90342716197118,215,66.0,False,False,70.931495698306,227,70.931495698306,high_missing
cc_dpd_def_sum_sum,overdue_delay_numeric,feature,P2_missingness_review,route_to_overdue_delay_eda; consider_missingness_logic_later,overdue_delay_eda,high combined missingness,71.73922233676193,65.83579517479075,5.90342716197118,217,66.0,False,False,70.931495698306,229,70.931495698306,high_missing
cc_dpd_max_max,overdue_delay_numeric,feature,P2_missingness_review,route_to_overdue_delay_eda; consider_missingness_logic_later,overdue_delay_eda,high combined missingness,71.73922233676193,65.83579517479075,5.90342716197118,409,182.0,False,False,70.931495698306,438,70.931495698306,high_missing
cc_dpd_max_mean,overdue_delay_numeric,feature,P2_missingness_review,route_to_overdue_delay_eda; consider_missingness_logic_later,overdue_delay_eda,high combined missingness,71.73922233676193,65.83579517479075,5.90342716197118,422,190.0,False,False,70.931495698306,455,70.931495698306,high_missing
cc_dpd_max_min,overdue_delay_numeric,feature,P2_missingness_review,route_to_overdue_delay_eda; consider_missingness_logic_later,overdue_delay_eda,high combined missingness,71.73922233676193,65.83579517479075,5.90342716197118,405,180.0,False,False,70.931495698306,434,70.931495698306,high_missing
cc_dpd_max_sum,overdue_delay_numeric,feature,P2_missingness_review,route_to_overdue_delay_eda; consider_missingness_logic_later,overdue_delay_eda,high combined missingness,71.73922233676193,65.83579517479075,5.90342716197118,412,183.0,False,False,70.931495698306,441,70.931495698306,high_missing
cc_dpd_mean_max,overdue_delay_numeric,feature,P2_missingness_review,route_to_overdue_delay_eda; consider_missingness_logic_later,overdue_delay_eda,high combined missingness,71.73922233676193,65.83579517479075,5.90342716197118,3516,939.0,False,False,70.931495698306,3839,70.931495698306,high_missing
cc_dpd_mean_mean,overdue_delay_numeric,feature,P2_missingness_review,route_to_overdue_delay_eda; consider_missingness_logic_later,overdue_delay_eda,high combined missingness,71.73922233676193,65.83579517479075,5.90342716197118,3560,957.0,False,False,70.931495698306,3892,70.931495698306,high_missing
cc_dpd_mean_min,overdue_delay_numeric,feature,P2_missingness_review,route_to_overdue_delay_eda; consider_missingness_logic_later,overdue_delay_eda,high combined missingness,71.73922233676193,65.83579517479075,5.90342716197118,3501,935.0,False,False,70.931495698306,3821,70.931495698306,high_missing
cc_dpd_mean_sum,overdue_delay_numeric,feature,P2_missingness_review,route_to_overdue_delay_eda; consider_missingness_logic_later,overdue_delay_eda,high combined missingness,71.73922233676193,65.83579517479075,5.90342716197118,3524,940.0,False,False,70.931495698306,3848,70.931495698306,high_missing
cc_dpd_std_max,overdue_delay_numeric,feature,P2_missingness_review,route_to_overdue_delay_eda; consider_missingness_logic_later,overdue_delay_eda,high combined missingness,71.94474344007207,65.95888724766125,5.985856192410822,4578,1078.0,False,False,71.12573858612511,5038,71.12573858612511,high_missing
cc_dpd_std_mean,overdue_delay_numeric,feature,P2_missingness_review,route_to_overdue_delay_eda; consider_missingness_logic_later,overdue_delay_eda,high combined missingness,71.94474344007207,65.95888724766125,5.985856192410822,4669,1105.0,False,False,71.12573858612511,5144,71.12573858612511,high_missing
cc_dpd_std_min,overdue_delay_numeric,feature,P2_missingness_review,route_to_overdue_delay_eda; consider_missingness_logic_later,overdue_delay_eda,high combined missingness,71.94474344007207,65.95888724766125,5.985856192410822,4557,1072.0,False,False,71.12573858612511,5012,71.12573858612511,high_missing
cc_dpd_std_sum,overdue_delay_numeric,feature,P2_missingness_review,route_to_overdue_delay_eda; consider_missingness_logic_later,overdue_delay_eda,high combined missingness,71.73922233676193,65.83579517479075,5.90342716197118,4587,1079.0,False,False,70.931495698306,5048,70.931495698306,high_missing
cc_dpd_sum_max,overdue_delay_numeric,feature,P2_missingness_review,route_to_overdue_delay_eda; consider_missingness_logic_later,overdue_delay_eda,high combined missingness,71.73922233676193,65.83579517479075,5.90342716197118,1464,335.0,False,False,70.931495698306,1627,70.931495698306,high_missing
cc_dpd_sum_mean,overdue_delay_numeric,feature,P2_missingness_review,route_to_overdue_delay_eda; consider_missingness_logic_later,overdue_delay_eda,high combined missingness,71.73922233676193,65.83579517479075,5.90342716197118,1481,344.0,False,False,70.931495698306,1648,70.931495698306,high_missing
cc_dpd_sum_min,overdue_delay_numeric,feature,P2_missingness_review,route_to_overdue_delay_eda; consider_missingness_logic_later,overdue_delay_eda,high combined missingness,71.73922233676193,65.83579517479075,5.90342716197118,1457,333.0,False,False,70.931495698306,1619,70.931495698306,high_missing
cc_dpd_sum_sum,overdue_delay_numeric,feature,P2_missingness_review,route_to_overdue_delay_eda; consider_missingness_logic_later,overdue_delay_eda,high combined missingness,71.73922233676193,65.83579517479075,5.90342716197118,1464,335.0,False,False,70.931495698306,1627,70.931495698306,high_missing
cc_dpd_trend_6m_vs_old_max,overdue_delay_numeric,feature,P2_missingness_review,route_to_overdue_delay_eda; consider_missingness_logic_later,overdue_delay_eda,high combined missingness,74.38628211673729,67.06876743804365,7.317514678693641,1682,518.0,False,False,73.3850752971888,1767,73.3850752971888,high_missing
cc_dpd_trend_6m_vs_old_mean,overdue_delay_numeric,feature,P2_missingness_review,route_to_overdue_delay_eda; consider_missingness_logic_later,overdue_delay_eda,high combined missingness,74.38628211673729,67.06876743804365,7.317514678693641,1709,532.0,False,False,73.3850752971888,1802,73.3850752971888,high_missing
cc_dpd_trend_6m_vs_old_min,overdue_delay_numeric,feature,P2_missingness_review,route_to_overdue_delay_eda; consider_missingness_logic_later,overdue_delay_eda,high combined missingness,74.38628211673729,67.06876743804365,7.317514678693641,1680,520.0,False,False,73.3850752971888,1765,73.3850752971888,high_missing
cc_dpd_trend_6m_vs_old_sum,overdue_delay_numeric,feature,P2_missingness_review,route_to_overdue_delay_eda; consider_missingness_logic_later,overdue_delay_eda,high combined missingness,71.73922233676193,65.83579517479075,5.90342716197118,1689,521.0,False,False,70.931495698306,1775,70.931495698306,high_missing
cc_latest_dpd,overdue_delay_numeric,feature,P2_missingness_review,route_to_overdue_delay_eda; consider_missingness_logic_later,overdue_delay_eda,high combined missingness,71.73922233676193,65.83579517479075,5.90342716197118,276,75.0,False,False,70.931495698306,304,70.931495698306,high_missing
cc_latest_dpd_def,overdue_delay_numeric,feature,P2_missingness_review,route_to_overdue_delay_eda; consider_missingness_logic_later,overdue_delay_eda,high combined missingness,71.73922233676193,65.83579517479075,5.90342716197118,24,9.0,False,False,70.931495698306,28,70.931495698306,high_missing
cc_latest_dpd_def_max,overdue_delay_numeric,feature,P2_missingness_review,route_to_overdue_delay_eda; consider_missingness_logic_later,overdue_delay_eda,high combined missingness,71.73922233676193,65.83579517479075,5.90342716197118,24,9.0,False,False,70.931495698306,28,70.931495698306,high_missing
cc_latest_dpd_def_mean,overdue_delay_numeric,feature,P2_missingness_review,route_to_overdue_delay_eda; consider_missingness_logic_later,overdue_delay_eda,high combined missingness,71.73922233676193,65.83579517479075,5.90342716197118,26,9.0,False,False,70.931495698306,30,70.931495698306,high_missing
cc_latest_dpd_def_min,overdue_delay_numeric,feature,P2_missingness_review,route_to_overdue_delay_eda; consider_missingness_logic_later,overdue_delay_eda,high combined missingness,71.73922233676193,65.83579517479075,5.90342716197118,23,9.0,False,False,70.931495698306,27,70.931495698306,high_missing
cc_latest_dpd_def_sum,overdue_delay_numeric,feature,P2_missingness_review,route_to_overdue_delay_eda; consider_missingness_logic_later,overdue_delay_eda,high combined missingness,71.73922233676193,65.83579517479075,5.90342716197118,24,9.0,False,False,70.931495698306,28,70.931495698306,high_missing
cc_latest_dpd_max,overdue_delay_numeric,feature,P2_missingness_review,route_to_overdue_delay_eda; consider_missingness_logic_later,overdue_delay_eda,high combined missingness,71.73922233676193,65.83579517479075,5.90342716197118,276,75.0,False,False,70.931495698306,304,70.931495698306,high_missing
cc_latest_dpd_mean,overdue_delay_numeric,feature,P2_missingness_review,route_to_overdue_delay_eda; consider_missingness_logic_later,overdue_delay_eda,high combined missingness,71.73922233676193,65.83579517479075,5.90342716197118,279,75.0,False,False,70.931495698306,307,70.931495698306,high_missing
cc_latest_dpd_min,overdue_delay_numeric,feature,P2_missingness_review,route_to_overdue_delay_eda; consider_missingness_logic_later,overdue_delay_eda,high combined missingness,71.73922233676193,65.83579517479075,5.90342716197118,275,75.0,False,False,70.931495698306,303,70.931495698306,high_missing
cc_latest_dpd_sum,overdue_delay_numeric,feature,P2_missingness_review,route_to_overdue_delay_eda; consider_missingness_logic_later,overdue_delay_eda,high combined missingness,71.73922233676193,65.83579517479075,5.90342716197118,276,75.0,False,False,70.931495698306,304,70.931495698306,high_missing
cc_old_dpd_mean_max,overdue_delay_numeric,feature,P2_missingness_review,route_to_overdue_delay_eda; consider_missingness_logic_later,overdue_delay_eda,high combined missingness,74.38628211673729,67.06466436894797,7.321617747789318,1226,444.0,False,False,73.38451390155927,1264,73.38451390155927,high_missing
cc_old_dpd_mean_mean,overdue_delay_numeric,feature,P2_missingness_review,route_to_overdue_delay_eda; consider_missingness_logic_later,overdue_delay_eda,high combined missingness,74.38628211673729,67.06466436894797,7.321617747789318,1254,456.0,False,False,73.38451390155927,1301,73.38451390155927,high_missing
cc_old_dpd_mean_min,overdue_delay_numeric,feature,P2_missingness_review,route_to_overdue_delay_eda; consider_missingness_logic_later,overdue_delay_eda,high combined missingness,74.38628211673729,67.06466436894797,7.321617747789318,1225,442.0,False,False,73.38451390155927,1263,73.38451390155927,high_missing
cc_old_dpd_mean_sum,overdue_delay_numeric,feature,P2_missingness_review,route_to_overdue_delay_eda; consider_missingness_logic_later,overdue_delay_eda,high combined missingness,71.73922233676193,65.83579517479075,5.90342716197118,1234,445.0,False,False,70.931495698306,1273,70.931495698306,high_missing
cc_recent_6m_dpd_mean_max,overdue_delay_numeric,feature,P2_missingness_review,route_to_overdue_delay_eda; consider_missingness_logic_later,overdue_delay_eda,high combined missingness,71.73922233676193,65.83989824388642,5.899324092875503,13,12.0,False,False,70.93205709393551,13,70.93205709393551,high_missing
cc_recent_6m_dpd_mean_mean,overdue_delay_numeric,feature,P2_missingness_review,route_to_overdue_delay_eda; consider_missingness_logic_later,overdue_delay_eda,high combined missingness,71.73922233676193,65.83989824388642,5.899324092875503,14,13.0,False,False,70.93205709393551,14,70.93205709393551,high_missing
cc_recent_6m_dpd_mean_min,overdue_delay_numeric,feature,P2_missingness_review,route_to_overdue_delay_eda; consider_missingness_logic_later,overdue_delay_eda,high combined missingness,71.73922233676193,65.83989824388642,5.899324092875503,13,12.0,False,False,70.93205709393551,13,70.93205709393551,high_missing
cc_recent_6m_dpd_mean_sum,overdue_delay_numeric,feature,P2_missingness_review,route_to_overdue_delay_eda; consider_missingness_logic_later,overdue_delay_eda,high combined missingness,71.73922233676193,65.83579517479075,5.90342716197118,13,12.0,False,False,70.931495698306,13,70.931495698306,high_missing
APARTMENTS_AVG,property_normalized_numeric,feature,P2_missingness_review,route_to_continuous_numeric_eda; consider_missingness_logic_later,continuous_numeric_eda,high combined missingness,50.74972927797705,49.00500574429673,1.744723533680322,2339,1543.0,False,False,50.51101037178426,2391,50.51101037178426,high_missing
APARTMENTS_MEDI,property_normalized_numeric,feature,P2_missingness_review,route_to_continuous_numeric_eda; consider_missingness_logic_later,continuous_numeric_eda,high combined missingness,50.74972927797705,49.00500574429673,1.744723533680322,1148,918.0,False,False,50.51101037178426,1163,50.51101037178426,high_missing
APARTMENTS_MODE,property_normalized_numeric,feature,P2_missingness_review,route_to_continuous_numeric_eda; consider_missingness_logic_later,continuous_numeric_eda,high combined missingness,50.74972927797705,49.00500574429673,1.744723533680322,760,636.0,False,False,50.51101037178426,770,50.51101037178426,high_missing
BASEMENTAREA_AVG,property_normalized_numeric,feature,P2_missingness_review,route_to_continuous_numeric_eda; consider_missingness_logic_later,continuous_numeric_eda,high combined missingness,58.51595552679416,56.7064664368948,1.809489089899358,3780,2816.0,False,False,58.26837518069922,3831,58.26837518069922,high_missing
BASEMENTAREA_MEDI,property_normalized_numeric,feature,P2_missingness_review,route_to_continuous_numeric_eda; consider_missingness_logic_later,continuous_numeric_eda,high combined missingness,58.51595552679416,56.7064664368948,1.809489089899358,3772,2805.0,False,False,58.26837518069922,3821,58.26837518069922,high_missing
BASEMENTAREA_MODE,property_normalized_numeric,feature,P2_missingness_review,route_to_continuous_numeric_eda; consider_missingness_logic_later,continuous_numeric_eda,high combined missingness,58.51595552679416,56.7064664368948,1.809489089899358,3841,2835.0,False,False,58.26837518069922,3891,58.26837518069922,high_missing
COMMONAREA_AVG,property_normalized_numeric,feature,P2_missingness_review,route_to_continuous_numeric_eda; consider_missingness_logic_later,continuous_numeric_eda,high combined missingness,69.87229725115525,68.71614967996061,1.156147571194637,3181,2042.0,False,False,69.71410927565928,3271,69.71410927565928,high_missing
COMMONAREA_MEDI,property_normalized_numeric,feature,P2_missingness_review,route_to_continuous_numeric_eda; consider_missingness_logic_later,continuous_numeric_eda,high combined missingness,69.87229725115525,68.71614967996061,1.156147571194637,3202,2034.0,False,False,69.71410927565928,3289,69.71410927565928,high_missing
COMMONAREA_MODE,property_normalized_numeric,feature,P2_missingness_review,route_to_continuous_numeric_eda; consider_missingness_logic_later,continuous_numeric_eda,high combined missingness,69.87229725115525,68.71614967996061,1.156147571194637,3128,2001.0,False,False,69.71410927565928,3215,69.71410927565928,high_missing
ELEVATORS_AVG,property_normalized_numeric,feature,P2_missingness_review,route_to_continuous_numeric_eda; consider_missingness_logic_later,continuous_numeric_eda,high combined missingness,53.29597965601231,51.67610372558674,1.619875930425565,257,181.0,False,False,53.07434281624117,266,53.07434281624117,high_missing
ELEVATORS_MEDI,property_normalized_numeric,feature,P2_missingness_review,route_to_continuous_numeric_eda; consider_missingness_logic_later,continuous_numeric_eda,high combined missingness,53.29597965601231,51.67610372558674,1.619875930425565,46,43.0,False,False,53.07434281624117,46,53.07434281624117,high_missing
ELEVATORS_MODE,property_normalized_numeric,feature,P2_missingness_review,route_to_continuous_numeric_eda; consider_missingness_logic_later,continuous_numeric_eda,high combined missingness,53.29597965601231,51.67610372558674,1.619875930425565,26,26.0,False,False,53.07434281624117,26,53.07434281624117,high_missing
ENTRANCES_AVG,property_normalized_numeric,feature,P2_missingness_review,route_to_continuous_numeric_eda; consider_missingness_logic_later,continuous_numeric_eda,high combined missingness,50.3487680115508,48.37313310356146,1.975634907989338,285,200.0,False,False,50.07845503922752,294,50.07845503922752,high_missing
ENTRANCES_MEDI,property_normalized_numeric,feature,P2_missingness_review,route_to_continuous_numeric_eda; consider_missingness_logic_later,continuous_numeric_eda,high combined missingness,50.3487680115508,48.37313310356146,1.975634907989338,46,43.0,False,False,50.07845503922752,46,50.07845503922752,high_missing
ENTRANCES_MODE,property_normalized_numeric,feature,P2_missingness_review,route_to_continuous_numeric_eda; consider_missingness_logic_later,continuous_numeric_eda,high combined missingness,50.3487680115508,48.37313310356146,1.975634907989338,30,30.0,False,False,50.07845503922752,30,50.07845503922752,high_missing
FLOORSMIN_AVG,property_normalized_numeric,feature,P2_missingness_review,route_to_continuous_numeric_eda; consider_missingness_logic_later,continuous_numeric_eda,high combined missingness,67.84862980511267,66.60512063023141,1.243509174881254,305,198.0,False,False,67.67848872296528,318,67.67848872296528,high_missing
FLOORSMIN_MEDI,property_normalized_numeric,feature,P2_missingness_review,route_to_continuous_numeric_eda; consider_missingness_logic_later,continuous_numeric_eda,high combined missingness,67.84862980511267,66.60512063023141,1.243509174881254,47,44.0,False,False,67.67848872296528,47,67.67848872296528,high_missing
FLOORSMIN_MODE,property_normalized_numeric,feature,P2_missingness_review,route_to_continuous_numeric_eda; consider_missingness_logic_later,continuous_numeric_eda,high combined missingness,67.84862980511267,66.60512063023141,1.243509174881254,25,25.0,False,False,67.67848872296528,25,67.67848872296528,high_missing
LANDAREA_AVG,property_normalized_numeric,feature,P2_missingness_review,route_to_continuous_numeric_eda; consider_missingness_logic_later,continuous_numeric_eda,high combined missingness,59.37673774271489,57.96405711472181,1.412680627993083,3527,2540.0,False,False,59.1834500568413,3580,59.1834500568413,high_missing
LANDAREA_MEDI,property_normalized_numeric,feature,P2_missingness_review,route_to_continuous_numeric_eda; consider_missingness_logic_later,continuous_numeric_eda,high combined missingness,59.37673774271489,57.96405711472181,1.412680627993083,3560,2562.0,False,False,59.1834500568413,3618,59.1834500568413,high_missing
LANDAREA_MODE,property_normalized_numeric,feature,P2_missingness_review,route_to_continuous_numeric_eda; consider_missingness_logic_later,continuous_numeric_eda,high combined missingness,59.37673774271489,57.96405711472181,1.412680627993083,3563,2560.0,False,False,59.1834500568413,3621,59.1834500568413,high_missing
LIVINGAPARTMENTS_AVG,property_normalized_numeric,feature,P2_missingness_review,route_to_continuous_numeric_eda; consider_missingness_logic_later,continuous_numeric_eda,high combined missingness,68.35495315614726,67.24930247825374,1.105650677893522,1868,1211.0,False,False,68.2036743343953,1917,68.2036743343953,high_missing
LIVINGAPARTMENTS_MEDI,property_normalized_numeric,feature,P2_missingness_review,route_to_continuous_numeric_eda; consider_missingness_logic_later,continuous_numeric_eda,high combined missingness,68.35495315614726,67.24930247825374,1.105650677893522,1097,843.0,False,False,68.2036743343953,1119,68.2036743343953,high_missing
LIVINGAPARTMENTS_MODE,property_normalized_numeric,feature,P2_missingness_review,route_to_continuous_numeric_eda; consider_missingness_logic_later,continuous_numeric_eda,high combined missingness,68.35495315614726,67.24930247825374,1.105650677893522,736,602.0,False,False,68.2036743343953,749,68.2036743343953,high_missing
NONLIVINGAPARTMENTS_AVG,property_normalized_numeric,feature,P2_missingness_review,route_to_continuous_numeric_eda; consider_missingness_logic_later,continuous_numeric_eda,high combined missingness,69.43296337366793,68.41252256688003,1.020440806787903,386,241.0,False,False,69.2933432513228,410,69.2933432513228,high_missing
NONLIVINGAPARTMENTS_MEDI,property_normalized_numeric,feature,P2_missingness_review,route_to_continuous_numeric_eda; consider_missingness_logic_later,continuous_numeric_eda,high combined missingness,69.43296337366793,68.41252256688003,1.020440806787903,214,134.0,False,False,69.2933432513228,231,69.2933432513228,high_missing
NONLIVINGAPARTMENTS_MODE,property_normalized_numeric,feature,P2_missingness_review,route_to_continuous_numeric_eda; consider_missingness_logic_later,continuous_numeric_eda,high combined missingness,69.43296337366793,68.41252256688003,1.020440806787903,167,106.0,False,False,69.2933432513228,178,69.2933432513228,high_missing
NONLIVINGAREA_AVG,property_normalized_numeric,feature,P2_missingness_review,route_to_continuous_numeric_eda; consider_missingness_logic_later,continuous_numeric_eda,high combined missingness,55.17916432257708,53.51222714590514,1.666937176671944,3290,2026.0,False,False,54.95108840577676,3397,54.95108840577676,high_missing
NONLIVINGAREA_MEDI,property_normalized_numeric,feature,P2_missingness_review,route_to_continuous_numeric_eda; consider_missingness_logic_later,continuous_numeric_eda,high combined missingness,55.17916432257708,53.51222714590514,1.666937176671944,3323,2030.0,False,False,54.95108840577676,3419,54.95108840577676,high_missing
NONLIVINGAREA_MODE,property_normalized_numeric,feature,P2_missingness_review,route_to_continuous_numeric_eda; consider_missingness_logic_later,continuous_numeric_eda,high combined missingness,55.17916432257708,53.51222714590514,1.666937176671944,3327,2025.0,False,False,54.95108840577676,3432,54.95108840577676,high_missing
YEARS_BUILD_AVG,property_normalized_numeric,feature,P2_missingness_review,route_to_continuous_numeric_eda; consider_missingness_logic_later,continuous_numeric_eda,high combined missingness,66.49778381911543,65.27572624322994,1.222057575885486,149,130.0,False,False,66.3305778164517,149,66.3305778164517,high_missing
YEARS_BUILD_MEDI,property_normalized_numeric,feature,P2_missingness_review,route_to_continuous_numeric_eda; consider_missingness_logic_later,continuous_numeric_eda,high combined missingness,66.49778381911543,65.27572624322994,1.222057575885486,151,129.0,False,False,66.3305778164517,151,66.3305778164517,high_missing
YEARS_BUILD_MODE,property_normalized_numeric,feature,P2_missingness_review,route_to_continuous_numeric_eda; consider_missingness_logic_later,continuous_numeric_eda,high combined missingness,66.49778381911543,65.27572624322994,1.222057575885486,154,132.0,False,False,66.3305778164517,154,66.3305778164517,high_missing
cc_atm_drawing_share_max_sum,ratio_rate_numeric,feature,P2_missingness_review,route_to_ratio_rate_eda; consider_missingness_logic_later,ratio_rate_eda,high combined missingness,71.73922233676193,65.83579517479075,5.90342716197118,6987,1382.0,False,False,70.931495698306,8264,70.931495698306,high_missing
cc_atm_drawing_share_mean_sum,ratio_rate_numeric,feature,P2_missingness_review,route_to_ratio_rate_eda; consider_missingness_logic_later,ratio_rate_eda,high combined missingness,71.73922233676193,65.83579517479075,5.90342716197118,24392,4477.0,False,False,70.931495698306,28637,70.931495698306,high_missing
cc_atm_drawing_share_min_sum,ratio_rate_numeric,feature,P2_missingness_review,route_to_ratio_rate_eda; consider_missingness_logic_later,ratio_rate_eda,high combined missingness,71.73922233676193,65.83579517479075,5.90342716197118,5529,888.0,False,False,70.931495698306,6290,70.931495698306,high_missing
cc_contract_with_dpd_30plus_ratio,ratio_rate_numeric,feature,P2_missingness_review,route_to_ratio_rate_eda; consider_missingness_logic_later,ratio_rate_eda,high combined missingness,71.73922233676193,65.83579517479075,5.90342716197118,3,3.0,False,False,70.931495698306,3,70.931495698306,high_missing
cc_contract_with_dpd_60plus_ratio,ratio_rate_numeric,feature,P2_missingness_review,route_to_ratio_rate_eda; consider_missingness_logic_later,ratio_rate_eda,high combined missingness,71.73922233676193,65.83579517479075,5.90342716197118,3,3.0,False,False,70.931495698306,3,70.931495698306,high_missing
cc_contract_with_dpd_90plus_ratio,ratio_rate_numeric,feature,P2_missingness_review,route_to_ratio_rate_eda; consider_missingness_logic_later,ratio_rate_eda,high combined missingness,71.73922233676193,65.83579517479075,5.90342716197118,3,3.0,False,False,70.931495698306,3,70.931495698306,high_missing
cc_contract_with_dpd_def_30plus_ratio,ratio_rate_numeric,feature,P2_missingness_review,route_to_ratio_rate_eda; consider_missingness_logic_later,ratio_rate_eda,high combined missingness,71.73922233676193,65.83579517479075,5.90342716197118,3,2.0,False,False,70.931495698306,3,70.931495698306,high_missing
cc_contract_with_dpd_def_60plus_ratio,ratio_rate_numeric,feature,P2_missingness_review,route_to_ratio_rate_eda; consider_missingness_logic_later,ratio_rate_eda,high combined missingness,71.73922233676193,65.83579517479075,5.90342716197118,3,2.0,False,False,70.931495698306,3,70.931495698306,high_missing
cc_contract_with_dpd_def_90plus_ratio,ratio_rate_numeric,feature,P2_missingness_review,route_to_ratio_rate_eda; consider_missingness_logic_later,ratio_rate_eda,high combined missingness,71.73922233676193,65.83579517479075,5.90342716197118,3,2.0,False,False,70.931495698306,3,70.931495698306,high_missing
cc_contract_with_dpd_def_ratio,ratio_rate_numeric,feature,P2_missingness_review,route_to_ratio_rate_eda; consider_missingness_logic_later,ratio_rate_eda,high combined missingness,71.73922233676193,65.83579517479075,5.90342716197118,3,4.0,False,False,70.931495698306,4,70.931495698306,high_missing
cc_contract_with_dpd_ratio,ratio_rate_numeric,feature,P2_missingness_review,route_to_ratio_rate_eda; consider_missingness_logic_later,ratio_rate_eda,high combined missingness,71.73922233676193,65.83579517479075,5.90342716197118,3,4.0,False,False,70.931495698306,4,70.931495698306,high_missing
cc_contract_with_high_utilization_100plus_count,ratio_rate_numeric,feature,P2_missingness_review,route_to_ratio_rate_eda; consider_missingness_logic_later,ratio_rate_eda,high combined missingness,71.73922233676193,65.83579517479075,5.90342716197118,3,3.0,False,False,70.931495698306,3,70.931495698306,high_missing
cc_contract_with_high_utilization_100plus_ratio,ratio_rate_numeric,feature,P2_missingness_review,route_to_ratio_rate_eda; consider_missingness_logic_later,ratio_rate_eda,high combined missingness,71.73922233676193,65.83579517479075,5.90342716197118,3,5.0,False,False,70.931495698306,5,70.931495698306,high_missing
cc_contract_with_high_utilization_80plus_count,ratio_rate_numeric,feature,P2_missingness_review,route_to_ratio_rate_eda; consider_missingness_logic_later,ratio_rate_eda,high combined missingness,71.73922233676193,65.83579517479075,5.90342716197118,3,3.0,False,False,70.931495698306,3,70.931495698306,high_missing
cc_contract_with_high_utilization_80plus_ratio,ratio_rate_numeric,feature,P2_missingness_review,route_to_ratio_rate_eda; consider_missingness_logic_later,ratio_rate_eda,high combined missingness,71.73922233676193,65.83579517479075,5.90342716197118,4,5.0,False,False,70.931495698306,5,70.931495698306,high_missing
cc_contract_with_limit_change_ratio,ratio_rate_numeric,feature,P2_missingness_review,route_to_ratio_rate_eda; consider_missingness_logic_later,ratio_rate_eda,high combined missingness,71.73922233676193,65.83579517479075,5.90342716197118,5,4.0,False,False,70.931495698306,5,70.931495698306,high_missing
cc_contract_with_no_payment_with_balance_ratio,ratio_rate_numeric,feature,P2_missingness_review,route_to_ratio_rate_eda; consider_missingness_logic_later,ratio_rate_eda,high combined missingness,71.73922233676193,65.83579517479075,5.90342716197118,4,4.0,False,False,70.931495698306,5,70.931495698306,high_missing
cc_contract_with_payment_less_than_min_ratio,ratio_rate_numeric,feature,P2_missingness_review,route_to_ratio_rate_eda; consider_missingness_logic_later,ratio_rate_eda,high combined missingness,71.73922233676193,65.83579517479075,5.90342716197118,4,4.0,False,False,70.931495698306,4,70.931495698306,high_missing
cc_credit_utilization_capped_max_max,ratio_rate_numeric,feature,P2_missingness_review,route_to_ratio_rate_eda; consider_missingness_logic_later,ratio_rate_eda,high combined missingness,72.02181385381336,66.33636960446414,5.685444249349217,55724,10395.0,False,False,71.24391236614223,65113,71.24391236614223,high_missing
cc_credit_utilization_capped_max_mean,ratio_rate_numeric,feature,P2_missingness_review,route_to_ratio_rate_eda; consider_missingness_logic_later,ratio_rate_eda,high combined missingness,72.02181385381336,66.33636960446414,5.685444249349217,55768,10398.0,False,False,71.24391236614223,65180,71.24391236614223,high_missing
cc_credit_utilization_capped_max_min,ratio_rate_numeric,feature,P2_missingness_review,route_to_ratio_rate_eda; consider_missingness_logic_later,ratio_rate_eda,high combined missingness,72.02181385381336,66.33636960446414,5.685444249349217,55534,10320.0,False,False,71.24391236614223,64870,71.24391236614223,high_missing
cc_credit_utilization_capped_max_sum,ratio_rate_numeric,feature,P2_missingness_review,route_to_ratio_rate_eda; consider_missingness_logic_later,ratio_rate_eda,high combined missingness,71.73922233676193,65.83579517479075,5.90342716197118,55753,10397.0,False,False,70.931495698306,65164,70.931495698306,high_missing
cc_credit_utilization_capped_mean_max,ratio_rate_numeric,feature,P2_missingness_review,route_to_ratio_rate_eda; consider_missingness_logic_later,ratio_rate_eda,high combined missingness,72.02181385381336,66.33636960446414,5.685444249349217,59024,10597.0,False,False,71.24391236614223,69422,71.24391236614223,high_missing
cc_credit_utilization_capped_mean_mean,ratio_rate_numeric,feature,P2_missingness_review,route_to_ratio_rate_eda; consider_missingness_logic_later,ratio_rate_eda,high combined missingness,72.02181385381336,66.33636960446414,5.685444249349217,59028,10597.0,False,False,71.24391236614223,69432,71.24391236614223,high_missing
cc_credit_utilization_capped_mean_min,ratio_rate_numeric,feature,P2_missingness_review,route_to_ratio_rate_eda; consider_missingness_logic_later,ratio_rate_eda,high combined missingness,72.02181385381336,66.33636960446414,5.685444249349217,58796,10520.0,False,False,71.24391236614223,69117,71.24391236614223,high_missing
cc_credit_utilization_capped_mean_sum,ratio_rate_numeric,feature,P2_missingness_review,route_to_ratio_rate_eda; consider_missingness_logic_later,ratio_rate_eda,high combined missingness,71.73922233676193,65.83579517479075,5.90342716197118,59025,10597.0,False,False,70.931495698306,69426,70.931495698306,high_missing
cc_credit_utilization_capped_min_max,ratio_rate_numeric,feature,P2_missingness_review,route_to_ratio_rate_eda; consider_missingness_logic_later,ratio_rate_eda,high combined missingness,72.02181385381336,66.33636960446414,5.685444249349217,11887,1964.0,False,False,71.24391236614223,13705,71.24391236614223,high_missing
cc_credit_utilization_capped_min_mean,ratio_rate_numeric,feature,P2_missingness_review,route_to_ratio_rate_eda; consider_missingness_logic_later,ratio_rate_eda,high combined missingness,72.02181385381336,66.33636960446414,5.685444249349217,11893,1965.0,False,False,71.24391236614223,13712,71.24391236614223,high_missing
cc_credit_utilization_capped_min_min,ratio_rate_numeric,feature,P2_missingness_review,route_to_ratio_rate_eda; consider_missingness_logic_later,ratio_rate_eda,high combined missingness,72.02181385381336,66.33636960446414,5.685444249349217,11802,1918.0,False,False,71.24391236614223,13575,71.24391236614223,high_missing
cc_credit_utilization_capped_min_sum,ratio_rate_numeric,feature,P2_missingness_review,route_to_ratio_rate_eda; consider_missingness_logic_later,ratio_rate_eda,high combined missingness,71.73922233676193,65.83579517479075,5.90342716197118,11887,1964.0,False,False,70.931495698306,13705,70.931495698306,high_missing
cc_credit_utilization_capped_std_max,ratio_rate_numeric,feature,P2_missingness_review,route_to_ratio_rate_eda; consider_missingness_logic_later,ratio_rate_eda,high combined missingness,72.2348143643642,66.40612177909077,5.82869258527343,58848,10585.0,False,False,71.43731316051705,69223,71.43731316051705,high_missing
cc_credit_utilization_capped_std_mean,ratio_rate_numeric,feature,P2_missingness_review,route_to_ratio_rate_eda; consider_missingness_logic_later,ratio_rate_eda,high combined missingness,72.2348143643642,66.40612177909077,5.82869258527343,58854,10585.0,False,False,71.43731316051705,69238,71.43731316051705,high_missing
cc_credit_utilization_capped_std_min,ratio_rate_numeric,feature,P2_missingness_review,route_to_ratio_rate_eda; consider_missingness_logic_later,ratio_rate_eda,high combined missingness,72.2348143643642,66.40612177909077,5.82869258527343,58641,10510.0,False,False,71.43731316051705,68948,71.43731316051705,high_missing
cc_credit_utilization_capped_std_sum,ratio_rate_numeric,feature,P2_missingness_review,route_to_ratio_rate_eda; consider_missingness_logic_later,ratio_rate_eda,high combined missingness,71.73922233676193,65.83579517479075,5.90342716197118,58853,10585.0,False,False,70.931495698306,69234,70.931495698306,high_missing
cc_credit_utilization_max_max,ratio_rate_numeric,feature,P2_missingness_review,route_to_ratio_rate_eda; consider_missingness_logic_later,ratio_rate_eda,high combined missingness,72.02181385381336,66.33636960446414,5.685444249349217,55724,10395.0,False,False,71.24391236614223,65113,71.24391236614223,high_missing
cc_credit_utilization_max_mean,ratio_rate_numeric,feature,P2_missingness_review,route_to_ratio_rate_eda; consider_missingness_logic_later,ratio_rate_eda,high combined missingness,72.02181385381336,66.33636960446414,5.685444249349217,55768,10398.0,False,False,71.24391236614223,65180,71.24391236614223,high_missing
cc_credit_utilization_max_min,ratio_rate_numeric,feature,P2_missingness_review,route_to_ratio_rate_eda; consider_missingness_logic_later,ratio_rate_eda,high combined missingness,72.02181385381336,66.33636960446414,5.685444249349217,55534,10320.0,False,False,71.24391236614223,64870,71.24391236614223,high_missing
cc_credit_utilization_max_sum,ratio_rate_numeric,feature,P2_missingness_review,route_to_ratio_rate_eda; consider_missingness_logic_later,ratio_rate_eda,high combined missingness,71.73922233676193,65.83579517479075,5.90342716197118,55753,10397.0,False,False,70.931495698306,65164,70.931495698306,high_missing
cc_credit_utilization_mean_max,ratio_rate_numeric,feature,P2_missingness_review,route_to_ratio_rate_eda; consider_missingness_logic_later,ratio_rate_eda,high combined missingness,72.02181385381336,66.33636960446414,5.685444249349217,59045,10604.0,False,False,71.24391236614223,69449,71.24391236614223,high_missing
cc_credit_utilization_mean_mean,ratio_rate_numeric,feature,P2_missingness_review,route_to_ratio_rate_eda; consider_missingness_logic_later,ratio_rate_eda,high combined missingness,72.02181385381336,66.33636960446414,5.685444249349217,59049,10604.0,False,False,71.24391236614223,69459,71.24391236614223,high_missing
cc_credit_utilization_mean_min,ratio_rate_numeric,feature,P2_missingness_review,route_to_ratio_rate_eda; consider_missingness_logic_later,ratio_rate_eda,high combined missingness,72.02181385381336,66.33636960446414,5.685444249349217,58817,10527.0,False,False,71.24391236614223,69144,71.24391236614223,high_missing
cc_credit_utilization_mean_sum,ratio_rate_numeric,feature,P2_missingness_review,route_to_ratio_rate_eda; consider_missingness_logic_later,ratio_rate_eda,high combined missingness,71.73922233676193,65.83579517479075,5.90342716197118,59047,10604.0,False,False,70.931495698306,69454,70.931495698306,high_missing
cc_credit_utilization_min_max,ratio_rate_numeric,feature,P2_missingness_review,route_to_ratio_rate_eda; consider_missingness_logic_later,ratio_rate_eda,high combined missingness,72.02181385381336,66.33636960446414,5.685444249349217,12412,2060.0,False,False,71.24391236614223,14315,71.24391236614223,high_missing
cc_credit_utilization_min_mean,ratio_rate_numeric,feature,P2_missingness_review,route_to_ratio_rate_eda; consider_missingness_logic_later,ratio_rate_eda,high combined missingness,72.02181385381336,66.33636960446414,5.685444249349217,12422,2062.0,False,False,71.24391236614223,14326,71.24391236614223,high_missing
cc_credit_utilization_min_min,ratio_rate_numeric,feature,P2_missingness_review,route_to_ratio_rate_eda; consider_missingness_logic_later,ratio_rate_eda,high combined missingness,72.02181385381336,66.33636960446414,5.685444249349217,12331,2015.0,False,False,71.24391236614223,14189,71.24391236614223,high_missing
cc_credit_utilization_min_sum,ratio_rate_numeric,feature,P2_missingness_review,route_to_ratio_rate_eda; consider_missingness_logic_later,ratio_rate_eda,high combined missingness,71.73922233676193,65.83579517479075,5.90342716197118,12415,2061.0,False,False,70.931495698306,14318,70.931495698306,high_missing
cc_credit_utilization_std_max,ratio_rate_numeric,feature,P2_missingness_review,route_to_ratio_rate_eda; consider_missingness_logic_later,ratio_rate_eda,high combined missingness,72.2348143643642,66.40612177909077,5.82869258527343,58871,10592.0,False,False,71.43731316051705,69253,71.43731316051705,high_missing
cc_credit_utilization_std_mean,ratio_rate_numeric,feature,P2_missingness_review,route_to_ratio_rate_eda; consider_missingness_logic_later,ratio_rate_eda,high combined missingness,72.2348143643642,66.40612177909077,5.82869258527343,58877,10592.0,False,False,71.43731316051705,69268,71.43731316051705,high_missing
cc_credit_utilization_std_min,ratio_rate_numeric,feature,P2_missingness_review,route_to_ratio_rate_eda; consider_missingness_logic_later,ratio_rate_eda,high combined missingness,72.2348143643642,66.40612177909077,5.82869258527343,58664,10517.0,False,False,71.43731316051705,68978,71.43731316051705,high_missing
cc_credit_utilization_std_sum,ratio_rate_numeric,feature,P2_missingness_review,route_to_ratio_rate_eda; consider_missingness_logic_later,ratio_rate_eda,high combined missingness,71.73922233676193,65.83579517479075,5.90342716197118,58876,10592.0,False,False,70.931495698306,69264,70.931495698306,high_missing
cc_dpd_30plus_ratio_max,ratio_rate_numeric,feature,P2_missingness_review,route_to_ratio_rate_eda; consider_missingness_logic_later,ratio_rate_eda,high combined missingness,71.73922233676193,65.83579517479075,5.90342716197118,909,229.0,False,False,70.931495698306,967,70.931495698306,high_missing
cc_dpd_30plus_ratio_mean,ratio_rate_numeric,feature,P2_missingness_review,route_to_ratio_rate_eda; consider_missingness_logic_later,ratio_rate_eda,high combined missingness,71.73922233676193,65.83579517479075,5.90342716197118,918,230.0,False,False,70.931495698306,978,70.931495698306,high_missing
cc_dpd_30plus_ratio_min,ratio_rate_numeric,feature,P2_missingness_review,route_to_ratio_rate_eda; consider_missingness_logic_later,ratio_rate_eda,high combined missingness,71.73922233676193,65.83579517479075,5.90342716197118,905,227.0,False,False,70.931495698306,963,70.931495698306,high_missing
cc_dpd_60plus_ratio_max,ratio_rate_numeric,feature,P2_missingness_review,route_to_ratio_rate_eda; consider_missingness_logic_later,ratio_rate_eda,high combined missingness,71.73922233676193,65.83579517479075,5.90342716197118,857,208.0,False,False,70.931495698306,914,70.931495698306,high_missing
cc_dpd_60plus_ratio_mean,ratio_rate_numeric,feature,P2_missingness_review,route_to_ratio_rate_eda; consider_missingness_logic_later,ratio_rate_eda,high combined missingness,71.73922233676193,65.83579517479075,5.90342716197118,859,208.0,False,False,70.931495698306,915,70.931495698306,high_missing
cc_dpd_60plus_ratio_min,ratio_rate_numeric,feature,P2_missingness_review,route_to_ratio_rate_eda; consider_missingness_logic_later,ratio_rate_eda,high combined missingness,71.73922233676193,65.83579517479075,5.90342716197118,849,206.0,False,False,70.931495698306,906,70.931495698306,high_missing
cc_dpd_90plus_ratio_max,ratio_rate_numeric,feature,P2_missingness_review,route_to_ratio_rate_eda; consider_missingness_logic_later,ratio_rate_eda,high combined missingness,71.73922233676193,65.83579517479075,5.90342716197118,839,187.0,False,False,70.931495698306,891,70.931495698306,high_missing
cc_dpd_90plus_ratio_mean,ratio_rate_numeric,feature,P2_missingness_review,route_to_ratio_rate_eda; consider_missingness_logic_later,ratio_rate_eda,high combined missingness,71.73922233676193,65.83579517479075,5.90342716197118,840,187.0,False,False,70.931495698306,893,70.931495698306,high_missing
cc_dpd_90plus_ratio_min,ratio_rate_numeric,feature,P2_missingness_review,route_to_ratio_rate_eda; consider_missingness_logic_later,ratio_rate_eda,high combined missingness,71.73922233676193,65.83579517479075,5.90342716197118,835,185.0,False,False,70.931495698306,887,70.931495698306,high_missing
cc_dpd_def_30plus_ratio_max,ratio_rate_numeric,feature,P2_missingness_review,route_to_ratio_rate_eda; consider_missingness_logic_later,ratio_rate_eda,high combined missingness,71.73922233676193,65.83579517479075,5.90342716197118,140,14.0,False,False,70.931495698306,150,70.931495698306,high_missing
cc_dpd_def_30plus_ratio_mean,ratio_rate_numeric,feature,P2_missingness_review,route_to_ratio_rate_eda; consider_missingness_logic_later,ratio_rate_eda,high combined missingness,71.73922233676193,65.83579517479075,5.90342716197118,141,14.0,False,False,70.931495698306,151,70.931495698306,high_missing
cc_dpd_def_30plus_ratio_min,ratio_rate_numeric,feature,P2_missingness_review,route_to_ratio_rate_eda; consider_missingness_logic_later,ratio_rate_eda,high combined missingness,71.73922233676193,65.83579517479075,5.90342716197118,139,14.0,False,False,70.931495698306,149,70.931495698306,high_missing
cc_dpd_def_60plus_ratio_max,ratio_rate_numeric,feature,P2_missingness_review,route_to_ratio_rate_eda; consider_missingness_logic_later,ratio_rate_eda,high combined missingness,71.73922233676193,65.83579517479075,5.90342716197118,61,13.0,False,False,70.931495698306,72,70.931495698306,high_missing
cc_dpd_def_60plus_ratio_mean,ratio_rate_numeric,feature,P2_missingness_review,route_to_ratio_rate_eda; consider_missingness_logic_later,ratio_rate_eda,high combined missingness,71.73922233676193,65.83579517479075,5.90342716197118,61,13.0,False,False,70.931495698306,72,70.931495698306,high_missing
cc_dpd_def_60plus_ratio_min,ratio_rate_numeric,feature,P2_missingness_review,route_to_ratio_rate_eda; consider_missingness_logic_later,ratio_rate_eda,high combined missingness,71.73922233676193,65.83579517479075,5.90342716197118,60,13.0,False,False,70.931495698306,71,70.931495698306,high_missing
cc_dpd_def_90plus_ratio_max,ratio_rate_numeric,feature,P2_missingness_review,route_to_ratio_rate_eda; consider_missingness_logic_later,ratio_rate_eda,high combined missingness,71.73922233676193,65.83579517479075,5.90342716197118,22,12.0,False,False,70.931495698306,32,70.931495698306,high_missing
cc_dpd_def_90plus_ratio_mean,ratio_rate_numeric,feature,P2_missingness_review,route_to_ratio_rate_eda; consider_missingness_logic_later,ratio_rate_eda,high combined missingness,71.73922233676193,65.83579517479075,5.90342716197118,22,12.0,False,False,70.931495698306,32,70.931495698306,high_missing
cc_dpd_def_90plus_ratio_min,ratio_rate_numeric,feature,P2_missingness_review,route_to_ratio_rate_eda; consider_missingness_logic_later,ratio_rate_eda,high combined missingness,71.73922233676193,65.83579517479075,5.90342716197118,21,12.0,False,False,70.931495698306,31,70.931495698306,high_missing
cc_has_atm_drawing_count_count_mean,ratio_rate_numeric,feature,P2_missingness_review,route_to_ratio_rate_eda; consider_missingness_logic_later,ratio_rate_eda,high combined missingness,71.73922233676193,65.83579517479075,5.90342716197118,85,66.0,False,False,70.931495698306,87,70.931495698306,high_missing
cc_has_atm_drawing_count_mean,ratio_rate_numeric,feature,P2_missingness_review,route_to_ratio_rate_eda; consider_missingness_logic_later,ratio_rate_eda,high combined missingness,71.73922233676193,65.83579517479075,5.90342716197118,85,66.0,False,False,70.931495698306,87,70.931495698306,high_missing
cc_has_atm_drawing_count_ratio_max,ratio_rate_numeric,feature,P2_missingness_review,route_to_ratio_rate_eda; consider_missingness_logic_later,ratio_rate_eda,high combined missingness,71.73922233676193,65.83579517479075,5.90342716197118,1515,931.0,False,False,70.931495698306,1564,70.931495698306,high_missing
cc_has_atm_drawing_count_ratio_mean,ratio_rate_numeric,feature,P2_missingness_review,route_to_ratio_rate_eda; consider_missingness_logic_later,ratio_rate_eda,high combined missingness,71.73922233676193,65.83579517479075,5.90342716197118,1679,991.0,False,False,70.931495698306,1777,70.931495698306,high_missing
cc_has_atm_drawing_count_ratio_min,ratio_rate_numeric,feature,P2_missingness_review,route_to_ratio_rate_eda; consider_missingness_logic_later,ratio_rate_eda,high combined missingness,71.73922233676193,65.83579517479075,5.90342716197118,1515,931.0,False,False,70.931495698306,1564,70.931495698306,high_missing
cc_has_atm_drawing_ratio_max,ratio_rate_numeric,feature,P2_missingness_review,route_to_ratio_rate_eda; consider_missingness_logic_later,ratio_rate_eda,high combined missingness,71.73922233676193,65.83579517479075,5.90342716197118,1515,931.0,False,False,70.931495698306,1564,70.931495698306,high_missing
cc_has_atm_drawing_ratio_mean,ratio_rate_numeric,feature,P2_missingness_review,route_to_ratio_rate_eda; consider_missingness_logic_later,ratio_rate_eda,high combined missingness,71.73922233676193,65.83579517479075,5.90342716197118,1679,991.0,False,False,70.931495698306,1777,70.931495698306,high_missing
cc_has_atm_drawing_ratio_min,ratio_rate_numeric,feature,P2_missingness_review,route_to_ratio_rate_eda; consider_missingness_logic_later,ratio_rate_eda,high combined missingness,71.73922233676193,65.83579517479075,5.90342716197118,1515,931.0,False,False,70.931495698306,1564,70.931495698306,high_missing
cc_has_balance_count_mean,ratio_rate_numeric,feature,P2_missingness_review,route_to_ratio_rate_eda; consider_missingness_logic_later,ratio_rate_eda,high combined missingness,71.73922233676193,65.83579517479075,5.90342716197118,135,126.0,False,False,70.931495698306,138,70.931495698306,high_missing
cc_has_balance_ratio_max,ratio_rate_numeric,feature,P2_missingness_review,route_to_ratio_rate_eda; consider_missingness_logic_later,ratio_rate_eda,high combined missingness,71.73922233676193,65.83579517479075,5.90342716197118,2419,1450.0,False,False,70.931495698306,2476,70.931495698306,high_missing
cc_has_balance_ratio_mean,ratio_rate_numeric,feature,P2_missingness_review,route_to_ratio_rate_eda; consider_missingness_logic_later,ratio_rate_eda,high combined missingness,71.73922233676193,65.83579517479075,5.90342716197118,2605,1518.0,False,False,70.931495698306,2715,70.931495698306,high_missing
cc_has_balance_ratio_min,ratio_rate_numeric,feature,P2_missingness_review,route_to_ratio_rate_eda; consider_missingness_logic_later,ratio_rate_eda,high combined missingness,71.73922233676193,65.83579517479075,5.90342716197118,2420,1450.0,False,False,70.931495698306,2476,70.931495698306,high_missing
cc_has_dpd_count_mean,ratio_rate_numeric,feature,P2_missingness_review,route_to_ratio_rate_eda; consider_missingness_logic_later,ratio_rate_eda,high combined missingness,71.73922233676193,65.83579517479075,5.90342716197118,101,84.0,False,False,70.931495698306,103,70.931495698306,high_missing
cc_has_dpd_def_count_mean,ratio_rate_numeric,feature,P2_missingness_review,route_to_ratio_rate_eda; consider_missingness_logic_later,ratio_rate_eda,high combined missingness,71.73922233676193,65.83579517479075,5.90342716197118,75,54.0,False,False,70.931495698306,80,70.931495698306,high_missing
cc_has_dpd_def_ratio_max,ratio_rate_numeric,feature,P2_missingness_review,route_to_ratio_rate_eda; consider_missingness_logic_later,ratio_rate_eda,high combined missingness,71.73922233676193,65.83579517479075,5.90342716197118,870,381.0,False,False,70.931495698306,893,70.931495698306,high_missing
cc_has_dpd_def_ratio_mean,ratio_rate_numeric,feature,P2_missingness_review,route_to_ratio_rate_eda; consider_missingness_logic_later,ratio_rate_eda,high combined missingness,71.73922233676193,65.83579517479075,5.90342716197118,907,395.0,False,False,70.931495698306,938,70.931495698306,high_missing
cc_has_dpd_def_ratio_min,ratio_rate_numeric,feature,P2_missingness_review,route_to_ratio_rate_eda; consider_missingness_logic_later,ratio_rate_eda,high combined missingness,71.73922233676193,65.83579517479075,5.90342716197118,867,379.0,False,False,70.931495698306,890,70.931495698306,high_missing
cc_has_dpd_ratio_max,ratio_rate_numeric,feature,P2_missingness_review,route_to_ratio_rate_eda; consider_missingness_logic_later,ratio_rate_eda,high combined missingness,71.73922233676193,65.83579517479075,5.90342716197118,1345,519.0,False,False,70.931495698306,1387,70.931495698306,high_missing
cc_has_dpd_ratio_mean,ratio_rate_numeric,feature,P2_missingness_review,route_to_ratio_rate_eda; consider_missingness_logic_later,ratio_rate_eda,high combined missingness,71.73922233676193,65.83579517479075,5.90342716197118,1388,534.0,False,False,70.931495698306,1438,70.931495698306,high_missing
cc_has_dpd_ratio_min,ratio_rate_numeric,feature,P2_missingness_review,route_to_ratio_rate_eda; consider_missingness_logic_later,ratio_rate_eda,high combined missingness,71.73922233676193,65.83579517479075,5.90342716197118,1342,516.0,False,False,70.931495698306,1384,70.931495698306,high_missing
cc_has_drawing_count_count_mean,ratio_rate_numeric,feature,P2_missingness_review,route_to_ratio_rate_eda; consider_missingness_logic_later,ratio_rate_eda,high combined missingness,71.73922233676193,65.83579517479075,5.90342716197118,96,83.0,False,False,70.931495698306,100,70.931495698306,high_missing
cc_has_drawing_count_mean,ratio_rate_numeric,feature,P2_missingness_review,route_to_ratio_rate_eda; consider_missingness_logic_later,ratio_rate_eda,high combined missingness,71.73922233676193,65.83579517479075,5.90342716197118,97,81.0,False,False,70.931495698306,100,70.931495698306,high_missing
cc_has_drawing_count_ratio_max,ratio_rate_numeric,feature,P2_missingness_review,route_to_ratio_rate_eda; consider_missingness_logic_later,ratio_rate_eda,high combined missingness,71.73922233676193,65.83579517479075,5.90342716197118,1704,1083.0,False,False,70.931495698306,1768,70.931495698306,high_missing
cc_has_drawing_count_ratio_mean,ratio_rate_numeric,feature,P2_missingness_review,route_to_ratio_rate_eda; consider_missingness_logic_later,ratio_rate_eda,high combined missingness,71.73922233676193,65.83579517479075,5.90342716197118,1898,1148.0,False,False,70.931495698306,2015,70.931495698306,high_missing
cc_has_drawing_count_ratio_min,ratio_rate_numeric,feature,P2_missingness_review,route_to_ratio_rate_eda; consider_missingness_logic_later,ratio_rate_eda,high combined missingness,71.73922233676193,65.83579517479075,5.90342716197118,1705,1081.0,False,False,70.931495698306,1769,70.931495698306,high_missing
cc_has_drawing_ratio_max,ratio_rate_numeric,feature,P2_missingness_review,route_to_ratio_rate_eda; consider_missingness_logic_later,ratio_rate_eda,high combined missingness,71.73922233676193,65.83579517479075,5.90342716197118,1708,1073.0,False,False,70.931495698306,1769,70.931495698306,high_missing
cc_has_drawing_ratio_mean,ratio_rate_numeric,feature,P2_missingness_review,route_to_ratio_rate_eda; consider_missingness_logic_later,ratio_rate_eda,high combined missingness,71.73922233676193,65.83579517479075,5.90342716197118,1899,1151.0,False,False,70.931495698306,2026,70.931495698306,high_missing
cc_has_drawing_ratio_min,ratio_rate_numeric,feature,P2_missingness_review,route_to_ratio_rate_eda; consider_missingness_logic_later,ratio_rate_eda,high combined missingness,71.73922233676193,65.83579517479075,5.90342716197118,1708,1071.0,False,False,70.931495698306,1769,70.931495698306,high_missing
cc_has_min_instalment_count_mean,ratio_rate_numeric,feature,P2_missingness_review,route_to_ratio_rate_eda; consider_missingness_logic_later,ratio_rate_eda,high combined missingness,71.73922233676193,65.83579517479075,5.90342716197118,139,128.0,False,False,70.931495698306,142,70.931495698306,high_missing
cc_has_min_instalment_ratio_max,ratio_rate_numeric,feature,P2_missingness_review,route_to_ratio_rate_eda; consider_missingness_logic_later,ratio_rate_eda,high combined missingness,71.73922233676193,65.83579517479075,5.90342716197118,2445,1480.0,False,False,70.931495698306,2496,70.931495698306,high_missing
cc_has_min_instalment_ratio_mean,ratio_rate_numeric,feature,P2_missingness_review,route_to_ratio_rate_eda; consider_missingness_logic_later,ratio_rate_eda,high combined missingness,71.73922233676193,65.83579517479075,5.90342716197118,2659,1558.0,False,False,70.931495698306,2775,70.931495698306,high_missing
cc_has_min_instalment_ratio_min,ratio_rate_numeric,feature,P2_missingness_review,route_to_ratio_rate_eda; consider_missingness_logic_later,ratio_rate_eda,high combined missingness,71.73922233676193,65.83579517479075,5.90342716197118,2446,1478.0,False,False,70.931495698306,2497,70.931495698306,high_missing
cc_has_other_drawing_count_count_mean,ratio_rate_numeric,feature,P2_missingness_review,route_to_ratio_rate_eda; consider_missingness_logic_later,ratio_rate_eda,high combined missingness,71.73922233676193,65.83579517479075,5.90342716197118,29,15.0,False,False,70.931495698306,29,70.931495698306,high_missing
cc_has_other_drawing_count_mean,ratio_rate_numeric,feature,P2_missingness_review,route_to_ratio_rate_eda; consider_missingness_logic_later,ratio_rate_eda,high combined missingness,71.73922233676193,65.83579517479075,5.90342716197118,29,15.0,False,False,70.931495698306,29,70.931495698306,high_missing
cc_has_other_drawing_count_ratio_max,ratio_rate_numeric,feature,P2_missingness_review,route_to_ratio_rate_eda; consider_missingness_logic_later,ratio_rate_eda,high combined missingness,71.73922233676193,65.83579517479075,5.90342716197118,368,166.0,False,False,70.931495698306,380,70.931495698306,high_missing
cc_has_other_drawing_count_ratio_mean,ratio_rate_numeric,feature,P2_missingness_review,route_to_ratio_rate_eda; consider_missingness_logic_later,ratio_rate_eda,high combined missingness,71.73922233676193,65.83579517479075,5.90342716197118,386,169.0,False,False,70.931495698306,399,70.931495698306,high_missing
cc_has_other_drawing_count_ratio_min,ratio_rate_numeric,feature,P2_missingness_review,route_to_ratio_rate_eda; consider_missingness_logic_later,ratio_rate_eda,high combined missingness,71.73922233676193,65.83579517479075,5.90342716197118,368,164.0,False,False,70.931495698306,380,70.931495698306,high_missing
cc_has_other_drawing_ratio_max,ratio_rate_numeric,feature,P2_missingness_review,route_to_ratio_rate_eda; consider_missingness_logic_later,ratio_rate_eda,high combined missingness,71.73922233676193,65.83579517479075,5.90342716197118,368,166.0,False,False,70.931495698306,380,70.931495698306,high_missing
cc_has_other_drawing_ratio_mean,ratio_rate_numeric,feature,P2_missingness_review,route_to_ratio_rate_eda; consider_missingness_logic_later,ratio_rate_eda,high combined missingness,71.73922233676193,65.83579517479075,5.90342716197118,386,169.0,False,False,70.931495698306,399,70.931495698306,high_missing
cc_has_other_drawing_ratio_min,ratio_rate_numeric,feature,P2_missingness_review,route_to_ratio_rate_eda; consider_missingness_logic_later,ratio_rate_eda,high combined missingness,71.73922233676193,65.83579517479075,5.90342716197118,368,164.0,False,False,70.931495698306,380,70.931495698306,high_missing
cc_has_payment_current_count_mean,ratio_rate_numeric,feature,P2_missingness_review,route_to_ratio_rate_eda; consider_missingness_logic_later,ratio_rate_eda,high combined missingness,71.73922233676193,65.83579517479075,5.90342716197118,141,123.0,False,False,70.931495698306,144,70.931495698306,high_missing
cc_has_payment_current_ratio_max,ratio_rate_numeric,feature,P2_missingness_review,route_to_ratio_rate_eda; consider_missingness_logic_later,ratio_rate_eda,high combined missingness,71.73922233676193,65.83579517479075,5.90342716197118,1939,1056.0,False,False,70.931495698306,2014,70.931495698306,high_missing
cc_has_payment_current_ratio_mean,ratio_rate_numeric,feature,P2_missingness_review,route_to_ratio_rate_eda; consider_missingness_logic_later,ratio_rate_eda,high combined missingness,71.73922233676193,65.83579517479075,5.90342716197118,2155,1139.0,False,False,70.931495698306,2300,70.931495698306,high_missing
cc_has_payment_current_ratio_min,ratio_rate_numeric,feature,P2_missingness_review,route_to_ratio_rate_eda; consider_missingness_logic_later,ratio_rate_eda,high combined missingness,71.73922233676193,65.83579517479075,5.90342716197118,1943,1052.0,False,False,70.931495698306,2014,70.931495698306,high_missing
cc_has_payment_total_count_mean,ratio_rate_numeric,feature,P2_missingness_review,route_to_ratio_rate_eda; consider_missingness_logic_later,ratio_rate_eda,high combined missingness,71.73922233676193,65.83579517479075,5.90342716197118,137,132.0,False,False,70.931495698306,140,70.931495698306,high_missing
cc_has_payment_total_ratio_max,ratio_rate_numeric,feature,P2_missingness_review,route_to_ratio_rate_eda; consider_missingness_logic_later,ratio_rate_eda,high combined missingness,71.73922233676193,65.83579517479075,5.90342716197118,2360,1411.0,False,False,70.931495698306,2402,70.931495698306,high_missing
cc_has_payment_total_ratio_mean,ratio_rate_numeric,feature,P2_missingness_review,route_to_ratio_rate_eda; consider_missingness_logic_later,ratio_rate_eda,high combined missingness,71.73922233676193,65.83579517479075,5.90342716197118,2581,1490.0,False,False,70.931495698306,2689,70.931495698306,high_missing
cc_has_payment_total_ratio_min,ratio_rate_numeric,feature,P2_missingness_review,route_to_ratio_rate_eda; consider_missingness_logic_later,ratio_rate_eda,high combined missingness,71.73922233676193,65.83579517479075,5.90342716197118,2359,1407.0,False,False,70.931495698306,2399,70.931495698306,high_missing
cc_has_pos_drawing_count_count_mean,ratio_rate_numeric,feature,P2_missingness_review,route_to_ratio_rate_eda; consider_missingness_logic_later,ratio_rate_eda,high combined missingness,71.73922233676193,65.83579517479075,5.90342716197118,73,62.0,False,False,70.931495698306,75,70.931495698306,high_missing
cc_has_pos_drawing_count_mean,ratio_rate_numeric,feature,P2_missingness_review,route_to_ratio_rate_eda; consider_missingness_logic_later,ratio_rate_eda,high combined missingness,71.73922233676193,65.83579517479075,5.90342716197118,73,62.0,False,False,70.931495698306,75,70.931495698306,high_missing
cc_has_pos_drawing_count_ratio_max,ratio_rate_numeric,feature,P2_missingness_review,route_to_ratio_rate_eda; consider_missingness_logic_later,ratio_rate_eda,high combined missingness,71.73922233676193,65.83579517479075,5.90342716197118,1167,717.0,False,False,70.931495698306,1236,70.931495698306,high_missing
cc_has_pos_drawing_count_ratio_mean,ratio_rate_numeric,feature,P2_missingness_review,route_to_ratio_rate_eda; consider_missingness_logic_later,ratio_rate_eda,high combined missingness,71.73922233676193,65.83579517479075,5.90342716197118,1238,742.0,False,False,70.931495698306,1326,70.931495698306,high_missing
cc_has_pos_drawing_count_ratio_min,ratio_rate_numeric,feature,P2_missingness_review,route_to_ratio_rate_eda; consider_missingness_logic_later,ratio_rate_eda,high combined missingness,71.73922233676193,65.83579517479075,5.90342716197118,1167,716.0,False,False,70.931495698306,1235,70.931495698306,high_missing
cc_has_pos_drawing_ratio_max,ratio_rate_numeric,feature,P2_missingness_review,route_to_ratio_rate_eda; consider_missingness_logic_later,ratio_rate_eda,high combined missingness,71.73922233676193,65.83579517479075,5.90342716197118,1167,717.0,False,False,70.931495698306,1236,70.931495698306,high_missing
cc_has_pos_drawing_ratio_mean,ratio_rate_numeric,feature,P2_missingness_review,route_to_ratio_rate_eda; consider_missingness_logic_later,ratio_rate_eda,high combined missingness,71.73922233676193,65.83579517479075,5.90342716197118,1238,742.0,False,False,70.931495698306,1326,70.931495698306,high_missing
cc_has_pos_drawing_ratio_min,ratio_rate_numeric,feature,P2_missingness_review,route_to_ratio_rate_eda; consider_missingness_logic_later,ratio_rate_eda,high combined missingness,71.73922233676193,65.83579517479075,5.90342716197118,1167,716.0,False,False,70.931495698306,1235,70.931495698306,high_missing
cc_has_total_receivable_count_mean,ratio_rate_numeric,feature,P2_missingness_review,route_to_ratio_rate_eda; consider_missingness_logic_later,ratio_rate_eda,high combined missingness,71.73922233676193,65.83579517479075,5.90342716197118,136,130.0,False,False,70.931495698306,140,70.931495698306,high_missing
cc_has_total_receivable_ratio_max,ratio_rate_numeric,feature,P2_missingness_review,route_to_ratio_rate_eda; consider_missingness_logic_later,ratio_rate_eda,high combined missingness,71.73922233676193,65.83579517479075,5.90342716197118,2432,1467.0,False,False,70.931495698306,2481,70.931495698306,high_missing
cc_has_total_receivable_ratio_mean,ratio_rate_numeric,feature,P2_missingness_review,route_to_ratio_rate_eda; consider_missingness_logic_later,ratio_rate_eda,high combined missingness,71.73922233676193,65.83579517479075,5.90342716197118,2612,1526.0,False,False,70.931495698306,2703,70.931495698306,high_missing
cc_has_total_receivable_ratio_min,ratio_rate_numeric,feature,P2_missingness_review,route_to_ratio_rate_eda; consider_missingness_logic_later,ratio_rate_eda,high combined missingness,71.73922233676193,65.83579517479075,5.90342716197118,2433,1464.0,False,False,70.931495698306,2481,70.931495698306,high_missing
cc_high_util_80_trend_6m_vs_old_max,ratio_rate_numeric,feature,P2_missingness_review,route_to_ratio_rate_eda; consider_missingness_logic_later,ratio_rate_eda,high combined missingness,74.38628211673729,67.06876743804365,7.317514678693641,3999,1673.0,False,False,73.3850752971888,4212,73.3850752971888,high_missing
cc_high_util_80_trend_6m_vs_old_mean,ratio_rate_numeric,feature,P2_missingness_review,route_to_ratio_rate_eda; consider_missingness_logic_later,ratio_rate_eda,high combined missingness,74.38628211673729,67.06876743804365,7.317514678693641,4088,1708.0,False,False,73.3850752971888,4321,73.3850752971888,high_missing
cc_high_util_80_trend_6m_vs_old_min,ratio_rate_numeric,feature,P2_missingness_review,route_to_ratio_rate_eda; consider_missingness_logic_later,ratio_rate_eda,high combined missingness,74.38628211673729,67.06876743804365,7.317514678693641,4000,1681.0,False,False,73.3850752971888,4213,73.3850752971888,high_missing
cc_high_util_80_trend_6m_vs_old_sum,ratio_rate_numeric,feature,P2_missingness_review,route_to_ratio_rate_eda; consider_missingness_logic_later,ratio_rate_eda,high combined missingness,71.73922233676193,65.83579517479075,5.90342716197118,4058,1697.0,False,False,70.931495698306,4283,70.931495698306,high_missing
cc_high_utilization_100plus_count_max,ratio_rate_numeric,feature,P2_missingness_review,route_to_ratio_rate_eda; consider_missingness_logic_later,ratio_rate_eda,high combined missingness,71.73922233676193,65.83579517479075,5.90342716197118,86,69.0,False,False,70.931495698306,87,70.931495698306,high_missing
cc_high_utilization_100plus_count_mean,ratio_rate_numeric,feature,P2_missingness_review,route_to_ratio_rate_eda; consider_missingness_logic_later,ratio_rate_eda,high combined missingness,71.73922233676193,65.83579517479075,5.90342716197118,105,85.0,False,False,70.931495698306,110,70.931495698306,high_missing
cc_high_utilization_100plus_count_sum,ratio_rate_numeric,feature,P2_missingness_review,route_to_ratio_rate_eda; consider_missingness_logic_later,ratio_rate_eda,high combined missingness,71.73922233676193,65.83579517479075,5.90342716197118,86,69.0,False,False,70.931495698306,87,70.931495698306,high_missing
cc_high_utilization_100plus_ratio_max,ratio_rate_numeric,feature,P2_missingness_review,route_to_ratio_rate_eda; consider_missingness_logic_later,ratio_rate_eda,high combined missingness,71.73922233676193,65.83579517479075,5.90342716197118,1679,881.0,False,False,70.931495698306,1733,70.931495698306,high_missing
cc_high_utilization_100plus_ratio_mean,ratio_rate_numeric,feature,P2_missingness_review,route_to_ratio_rate_eda; consider_missingness_logic_later,ratio_rate_eda,high combined missingness,71.73922233676193,65.83579517479075,5.90342716197118,1790,916.0,False,False,70.931495698306,1876,70.931495698306,high_missing
cc_high_utilization_100plus_ratio_min,ratio_rate_numeric,feature,P2_missingness_review,route_to_ratio_rate_eda; consider_missingness_logic_later,ratio_rate_eda,high combined missingness,71.73922233676193,65.83579517479075,5.90342716197118,1680,875.0,False,False,70.931495698306,1734,70.931495698306,high_missing
cc_high_utilization_30plus_count_max,ratio_rate_numeric,feature,P2_missingness_review,route_to_ratio_rate_eda; consider_missingness_logic_later,ratio_rate_eda,high combined missingness,71.73922233676193,65.83579517479075,5.90342716197118,97,97.0,False,False,70.931495698306,97,70.931495698306,high_missing
cc_high_utilization_30plus_count_mean,ratio_rate_numeric,feature,P2_missingness_review,route_to_ratio_rate_eda; consider_missingness_logic_later,ratio_rate_eda,high combined missingness,71.73922233676193,65.83579517479075,5.90342716197118,134,126.0,False,False,70.931495698306,137,70.931495698306,high_missing
cc_high_utilization_30plus_count_sum,ratio_rate_numeric,feature,P2_missingness_review,route_to_ratio_rate_eda; consider_missingness_logic_later,ratio_rate_eda,high combined missingness,71.73922233676193,65.83579517479075,5.90342716197118,98,97.0,False,False,70.931495698306,98,70.931495698306,high_missing
cc_high_utilization_30plus_ratio_max,ratio_rate_numeric,feature,P2_missingness_review,route_to_ratio_rate_eda; consider_missingness_logic_later,ratio_rate_eda,high combined missingness,71.73922233676193,65.83579517479075,5.90342716197118,2441,1441.0,False,False,70.931495698306,2487,70.931495698306,high_missing
cc_high_utilization_30plus_ratio_mean,ratio_rate_numeric,feature,P2_missingness_review,route_to_ratio_rate_eda; consider_missingness_logic_later,ratio_rate_eda,high combined missingness,71.73922233676193,65.83579517479075,5.90342716197118,2632,1500.0,False,False,70.931495698306,2727,70.931495698306,high_missing
cc_high_utilization_30plus_ratio_min,ratio_rate_numeric,feature,P2_missingness_review,route_to_ratio_rate_eda; consider_missingness_logic_later,ratio_rate_eda,high combined missingness,71.73922233676193,65.83579517479075,5.90342716197118,2440,1434.0,False,False,70.931495698306,2485,70.931495698306,high_missing
cc_high_utilization_50plus_count_max,ratio_rate_numeric,feature,P2_missingness_review,route_to_ratio_rate_eda; consider_missingness_logic_later,ratio_rate_eda,high combined missingness,71.73922233676193,65.83579517479075,5.90342716197118,97,97.0,False,False,70.931495698306,97,70.931495698306,high_missing
cc_high_utilization_50plus_count_mean,ratio_rate_numeric,feature,P2_missingness_review,route_to_ratio_rate_eda; consider_missingness_logic_later,ratio_rate_eda,high combined missingness,71.73922233676193,65.83579517479075,5.90342716197118,134,120.0,False,False,70.931495698306,134,70.931495698306,high_missing
cc_high_utilization_50plus_count_sum,ratio_rate_numeric,feature,P2_missingness_review,route_to_ratio_rate_eda; consider_missingness_logic_later,ratio_rate_eda,high combined missingness,71.73922233676193,65.83579517479075,5.90342716197118,98,97.0,False,False,70.931495698306,98,70.931495698306,high_missing
cc_high_utilization_50plus_ratio_max,ratio_rate_numeric,feature,P2_missingness_review,route_to_ratio_rate_eda; consider_missingness_logic_later,ratio_rate_eda,high combined missingness,71.73922233676193,65.83579517479075,5.90342716197118,2452,1423.0,False,False,70.931495698306,2494,70.931495698306,high_missing
cc_high_utilization_50plus_ratio_mean,ratio_rate_numeric,feature,P2_missingness_review,route_to_ratio_rate_eda; consider_missingness_logic_later,ratio_rate_eda,high combined missingness,71.73922233676193,65.83579517479075,5.90342716197118,2637,1484.0,False,False,70.931495698306,2729,70.931495698306,high_missing
cc_high_utilization_50plus_ratio_min,ratio_rate_numeric,feature,P2_missingness_review,route_to_ratio_rate_eda; consider_missingness_logic_later,ratio_rate_eda,high combined missingness,71.73922233676193,65.83579517479075,5.90342716197118,2452,1420.0,False,False,70.931495698306,2494,70.931495698306,high_missing
cc_high_utilization_80plus_count_max,ratio_rate_numeric,feature,P2_missingness_review,route_to_ratio_rate_eda; consider_missingness_logic_later,ratio_rate_eda,high combined missingness,71.73922233676193,65.83579517479075,5.90342716197118,97,97.0,False,False,70.931495698306,97,70.931495698306,high_missing
cc_high_utilization_80plus_count_mean,ratio_rate_numeric,feature,P2_missingness_review,route_to_ratio_rate_eda; consider_missingness_logic_later,ratio_rate_eda,high combined missingness,71.73922233676193,65.83579517479075,5.90342716197118,131,121.0,False,False,70.931495698306,134,70.931495698306,high_missing
cc_high_utilization_80plus_count_sum,ratio_rate_numeric,feature,P2_missingness_review,route_to_ratio_rate_eda; consider_missingness_logic_later,ratio_rate_eda,high combined missingness,71.73922233676193,65.83579517479075,5.90342716197118,98,97.0,False,False,70.931495698306,98,70.931495698306,high_missing
cc_high_utilization_80plus_ratio_max,ratio_rate_numeric,feature,P2_missingness_review,route_to_ratio_rate_eda; consider_missingness_logic_later,ratio_rate_eda,high combined missingness,71.73922233676193,65.83579517479075,5.90342716197118,2340,1327.0,False,False,70.931495698306,2399,70.931495698306,high_missing
cc_high_utilization_80plus_ratio_mean,ratio_rate_numeric,feature,P2_missingness_review,route_to_ratio_rate_eda; consider_missingness_logic_later,ratio_rate_eda,high combined missingness,71.73922233676193,65.83579517479075,5.90342716197118,2499,1377.0,False,False,70.931495698306,2601,70.931495698306,high_missing
cc_high_utilization_80plus_ratio_min,ratio_rate_numeric,feature,P2_missingness_review,route_to_ratio_rate_eda; consider_missingness_logic_later,ratio_rate_eda,high combined missingness,71.73922233676193,65.83579517479075,5.90342716197118,2337,1321.0,False,False,70.931495698306,2398,70.931495698306,high_missing
cc_invalid_credit_limit_ratio_max,ratio_rate_numeric,feature,P2_missingness_review,route_to_ratio_rate_eda; consider_missingness_logic_later,ratio_rate_eda,high combined missingness,71.73922233676193,65.83579517479075,5.90342716197118,1198,613.0,False,False,70.931495698306,1285,70.931495698306,high_missing
cc_invalid_credit_limit_ratio_mean,ratio_rate_numeric,feature,P2_missingness_review,route_to_ratio_rate_eda; consider_missingness_logic_later,ratio_rate_eda,high combined missingness,71.73922233676193,65.83579517479075,5.90342716197118,1270,640.0,False,False,70.931495698306,1373,70.931495698306,high_missing
cc_invalid_credit_limit_ratio_min,ratio_rate_numeric,feature,P2_missingness_review,route_to_ratio_rate_eda; consider_missingness_logic_later,ratio_rate_eda,high combined missingness,71.73922233676193,65.83579517479075,5.90342716197118,1197,609.0,False,False,70.931495698306,1283,70.931495698306,high_missing
cc_is_recent_12m_count_mean,ratio_rate_numeric,feature,P2_missingness_review,route_to_ratio_rate_eda; consider_missingness_logic_later,ratio_rate_eda,high combined missingness,71.73922233676193,65.83579517479075,5.90342716197118,21,20.0,False,False,70.931495698306,23,70.931495698306,high_missing
cc_is_recent_12m_ratio_max,ratio_rate_numeric,feature,P2_missingness_review,route_to_ratio_rate_eda; consider_missingness_logic_later,ratio_rate_eda,high combined missingness,71.73922233676193,65.83579517479075,5.90342716197118,288,265.0,False,False,70.931495698306,292,70.931495698306,high_missing
cc_is_recent_12m_ratio_mean,ratio_rate_numeric,feature,P2_missingness_review,route_to_ratio_rate_eda; consider_missingness_logic_later,ratio_rate_eda,high combined missingness,71.73922233676193,65.83579517479075,5.90342716197118,458,355.0,False,False,70.931495698306,501,70.931495698306,high_missing
cc_is_recent_12m_ratio_min,ratio_rate_numeric,feature,P2_missingness_review,route_to_ratio_rate_eda; consider_missingness_logic_later,ratio_rate_eda,high combined missingness,71.73922233676193,65.83579517479075,5.90342716197118,288,266.0,False,False,70.931495698306,292,70.931495698306,high_missing
cc_is_recent_24m_count_mean,ratio_rate_numeric,feature,P2_missingness_review,route_to_ratio_rate_eda; consider_missingness_logic_later,ratio_rate_eda,high combined missingness,71.73922233676193,65.83579517479075,5.90342716197118,46,41.0,False,False,70.931495698306,47,70.931495698306,high_missing
cc_is_recent_24m_ratio_max,ratio_rate_numeric,feature,P2_missingness_review,route_to_ratio_rate_eda; consider_missingness_logic_later,ratio_rate_eda,high combined missingness,71.73922233676193,65.83579517479075,5.90342716197118,261,237.0,False,False,70.931495698306,265,70.931495698306,high_missing
cc_is_recent_24m_ratio_mean,ratio_rate_numeric,feature,P2_missingness_review,route_to_ratio_rate_eda; consider_missingness_logic_later,ratio_rate_eda,high combined missingness,71.73922233676193,65.83579517479075,5.90342716197118,359,300.0,False,False,70.931495698306,387,70.931495698306,high_missing
cc_is_recent_24m_ratio_min,ratio_rate_numeric,feature,P2_missingness_review,route_to_ratio_rate_eda; consider_missingness_logic_later,ratio_rate_eda,high combined missingness,71.73922233676193,65.83579517479075,5.90342716197118,261,238.0,False,False,70.931495698306,265,70.931495698306,high_missing
cc_is_recent_6m_count_mean,ratio_rate_numeric,feature,P2_missingness_review,route_to_ratio_rate_eda; consider_missingness_logic_later,ratio_rate_eda,high combined missingness,71.73922233676193,65.83579517479075,5.90342716197118,11,12.0,False,False,70.931495698306,14,70.931495698306,high_missing
cc_is_recent_6m_ratio_max,ratio_rate_numeric,feature,P2_missingness_review,route_to_ratio_rate_eda; consider_missingness_logic_later,ratio_rate_eda,high combined missingness,71.73922233676193,65.83579517479075,5.90342716197118,255,237.0,False,False,70.931495698306,258,70.931495698306,high_missing
cc_is_recent_6m_ratio_mean,ratio_rate_numeric,feature,P2_missingness_review,route_to_ratio_rate_eda; consider_missingness_logic_later,ratio_rate_eda,high combined missingness,71.73922233676193,65.83579517479075,5.90342716197118,537,367.0,False,False,70.931495698306,627,70.931495698306,high_missing
cc_is_recent_6m_ratio_min,ratio_rate_numeric,feature,P2_missingness_review,route_to_ratio_rate_eda; consider_missingness_logic_later,ratio_rate_eda,high combined missingness,71.73922233676193,65.83579517479075,5.90342716197118,255,237.0,False,False,70.931495698306,258,70.931495698306,high_missing
cc_latest_credit_utilization,ratio_rate_numeric,feature,P2_missingness_review,route_to_ratio_rate_eda; consider_missingness_logic_later,ratio_rate_eda,high combined missingness,78.62060218984035,73.03462990316757,5.585972286672785,30393,5475.0,False,False,77.8563107886205,35826,77.8563107886205,high_missing
cc_latest_credit_utilization_capped,ratio_rate_numeric,feature,P2_missingness_review,route_to_ratio_rate_eda; consider_missingness_logic_later,ratio_rate_eda,high combined missingness,78.62060218984035,73.03462990316757,5.585972286672785,30393,5475.0,False,False,77.8563107886205,35826,77.8563107886205,high_missing
cc_latest_credit_utilization_max,ratio_rate_numeric,feature,P2_missingness_review,route_to_ratio_rate_eda; consider_missingness_logic_later,ratio_rate_eda,high combined missingness,78.59588762678408,72.98744460856722,5.60844301821686,30393,5475.0,False,False,77.82852170495853,35826,77.82852170495853,high_missing
cc_latest_credit_utilization_mean,ratio_rate_numeric,feature,P2_missingness_review,route_to_ratio_rate_eda; consider_missingness_logic_later,ratio_rate_eda,high combined missingness,78.59588762678408,72.98744460856722,5.60844301821686,30394,5475.0,False,False,77.82852170495853,35827,77.82852170495853,high_missing
cc_latest_credit_utilization_min,ratio_rate_numeric,feature,P2_missingness_review,route_to_ratio_rate_eda; consider_missingness_logic_later,ratio_rate_eda,high combined missingness,78.59588762678408,72.98744460856722,5.60844301821686,30285,5436.0,False,False,77.82852170495853,35679,77.82852170495853,high_missing
cc_latest_credit_utilization_sum,ratio_rate_numeric,feature,P2_missingness_review,route_to_ratio_rate_eda; consider_missingness_logic_later,ratio_rate_eda,high combined missingness,71.73922233676193,65.83579517479075,5.90342716197118,30393,5475.0,False,False,70.931495698306,35826,70.931495698306,high_missing
cc_latest_has_dpd_def_mean,ratio_rate_numeric,feature,P2_missingness_review,route_to_ratio_rate_eda; consider_missingness_logic_later,ratio_rate_eda,high combined missingness,71.73922233676193,65.83579517479075,5.90342716197118,3,2.0,False,False,70.931495698306,3,70.931495698306,high_missing
cc_latest_has_dpd_mean,ratio_rate_numeric,feature,P2_missingness_review,route_to_ratio_rate_eda; consider_missingness_logic_later,ratio_rate_eda,high combined missingness,71.73922233676193,65.83579517479075,5.90342716197118,3,2.0,False,False,70.931495698306,3,70.931495698306,high_missing
cc_latest_high_utilization_80plus_flag_mean,ratio_rate_numeric,feature,P2_missingness_review,route_to_ratio_rate_eda; consider_missingness_logic_later,ratio_rate_eda,high combined missingness,71.73922233676193,65.83579517479075,5.90342716197118,3,4.0,False,False,70.931495698306,4,70.931495698306,high_missing
cc_latest_no_payment_with_balance_flag_mean,ratio_rate_numeric,feature,P2_missingness_review,route_to_ratio_rate_eda; consider_missingness_logic_later,ratio_rate_eda,high combined missingness,71.73922233676193,65.83579517479075,5.90342716197118,3,3.0,False,False,70.931495698306,3,70.931495698306,high_missing
cc_latest_payment_less_than_min_flag_mean,ratio_rate_numeric,feature,P2_missingness_review,route_to_ratio_rate_eda; consider_missingness_logic_later,ratio_rate_eda,high combined missingness,71.73922233676193,65.83579517479075,5.90342716197118,3,3.0,False,False,70.931495698306,3,70.931495698306,high_missing
cc_latest_status_active_flag_mean,ratio_rate_numeric,feature,P2_missingness_review,route_to_ratio_rate_eda; consider_missingness_logic_later,ratio_rate_eda,high combined missingness,71.73922233676193,65.83579517479075,5.90342716197118,5,4.0,False,False,70.931495698306,5,70.931495698306,high_missing
cc_latest_status_completed_flag_mean,ratio_rate_numeric,feature,P2_missingness_review,route_to_ratio_rate_eda; consider_missingness_logic_later,ratio_rate_eda,high combined missingness,71.73922233676193,65.83579517479075,5.90342716197118,5,4.0,False,False,70.931495698306,5,70.931495698306,high_missing
cc_latest_total_receivable_to_limit,ratio_rate_numeric,feature,P2_missingness_review,route_to_ratio_rate_eda; consider_missingness_logic_later,ratio_rate_eda,high combined missingness,78.62060218984035,73.03462990316757,5.585972286672785,29852,5372.0,False,False,77.8563107886205,35183,77.8563107886205,high_missing
cc_latest_total_receivable_to_limit_max,ratio_rate_numeric,feature,P2_missingness_review,route_to_ratio_rate_eda; consider_missingness_logic_later,ratio_rate_eda,high combined missingness,78.59588762678408,72.98744460856722,5.60844301821686,29852,5372.0,False,False,77.82852170495853,35183,77.82852170495853,high_missing
cc_latest_total_receivable_to_limit_mean,ratio_rate_numeric,feature,P2_missingness_review,route_to_ratio_rate_eda; consider_missingness_logic_later,ratio_rate_eda,high combined missingness,78.59588762678408,72.98744460856722,5.60844301821686,29852,5372.0,False,False,77.82852170495853,35184,77.82852170495853,high_missing
cc_latest_total_receivable_to_limit_min,ratio_rate_numeric,feature,P2_missingness_review,route_to_ratio_rate_eda; consider_missingness_logic_later,ratio_rate_eda,high combined missingness,78.59588762678408,72.98744460856722,5.60844301821686,29747,5334.0,False,False,77.82852170495853,35041,77.82852170495853,high_missing
cc_latest_total_receivable_to_limit_sum,ratio_rate_numeric,feature,P2_missingness_review,route_to_ratio_rate_eda; consider_missingness_logic_later,ratio_rate_eda,high combined missingness,71.73922233676193,65.83579517479075,5.90342716197118,29852,5372.0,False,False,70.931495698306,35183,70.931495698306,high_missing
cc_limit_change_flag_mean,ratio_rate_numeric,feature,P2_missingness_review,route_to_ratio_rate_eda; consider_missingness_logic_later,ratio_rate_eda,high combined missingness,71.73922233676193,65.83579517479075,5.90342716197118,5,4.0,False,False,70.931495698306,5,70.931495698306,high_missing
cc_missing_credit_limit_ratio_max,ratio_rate_numeric,feature,P2_missingness_review,route_to_ratio_rate_eda; consider_missingness_logic_later,ratio_rate_eda,high combined missingness,71.73922233676193,65.83579517479075,5.90342716197118,1,1.0,False,False,70.931495698306,1,70.931495698306,high_missing
cc_missing_credit_limit_ratio_mean,ratio_rate_numeric,feature,P2_missingness_review,route_to_ratio_rate_eda; consider_missingness_logic_later,ratio_rate_eda,high combined missingness,71.73922233676193,65.83579517479075,5.90342716197118,1,1.0,False,False,70.931495698306,1,70.931495698306,high_missing
cc_missing_credit_limit_ratio_min,ratio_rate_numeric,feature,P2_missingness_review,route_to_ratio_rate_eda; consider_missingness_logic_later,ratio_rate_eda,high combined missingness,71.73922233676193,65.83579517479075,5.90342716197118,1,1.0,False,False,70.931495698306,1,70.931495698306,high_missing
cc_missing_min_instalment_ratio_max,ratio_rate_numeric,feature,P2_missingness_review,route_to_ratio_rate_eda; consider_missingness_logic_later,ratio_rate_eda,high combined missingness,71.73922233676193,65.83579517479075,5.90342716197118,996,458.0,False,False,70.931495698306,1061,70.931495698306,high_missing
cc_missing_min_instalment_ratio_mean,ratio_rate_numeric,feature,P2_missingness_review,route_to_ratio_rate_eda; consider_missingness_logic_later,ratio_rate_eda,high combined missingness,71.73922233676193,65.83579517479075,5.90342716197118,1057,487.0,False,False,70.931495698306,1135,70.931495698306,high_missing
cc_missing_min_instalment_ratio_min,ratio_rate_numeric,feature,P2_missingness_review,route_to_ratio_rate_eda; consider_missingness_logic_later,ratio_rate_eda,high combined missingness,71.73922233676193,65.83579517479075,5.90342716197118,996,457.0,False,False,70.931495698306,1061,70.931495698306,high_missing
cc_missing_payment_current_ratio_max,ratio_rate_numeric,feature,P2_missingness_review,route_to_ratio_rate_eda; consider_missingness_logic_later,ratio_rate_eda,high combined missingness,71.73922233676193,65.83579517479075,5.90342716197118,552,395.0,False,False,70.931495698306,617,70.931495698306,high_missing
cc_missing_payment_current_ratio_mean,ratio_rate_numeric,feature,P2_missingness_review,route_to_ratio_rate_eda; consider_missingness_logic_later,ratio_rate_eda,high combined missingness,71.73922233676193,65.83579517479075,5.90342716197118,599,424.0,False,False,70.931495698306,683,70.931495698306,high_missing
cc_missing_payment_current_ratio_min,ratio_rate_numeric,feature,P2_missingness_review,route_to_ratio_rate_eda; consider_missingness_logic_later,ratio_rate_eda,high combined missingness,71.73922233676193,65.83579517479075,5.90342716197118,551,396.0,False,False,70.931495698306,616,70.931495698306,high_missing
cc_no_payment_with_balance_ratio_max,ratio_rate_numeric,feature,P2_missingness_review,route_to_ratio_rate_eda; consider_missingness_logic_later,ratio_rate_eda,high combined missingness,71.73922233676193,65.83579517479075,5.90342716197118,1247,541.0,False,False,70.931495698306,1291,70.931495698306,high_missing
cc_no_payment_with_balance_ratio_mean,ratio_rate_numeric,feature,P2_missingness_review,route_to_ratio_rate_eda; consider_missingness_logic_later,ratio_rate_eda,high combined missingness,71.73922233676193,65.83579517479075,5.90342716197118,1373,587.0,False,False,70.931495698306,1447,70.931495698306,high_missing
cc_no_payment_with_balance_ratio_min,ratio_rate_numeric,feature,P2_missingness_review,route_to_ratio_rate_eda; consider_missingness_logic_later,ratio_rate_eda,high combined missingness,71.73922233676193,65.83579517479075,5.90342716197118,1245,542.0,False,False,70.931495698306,1289,70.931495698306,high_missing
cc_old_high_util_80_mean_max,ratio_rate_numeric,feature,P2_missingness_review,route_to_ratio_rate_eda; consider_missingness_logic_later,ratio_rate_eda,high combined missingness,74.38628211673729,67.06466436894797,7.321617747789318,2136,1143.0,False,False,73.38451390155927,2171,73.38451390155927,high_missing
cc_old_high_util_80_mean_mean,ratio_rate_numeric,feature,P2_missingness_review,route_to_ratio_rate_eda; consider_missingness_logic_later,ratio_rate_eda,high combined missingness,74.38628211673729,67.06466436894797,7.321617747789318,2218,1170.0,False,False,73.38451390155927,2278,73.38451390155927,high_missing
cc_old_high_util_80_mean_min,ratio_rate_numeric,feature,P2_missingness_review,route_to_ratio_rate_eda; consider_missingness_logic_later,ratio_rate_eda,high combined missingness,74.38628211673729,67.06466436894797,7.321617747789318,2133,1139.0,False,False,73.38451390155927,2169,73.38451390155927,high_missing
cc_old_high_util_80_mean_sum,ratio_rate_numeric,feature,P2_missingness_review,route_to_ratio_rate_eda; consider_missingness_logic_later,ratio_rate_eda,high combined missingness,71.73922233676193,65.83579517479075,5.90342716197118,2193,1163.0,False,False,70.931495698306,2245,70.931495698306,high_missing
cc_old_payment_less_min_mean_max,ratio_rate_numeric,feature,P2_missingness_review,route_to_ratio_rate_eda; consider_missingness_logic_later,ratio_rate_eda,high combined missingness,74.38628211673729,67.06466436894797,7.321617747789318,669,404.0,False,False,73.38451390155927,682,73.38451390155927,high_missing
cc_old_payment_less_min_mean_mean,ratio_rate_numeric,feature,P2_missingness_review,route_to_ratio_rate_eda; consider_missingness_logic_later,ratio_rate_eda,high combined missingness,74.38628211673729,67.06466436894797,7.321617747789318,714,420.0,False,False,73.38451390155927,738,73.38451390155927,high_missing
cc_old_payment_less_min_mean_min,ratio_rate_numeric,feature,P2_missingness_review,route_to_ratio_rate_eda; consider_missingness_logic_later,ratio_rate_eda,high combined missingness,74.38628211673729,67.06466436894797,7.321617747789318,669,402.0,False,False,73.38451390155927,682,73.38451390155927,high_missing
cc_old_payment_less_min_mean_sum,ratio_rate_numeric,feature,P2_missingness_review,route_to_ratio_rate_eda; consider_missingness_logic_later,ratio_rate_eda,high combined missingness,71.73922233676193,65.83579517479075,5.90342716197118,690,409.0,False,False,70.931495698306,707,70.931495698306,high_missing
cc_old_utilization_mean_max,ratio_rate_numeric,feature,P2_missingness_review,route_to_ratio_rate_eda; consider_missingness_logic_later,ratio_rate_eda,high combined missingness,74.5537558006055,67.42778598391597,7.125969816689533,54637,9940.0,False,False,73.5787567893784,64392,73.5787567893784,high_missing
cc_old_utilization_mean_mean,ratio_rate_numeric,feature,P2_missingness_review,route_to_ratio_rate_eda; consider_missingness_logic_later,ratio_rate_eda,high combined missingness,74.5537558006055,67.42778598391597,7.125969816689533,54644,9940.0,False,False,73.5787567893784,64400,73.5787567893784,high_missing
cc_old_utilization_mean_min,ratio_rate_numeric,feature,P2_missingness_review,route_to_ratio_rate_eda; consider_missingness_logic_later,ratio_rate_eda,high combined missingness,74.5537558006055,67.42778598391597,7.125969816689533,54488,9876.0,False,False,73.5787567893784,64179,73.5787567893784,high_missing
cc_old_utilization_mean_sum,ratio_rate_numeric,feature,P2_missingness_review,route_to_ratio_rate_eda; consider_missingness_logic_later,ratio_rate_eda,high combined missingness,71.73922233676193,65.83579517479075,5.90342716197118,54639,9940.0,False,False,70.931495698306,64396,70.931495698306,high_missing
cc_other_drawing_share_max_sum,ratio_rate_numeric,feature,P2_missingness_review,route_to_ratio_rate_eda; consider_missingness_logic_later,ratio_rate_eda,high combined missingness,71.73922233676193,65.83579517479075,5.90342716197118,1361,246.0,False,False,70.931495698306,1548,70.931495698306,high_missing
cc_other_drawing_share_mean_sum,ratio_rate_numeric,feature,P2_missingness_review,route_to_ratio_rate_eda; consider_missingness_logic_later,ratio_rate_eda,high combined missingness,71.73922233676193,65.83579517479075,5.90342716197118,2387,409.0,False,False,70.931495698306,2715,70.931495698306,high_missing
cc_other_drawing_share_min_sum,ratio_rate_numeric,feature,P2_missingness_review,route_to_ratio_rate_eda; consider_missingness_logic_later,ratio_rate_eda,high combined missingness,71.73922233676193,65.83579517479075,5.90342716197118,132,21.0,False,False,70.931495698306,149,70.931495698306,high_missing
cc_over_limit_flag_ratio_max,ratio_rate_numeric,feature,P2_missingness_review,route_to_ratio_rate_eda; consider_missingness_logic_later,ratio_rate_eda,high combined missingness,71.73922233676193,65.83579517479075,5.90342716197118,1679,881.0,False,False,70.931495698306,1733,70.931495698306,high_missing
cc_over_limit_flag_ratio_mean,ratio_rate_numeric,feature,P2_missingness_review,route_to_ratio_rate_eda; consider_missingness_logic_later,ratio_rate_eda,high combined missingness,71.73922233676193,65.83579517479075,5.90342716197118,1790,916.0,False,False,70.931495698306,1876,70.931495698306,high_missing
cc_over_limit_flag_ratio_min,ratio_rate_numeric,feature,P2_missingness_review,route_to_ratio_rate_eda; consider_missingness_logic_later,ratio_rate_eda,high combined missingness,71.73922233676193,65.83579517479075,5.90342716197118,1680,875.0,False,False,70.931495698306,1734,70.931495698306,high_missing
cc_payment_less_min_trend_6m_vs_old_mean,ratio_rate_numeric,feature,P2_missingness_review,route_to_ratio_rate_eda; consider_missingness_logic_later,ratio_rate_eda,high combined missingness,74.38628211673729,67.06876743804365,7.317514678693641,1513,717.0,False,False,73.3850752971888,1619,73.3850752971888,high_missing
cc_payment_less_than_min_instalment_count_mean,ratio_rate_numeric,feature,P2_missingness_review,route_to_ratio_rate_eda; consider_missingness_logic_later,ratio_rate_eda,high combined missingness,71.73922233676193,65.83579517479075,5.90342716197118,57,29.0,False,False,70.931495698306,59,70.931495698306,high_missing
cc_payment_less_than_min_instalment_ratio_max,ratio_rate_numeric,feature,P2_missingness_review,route_to_ratio_rate_eda; consider_missingness_logic_later,ratio_rate_eda,high combined missingness,71.73922233676193,65.83579517479075,5.90342716197118,742,454.0,False,False,70.931495698306,760,70.931495698306,high_missing
cc_payment_less_than_min_instalment_ratio_mean,ratio_rate_numeric,feature,P2_missingness_review,route_to_ratio_rate_eda; consider_missingness_logic_later,ratio_rate_eda,high combined missingness,71.73922233676193,65.83579517479075,5.90342716197118,823,480.0,False,False,70.931495698306,857,70.931495698306,high_missing
cc_payment_less_than_min_instalment_ratio_min,ratio_rate_numeric,feature,P2_missingness_review,route_to_ratio_rate_eda; consider_missingness_logic_later,ratio_rate_eda,high combined missingness,71.73922233676193,65.83579517479075,5.90342716197118,741,454.0,False,False,70.931495698306,759,70.931495698306,high_missing
cc_payment_near_min_instalment_ratio_max,ratio_rate_numeric,feature,P2_missingness_review,route_to_ratio_rate_eda; consider_missingness_logic_later,ratio_rate_eda,high combined missingness,71.73922233676193,65.83579517479075,5.90342716197118,2262,1219.0,False,False,70.931495698306,2320,70.931495698306,high_missing
cc_payment_near_min_instalment_ratio_mean,ratio_rate_numeric,feature,P2_missingness_review,route_to_ratio_rate_eda; consider_missingness_logic_later,ratio_rate_eda,high combined missingness,71.73922233676193,65.83579517479075,5.90342716197118,2406,1274.0,False,False,70.931495698306,2505,70.931495698306,high_missing
cc_payment_near_min_instalment_ratio_min,ratio_rate_numeric,feature,P2_missingness_review,route_to_ratio_rate_eda; consider_missingness_logic_later,ratio_rate_eda,high combined missingness,71.73922233676193,65.83579517479075,5.90342716197118,2260,1213.0,False,False,70.931495698306,2317,70.931495698306,high_missing
cc_payment_to_balance_ratio_max_sum,ratio_rate_numeric,feature,P2_missingness_review,route_to_ratio_rate_eda; consider_missingness_logic_later,ratio_rate_eda,high combined missingness,71.73922233676193,65.83579517479075,5.90342716197118,56862,10372.0,False,False,70.931495698306,66479,70.931495698306,high_missing
cc_payment_to_balance_ratio_mean_sum,ratio_rate_numeric,feature,P2_missingness_review,route_to_ratio_rate_eda; consider_missingness_logic_later,ratio_rate_eda,high combined missingness,71.73922233676193,65.83579517479075,5.90342716197118,58076,10431.0,False,False,70.931495698306,68208,70.931495698306,high_missing
cc_payment_to_balance_ratio_min_sum,ratio_rate_numeric,feature,P2_missingness_review,route_to_ratio_rate_eda; consider_missingness_logic_later,ratio_rate_eda,high combined missingness,71.73922233676193,65.83579517479075,5.90342716197118,25779,5160.0,False,False,70.931495698306,30728,70.931495698306,high_missing
cc_payment_to_balance_ratio_std_sum,ratio_rate_numeric,feature,P2_missingness_review,route_to_ratio_rate_eda; consider_missingness_logic_later,ratio_rate_eda,high combined missingness,71.73922233676193,65.83579517479075,5.90342716197118,56865,10157.0,False,False,70.931495698306,66740,70.931495698306,high_missing
cc_payment_to_min_inst_ratio_max_sum,ratio_rate_numeric,feature,P2_missingness_review,route_to_ratio_rate_eda; consider_missingness_logic_later,ratio_rate_eda,high combined missingness,71.73922233676193,65.83579517479075,5.90342716197118,47146,9340.0,False,False,70.931495698306,55021,70.931495698306,high_missing
cc_payment_to_min_inst_ratio_mean_sum,ratio_rate_numeric,feature,P2_missingness_review,route_to_ratio_rate_eda; consider_missingness_logic_later,ratio_rate_eda,high combined missingness,71.73922233676193,65.83579517479075,5.90342716197118,58216,10536.0,False,False,70.931495698306,68411,70.931495698306,high_missing
cc_payment_to_min_inst_ratio_min_sum,ratio_rate_numeric,feature,P2_missingness_review,route_to_ratio_rate_eda; consider_missingness_logic_later,ratio_rate_eda,high combined missingness,71.73922233676193,65.83579517479075,5.90342716197118,22794,4758.0,False,False,70.931495698306,26965,70.931495698306,high_missing
cc_payment_to_min_inst_ratio_std_sum,ratio_rate_numeric,feature,P2_missingness_review,route_to_ratio_rate_eda; consider_missingness_logic_later,ratio_rate_eda,high combined missingness,71.73922233676193,65.83579517479075,5.90342716197118,57386,10270.0,False,False,70.931495698306,67365,70.931495698306,high_missing
cc_pos_drawing_share_max_sum,ratio_rate_numeric,feature,P2_missingness_review,route_to_ratio_rate_eda; consider_missingness_logic_later,ratio_rate_eda,high combined missingness,71.73922233676193,65.83579517479075,5.90342716197118,6070,988.0,False,False,70.931495698306,6936,70.931495698306,high_missing
cc_pos_drawing_share_mean_sum,ratio_rate_numeric,feature,P2_missingness_review,route_to_ratio_rate_eda; consider_missingness_logic_later,ratio_rate_eda,high combined missingness,71.73922233676193,65.83579517479075,5.90342716197118,23722,4406.0,False,False,70.931495698306,27916,70.931495698306,high_missing
cc_pos_drawing_share_min_sum,ratio_rate_numeric,feature,P2_missingness_review,route_to_ratio_rate_eda; consider_missingness_logic_later,ratio_rate_eda,high combined missingness,71.73922233676193,65.83579517479075,5.90342716197118,6460,1257.0,False,False,70.931495698306,7632,70.931495698306,high_missing
cc_principal_receivable_to_limit_max_max,ratio_rate_numeric,feature,P2_missingness_review,route_to_ratio_rate_eda; consider_missingness_logic_later,ratio_rate_eda,high combined missingness,72.02181385381336,66.33636960446414,5.685444249349217,41825,8729.0,False,False,71.24391236614223,49005,71.24391236614223,high_missing
cc_principal_receivable_to_limit_max_mean,ratio_rate_numeric,feature,P2_missingness_review,route_to_ratio_rate_eda; consider_missingness_logic_later,ratio_rate_eda,high combined missingness,72.02181385381336,66.33636960446414,5.685444249349217,41921,8747.0,False,False,71.24391236614223,49142,71.24391236614223,high_missing
cc_principal_receivable_to_limit_max_min,ratio_rate_numeric,feature,P2_missingness_review,route_to_ratio_rate_eda; consider_missingness_logic_later,ratio_rate_eda,high combined missingness,72.02181385381336,66.33636960446414,5.685444249349217,41740,8678.0,False,False,71.24391236614223,48890,71.24391236614223,high_missing
cc_principal_receivable_to_limit_max_sum,ratio_rate_numeric,feature,P2_missingness_review,route_to_ratio_rate_eda; consider_missingness_logic_later,ratio_rate_eda,high combined missingness,71.73922233676193,65.83579517479075,5.90342716197118,41907,8747.0,False,False,70.931495698306,49125,70.931495698306,high_missing
cc_principal_receivable_to_limit_mean_max,ratio_rate_numeric,feature,P2_missingness_review,route_to_ratio_rate_eda; consider_missingness_logic_later,ratio_rate_eda,high combined missingness,72.02181385381336,66.33636960446414,5.685444249349217,58168,10475.0,False,False,71.24391236614223,68397,71.24391236614223,high_missing
cc_principal_receivable_to_limit_mean_mean,ratio_rate_numeric,feature,P2_missingness_review,route_to_ratio_rate_eda; consider_missingness_logic_later,ratio_rate_eda,high combined missingness,72.02181385381336,66.33636960446414,5.685444249349217,58171,10475.0,False,False,71.24391236614223,68404,71.24391236614223,high_missing
cc_principal_receivable_to_limit_mean_min,ratio_rate_numeric,feature,P2_missingness_review,route_to_ratio_rate_eda; consider_missingness_logic_later,ratio_rate_eda,high combined missingness,72.02181385381336,66.33636960446414,5.685444249349217,57938,10398.0,False,False,71.24391236614223,68090,71.24391236614223,high_missing
cc_principal_receivable_to_limit_mean_sum,ratio_rate_numeric,feature,P2_missingness_review,route_to_ratio_rate_eda; consider_missingness_logic_later,ratio_rate_eda,high combined missingness,71.73922233676193,65.83579517479075,5.90342716197118,58171,10475.0,False,False,70.931495698306,68403,70.931495698306,high_missing
cc_principal_receivable_to_limit_min_max,ratio_rate_numeric,feature,P2_missingness_review,route_to_ratio_rate_eda; consider_missingness_logic_later,ratio_rate_eda,high combined missingness,72.02181385381336,66.33636960446414,5.685444249349217,9068,1593.0,False,False,71.24391236614223,10485,71.24391236614223,high_missing
cc_principal_receivable_to_limit_min_mean,ratio_rate_numeric,feature,P2_missingness_review,route_to_ratio_rate_eda; consider_missingness_logic_later,ratio_rate_eda,high combined missingness,72.02181385381336,66.33636960446414,5.685444249349217,9075,1595.0,False,False,71.24391236614223,10491,71.24391236614223,high_missing
cc_principal_receivable_to_limit_min_min,ratio_rate_numeric,feature,P2_missingness_review,route_to_ratio_rate_eda; consider_missingness_logic_later,ratio_rate_eda,high combined missingness,72.02181385381336,66.33636960446414,5.685444249349217,9008,1556.0,False,False,71.24391236614223,10389,71.24391236614223,high_missing
cc_principal_receivable_to_limit_min_sum,ratio_rate_numeric,feature,P2_missingness_review,route_to_ratio_rate_eda; consider_missingness_logic_later,ratio_rate_eda,high combined missingness,71.73922233676193,65.83579517479075,5.90342716197118,9071,1594.0,False,False,70.931495698306,10488,70.931495698306,high_missing
cc_recent_12m_has_dpd_count_mean,ratio_rate_numeric,feature,P2_missingness_review,route_to_ratio_rate_eda; consider_missingness_logic_later,ratio_rate_eda,high combined missingness,71.73922233676193,65.83579517479075,5.90342716197118,16,14.0,False,False,70.931495698306,16,70.931495698306,high_missing
cc_recent_12m_has_dpd_def_count_mean,ratio_rate_numeric,feature,P2_missingness_review,route_to_ratio_rate_eda; consider_missingness_logic_later,ratio_rate_eda,high combined missingness,71.73922233676193,65.83579517479075,5.90342716197118,14,12.0,False,False,70.931495698306,14,70.931495698306,high_missing
cc_recent_12m_has_dpd_def_ratio_max,ratio_rate_numeric,feature,P2_missingness_review,route_to_ratio_rate_eda; consider_missingness_logic_later,ratio_rate_eda,high combined missingness,71.73922233676193,65.83579517479075,5.90342716197118,216,96.0,False,False,70.931495698306,236,70.931495698306,high_missing
cc_recent_12m_has_dpd_def_ratio_mean,ratio_rate_numeric,feature,P2_missingness_review,route_to_ratio_rate_eda; consider_missingness_logic_later,ratio_rate_eda,high combined missingness,71.73922233676193,65.83579517479075,5.90342716197118,218,96.0,False,False,70.931495698306,238,70.931495698306,high_missing
cc_recent_12m_has_dpd_def_ratio_min,ratio_rate_numeric,feature,P2_missingness_review,route_to_ratio_rate_eda; consider_missingness_logic_later,ratio_rate_eda,high combined missingness,71.73922233676193,65.83579517479075,5.90342716197118,217,96.0,False,False,70.931495698306,237,70.931495698306,high_missing
cc_recent_12m_has_dpd_ratio_max,ratio_rate_numeric,feature,P2_missingness_review,route_to_ratio_rate_eda; consider_missingness_logic_later,ratio_rate_eda,high combined missingness,71.73922233676193,65.83579517479075,5.90342716197118,391,161.0,False,False,70.931495698306,409,70.931495698306,high_missing
cc_recent_12m_has_dpd_ratio_mean,ratio_rate_numeric,feature,P2_missingness_review,route_to_ratio_rate_eda; consider_missingness_logic_later,ratio_rate_eda,high combined missingness,71.73922233676193,65.83579517479075,5.90342716197118,394,161.0,False,False,70.931495698306,411,70.931495698306,high_missing
cc_recent_12m_has_dpd_ratio_min,ratio_rate_numeric,feature,P2_missingness_review,route_to_ratio_rate_eda; consider_missingness_logic_later,ratio_rate_eda,high combined missingness,71.73922233676193,65.83579517479075,5.90342716197118,392,161.0,False,False,70.931495698306,410,70.931495698306,high_missing
cc_recent_12m_high_utilization_80plus_count_max,ratio_rate_numeric,feature,P2_missingness_review,route_to_ratio_rate_eda; consider_missingness_logic_later,ratio_rate_eda,high combined missingness,71.73922233676193,65.83579517479075,5.90342716197118,13,13.0,False,False,70.931495698306,13,70.931495698306,high_missing
cc_recent_12m_high_utilization_80plus_count_mean,ratio_rate_numeric,feature,P2_missingness_review,route_to_ratio_rate_eda; consider_missingness_logic_later,ratio_rate_eda,high combined missingness,71.73922233676193,65.83579517479075,5.90342716197118,21,19.0,False,False,70.931495698306,21,70.931495698306,high_missing
cc_recent_12m_high_utilization_80plus_count_sum,ratio_rate_numeric,feature,P2_missingness_review,route_to_ratio_rate_eda; consider_missingness_logic_later,ratio_rate_eda,high combined missingness,71.73922233676193,65.83579517479075,5.90342716197118,16,13.0,False,False,70.931495698306,16,70.931495698306,high_missing
cc_recent_12m_high_utilization_80plus_ratio_max,ratio_rate_numeric,feature,P2_missingness_review,route_to_ratio_rate_eda; consider_missingness_logic_later,ratio_rate_eda,high combined missingness,71.73922233676193,65.83579517479075,5.90342716197118,601,408.0,False,False,70.931495698306,611,70.931495698306,high_missing
cc_recent_12m_high_utilization_80plus_ratio_mean,ratio_rate_numeric,feature,P2_missingness_review,route_to_ratio_rate_eda; consider_missingness_logic_later,ratio_rate_eda,high combined missingness,71.73922233676193,65.83579517479075,5.90342716197118,612,414.0,False,False,70.931495698306,624,70.931495698306,high_missing
cc_recent_12m_high_utilization_80plus_ratio_min,ratio_rate_numeric,feature,P2_missingness_review,route_to_ratio_rate_eda; consider_missingness_logic_later,ratio_rate_eda,high combined missingness,71.73922233676193,65.83579517479075,5.90342716197118,601,408.0,False,False,70.931495698306,611,70.931495698306,high_missing
cc_recent_12m_payment_less_than_min_count_mean,ratio_rate_numeric,feature,P2_missingness_review,route_to_ratio_rate_eda; consider_missingness_logic_later,ratio_rate_eda,high combined missingness,71.73922233676193,65.83579517479075,5.90342716197118,16,10.0,False,False,70.931495698306,16,70.931495698306,high_missing
cc_recent_12m_payment_less_than_min_ratio_max,ratio_rate_numeric,feature,P2_missingness_review,route_to_ratio_rate_eda; consider_missingness_logic_later,ratio_rate_eda,high combined missingness,71.73922233676193,65.83579517479075,5.90342716197118,297,198.0,False,False,70.931495698306,303,70.931495698306,high_missing
cc_recent_12m_payment_less_than_min_ratio_mean,ratio_rate_numeric,feature,P2_missingness_review,route_to_ratio_rate_eda; consider_missingness_logic_later,ratio_rate_eda,high combined missingness,71.73922233676193,65.83579517479075,5.90342716197118,301,201.0,False,False,70.931495698306,310,70.931495698306,high_missing
cc_recent_12m_payment_less_than_min_ratio_min,ratio_rate_numeric,feature,P2_missingness_review,route_to_ratio_rate_eda; consider_missingness_logic_later,ratio_rate_eda,high combined missingness,71.73922233676193,65.83579517479075,5.90342716197118,296,198.0,False,False,70.931495698306,302,70.931495698306,high_missing
cc_recent_24m_has_dpd_count_mean,ratio_rate_numeric,feature,P2_missingness_review,route_to_ratio_rate_eda; consider_missingness_logic_later,ratio_rate_eda,high combined missingness,71.73922233676193,65.83579517479075,5.90342716197118,29,25.0,False,False,70.931495698306,29,70.931495698306,high_missing
cc_recent_24m_has_dpd_def_count_mean,ratio_rate_numeric,feature,P2_missingness_review,route_to_ratio_rate_eda; consider_missingness_logic_later,ratio_rate_eda,high combined missingness,71.73922233676193,65.83579517479075,5.90342716197118,27,18.0,False,False,70.931495698306,27,70.931495698306,high_missing
cc_recent_24m_has_dpd_def_ratio_max,ratio_rate_numeric,feature,P2_missingness_review,route_to_ratio_rate_eda; consider_missingness_logic_later,ratio_rate_eda,high combined missingness,71.73922233676193,65.83579517479075,5.90342716197118,342,127.0,False,False,70.931495698306,358,70.931495698306,high_missing
cc_recent_24m_has_dpd_def_ratio_mean,ratio_rate_numeric,feature,P2_missingness_review,route_to_ratio_rate_eda; consider_missingness_logic_later,ratio_rate_eda,high combined missingness,71.73922233676193,65.83579517479075,5.90342716197118,345,128.0,False,False,70.931495698306,361,70.931495698306,high_missing
cc_recent_24m_has_dpd_def_ratio_min,ratio_rate_numeric,feature,P2_missingness_review,route_to_ratio_rate_eda; consider_missingness_logic_later,ratio_rate_eda,high combined missingness,71.73922233676193,65.83579517479075,5.90342716197118,342,127.0,False,False,70.931495698306,358,70.931495698306,high_missing
cc_recent_24m_has_dpd_ratio_max,ratio_rate_numeric,feature,P2_missingness_review,route_to_ratio_rate_eda; consider_missingness_logic_later,ratio_rate_eda,high combined missingness,71.73922233676193,65.83579517479075,5.90342716197118,596,207.0,False,False,70.931495698306,618,70.931495698306,high_missing
cc_recent_24m_has_dpd_ratio_mean,ratio_rate_numeric,feature,P2_missingness_review,route_to_ratio_rate_eda; consider_missingness_logic_later,ratio_rate_eda,high combined missingness,71.73922233676193,65.83579517479075,5.90342716197118,600,209.0,False,False,70.931495698306,623,70.931495698306,high_missing
cc_recent_24m_has_dpd_ratio_min,ratio_rate_numeric,feature,P2_missingness_review,route_to_ratio_rate_eda; consider_missingness_logic_later,ratio_rate_eda,high combined missingness,71.73922233676193,65.83579517479075,5.90342716197118,596,207.0,False,False,70.931495698306,618,70.931495698306,high_missing
cc_recent_24m_high_utilization_80plus_count_max,ratio_rate_numeric,feature,P2_missingness_review,route_to_ratio_rate_eda; consider_missingness_logic_later,ratio_rate_eda,high combined missingness,71.73922233676193,65.83579517479075,5.90342716197118,25,25.0,False,False,70.931495698306,25,70.931495698306,high_missing
cc_recent_24m_high_utilization_80plus_count_mean,ratio_rate_numeric,feature,P2_missingness_review,route_to_ratio_rate_eda; consider_missingness_logic_later,ratio_rate_eda,high combined missingness,71.73922233676193,65.83579517479075,5.90342716197118,37,34.0,False,False,70.931495698306,37,70.931495698306,high_missing
cc_recent_24m_high_utilization_80plus_count_sum,ratio_rate_numeric,feature,P2_missingness_review,route_to_ratio_rate_eda; consider_missingness_logic_later,ratio_rate_eda,high combined missingness,71.73922233676193,65.83579517479075,5.90342716197118,28,25.0,False,False,70.931495698306,28,70.931495698306,high_missing
cc_recent_24m_high_utilization_80plus_ratio_max,ratio_rate_numeric,feature,P2_missingness_review,route_to_ratio_rate_eda; consider_missingness_logic_later,ratio_rate_eda,high combined missingness,71.73922233676193,65.83579517479075,5.90342716197118,1066,674.0,False,False,70.931495698306,1088,70.931495698306,high_missing
cc_recent_24m_high_utilization_80plus_ratio_mean,ratio_rate_numeric,feature,P2_missingness_review,route_to_ratio_rate_eda; consider_missingness_logic_later,ratio_rate_eda,high combined missingness,71.73922233676193,65.83579517479075,5.90342716197118,1088,685.0,False,False,70.931495698306,1120,70.931495698306,high_missing
cc_recent_24m_high_utilization_80plus_ratio_min,ratio_rate_numeric,feature,P2_missingness_review,route_to_ratio_rate_eda; consider_missingness_logic_later,ratio_rate_eda,high combined missingness,71.73922233676193,65.83579517479075,5.90342716197118,1066,674.0,False,False,70.931495698306,1088,70.931495698306,high_missing
cc_recent_24m_payment_less_than_min_count_mean,ratio_rate_numeric,feature,P2_missingness_review,route_to_ratio_rate_eda; consider_missingness_logic_later,ratio_rate_eda,high combined missingness,71.73922233676193,65.83579517479075,5.90342716197118,27,16.0,False,False,70.931495698306,27,70.931495698306,high_missing
cc_recent_24m_payment_less_than_min_ratio_max,ratio_rate_numeric,feature,P2_missingness_review,route_to_ratio_rate_eda; consider_missingness_logic_later,ratio_rate_eda,high combined missingness,71.73922233676193,65.83579517479075,5.90342716197118,429,276.0,False,False,70.931495698306,440,70.931495698306,high_missing
cc_recent_24m_payment_less_than_min_ratio_mean,ratio_rate_numeric,feature,P2_missingness_review,route_to_ratio_rate_eda; consider_missingness_logic_later,ratio_rate_eda,high combined missingness,71.73922233676193,65.83579517479075,5.90342716197118,441,283.0,False,False,70.931495698306,457,70.931495698306,high_missing
cc_recent_24m_payment_less_than_min_ratio_min,ratio_rate_numeric,feature,P2_missingness_review,route_to_ratio_rate_eda; consider_missingness_logic_later,ratio_rate_eda,high combined missingness,71.73922233676193,65.83579517479075,5.90342716197118,428,276.0,False,False,70.931495698306,439,70.931495698306,high_missing
cc_recent_6m_has_dpd_count_mean,ratio_rate_numeric,feature,P2_missingness_review,route_to_ratio_rate_eda; consider_missingness_logic_later,ratio_rate_eda,high combined missingness,71.73922233676193,65.83579517479075,5.90342716197118,8,8.0,False,False,70.931495698306,8,70.931495698306,high_missing
cc_recent_6m_has_dpd_def_count_mean,ratio_rate_numeric,feature,P2_missingness_review,route_to_ratio_rate_eda; consider_missingness_logic_later,ratio_rate_eda,high combined missingness,71.73922233676193,65.83579517479075,5.90342716197118,8,7.0,False,False,70.931495698306,8,70.931495698306,high_missing
cc_recent_6m_has_dpd_def_ratio_max,ratio_rate_numeric,feature,P2_missingness_review,route_to_ratio_rate_eda; consider_missingness_logic_later,ratio_rate_eda,high combined missingness,71.73922233676193,65.83579517479075,5.90342716197118,143,67.0,False,False,70.931495698306,155,70.931495698306,high_missing
cc_recent_6m_has_dpd_def_ratio_mean,ratio_rate_numeric,feature,P2_missingness_review,route_to_ratio_rate_eda; consider_missingness_logic_later,ratio_rate_eda,high combined missingness,71.73922233676193,65.83579517479075,5.90342716197118,145,67.0,False,False,70.931495698306,157,70.931495698306,high_missing
cc_recent_6m_has_dpd_def_ratio_min,ratio_rate_numeric,feature,P2_missingness_review,route_to_ratio_rate_eda; consider_missingness_logic_later,ratio_rate_eda,high combined missingness,71.73922233676193,65.83579517479075,5.90342716197118,142,67.0,False,False,70.931495698306,154,70.931495698306,high_missing
cc_recent_6m_has_dpd_ratio_max,ratio_rate_numeric,feature,P2_missingness_review,route_to_ratio_rate_eda; consider_missingness_logic_later,ratio_rate_eda,high combined missingness,71.73922233676193,65.83579517479075,5.90342716197118,250,119.0,False,False,70.931495698306,256,70.931495698306,high_missing
cc_recent_6m_has_dpd_ratio_mean,ratio_rate_numeric,feature,P2_missingness_review,route_to_ratio_rate_eda; consider_missingness_logic_later,ratio_rate_eda,high combined missingness,71.73922233676193,65.83579517479075,5.90342716197118,253,119.0,False,False,70.931495698306,259,70.931495698306,high_missing
cc_recent_6m_has_dpd_ratio_min,ratio_rate_numeric,feature,P2_missingness_review,route_to_ratio_rate_eda; consider_missingness_logic_later,ratio_rate_eda,high combined missingness,71.73922233676193,65.83579517479075,5.90342716197118,250,119.0,False,False,70.931495698306,256,70.931495698306,high_missing
cc_recent_6m_high_util_80_mean_max,ratio_rate_numeric,feature,P2_missingness_review,route_to_ratio_rate_eda; consider_missingness_logic_later,ratio_rate_eda,high combined missingness,71.73922233676193,65.83989824388642,5.899324092875503,13,13.0,False,False,70.93205709393551,13,70.93205709393551,high_missing
cc_recent_6m_high_util_80_mean_mean,ratio_rate_numeric,feature,P2_missingness_review,route_to_ratio_rate_eda; consider_missingness_logic_later,ratio_rate_eda,high combined missingness,71.73922233676193,65.83989824388642,5.899324092875503,18,18.0,False,False,70.93205709393551,19,70.93205709393551,high_missing
cc_recent_6m_high_util_80_mean_min,ratio_rate_numeric,feature,P2_missingness_review,route_to_ratio_rate_eda; consider_missingness_logic_later,ratio_rate_eda,high combined missingness,71.73922233676193,65.83989824388642,5.899324092875503,13,13.0,False,False,70.93205709393551,13,70.93205709393551,high_missing
cc_recent_6m_high_util_80_mean_sum,ratio_rate_numeric,feature,P2_missingness_review,route_to_ratio_rate_eda; consider_missingness_logic_later,ratio_rate_eda,high combined missingness,71.73922233676193,65.83579517479075,5.90342716197118,16,13.0,False,False,70.931495698306,16,70.931495698306,high_missing
cc_recent_6m_high_utilization_80plus_count_max,ratio_rate_numeric,feature,P2_missingness_review,route_to_ratio_rate_eda; consider_missingness_logic_later,ratio_rate_eda,high combined missingness,71.73922233676193,65.83579517479075,5.90342716197118,7,7.0,False,False,70.931495698306,7,70.931495698306,high_missing
cc_recent_6m_high_utilization_80plus_count_mean,ratio_rate_numeric,feature,P2_missingness_review,route_to_ratio_rate_eda; consider_missingness_logic_later,ratio_rate_eda,high combined missingness,71.73922233676193,65.83579517479075,5.90342716197118,11,10.0,False,False,70.931495698306,11,70.931495698306,high_missing
cc_recent_6m_high_utilization_80plus_count_sum,ratio_rate_numeric,feature,P2_missingness_review,route_to_ratio_rate_eda; consider_missingness_logic_later,ratio_rate_eda,high combined missingness,71.73922233676193,65.83579517479075,5.90342716197118,10,7.0,False,False,70.931495698306,10,70.931495698306,high_missing
cc_recent_6m_high_utilization_80plus_ratio_max,ratio_rate_numeric,feature,P2_missingness_review,route_to_ratio_rate_eda; consider_missingness_logic_later,ratio_rate_eda,high combined missingness,71.73922233676193,65.83579517479075,5.90342716197118,325,243.0,False,False,70.931495698306,331,70.931495698306,high_missing
cc_recent_6m_high_utilization_80plus_ratio_mean,ratio_rate_numeric,feature,P2_missingness_review,route_to_ratio_rate_eda; consider_missingness_logic_later,ratio_rate_eda,high combined missingness,71.73922233676193,65.83579517479075,5.90342716197118,328,245.0,False,False,70.931495698306,335,70.931495698306,high_missing
cc_recent_6m_high_utilization_80plus_ratio_min,ratio_rate_numeric,feature,P2_missingness_review,route_to_ratio_rate_eda; consider_missingness_logic_later,ratio_rate_eda,high combined missingness,71.73922233676193,65.83579517479075,5.90342716197118,325,243.0,False,False,70.931495698306,331,70.931495698306,high_missing
cc_recent_6m_payment_less_min_mean_max,ratio_rate_numeric,feature,P2_missingness_review,route_to_ratio_rate_eda; consider_missingness_logic_later,ratio_rate_eda,high combined missingness,71.73922233676193,65.83989824388642,5.899324092875503,13,11.0,False,False,70.93205709393551,13,70.93205709393551,high_missing
cc_recent_6m_payment_less_min_mean_mean,ratio_rate_numeric,feature,P2_missingness_review,route_to_ratio_rate_eda; consider_missingness_logic_later,ratio_rate_eda,high combined missingness,71.73922233676193,65.83989824388642,5.899324092875503,17,15.0,False,False,70.93205709393551,18,70.93205709393551,high_missing
cc_recent_6m_payment_less_min_mean_min,ratio_rate_numeric,feature,P2_missingness_review,route_to_ratio_rate_eda; consider_missingness_logic_later,ratio_rate_eda,high combined missingness,71.73922233676193,65.83989824388642,5.899324092875503,13,11.0,False,False,70.93205709393551,13,70.93205709393551,high_missing
cc_recent_6m_payment_less_min_mean_sum,ratio_rate_numeric,feature,P2_missingness_review,route_to_ratio_rate_eda; consider_missingness_logic_later,ratio_rate_eda,high combined missingness,71.73922233676193,65.83579517479075,5.90342716197118,13,11.0,False,False,70.931495698306,13,70.931495698306,high_missing
cc_recent_6m_payment_less_than_min_count_mean,ratio_rate_numeric,feature,P2_missingness_review,route_to_ratio_rate_eda; consider_missingness_logic_later,ratio_rate_eda,high combined missingness,71.73922233676193,65.83579517479075,5.90342716197118,10,9.0,False,False,70.931495698306,10,70.931495698306,high_missing
cc_recent_6m_payment_less_than_min_ratio_max,ratio_rate_numeric,feature,P2_missingness_review,route_to_ratio_rate_eda; consider_missingness_logic_later,ratio_rate_eda,high combined missingness,71.73922233676193,65.83579517479075,5.90342716197118,196,134.0,False,False,70.931495698306,201,70.931495698306,high_missing
cc_recent_6m_payment_less_than_min_ratio_mean,ratio_rate_numeric,feature,P2_missingness_review,route_to_ratio_rate_eda; consider_missingness_logic_later,ratio_rate_eda,high combined missingness,71.73922233676193,65.83579517479075,5.90342716197118,198,134.0,False,False,70.931495698306,203,70.931495698306,high_missing
cc_recent_6m_payment_less_than_min_ratio_min,ratio_rate_numeric,feature,P2_missingness_review,route_to_ratio_rate_eda; consider_missingness_logic_later,ratio_rate_eda,high combined missingness,71.73922233676193,65.83579517479075,5.90342716197118,195,134.0,False,False,70.931495698306,200,70.931495698306,high_missing
cc_recent_6m_utilization_mean_max,ratio_rate_numeric,feature,P2_missingness_review,route_to_ratio_rate_eda; consider_missingness_logic_later,ratio_rate_eda,high combined missingness,77.90030275339744,72.89512555391433,5.005177199483114,33996,5992.0,False,False,77.21547767750629,39960,77.21547767750629,high_missing
cc_recent_6m_utilization_mean_mean,ratio_rate_numeric,feature,P2_missingness_review,route_to_ratio_rate_eda; consider_missingness_logic_later,ratio_rate_eda,high combined missingness,77.90030275339744,72.89512555391433,5.005177199483114,33996,5992.0,False,False,77.21547767750629,39959,77.21547767750629,high_missing
cc_recent_6m_utilization_mean_min,ratio_rate_numeric,feature,P2_missingness_review,route_to_ratio_rate_eda; consider_missingness_logic_later,ratio_rate_eda,high combined missingness,77.90030275339744,72.89512555391433,5.005177199483114,33862,5945.0,False,False,77.21547767750629,39779,77.21547767750629,high_missing
cc_recent_6m_utilization_mean_sum,ratio_rate_numeric,feature,P2_missingness_review,route_to_ratio_rate_eda; consider_missingness_logic_later,ratio_rate_eda,high combined missingness,71.73922233676193,65.83579517479075,5.90342716197118,33996,5992.0,False,False,70.931495698306,39960,70.931495698306,high_missing
cc_recivable_to_limit_max_max,ratio_rate_numeric,feature,P2_missingness_review,route_to_ratio_rate_eda; consider_missingness_logic_later,ratio_rate_eda,high combined missingness,72.02181385381336,66.33636960446414,5.685444249349217,55334,10300.0,False,False,71.24391236614223,64651,71.24391236614223,high_missing
cc_recivable_to_limit_max_mean,ratio_rate_numeric,feature,P2_missingness_review,route_to_ratio_rate_eda; consider_missingness_logic_later,ratio_rate_eda,high combined missingness,72.02181385381336,66.33636960446414,5.685444249349217,55379,10304.0,False,False,71.24391236614223,64721,71.24391236614223,high_missing
cc_recivable_to_limit_max_min,ratio_rate_numeric,feature,P2_missingness_review,route_to_ratio_rate_eda; consider_missingness_logic_later,ratio_rate_eda,high combined missingness,72.02181385381336,66.33636960446414,5.685444249349217,55141,10229.0,False,False,71.24391236614223,64411,71.24391236614223,high_missing
cc_recivable_to_limit_max_sum,ratio_rate_numeric,feature,P2_missingness_review,route_to_ratio_rate_eda; consider_missingness_logic_later,ratio_rate_eda,high combined missingness,71.73922233676193,65.83579517479075,5.90342716197118,55363,10302.0,False,False,70.931495698306,64704,70.931495698306,high_missing
cc_recivable_to_limit_mean_max,ratio_rate_numeric,feature,P2_missingness_review,route_to_ratio_rate_eda; consider_missingness_logic_later,ratio_rate_eda,high combined missingness,72.02181385381336,66.33636960446414,5.685444249349217,58811,10563.0,False,False,71.24391236614223,69156,71.24391236614223,high_missing
cc_recivable_to_limit_mean_mean,ratio_rate_numeric,feature,P2_missingness_review,route_to_ratio_rate_eda; consider_missingness_logic_later,ratio_rate_eda,high combined missingness,72.02181385381336,66.33636960446414,5.685444249349217,58815,10563.0,False,False,71.24391236614223,69168,71.24391236614223,high_missing
cc_recivable_to_limit_mean_min,ratio_rate_numeric,feature,P2_missingness_review,route_to_ratio_rate_eda; consider_missingness_logic_later,ratio_rate_eda,high combined missingness,72.02181385381336,66.33636960446414,5.685444249349217,58578,10485.0,False,False,71.24391236614223,68849,71.24391236614223,high_missing
cc_recivable_to_limit_mean_sum,ratio_rate_numeric,feature,P2_missingness_review,route_to_ratio_rate_eda; consider_missingness_logic_later,ratio_rate_eda,high combined missingness,71.73922233676193,65.83579517479075,5.90342716197118,58812,10563.0,False,False,70.931495698306,69162,70.931495698306,high_missing
cc_recivable_to_limit_min_max,ratio_rate_numeric,feature,P2_missingness_review,route_to_ratio_rate_eda; consider_missingness_logic_later,ratio_rate_eda,high combined missingness,72.02181385381336,66.33636960446414,5.685444249349217,18066,3039.0,False,False,71.24391236614223,20684,71.24391236614223,high_missing
cc_recivable_to_limit_min_mean,ratio_rate_numeric,feature,P2_missingness_review,route_to_ratio_rate_eda; consider_missingness_logic_later,ratio_rate_eda,high combined missingness,72.02181385381336,66.33636960446414,5.685444249349217,18196,3069.0,False,False,71.24391236614223,20833,71.24391236614223,high_missing
cc_recivable_to_limit_min_min,ratio_rate_numeric,feature,P2_missingness_review,route_to_ratio_rate_eda; consider_missingness_logic_later,ratio_rate_eda,high combined missingness,72.02181385381336,66.33636960446414,5.685444249349217,18135,3036.0,False,False,71.24391236614223,20734,71.24391236614223,high_missing
cc_recivable_to_limit_min_sum,ratio_rate_numeric,feature,P2_missingness_review,route_to_ratio_rate_eda; consider_missingness_logic_later,ratio_rate_eda,high combined missingness,71.73922233676193,65.83579517479075,5.90342716197118,18196,3067.0,False,False,70.931495698306,20828,70.931495698306,high_missing
cc_status_active_count_mean,ratio_rate_numeric,feature,P2_missingness_review,route_to_ratio_rate_eda; consider_missingness_logic_later,ratio_rate_eda,high combined missingness,71.73922233676193,65.83579517479075,5.90342716197118,149,135.0,False,False,70.931495698306,152,70.931495698306,high_missing
cc_status_active_ratio_max,ratio_rate_numeric,feature,P2_missingness_review,route_to_ratio_rate_eda; consider_missingness_logic_later,ratio_rate_eda,high combined missingness,71.73922233676193,65.83579517479075,5.90342716197118,831,554.0,False,False,70.931495698306,919,70.931495698306,high_missing
cc_status_active_ratio_mean,ratio_rate_numeric,feature,P2_missingness_review,route_to_ratio_rate_eda; consider_missingness_logic_later,ratio_rate_eda,high combined missingness,71.73922233676193,65.83579517479075,5.90342716197118,973,613.0,False,False,70.931495698306,1106,70.931495698306,high_missing
cc_status_active_ratio_min,ratio_rate_numeric,feature,P2_missingness_review,route_to_ratio_rate_eda; consider_missingness_logic_later,ratio_rate_eda,high combined missingness,71.73922233676193,65.83579517479075,5.90342716197118,853,568.0,False,False,70.931495698306,943,70.931495698306,high_missing
cc_status_approved_ratio_max,ratio_rate_numeric,feature,P2_missingness_review,route_to_ratio_rate_eda; consider_missingness_logic_later,ratio_rate_eda,high combined missingness,71.73922233676193,65.83579517479075,5.90342716197118,6,1.0,False,False,70.931495698306,6,70.931495698306,high_missing
cc_status_approved_ratio_mean,ratio_rate_numeric,feature,P2_missingness_review,route_to_ratio_rate_eda; consider_missingness_logic_later,ratio_rate_eda,high combined missingness,71.73922233676193,65.83579517479075,5.90342716197118,6,1.0,False,False,70.931495698306,6,70.931495698306,high_missing
cc_status_approved_ratio_min,ratio_rate_numeric,feature,P2_missingness_review,route_to_ratio_rate_eda; consider_missingness_logic_later,ratio_rate_eda,high combined missingness,71.73922233676193,65.83579517479075,5.90342716197118,6,1.0,False,False,70.931495698306,6,70.931495698306,high_missing
cc_status_completed_count_mean,ratio_rate_numeric,feature,P2_missingness_review,route_to_ratio_rate_eda; consider_missingness_logic_later,ratio_rate_eda,high combined missingness,71.73922233676193,65.83579517479075,5.90342716197118,60,49.0,False,False,70.931495698306,64,70.931495698306,high_missing
cc_status_completed_ratio_max,ratio_rate_numeric,feature,P2_missingness_review,route_to_ratio_rate_eda; consider_missingness_logic_later,ratio_rate_eda,high combined missingness,71.73922233676193,65.83579517479075,5.90342716197118,774,516.0,False,False,70.931495698306,860,70.931495698306,high_missing
cc_status_completed_ratio_mean,ratio_rate_numeric,feature,P2_missingness_review,route_to_ratio_rate_eda; consider_missingness_logic_later,ratio_rate_eda,high combined missingness,71.73922233676193,65.83579517479075,5.90342716197118,883,557.0,False,False,70.931495698306,1008,70.931495698306,high_missing
cc_status_completed_ratio_min,ratio_rate_numeric,feature,P2_missingness_review,route_to_ratio_rate_eda; consider_missingness_logic_later,ratio_rate_eda,high combined missingness,71.73922233676193,65.83579517479075,5.90342716197118,753,502.0,False,False,70.931495698306,835,70.931495698306,high_missing
cc_status_demand_count_mean,ratio_rate_numeric,feature,P2_missingness_review,route_to_ratio_rate_eda; consider_missingness_logic_later,ratio_rate_eda,high combined missingness,71.73922233676193,65.83579517479075,5.90342716197118,14,8.0,False,False,70.931495698306,21,70.931495698306,high_missing
cc_status_demand_ratio_max,ratio_rate_numeric,feature,P2_missingness_review,route_to_ratio_rate_eda; consider_missingness_logic_later,ratio_rate_eda,high combined missingness,71.73922233676193,65.83579517479075,5.90342716197118,16,6.0,False,False,70.931495698306,21,70.931495698306,high_missing
cc_status_demand_ratio_mean,ratio_rate_numeric,feature,P2_missingness_review,route_to_ratio_rate_eda; consider_missingness_logic_later,ratio_rate_eda,high combined missingness,71.73922233676193,65.83579517479075,5.90342716197118,16,6.0,False,False,70.931495698306,21,70.931495698306,high_missing
cc_status_demand_ratio_min,ratio_rate_numeric,feature,P2_missingness_review,route_to_ratio_rate_eda; consider_missingness_logic_later,ratio_rate_eda,high combined missingness,71.73922233676193,65.83579517479075,5.90342716197118,15,6.0,False,False,70.931495698306,20,70.931495698306,high_missing
cc_status_refused_ratio_max,ratio_rate_numeric,feature,P2_missingness_review,route_to_ratio_rate_eda; consider_missingness_logic_later,ratio_rate_eda,high combined missingness,71.73922233676193,65.83579517479075,5.90342716197118,14,4.0,False,False,70.931495698306,16,70.931495698306,high_missing
cc_status_refused_ratio_mean,ratio_rate_numeric,feature,P2_missingness_review,route_to_ratio_rate_eda; consider_missingness_logic_later,ratio_rate_eda,high combined missingness,71.73922233676193,65.83579517479075,5.90342716197118,14,4.0,False,False,70.931495698306,16,70.931495698306,high_missing
cc_status_refused_ratio_min,ratio_rate_numeric,feature,P2_missingness_review,route_to_ratio_rate_eda; consider_missingness_logic_later,ratio_rate_eda,high combined missingness,71.73922233676193,65.83579517479075,5.90342716197118,14,4.0,False,False,70.931495698306,16,70.931495698306,high_missing
cc_status_sent_proposal_count_mean,ratio_rate_numeric,feature,P2_missingness_review,route_to_ratio_rate_eda; consider_missingness_logic_later,ratio_rate_eda,high combined missingness,71.73922233676193,65.83579517479075,5.90342716197118,3,2.0,False,False,70.931495698306,3,70.931495698306,high_missing
cc_status_sent_proposal_ratio_max,ratio_rate_numeric,feature,P2_missingness_review,route_to_ratio_rate_eda; consider_missingness_logic_later,ratio_rate_eda,high combined missingness,71.73922233676193,65.83579517479075,5.90342716197118,32,22.0,False,False,70.931495698306,32,70.931495698306,high_missing
cc_status_sent_proposal_ratio_mean,ratio_rate_numeric,feature,P2_missingness_review,route_to_ratio_rate_eda; consider_missingness_logic_later,ratio_rate_eda,high combined missingness,71.73922233676193,65.83579517479075,5.90342716197118,36,22.0,False,False,70.931495698306,36,70.931495698306,high_missing
cc_status_sent_proposal_ratio_min,ratio_rate_numeric,feature,P2_missingness_review,route_to_ratio_rate_eda; consider_missingness_logic_later,ratio_rate_eda,high combined missingness,71.73922233676193,65.83579517479075,5.90342716197118,32,22.0,False,False,70.931495698306,32,70.931495698306,high_missing
cc_status_signed_count_mean,ratio_rate_numeric,feature,P2_missingness_review,route_to_ratio_rate_eda; consider_missingness_logic_later,ratio_rate_eda,high combined missingness,71.73922233676193,65.83579517479075,5.90342716197118,45,18.0,False,False,70.931495698306,47,70.931495698306,high_missing
cc_status_signed_ratio_max,ratio_rate_numeric,feature,P2_missingness_review,route_to_ratio_rate_eda; consider_missingness_logic_later,ratio_rate_eda,high combined missingness,71.73922233676193,65.83579517479075,5.90342716197118,245,103.0,False,False,70.931495698306,263,70.931495698306,high_missing
cc_status_signed_ratio_mean,ratio_rate_numeric,feature,P2_missingness_review,route_to_ratio_rate_eda; consider_missingness_logic_later,ratio_rate_eda,high combined missingness,71.73922233676193,65.83579517479075,5.90342716197118,257,106.0,False,False,70.931495698306,278,70.931495698306,high_missing
cc_status_signed_ratio_min,ratio_rate_numeric,feature,P2_missingness_review,route_to_ratio_rate_eda; consider_missingness_logic_later,ratio_rate_eda,high combined missingness,71.73922233676193,65.83579517479075,5.90342716197118,243,103.0,False,False,70.931495698306,261,70.931495698306,high_missing
cc_total_payment_to_balance_ratio_max_sum,ratio_rate_numeric,feature,P2_missingness_review,route_to_ratio_rate_eda; consider_missingness_logic_later,ratio_rate_eda,high combined missingness,71.73922233676193,65.83579517479075,5.90342716197118,56689,10334.0,False,False,70.931495698306,66253,70.931495698306,high_missing
cc_total_payment_to_balance_ratio_mean_sum,ratio_rate_numeric,feature,P2_missingness_review,route_to_ratio_rate_eda; consider_missingness_logic_later,ratio_rate_eda,high combined missingness,71.73922233676193,65.83579517479075,5.90342716197118,58019,10414.0,False,False,70.931495698306,68135,70.931495698306,high_missing
cc_total_payment_to_balance_ratio_min_sum,ratio_rate_numeric,feature,P2_missingness_review,route_to_ratio_rate_eda; consider_missingness_logic_later,ratio_rate_eda,high combined missingness,71.73922233676193,65.83579517479075,5.90342716197118,9114,1979.0,False,False,70.931495698306,10996,70.931495698306,high_missing
cc_total_payment_to_balance_ratio_std_sum,ratio_rate_numeric,feature,P2_missingness_review,route_to_ratio_rate_eda; consider_missingness_logic_later,ratio_rate_eda,high combined missingness,71.73922233676193,65.83579517479075,5.90342716197118,57413,10280.0,False,False,70.931495698306,67405,70.931495698306,high_missing
cc_total_payment_to_min_inst_ratio_max_sum,ratio_rate_numeric,feature,P2_missingness_review,route_to_ratio_rate_eda; consider_missingness_logic_later,ratio_rate_eda,high combined missingness,71.73922233676193,65.83579517479075,5.90342716197118,44370,8938.0,False,False,70.931495698306,51789,70.931495698306,high_missing
cc_total_payment_to_min_inst_ratio_mean_sum,ratio_rate_numeric,feature,P2_missingness_review,route_to_ratio_rate_eda; consider_missingness_logic_later,ratio_rate_eda,high combined missingness,71.73922233676193,65.83579517479075,5.90342716197118,57497,10469.0,False,False,70.931495698306,67485,70.931495698306,high_missing
cc_total_payment_to_min_inst_ratio_min_sum,ratio_rate_numeric,feature,P2_missingness_review,route_to_ratio_rate_eda; consider_missingness_logic_later,ratio_rate_eda,high combined missingness,71.73922233676193,65.83579517479075,5.90342716197118,20658,4283.0,False,False,70.931495698306,24461,70.931495698306,high_missing
cc_total_payment_to_min_inst_ratio_std_sum,ratio_rate_numeric,feature,P2_missingness_review,route_to_ratio_rate_eda; consider_missingness_logic_later,ratio_rate_eda,high combined missingness,71.73922233676193,65.83579517479075,5.90342716197118,57333,10265.0,False,False,70.931495698306,67301,70.931495698306,high_missing
cc_total_receivable_to_limit_max_max,ratio_rate_numeric,feature,P2_missingness_review,route_to_ratio_rate_eda; consider_missingness_logic_later,ratio_rate_eda,high combined missingness,72.02181385381336,66.33636960446414,5.685444249349217,55334,10300.0,False,False,71.24391236614223,64652,71.24391236614223,high_missing
cc_total_receivable_to_limit_max_mean,ratio_rate_numeric,feature,P2_missingness_review,route_to_ratio_rate_eda; consider_missingness_logic_later,ratio_rate_eda,high combined missingness,72.02181385381336,66.33636960446414,5.685444249349217,55378,10304.0,False,False,71.24391236614223,64721,71.24391236614223,high_missing
cc_total_receivable_to_limit_max_min,ratio_rate_numeric,feature,P2_missingness_review,route_to_ratio_rate_eda; consider_missingness_logic_later,ratio_rate_eda,high combined missingness,72.02181385381336,66.33636960446414,5.685444249349217,55140,10229.0,False,False,71.24391236614223,64411,71.24391236614223,high_missing
cc_total_receivable_to_limit_max_sum,ratio_rate_numeric,feature,P2_missingness_review,route_to_ratio_rate_eda; consider_missingness_logic_later,ratio_rate_eda,high combined missingness,71.73922233676193,65.83579517479075,5.90342716197118,55363,10302.0,False,False,70.931495698306,64705,70.931495698306,high_missing
cc_total_receivable_to_limit_mean_max,ratio_rate_numeric,feature,P2_missingness_review,route_to_ratio_rate_eda; consider_missingness_logic_later,ratio_rate_eda,high combined missingness,72.02181385381336,66.33636960446414,5.685444249349217,58808,10563.0,False,False,71.24391236614223,69155,71.24391236614223,high_missing
cc_total_receivable_to_limit_mean_mean,ratio_rate_numeric,feature,P2_missingness_review,route_to_ratio_rate_eda; consider_missingness_logic_later,ratio_rate_eda,high combined missingness,72.02181385381336,66.33636960446414,5.685444249349217,58812,10563.0,False,False,71.24391236614223,69166,71.24391236614223,high_missing
cc_total_receivable_to_limit_mean_min,ratio_rate_numeric,feature,P2_missingness_review,route_to_ratio_rate_eda; consider_missingness_logic_later,ratio_rate_eda,high combined missingness,72.02181385381336,66.33636960446414,5.685444249349217,58575,10485.0,False,False,71.24391236614223,68847,71.24391236614223,high_missing
cc_total_receivable_to_limit_mean_sum,ratio_rate_numeric,feature,P2_missingness_review,route_to_ratio_rate_eda; consider_missingness_logic_later,ratio_rate_eda,high combined missingness,71.73922233676193,65.83579517479075,5.90342716197118,58809,10563.0,False,False,70.931495698306,69160,70.931495698306,high_missing
cc_total_receivable_to_limit_min_max,ratio_rate_numeric,feature,P2_missingness_review,route_to_ratio_rate_eda; consider_missingness_logic_later,ratio_rate_eda,high combined missingness,72.02181385381336,66.33636960446414,5.685444249349217,18065,3039.0,False,False,71.24391236614223,20683,71.24391236614223,high_missing
cc_total_receivable_to_limit_min_mean,ratio_rate_numeric,feature,P2_missingness_review,route_to_ratio_rate_eda; consider_missingness_logic_later,ratio_rate_eda,high combined missingness,72.02181385381336,66.33636960446414,5.685444249349217,18195,3069.0,False,False,71.24391236614223,20832,71.24391236614223,high_missing
cc_total_receivable_to_limit_min_min,ratio_rate_numeric,feature,P2_missingness_review,route_to_ratio_rate_eda; consider_missingness_logic_later,ratio_rate_eda,high combined missingness,72.02181385381336,66.33636960446414,5.685444249349217,18134,3036.0,False,False,71.24391236614223,20733,71.24391236614223,high_missing
cc_total_receivable_to_limit_min_sum,ratio_rate_numeric,feature,P2_missingness_review,route_to_ratio_rate_eda; consider_missingness_logic_later,ratio_rate_eda,high combined missingness,71.73922233676193,65.83579517479075,5.90342716197118,18195,3067.0,False,False,70.931495698306,20827,70.931495698306,high_missing
cc_total_receivable_to_limit_std_max,ratio_rate_numeric,feature,P2_missingness_review,route_to_ratio_rate_eda; consider_missingness_logic_later,ratio_rate_eda,high combined missingness,72.2348143643642,66.40612177909077,5.82869258527343,58620,10556.0,False,False,71.43731316051705,68953,71.43731316051705,high_missing
cc_total_receivable_to_limit_std_mean,ratio_rate_numeric,feature,P2_missingness_review,route_to_ratio_rate_eda; consider_missingness_logic_later,ratio_rate_eda,high combined missingness,72.2348143643642,66.40612177909077,5.82869258527343,58625,10556.0,False,False,71.43731316051705,68966,71.43731316051705,high_missing
cc_total_receivable_to_limit_std_min,ratio_rate_numeric,feature,P2_missingness_review,route_to_ratio_rate_eda; consider_missingness_logic_later,ratio_rate_eda,high combined missingness,72.2348143643642,66.40612177909077,5.82869258527343,58408,10480.0,False,False,71.43731316051705,68673,71.43731316051705,high_missing
cc_total_receivable_to_limit_std_sum,ratio_rate_numeric,feature,P2_missingness_review,route_to_ratio_rate_eda; consider_missingness_logic_later,ratio_rate_eda,high combined missingness,71.73922233676193,65.83579517479075,5.90342716197118,58624,10556.0,False,False,70.931495698306,68964,70.931495698306,high_missing
cc_utilization_range_max,ratio_rate_numeric,feature,P2_missingness_review,route_to_ratio_rate_eda; consider_missingness_logic_later,ratio_rate_eda,high combined missingness,72.02181385381336,66.33636960446414,5.685444249349217,56249,10440.0,False,False,71.24391236614223,65855,71.24391236614223,high_missing
cc_utilization_range_mean,ratio_rate_numeric,feature,P2_missingness_review,route_to_ratio_rate_eda; consider_missingness_logic_later,ratio_rate_eda,high combined missingness,72.02181385381336,66.33636960446414,5.685444249349217,56288,10444.0,False,False,71.24391236614223,65921,71.24391236614223,high_missing
cc_utilization_range_min,ratio_rate_numeric,feature,P2_missingness_review,route_to_ratio_rate_eda; consider_missingness_logic_later,ratio_rate_eda,high combined missingness,72.02181385381336,66.33636960446414,5.685444249349217,56058,10366.0,False,False,71.24391236614223,65611,71.24391236614223,high_missing
cc_utilization_range_sum,ratio_rate_numeric,feature,P2_missingness_review,route_to_ratio_rate_eda; consider_missingness_logic_later,ratio_rate_eda,high combined missingness,71.73922233676193,65.83579517479075,5.90342716197118,56275,10443.0,False,False,70.931495698306,65905,70.931495698306,high_missing
cc_utilization_trend_6m_vs_old_sum,ratio_rate_numeric,feature,P2_missingness_review,route_to_ratio_rate_eda; consider_missingness_logic_later,ratio_rate_eda,high combined missingness,71.73922233676193,65.83579517479075,5.90342716197118,42963,7947.0,False,False,70.931495698306,50901,70.931495698306,high_missing
prev_canceled_annuity_to_credit_ratio_sum,ratio_rate_numeric,feature,P2_missingness_review,route_to_ratio_rate_eda; consider_missingness_logic_later,ratio_rate_eda,high combined missingness,63.99283277671368,54.93188905301165,9.060943723702032,2579,862.0,False,False,62.75308416723976,3023,62.75308416723976,high_missing
prev_canceled_credit_to_application_ratio_sum,ratio_rate_numeric,feature,P2_missingness_review,route_to_ratio_rate_eda; consider_missingness_logic_later,ratio_rate_eda,high combined missingness,63.99283277671368,54.93188905301165,9.060943723702032,921,316.0,False,False,62.75308416723976,1058,62.75308416723976,high_missing
prev_latest_down_payment_ratio,ratio_rate_numeric,feature,P2_missingness_review,route_to_ratio_rate_eda; consider_missingness_logic_later,ratio_rate_eda,high combined missingness,57.47404157900042,56.89520761529624,0.5788339637041844,24370,5239.0,False,False,57.39484358114272,27246,57.39484358114272,high_missing
prev_refused_annuity_to_credit_ratio_max,ratio_rate_numeric,feature,P2_missingness_review,route_to_ratio_rate_eda; consider_missingness_logic_later,ratio_rate_eda,high combined missingness,70.2231790082306,66.10249466601019,4.120684342220414,28336,8678.0,False,False,69.65937320177963,32117,69.65937320177963,high_missing
prev_refused_annuity_to_credit_ratio_mean,ratio_rate_numeric,feature,P2_missingness_review,route_to_ratio_rate_eda; consider_missingness_logic_later,ratio_rate_eda,high combined missingness,70.2231790082306,66.10249466601019,4.120684342220414,53990,12017.0,False,False,69.65937320177963,62586,69.65937320177963,high_missing
prev_refused_annuity_to_credit_ratio_sum,ratio_rate_numeric,feature,P2_missingness_review,route_to_ratio_rate_eda; consider_missingness_logic_later,ratio_rate_eda,high combined missingness,67.3852317478074,63.10725422616117,4.277977521646228,55891,12269.0,False,False,66.79990456274298,64736,66.79990456274298,high_missing
prev_refused_credit_to_application_ratio_max,ratio_rate_numeric,feature,P2_missingness_review,route_to_ratio_rate_eda; consider_missingness_logic_later,ratio_rate_eda,high combined missingness,70.03684421045101,65.84605284752996,4.190791362921047,18553,4195.0,False,False,69.4634461270719,20749,69.4634461270719,high_missing
prev_refused_credit_to_application_ratio_mean,ratio_rate_numeric,feature,P2_missingness_review,route_to_ratio_rate_eda; consider_missingness_logic_later,ratio_rate_eda,high combined missingness,70.03684421045101,65.84605284752996,4.190791362921047,36502,7395.0,False,False,69.4634461270719,41632,69.4634461270719,high_missing
prev_refused_credit_to_application_ratio_sum,ratio_rate_numeric,feature,P2_missingness_review,route_to_ratio_rate_eda; consider_missingness_logic_later,ratio_rate_eda,high combined missingness,67.3852317478074,63.10725422616117,4.277977521646228,39183,7900.0,False,False,66.79990456274298,44907,66.79990456274298,high_missing
EXT_SOURCE_1,score_index_numeric,feature,P2_missingness_review,route_to_continuous_numeric_eda; consider_missingness_logic_later,continuous_numeric_eda,high combined missingness,56.38107254699833,42.12210733628755,14.25896521071078,114584,27207.0,False,False,54.43011326156826,134315,54.43011326156826,high_missing
FLAG_CONT_MOBILE,binary_flag,feature,P2_low_variance_review,route_to_binary_flag_eda; low_variance_review_later,binary_flag_eda,near-constant combined distribution,0.0,0.0,0.0,2,2.0,False,False,0.0,2,99.81698502477158,near_constant
FLAG_DOCUMENT_11,binary_flag,feature,P2_low_variance_review,route_to_binary_flag_eda; low_variance_review_later,binary_flag_eda,near-constant combined distribution,0.0,0.0,0.0,2,2.0,False,False,0.0,2,99.64632075339294,near_constant
FLAG_DOCUMENT_18,binary_flag,feature,P2_low_variance_review,route_to_binary_flag_eda; low_variance_review_later,binary_flag_eda,near-constant combined distribution,0.0,0.0,0.0,2,2.0,False,False,0.0,2,99.27692242915889,near_constant
FLAG_DOCUMENT_4,binary_flag,feature,P2_low_variance_review,route_to_binary_flag_eda; low_variance_review_later,binary_flag_eda,near-constant combined distribution,0.0,0.0,0.0,2,2.0,False,False,0.0,2,99.99157906555698,near_constant
FLAG_DOCUMENT_7,binary_flag,feature,P2_low_variance_review,route_to_binary_flag_eda; low_variance_review_later,binary_flag_eda,near-constant combined distribution,0.0,0.0,0.0,2,2.0,False,False,0.0,2,99.98287743329918,near_constant
FLAG_DOCUMENT_9,binary_flag,feature,P2_low_variance_review,route_to_binary_flag_eda; low_variance_review_later,binary_flag_eda,near-constant combined distribution,0.0,0.0,0.0,2,2.0,False,False,0.0,2,99.60225119647444,near_constant
FLAG_MOBIL,binary_flag,feature,P2_low_variance_review,route_to_binary_flag_eda; low_variance_review_later,binary_flag_eda,near-constant combined distribution,0.0,0.0,0.0,2,2.0,False,False,0.0,2,99.99943860437045,near_constant
inst_expected_amount_mean_mean,continuous_amount_numeric,feature,P2_high_unique_review,route_to_continuous_numeric_eda; verify_not_id_like,continuous_numeric_eda,very high unique percentage,5.160140612856125,1.641227638273429,3.518912974582697,286371,47805.0,False,False,4.67867117654489,333173,4.67867117654489,high_unique_pct
inst_expected_amount_mean_sum,continuous_amount_numeric,feature,P2_high_unique_review,route_to_continuous_numeric_eda; verify_not_id_like,continuous_numeric_eda,very high unique percentage,5.160140612856125,1.641227638273429,3.518912974582697,286851,47828.0,False,False,4.67867117654489,333828,4.67867117654489,high_unique_pct
inst_expected_amount_sum_mean,continuous_amount_numeric,feature,P2_high_unique_review,route_to_continuous_numeric_eda; verify_not_id_like,continuous_numeric_eda,very high unique percentage,5.160140612856125,1.641227638273429,3.518912974582697,286774,47817.0,False,False,4.67867117654489,333565,4.67867117654489,high_unique_pct
inst_expected_amount_sum_sum,continuous_amount_numeric,feature,P2_high_unique_review,route_to_continuous_numeric_eda; verify_not_id_like,continuous_numeric_eda,very high unique percentage,5.160140612856125,1.641227638273429,3.518912974582697,286962,47822.0,False,False,4.67867117654489,333806,4.67867117654489,high_unique_pct
inst_max_single_payment_mean_mean,continuous_amount_numeric,feature,P2_high_unique_review,route_to_continuous_numeric_eda; verify_not_id_like,continuous_numeric_eda,very high unique percentage,5.162742145809418,1.64327917282127,3.519462972988147,287165,47837.0,False,False,4.681197456877798,334127,4.681197456877798,high_unique_pct
inst_max_single_payment_mean_sum,continuous_amount_numeric,feature,P2_high_unique_review,route_to_continuous_numeric_eda; verify_not_id_like,continuous_numeric_eda,very high unique percentage,5.160140612856125,1.641227638273429,3.518912974582697,287617,47850.0,False,False,4.67867117654489,334741,4.67867117654489,high_unique_pct
inst_paid_amount_mean_mean,continuous_amount_numeric,feature,P2_high_unique_review,route_to_continuous_numeric_eda; verify_not_id_like,continuous_numeric_eda,very high unique percentage,5.160140612856125,1.641227638273429,3.518912974582697,286461,47811.0,False,False,4.67867117654489,333273,4.67867117654489,high_unique_pct
inst_paid_amount_mean_sum,continuous_amount_numeric,feature,P2_high_unique_review,route_to_continuous_numeric_eda; verify_not_id_like,continuous_numeric_eda,very high unique percentage,5.160140612856125,1.641227638273429,3.518912974582697,286886,47824.0,False,False,4.67867117654489,333871,4.67867117654489,high_unique_pct
inst_paid_amount_sum_mean,continuous_amount_numeric,feature,P2_high_unique_review,route_to_continuous_numeric_eda; verify_not_id_like,continuous_numeric_eda,very high unique percentage,5.160140612856125,1.641227638273429,3.518912974582697,286801,47819.0,False,False,4.67867117654489,333604,4.67867117654489,high_unique_pct
inst_paid_amount_sum_sum,continuous_amount_numeric,feature,P2_high_unique_review,route_to_continuous_numeric_eda; verify_not_id_like,continuous_numeric_eda,very high unique percentage,5.160140612856125,1.641227638273429,3.518912974582697,286984,47819.0,False,False,4.67867117654489,333859,4.67867117654489,high_unique_pct
