feature,feature_category,numeric_family,source_group,priority_level,priority_score,keep_decision,primary_numeric_route,suggested_routes,feature_engineering_decision,missing_pct_train,missing_gap_pct,zero_pct,negative_pct,positive_pct,abs_skew,iqr_outlier_pct,n_unique_train,temporal_review_reasons,modeling_note
bureau_recent_12m_overdue_days_max,overdue_delay_numeric,overdue_delay,bureau,critical,17,keep_but_review_before_final_FE,delay_severity_flag_review,missing=missing_flag_review; zero=zero_flag_review; zero_vs_delay_split_review; transform=log1p_review; binning=delay_severity_bin_review; special=credit_risk_delay_review,Preserve credit-risk signal; review late/early/severe delay flags and delay severity bins.,50.64826949279863,1.520202524270132,99.2929718901965,0.0,0.7070281098035082,27.71477890014648,0.0,142,high_missing; almost_all_zero; extreme_skew; has_late_delay_signal; severe_delay_signal; extreme_delay_signal; rare_severe_delay_signal; missing_indicator_candidate; rare_event_candidate; transform_review_candidate; had_delay_flag_candidate; severe_delay_flag_candidate; extreme_delay_flag_candidate,No final drop decision from numeric EDA alone; validate with target analysis and CV model performance.
bureau_recent_12m_overdue_days_mean,overdue_delay_numeric,overdue_delay,bureau,critical,17,keep_but_review_before_final_FE,delay_severity_flag_review,missing=missing_flag_review; zero=zero_flag_review; zero_vs_delay_split_review; transform=log1p_review; binning=delay_severity_bin_review; special=credit_risk_delay_review,Preserve credit-risk signal; review late/early/severe delay flags and delay severity bins.,50.64826949279863,1.520202524270132,99.2929718901965,0.0,0.7070281098035082,34.05260848999023,0.0,292,high_missing; almost_all_zero; extreme_skew; has_late_delay_signal; severe_delay_signal; extreme_delay_signal; rare_severe_delay_signal; missing_indicator_candidate; rare_event_candidate; transform_review_candidate; had_delay_flag_candidate; severe_delay_flag_candidate; extreme_delay_flag_candidate,No final drop decision from numeric EDA alone; validate with target analysis and CV model performance.
bureau_recent_12m_overdue_days_sum,overdue_delay_numeric,overdue_delay,bureau,critical,17,keep_but_review_before_final_FE,delay_severity_flag_review,missing=missing_flag_review; zero=zero_flag_review; zero_vs_delay_split_review; transform=log1p_review; binning=delay_severity_bin_review; special=credit_risk_delay_review,Preserve credit-risk signal; review late/early/severe delay flags and delay severity bins.,50.64826949279863,1.520202524270132,99.2929718901965,0.0,0.7070281098035082,29.08465766906738,0.0,148,high_missing; almost_all_zero; extreme_skew; has_late_delay_signal; severe_delay_signal; extreme_delay_signal; rare_severe_delay_signal; missing_indicator_candidate; rare_event_candidate; transform_review_candidate; had_delay_flag_candidate; severe_delay_flag_candidate; extreme_delay_flag_candidate,No final drop decision from numeric EDA alone; validate with target analysis and CV model performance.
cc_latest_dpd,overdue_delay_numeric,overdue_delay,credit_card,critical,17,keep_but_review_before_final_FE,delay_severity_flag_review,missing=missing_flag_review; zero=zero_flag_review; zero_vs_delay_split_review; transform=log1p_review; binning=delay_severity_bin_review; special=credit_risk_delay_review,Preserve credit-risk signal; review late/early/severe delay flags and delay severity bins.,71.73922233676193,5.90342716197118,98.66290777285542,0.0,1.337092227144583,13.39743900299072,0.0,276,high_missing; almost_all_zero; extreme_skew; has_late_delay_signal; severe_delay_signal; extreme_delay_signal; rare_severe_delay_signal; missing_indicator_candidate; rare_event_candidate; transform_review_candidate; had_delay_flag_candidate; severe_delay_flag_candidate; extreme_delay_flag_candidate,No final drop decision from numeric EDA alone; validate with target analysis and CV model performance.
cc_latest_dpd_def,overdue_delay_numeric,overdue_delay,credit_card,critical,17,keep_but_review_before_final_FE,delay_severity_flag_review,missing=missing_flag_review; zero=zero_flag_review; zero_vs_delay_split_review; transform=log1p_review; binning=delay_severity_bin_review; special=credit_risk_delay_review,Preserve credit-risk signal; review late/early/severe delay flags and delay severity bins.,71.73922233676193,5.90342716197118,99.67665842011392,0.0,0.3233415798860825,107.6689071655273,0.0,24,high_missing; almost_all_zero; extreme_skew; has_late_delay_signal; severe_delay_signal; extreme_delay_signal; rare_severe_delay_signal; missing_indicator_candidate; rare_event_candidate; transform_review_candidate; had_delay_flag_candidate; severe_delay_flag_candidate; extreme_delay_flag_candidate,No final drop decision from numeric EDA alone; validate with target analysis and CV model performance.
cc_latest_dpd_def_max,overdue_delay_numeric,overdue_delay,credit_card,critical,17,keep_but_review_before_final_FE,delay_severity_flag_review,missing=missing_flag_review; zero=zero_flag_review; zero_vs_delay_split_review; transform=log1p_review; binning=delay_severity_bin_review; special=credit_risk_delay_review,Preserve credit-risk signal; review late/early/severe delay flags and delay severity bins.,71.73922233676193,5.90342716197118,99.67665842011392,0.0,0.3233415798860825,107.6689071655273,0.0,24,high_missing; almost_all_zero; extreme_skew; has_late_delay_signal; severe_delay_signal; extreme_delay_signal; rare_severe_delay_signal; missing_indicator_candidate; rare_event_candidate; transform_review_candidate; had_delay_flag_candidate; severe_delay_flag_candidate; extreme_delay_flag_candidate,No final drop decision from numeric EDA alone; validate with target analysis and CV model performance.
cc_latest_dpd_def_mean,overdue_delay_numeric,overdue_delay,credit_card,critical,17,keep_but_review_before_final_FE,delay_severity_flag_review,missing=missing_flag_review; zero=zero_flag_review; zero_vs_delay_split_review; transform=log1p_review; binning=delay_severity_bin_review; special=credit_risk_delay_review,Preserve credit-risk signal; review late/early/severe delay flags and delay severity bins.,71.73922233676193,5.90342716197118,99.67665842011392,0.0,0.3233415798860825,111.4719696044922,0.0,26,high_missing; almost_all_zero; extreme_skew; has_late_delay_signal; severe_delay_signal; extreme_delay_signal; rare_severe_delay_signal; missing_indicator_candidate; rare_event_candidate; transform_review_candidate; had_delay_flag_candidate; severe_delay_flag_candidate; extreme_delay_flag_candidate,No final drop decision from numeric EDA alone; validate with target analysis and CV model performance.
cc_latest_dpd_def_min,overdue_delay_numeric,overdue_delay,credit_card,critical,17,keep_but_review_before_final_FE,delay_severity_flag_review,missing=missing_flag_review; zero=zero_flag_review; zero_vs_delay_split_review; transform=log1p_review; binning=delay_severity_bin_review; special=credit_risk_delay_review,Preserve credit-risk signal; review late/early/severe delay flags and delay severity bins.,71.73922233676193,5.90342716197118,99.68011046545078,0.0,0.3198895345492204,115.6592330932617,0.0,23,high_missing; almost_all_zero; extreme_skew; has_late_delay_signal; severe_delay_signal; extreme_delay_signal; rare_severe_delay_signal; missing_indicator_candidate; rare_event_candidate; transform_review_candidate; had_delay_flag_candidate; severe_delay_flag_candidate; extreme_delay_flag_candidate,No final drop decision from numeric EDA alone; validate with target analysis and CV model performance.
cc_latest_dpd_def_sum,overdue_delay_numeric,overdue_delay,credit_card,critical,17,keep_but_review_before_final_FE,delay_severity_flag_review,missing=missing_flag_review; zero=zero_flag_review; zero_vs_delay_split_review; transform=log1p_review; binning=delay_severity_bin_review; special=credit_risk_delay_review,Preserve credit-risk signal; review late/early/severe delay flags and delay severity bins.,71.73922233676193,5.90342716197118,99.67665842011392,0.0,0.3233415798860825,107.6689071655273,0.0,24,high_missing; almost_all_zero; extreme_skew; has_late_delay_signal; severe_delay_signal; extreme_delay_signal; rare_severe_delay_signal; missing_indicator_candidate; rare_event_candidate; transform_review_candidate; had_delay_flag_candidate; severe_delay_flag_candidate; extreme_delay_flag_candidate,No final drop decision from numeric EDA alone; validate with target analysis and CV model performance.
cc_latest_dpd_max,overdue_delay_numeric,overdue_delay,credit_card,critical,17,keep_but_review_before_final_FE,delay_severity_flag_review,missing=missing_flag_review; zero=zero_flag_review; zero_vs_delay_split_review; transform=log1p_review; binning=delay_severity_bin_review; special=credit_risk_delay_review,Preserve credit-risk signal; review late/early/severe delay flags and delay severity bins.,71.73922233676193,5.90342716197118,98.66290777285542,0.0,1.337092227144583,13.39743900299072,0.0,276,high_missing; almost_all_zero; extreme_skew; has_late_delay_signal; severe_delay_signal; extreme_delay_signal; rare_severe_delay_signal; missing_indicator_candidate; rare_event_candidate; transform_review_candidate; had_delay_flag_candidate; severe_delay_flag_candidate; extreme_delay_flag_candidate,No final drop decision from numeric EDA alone; validate with target analysis and CV model performance.
cc_latest_dpd_mean,overdue_delay_numeric,overdue_delay,credit_card,critical,17,keep_but_review_before_final_FE,delay_severity_flag_review,missing=missing_flag_review; zero=zero_flag_review; zero_vs_delay_split_review; transform=log1p_review; binning=delay_severity_bin_review; special=credit_risk_delay_review,Preserve credit-risk signal; review late/early/severe delay flags and delay severity bins.,71.73922233676193,5.90342716197118,98.66290777285542,0.0,1.337092227144583,13.38736820220947,0.0,279,high_missing; almost_all_zero; extreme_skew; has_late_delay_signal; severe_delay_signal; extreme_delay_signal; rare_severe_delay_signal; missing_indicator_candidate; rare_event_candidate; transform_review_candidate; had_delay_flag_candidate; severe_delay_flag_candidate; extreme_delay_flag_candidate,No final drop decision from numeric EDA alone; validate with target analysis and CV model performance.
cc_latest_dpd_min,overdue_delay_numeric,overdue_delay,credit_card,critical,17,keep_but_review_before_final_FE,delay_severity_flag_review,missing=missing_flag_review; zero=zero_flag_review; zero_vs_delay_split_review; transform=log1p_review; binning=delay_severity_bin_review; special=credit_risk_delay_review,Preserve credit-risk signal; review late/early/severe delay flags and delay severity bins.,71.73922233676193,5.90342716197118,98.66866118175018,0.0,1.331338818249813,13.39936923980713,0.0,275,high_missing; almost_all_zero; extreme_skew; has_late_delay_signal; severe_delay_signal; extreme_delay_signal; rare_severe_delay_signal; missing_indicator_candidate; rare_event_candidate; transform_review_candidate; had_delay_flag_candidate; severe_delay_flag_candidate; extreme_delay_flag_candidate,No final drop decision from numeric EDA alone; validate with target analysis and CV model performance.
cc_latest_dpd_sum,overdue_delay_numeric,overdue_delay,credit_card,critical,17,keep_but_review_before_final_FE,delay_severity_flag_review,missing=missing_flag_review; zero=zero_flag_review; zero_vs_delay_split_review; transform=log1p_review; binning=delay_severity_bin_review; special=credit_risk_delay_review,Preserve credit-risk signal; review late/early/severe delay flags and delay severity bins.,71.73922233676193,5.90342716197118,98.66290777285542,0.0,1.337092227144583,13.39743900299072,0.0,276,high_missing; almost_all_zero; extreme_skew; has_late_delay_signal; severe_delay_signal; extreme_delay_signal; rare_severe_delay_signal; missing_indicator_candidate; rare_event_candidate; transform_review_candidate; had_delay_flag_candidate; severe_delay_flag_candidate; extreme_delay_flag_candidate,No final drop decision from numeric EDA alone; validate with target analysis and CV model performance.
bureau_overdue_overdue_days_max,overdue_delay_numeric,overdue_delay,bureau,critical,16,keep_but_review_before_final_FE,delay_severity_flag_review,missing=missing_flag_review; zero=zero_vs_delay_split_review; transform=log1p_review; scaling=robust_scaling_review; binning=delay_severity_bin_review; special=credit_risk_delay_review,Preserve credit-risk signal; review late/early/severe delay flags and delay severity bins.,98.91581114171527,0.126122224442625,5.90881823635273,0.0,94.09118176364727,2.784802675247192,17.81643671265747,665,extreme_missing; high_skew; high_outlier_burden; has_late_delay_signal; severe_delay_signal; extreme_delay_signal; rare_severe_delay_signal; high_missing; missing_indicator_candidate; transform_review_candidate; tail_review_candidate; had_delay_flag_candidate; severe_delay_flag_candidate; extreme_delay_flag_candidate,No final drop decision from numeric EDA alone; validate with target analysis and CV model performance.
bureau_overdue_overdue_days_mean,overdue_delay_numeric,overdue_delay,bureau,critical,16,keep_but_review_before_final_FE,delay_severity_flag_review,missing=missing_flag_review; zero=zero_vs_delay_split_review; transform=log1p_review; scaling=robust_scaling_review; binning=delay_severity_bin_review; special=credit_risk_delay_review,Preserve credit-risk signal; review late/early/severe delay flags and delay severity bins.,98.91581114171527,0.126122224442625,5.90881823635273,0.0,94.09118176364727,2.813023090362549,17.48650269946011,735,extreme_missing; high_skew; high_outlier_burden; has_late_delay_signal; severe_delay_signal; extreme_delay_signal; rare_severe_delay_signal; high_missing; missing_indicator_candidate; transform_review_candidate; tail_review_candidate; had_delay_flag_candidate; severe_delay_flag_candidate; extreme_delay_flag_candidate,No final drop decision from numeric EDA alone; validate with target analysis and CV model performance.
bureau_overdue_overdue_days_sum,overdue_delay_numeric,overdue_delay,bureau,critical,16,keep_but_review_before_final_FE,delay_severity_flag_review,missing=missing_flag_review; zero=zero_vs_delay_split_review; transform=log1p_review; scaling=robust_scaling_review; binning=delay_severity_bin_review; special=credit_risk_delay_review,Preserve credit-risk signal; review late/early/severe delay flags and delay severity bins.,98.91581114171527,0.126122224442625,5.90881823635273,0.0,94.09118176364727,2.889974117279053,17.69646070785843,680,extreme_missing; high_skew; high_outlier_burden; has_late_delay_signal; severe_delay_signal; extreme_delay_signal; rare_severe_delay_signal; high_missing; missing_indicator_candidate; transform_review_candidate; tail_review_candidate; had_delay_flag_candidate; severe_delay_flag_candidate; extreme_delay_flag_candidate,No final drop decision from numeric EDA alone; validate with target analysis and CV model performance.
cc_dpd_def_max_max,overdue_delay_numeric,overdue_delay,credit_card,critical,16,keep_but_review_before_final_FE,delay_severity_flag_review,missing=missing_flag_review; zero=zero_flag_review; zero_vs_delay_split_review; transform=log1p_review; binning=delay_severity_bin_review; special=credit_risk_delay_review,Preserve credit-risk signal; review late/early/severe delay flags and delay severity bins.,71.73922233676193,5.90342716197118,82.92158103676428,0.0,17.07841896323572,98.42033386230469,0.0,52,high_missing; zero_heavy; extreme_skew; has_late_delay_signal; severe_delay_signal; extreme_delay_signal; rare_severe_delay_signal; missing_indicator_candidate; zero_flag_candidate; transform_review_candidate; had_delay_flag_candidate; severe_delay_flag_candidate; extreme_delay_flag_candidate,No final drop decision from numeric EDA alone; validate with target analysis and CV model performance.
cc_dpd_def_max_mean,overdue_delay_numeric,overdue_delay,credit_card,critical,16,keep_but_review_before_final_FE,delay_severity_flag_review,missing=missing_flag_review; zero=zero_flag_review; zero_vs_delay_split_review; transform=log1p_review; binning=delay_severity_bin_review; special=credit_risk_delay_review,Preserve credit-risk signal; review late/early/severe delay flags and delay severity bins.,71.73922233676193,5.90342716197118,82.92158103676428,0.0,17.07841896323572,101.0290832519531,0.0,59,high_missing; zero_heavy; extreme_skew; has_late_delay_signal; severe_delay_signal; extreme_delay_signal; rare_severe_delay_signal; missing_indicator_candidate; zero_flag_candidate; transform_review_candidate; had_delay_flag_candidate; severe_delay_flag_candidate; extreme_delay_flag_candidate,No final drop decision from numeric EDA alone; validate with target analysis and CV model performance.
cc_dpd_def_max_min,overdue_delay_numeric,overdue_delay,credit_card,critical,16,keep_but_review_before_final_FE,delay_severity_flag_review,missing=missing_flag_review; zero=zero_flag_review; zero_vs_delay_split_review; transform=log1p_review; binning=delay_severity_bin_review; special=credit_risk_delay_review,Preserve credit-risk signal; review late/early/severe delay flags and delay severity bins.,71.73922233676193,5.90342716197118,83.12870375697601,0.0,16.87129624302399,104.3919677734375,0.0,51,high_missing; zero_heavy; extreme_skew; has_late_delay_signal; severe_delay_signal; extreme_delay_signal; rare_severe_delay_signal; missing_indicator_candidate; zero_flag_candidate; transform_review_candidate; had_delay_flag_candidate; severe_delay_flag_candidate; extreme_delay_flag_candidate,No final drop decision from numeric EDA alone; validate with target analysis and CV model performance.
cc_dpd_def_max_sum,overdue_delay_numeric,overdue_delay,credit_card,critical,16,keep_but_review_before_final_FE,delay_severity_flag_review,missing=missing_flag_review; zero=zero_flag_review; zero_vs_delay_split_review; transform=log1p_review; binning=delay_severity_bin_review; special=credit_risk_delay_review,Preserve credit-risk signal; review late/early/severe delay flags and delay severity bins.,71.73922233676193,5.90342716197118,82.92158103676428,0.0,17.07841896323572,98.41984558105469,0.0,54,high_missing; zero_heavy; extreme_skew; has_late_delay_signal; severe_delay_signal; extreme_delay_signal; rare_severe_delay_signal; missing_indicator_candidate; zero_flag_candidate; transform_review_candidate; had_delay_flag_candidate; severe_delay_flag_candidate; extreme_delay_flag_candidate,No final drop decision from numeric EDA alone; validate with target analysis and CV model performance.
cc_dpd_def_std_max,overdue_delay_numeric,overdue_delay,credit_card,critical,16,keep_but_review_before_final_FE,delay_severity_flag_review,missing=missing_flag_review; zero=zero_flag_review; zero_vs_delay_split_review; transform=log1p_review; binning=delay_severity_bin_review; special=credit_risk_delay_review,Preserve credit-risk signal; review late/early/severe delay flags and delay severity bins.,71.94474344007207,5.985856192410822,82.79647166552687,0.0,17.20352833447313,99.67703247070312,0.0,2048,high_missing; zero_heavy; extreme_skew; has_late_delay_signal; severe_delay_signal; extreme_delay_signal; rare_severe_delay_signal; missing_indicator_candidate; zero_flag_candidate; transform_review_candidate; had_delay_flag_candidate; severe_delay_flag_candidate; extreme_delay_flag_candidate,No final drop decision from numeric EDA alone; validate with target analysis and CV model performance.
cc_dpd_def_std_mean,overdue_delay_numeric,overdue_delay,credit_card,critical,16,keep_but_review_before_final_FE,delay_severity_flag_review,missing=missing_flag_review; zero=zero_flag_review; zero_vs_delay_split_review; transform=log1p_review; binning=delay_severity_bin_review; special=credit_risk_delay_review,Preserve credit-risk signal; review late/early/severe delay flags and delay severity bins.,71.94474344007207,5.985856192410822,82.79647166552687,0.0,17.20352833447313,102.1940155029297,0.0,2123,high_missing; zero_heavy; extreme_skew; has_late_delay_signal; severe_delay_signal; extreme_delay_signal; rare_severe_delay_signal; missing_indicator_candidate; zero_flag_candidate; transform_review_candidate; had_delay_flag_candidate; severe_delay_flag_candidate; extreme_delay_flag_candidate,No final drop decision from numeric EDA alone; validate with target analysis and CV model performance.
cc_dpd_def_std_min,overdue_delay_numeric,overdue_delay,credit_card,critical,16,keep_but_review_before_final_FE,delay_severity_flag_review,missing=missing_flag_review; zero=zero_flag_review; zero_vs_delay_split_review; transform=log1p_review; binning=delay_severity_bin_review; special=credit_risk_delay_review,Preserve credit-risk signal; review late/early/severe delay flags and delay severity bins.,71.94474344007207,5.985856192410822,82.9958387908152,0.0,17.0041612091848,105.8673477172852,0.0,2039,high_missing; zero_heavy; extreme_skew; has_late_delay_signal; severe_delay_signal; extreme_delay_signal; rare_severe_delay_signal; missing_indicator_candidate; zero_flag_candidate; transform_review_candidate; had_delay_flag_candidate; severe_delay_flag_candidate; extreme_delay_flag_candidate,No final drop decision from numeric EDA alone; validate with target analysis and CV model performance.
cc_dpd_def_std_sum,overdue_delay_numeric,overdue_delay,credit_card,critical,16,keep_but_review_before_final_FE,delay_severity_flag_review,missing=missing_flag_review; zero=zero_flag_review; zero_vs_delay_split_review; transform=log1p_review; binning=delay_severity_bin_review; special=credit_risk_delay_review,Preserve credit-risk signal; review late/early/severe delay flags and delay severity bins.,71.73922233676193,5.90342716197118,82.92158103676428,0.0,17.07841896323572,100.041015625,0.0,2053,high_missing; zero_heavy; extreme_skew; has_late_delay_signal; severe_delay_signal; extreme_delay_signal; rare_severe_delay_signal; missing_indicator_candidate; zero_flag_candidate; transform_review_candidate; had_delay_flag_candidate; severe_delay_flag_candidate; extreme_delay_flag_candidate,No final drop decision from numeric EDA alone; validate with target analysis and CV model performance.
cc_dpd_def_sum_max,overdue_delay_numeric,overdue_delay,credit_card,critical,16,keep_but_review_before_final_FE,delay_severity_flag_review,missing=missing_flag_review; zero=zero_flag_review; zero_vs_delay_split_review; transform=log1p_review; binning=delay_severity_bin_review; special=credit_risk_delay_review,Preserve credit-risk signal; review late/early/severe delay flags and delay severity bins.,71.73922233676193,5.90342716197118,82.92158103676428,0.0,17.07841896323572,111.6882019042969,0.0,217,high_missing; zero_heavy; extreme_skew; has_late_delay_signal; severe_delay_signal; extreme_delay_signal; rare_severe_delay_signal; missing_indicator_candidate; zero_flag_candidate; transform_review_candidate; had_delay_flag_candidate; severe_delay_flag_candidate; extreme_delay_flag_candidate,No final drop decision from numeric EDA alone; validate with target analysis and CV model performance.
cc_dpd_def_sum_mean,overdue_delay_numeric,overdue_delay,credit_card,critical,16,keep_but_review_before_final_FE,delay_severity_flag_review,missing=missing_flag_review; zero=zero_flag_review; zero_vs_delay_split_review; transform=log1p_review; binning=delay_severity_bin_review; special=credit_risk_delay_review,Preserve credit-risk signal; review late/early/severe delay flags and delay severity bins.,71.73922233676193,5.90342716197118,82.92158103676428,0.0,17.07841896323572,116.0963363647461,0.0,228,high_missing; zero_heavy; extreme_skew; has_late_delay_signal; severe_delay_signal; extreme_delay_signal; rare_severe_delay_signal; missing_indicator_candidate; zero_flag_candidate; transform_review_candidate; had_delay_flag_candidate; severe_delay_flag_candidate; extreme_delay_flag_candidate,No final drop decision from numeric EDA alone; validate with target analysis and CV model performance.
cc_dpd_def_sum_min,overdue_delay_numeric,overdue_delay,credit_card,critical,16,keep_but_review_before_final_FE,delay_severity_flag_review,missing=missing_flag_review; zero=zero_flag_review; zero_vs_delay_split_review; transform=log1p_review; binning=delay_severity_bin_review; special=credit_risk_delay_review,Preserve credit-risk signal; review late/early/severe delay flags and delay severity bins.,71.73922233676193,5.90342716197118,83.12870375697601,0.0,16.87129624302399,120.6481552124023,0.0,215,high_missing; zero_heavy; extreme_skew; has_late_delay_signal; severe_delay_signal; extreme_delay_signal; rare_severe_delay_signal; missing_indicator_candidate; zero_flag_candidate; transform_review_candidate; had_delay_flag_candidate; severe_delay_flag_candidate; extreme_delay_flag_candidate,No final drop decision from numeric EDA alone; validate with target analysis and CV model performance.
cc_dpd_def_sum_sum,overdue_delay_numeric,overdue_delay,credit_card,critical,16,keep_but_review_before_final_FE,delay_severity_flag_review,missing=missing_flag_review; zero=zero_flag_review; zero_vs_delay_split_review; transform=log1p_review; binning=delay_severity_bin_review; special=credit_risk_delay_review,Preserve credit-risk signal; review late/early/severe delay flags and delay severity bins.,71.73922233676193,5.90342716197118,82.92158103676428,0.0,17.07841896323572,111.6882019042969,0.0,217,high_missing; zero_heavy; extreme_skew; has_late_delay_signal; severe_delay_signal; extreme_delay_signal; rare_severe_delay_signal; missing_indicator_candidate; zero_flag_candidate; transform_review_candidate; had_delay_flag_candidate; severe_delay_flag_candidate; extreme_delay_flag_candidate,No final drop decision from numeric EDA alone; validate with target analysis and CV model performance.
bureau_active_overdue_days_max,overdue_delay_numeric,overdue_delay,bureau,critical,15,keep_but_review_before_final_FE,delay_severity_flag_review,zero=zero_flag_review; zero_vs_delay_split_review; transform=log1p_review; binning=delay_severity_bin_review; special=credit_risk_delay_review,Preserve credit-risk signal; review late/early/severe delay flags and delay severity bins.,29.38463989906052,0.5010849999960207,98.50333870596361,0.0,1.49666129403638,23.50834274291992,0.0,761,almost_all_zero; extreme_skew; has_late_delay_signal; severe_delay_signal; extreme_delay_signal; rare_severe_delay_signal; rare_event_candidate; transform_review_candidate; had_delay_flag_candidate; severe_delay_flag_candidate; extreme_delay_flag_candidate,No final drop decision from numeric EDA alone; validate with target analysis and CV model performance.
bureau_active_overdue_days_mean,overdue_delay_numeric,overdue_delay,bureau,critical,15,keep_but_review_before_final_FE,delay_severity_flag_review,zero=zero_flag_review; zero_vs_delay_split_review; transform=log1p_review; binning=delay_severity_bin_review; special=credit_risk_delay_review,Preserve credit-risk signal; review late/early/severe delay flags and delay severity bins.,29.38463989906052,0.5010849999960207,98.50333870596361,0.0,1.49666129403638,35.50260925292969,0.0,1141,almost_all_zero; extreme_skew; has_late_delay_signal; severe_delay_signal; extreme_delay_signal; rare_severe_delay_signal; rare_event_candidate; transform_review_candidate; had_delay_flag_candidate; severe_delay_flag_candidate; extreme_delay_flag_candidate,No final drop decision from numeric EDA alone; validate with target analysis and CV model performance.
bureau_active_overdue_days_sum,overdue_delay_numeric,overdue_delay,bureau,critical,15,keep_but_review_before_final_FE,delay_severity_flag_review,zero=zero_flag_review; zero_vs_delay_split_review; transform=log1p_review; binning=delay_severity_bin_review; special=credit_risk_delay_review,Preserve credit-risk signal; review late/early/severe delay flags and delay severity bins.,29.38463989906052,0.5010849999960207,98.50333870596361,0.0,1.49666129403638,23.94207763671875,0.0,769,almost_all_zero; extreme_skew; has_late_delay_signal; severe_delay_signal; extreme_delay_signal; rare_severe_delay_signal; rare_event_candidate; transform_review_candidate; had_delay_flag_candidate; severe_delay_flag_candidate; extreme_delay_flag_candidate,No final drop decision from numeric EDA alone; validate with target analysis and CV model performance.
bureau_closed_overdue_days_mean,overdue_delay_numeric,overdue_delay,bureau,critical,15,keep_but_review_before_final_FE,delay_severity_flag_review,zero=zero_flag_review; zero_vs_delay_split_review; transform=log1p_review; binning=delay_severity_bin_review; special=credit_risk_delay_review,Preserve credit-risk signal; review late/early/severe delay flags and delay severity bins.,25.15227097567242,2.618215502178241,99.96871809354158,0.0,0.03128190645841027,110.2443542480469,0.0,70,almost_all_zero; extreme_skew; has_late_delay_signal; severe_delay_signal; extreme_delay_signal; rare_severe_delay_signal; rare_event_candidate; transform_review_candidate; had_delay_flag_candidate; severe_delay_flag_candidate; extreme_delay_flag_candidate,No final drop decision from numeric EDA alone; validate with target analysis and CV model performance.
bureau_latest_overdue_days,overdue_delay_numeric,overdue_delay,bureau,critical,15,keep_but_review_before_final_FE,delay_severity_flag_review,zero=zero_flag_review; zero_vs_delay_split_review; transform=log1p_review; binning=delay_severity_bin_review; special=credit_risk_delay_review,Preserve credit-risk signal; review late/early/severe delay flags and delay severity bins.,14.31493507549323,1.135877140157604,99.61592616066582,0.0,0.3840738393341708,81.38006591796875,0.0,221,almost_all_zero; extreme_skew; has_late_delay_signal; severe_delay_signal; extreme_delay_signal; rare_severe_delay_signal; zero_heavy_delay; rare_event_candidate; transform_review_candidate; had_delay_flag_candidate; severe_delay_flag_candidate; extreme_delay_flag_candidate,No final drop decision from numeric EDA alone; validate with target analysis and CV model performance.
bureau_overdue_days_max,overdue_delay_numeric,overdue_delay,bureau,critical,15,keep_but_review_before_final_FE,delay_severity_flag_review,zero=zero_flag_review; zero_vs_delay_split_review; transform=log1p_review; binning=delay_severity_bin_review; special=credit_risk_delay_review,Preserve credit-risk signal; review late/early/severe delay flags and delay severity bins.,14.31493507549323,1.135877140157604,98.71077190492275,0.0,1.289228095077251,23.03951072692871,0.0,868,almost_all_zero; extreme_skew; has_late_delay_signal; severe_delay_signal; extreme_delay_signal; rare_severe_delay_signal; zero_heavy_delay; rare_event_candidate; transform_review_candidate; had_delay_flag_candidate; severe_delay_flag_candidate; extreme_delay_flag_candidate,No final drop decision from numeric EDA alone; validate with target analysis and CV model performance.
bureau_overdue_days_mean,overdue_delay_numeric,overdue_delay,bureau,critical,15,keep_but_review_before_final_FE,delay_severity_flag_review,zero=zero_flag_review; zero_vs_delay_split_review; transform=log1p_review; binning=delay_severity_bin_review; special=credit_risk_delay_review,Preserve credit-risk signal; review late/early/severe delay flags and delay severity bins.,14.31493507549323,1.135877140157604,98.71077190492275,0.0,1.289228095077251,52.96372604370117,0.0,1541,almost_all_zero; extreme_skew; has_late_delay_signal; severe_delay_signal; extreme_delay_signal; rare_severe_delay_signal; zero_heavy_delay; rare_event_candidate; transform_review_candidate; had_delay_flag_candidate; severe_delay_flag_candidate; extreme_delay_flag_candidate,No final drop decision from numeric EDA alone; validate with target analysis and CV model performance.
bureau_overdue_days_sum,overdue_delay_numeric,overdue_delay,bureau,critical,15,keep_but_review_before_final_FE,delay_severity_flag_review,zero=zero_flag_review; zero_vs_delay_split_review; transform=log1p_review; binning=delay_severity_bin_review; special=credit_risk_delay_review,Preserve credit-risk signal; review late/early/severe delay flags and delay severity bins.,14.31493507549323,1.135877140157604,98.71077190492275,0.0,1.289228095077251,23.6020393371582,0.0,879,almost_all_zero; extreme_skew; has_late_delay_signal; severe_delay_signal; extreme_delay_signal; rare_severe_delay_signal; zero_heavy_delay; rare_event_candidate; transform_review_candidate; had_delay_flag_candidate; severe_delay_flag_candidate; extreme_delay_flag_candidate,No final drop decision from numeric EDA alone; validate with target analysis and CV model performance.
bureau_recent_24m_overdue_days_max,overdue_delay_numeric,overdue_delay,bureau,critical,15,keep_but_review_before_final_FE,delay_severity_flag_review,zero=zero_flag_review; zero_vs_delay_split_review; transform=log1p_review; binning=delay_severity_bin_review; special=credit_risk_delay_review,Preserve credit-risk signal; review late/early/severe delay flags and delay severity bins.,31.83528394106227,0.7791539558333156,99.1312603165819,0.0,0.8687396834180923,45.62416839599609,0.0,216,almost_all_zero; extreme_skew; has_late_delay_signal; severe_delay_signal; extreme_delay_signal; rare_severe_delay_signal; rare_event_candidate; transform_review_candidate; had_delay_flag_candidate; severe_delay_flag_candidate; extreme_delay_flag_candidate,No final drop decision from numeric EDA alone; validate with target analysis and CV model performance.
bureau_recent_24m_overdue_days_mean,overdue_delay_numeric,overdue_delay,bureau,critical,15,keep_but_review_before_final_FE,delay_severity_flag_review,zero=zero_flag_review; zero_vs_delay_split_review; transform=log1p_review; binning=delay_severity_bin_review; special=credit_risk_delay_review,Preserve credit-risk signal; review late/early/severe delay flags and delay severity bins.,31.83528394106227,0.7791539558333156,99.1312603165819,0.0,0.8687396834180923,64.56015014648438,0.0,529,almost_all_zero; extreme_skew; has_late_delay_signal; severe_delay_signal; extreme_delay_signal; rare_severe_delay_signal; rare_event_candidate; transform_review_candidate; had_delay_flag_candidate; severe_delay_flag_candidate; extreme_delay_flag_candidate,No final drop decision from numeric EDA alone; validate with target analysis and CV model performance.
bureau_recent_24m_overdue_days_sum,overdue_delay_numeric,overdue_delay,bureau,critical,15,keep_but_review_before_final_FE,delay_severity_flag_review,zero=zero_flag_review; zero_vs_delay_split_review; transform=log1p_review; binning=delay_severity_bin_review; special=credit_risk_delay_review,Preserve credit-risk signal; review late/early/severe delay flags and delay severity bins.,31.83528394106227,0.7791539558333156,99.1312603165819,0.0,0.8687396834180923,48.123291015625,0.0,226,almost_all_zero; extreme_skew; has_late_delay_signal; severe_delay_signal; extreme_delay_signal; rare_severe_delay_signal; rare_event_candidate; transform_review_candidate; had_delay_flag_candidate; severe_delay_flag_candidate; extreme_delay_flag_candidate,No final drop decision from numeric EDA alone; validate with target analysis and CV model performance.
inst_delay_days_mean_mean,overdue_delay_numeric,overdue_delay,other,critical,15,keep_but_review_before_final_FE,delay_severity_flag_review,zero=zero_vs_delay_split_review; transform=yeo_johnson_review; binning=delay_severity_bin_review; special=credit_risk_delay_review,Preserve credit-risk signal; review late/early/severe delay flags and delay severity bins.,5.162742145809418,3.519462972988147,0.2458552642858367,94.9892845508941,4.764860184820066,47.10330963134766,5.269600699504517,125431,meaningful_signed_value_review; extreme_skew; has_late_delay_signal; has_early_payment_signal; severe_delay_signal; extreme_delay_signal; rare_severe_delay_signal; signed_value_review; transform_review_candidate; had_delay_flag_candidate; early_payment_flag_candidate; severe_delay_flag_candidate; extreme_delay_flag_candidate,No final drop decision from numeric EDA alone; validate with target analysis and CV model performance.
inst_delay_days_mean_min,overdue_delay_numeric,overdue_delay,other,critical,15,keep_but_review_before_final_FE,delay_severity_flag_review,zero=zero_vs_delay_split_review; transform=yeo_johnson_review; binning=delay_severity_bin_review; special=credit_risk_delay_review,Preserve credit-risk signal; review late/early/severe delay flags and delay severity bins.,5.162742145809418,3.519462972988147,0.3140912441922266,97.55619181511136,2.129716940696419,27.65715026855469,4.458655511169784,16943,meaningful_signed_value_review; extreme_skew; has_late_delay_signal; has_early_payment_signal; severe_delay_signal; extreme_delay_signal; rare_severe_delay_signal; signed_value_review; transform_review_candidate; had_delay_flag_candidate; early_payment_flag_candidate; severe_delay_flag_candidate; extreme_delay_flag_candidate,No final drop decision from numeric EDA alone; validate with target analysis and CV model performance.
inst_delay_days_mean_sum,overdue_delay_numeric,overdue_delay,other,critical,15,keep_but_review_before_final_FE,delay_severity_flag_review,zero=zero_vs_delay_split_review; transform=yeo_johnson_review; binning=delay_severity_bin_review; special=credit_risk_delay_review,Preserve credit-risk signal; review late/early/severe delay flags and delay severity bins.,5.160140612856125,3.518912974582697,0.2485916000041146,94.98667891908944,4.764729480906451,12.59006977081299,6.019688454720326,119123,meaningful_signed_value_review; extreme_skew; has_late_delay_signal; has_early_payment_signal; severe_delay_signal; extreme_delay_signal; rare_severe_delay_signal; signed_value_review; transform_review_candidate; had_delay_flag_candidate; early_payment_flag_candidate; severe_delay_flag_candidate; extreme_delay_flag_candidate,No final drop decision from numeric EDA alone; validate with target analysis and CV model performance.
inst_delay_days_min_max,overdue_delay_numeric,overdue_delay,other,critical,15,keep_but_review_before_final_FE,delay_severity_flag_review,zero=zero_vs_delay_split_review; transform=yeo_johnson_review; binning=delay_severity_bin_review; special=credit_risk_delay_review,Preserve credit-risk signal; review late/early/severe delay flags and delay severity bins.,5.162742145809418,3.519462972988147,6.205702333396197,92.70629382618685,1.08800384041696,49.12823486328125,5.823032214926192,392,meaningful_signed_value_review; extreme_skew; has_late_delay_signal; has_early_payment_signal; severe_delay_signal; extreme_delay_signal; rare_severe_delay_signal; signed_value_review; transform_review_candidate; had_delay_flag_candidate; early_payment_flag_candidate; severe_delay_flag_candidate; extreme_delay_flag_candidate,No final drop decision from numeric EDA alone; validate with target analysis and CV model performance.
inst_delay_days_min_mean,overdue_delay_numeric,overdue_delay,other,critical,15,keep_but_review_before_final_FE,delay_severity_flag_review,zero=zero_vs_delay_split_review; transform=yeo_johnson_review; binning=delay_severity_bin_review; special=credit_risk_delay_review,Preserve credit-risk signal; review late/early/severe delay flags and delay severity bins.,5.162742145809418,3.519462972988147,0.3284928077905601,99.52234814065527,0.1491590515541687,24.24599075317383,6.125465050491196,3334,meaningful_signed_value_review; extreme_skew; has_late_delay_signal; has_early_payment_signal; severe_delay_signal; extreme_delay_signal; rare_severe_delay_signal; signed_value_review; transform_review_candidate; had_delay_flag_candidate; early_payment_flag_candidate; severe_delay_flag_candidate; extreme_delay_flag_candidate,No final drop decision from numeric EDA alone; validate with target analysis and CV model performance.
inst_delay_days_sum_mean,overdue_delay_numeric,overdue_delay,other,critical,15,keep_but_review_before_final_FE,delay_severity_flag_review,zero=zero_vs_delay_split_review; transform=yeo_johnson_review; binning=delay_severity_bin_review; special=credit_risk_delay_review,Preserve credit-risk signal; review late/early/severe delay flags and delay severity bins.,5.160140612856125,3.518912974582697,0.2708791227631042,94.60333352763482,5.125787349602081,56.73818588256836,7.180696947980922,14653,meaningful_signed_value_review; extreme_skew; has_late_delay_signal; has_early_payment_signal; severe_delay_signal; extreme_delay_signal; rare_severe_delay_signal; signed_value_review; transform_review_candidate; had_delay_flag_candidate; early_payment_flag_candidate; severe_delay_flag_candidate; extreme_delay_flag_candidate,No final drop decision from numeric EDA alone; validate with target analysis and CV model performance.
inst_delay_days_sum_sum,overdue_delay_numeric,overdue_delay,other,critical,15,keep_but_review_before_final_FE,delay_severity_flag_review,zero=zero_vs_delay_split_review; transform=yeo_johnson_review; binning=delay_severity_bin_review; special=credit_risk_delay_review,Preserve credit-risk signal; review late/early/severe delay flags and delay severity bins.,5.160140612856125,3.518912974582697,0.2708791227631042,94.60333352763482,5.125787349602081,28.96291160583496,7.7070253700586,4827,meaningful_signed_value_review; extreme_skew; has_late_delay_signal; has_early_payment_signal; severe_delay_signal; extreme_delay_signal; rare_severe_delay_signal; signed_value_review; transform_review_candidate; had_delay_flag_candidate; early_payment_flag_candidate; severe_delay_flag_candidate; extreme_delay_flag_candidate,No final drop decision from numeric EDA alone; validate with target analysis and CV model performance.
inst_first_delay_days_mean_max,overdue_delay_numeric,overdue_delay,other,critical,15,keep_but_review_before_final_FE,delay_severity_flag_review,zero=zero_vs_delay_split_review; transform=yeo_johnson_review; binning=delay_severity_bin_review; special=credit_risk_delay_review,Preserve credit-risk signal; review late/early/severe delay flags and delay severity bins.,5.162742145809418,3.519462972988147,4.388705059406449,91.34054554494489,4.27074939564867,27.6363582611084,4.979512061309514,21801,meaningful_signed_value_review; extreme_skew; has_late_delay_signal; has_early_payment_signal; severe_delay_signal; extreme_delay_signal; rare_severe_delay_signal; signed_value_review; transform_review_candidate; had_delay_flag_candidate; early_payment_flag_candidate; severe_delay_flag_candidate; extreme_delay_flag_candidate,No final drop decision from numeric EDA alone; validate with target analysis and CV model performance.
inst_first_delay_days_mean_min,overdue_delay_numeric,overdue_delay,other,critical,15,keep_but_review_before_final_FE,delay_severity_flag_review,zero=zero_vs_delay_split_review; transform=yeo_johnson_review; binning=delay_severity_bin_review; special=credit_risk_delay_review,Preserve credit-risk signal; review late/early/severe delay flags and delay severity bins.,5.162742145809418,3.519462972988147,0.2153376652322252,99.3670169904161,0.4176453443516724,9.710456848144531,4.731256536423955,15433,meaningful_signed_value_review; extreme_skew; has_late_delay_signal; has_early_payment_signal; severe_delay_signal; extreme_delay_signal; rare_severe_delay_signal; signed_value_review; transform_review_candidate; had_delay_flag_candidate; early_payment_flag_candidate; severe_delay_flag_candidate; extreme_delay_flag_candidate,No final drop decision from numeric EDA alone; validate with target analysis and CV model performance.
inst_first_delay_days_min_mean,overdue_delay_numeric,overdue_delay,other,critical,15,keep_but_review_before_final_FE,delay_severity_flag_review,zero=zero_vs_delay_split_review; transform=yeo_johnson_review; binning=delay_severity_bin_review; special=credit_risk_delay_review,Preserve credit-risk signal; review late/early/severe delay flags and delay severity bins.,5.162742145809418,3.519462972988147,0.2434550036861145,99.71882661546111,0.0377183808527783,5.419043064117432,5.589864042381745,3216,meaningful_signed_value_review; extreme_skew; has_late_delay_signal; has_early_payment_signal; severe_delay_signal; extreme_delay_signal; rare_severe_delay_signal; signed_value_review; transform_review_candidate; had_delay_flag_candidate; early_payment_flag_candidate; severe_delay_flag_candidate; extreme_delay_flag_candidate,No final drop decision from numeric EDA alone; validate with target analysis and CV model performance.
inst_latest_delay_days_min,overdue_delay_numeric,overdue_delay,other,critical,15,keep_but_review_before_final_FE,delay_severity_flag_review,zero=zero_vs_delay_split_review; transform=yeo_johnson_review; binning=delay_severity_bin_review; special=credit_risk_delay_review,Preserve credit-risk signal; review late/early/severe delay flags and delay severity bins.,5.197537649059709,3.529640061664337,3.725885678219588,93.38039570813095,2.893718613649461,37.42667770385742,2.868678137262973,723,meaningful_signed_value_review; extreme_skew; has_late_delay_signal; has_early_payment_signal; severe_delay_signal; extreme_delay_signal; rare_severe_delay_signal; signed_value_review; transform_review_candidate; had_delay_flag_candidate; early_payment_flag_candidate; severe_delay_flag_candidate; extreme_delay_flag_candidate,No final drop decision from numeric EDA alone; validate with target analysis and CV model performance.
inst_latest_first_delay_days,overdue_delay_numeric,overdue_delay,other,critical,15,keep_but_review_before_final_FE,delay_severity_flag_review,zero=zero_vs_delay_split_review; transform=yeo_johnson_review; binning=delay_severity_bin_review; special=credit_risk_delay_review,Preserve credit-risk signal; review late/early/severe delay flags and delay severity bins.,5.408912201514743,3.539964228430876,16.42441160899071,80.94321330592207,2.632375085087219,24.14241027832031,2.097786700953664,338,meaningful_signed_value_review; extreme_skew; has_late_delay_signal; has_early_payment_signal; severe_delay_signal; extreme_delay_signal; rare_severe_delay_signal; signed_value_review; transform_review_candidate; had_delay_flag_candidate; early_payment_flag_candidate; severe_delay_flag_candidate; extreme_delay_flag_candidate,No final drop decision from numeric EDA alone; validate with target analysis and CV model performance.
pos_dpd_def_max_min,overdue_delay_numeric,overdue_delay,pos_cash,critical,15,keep_but_review_before_final_FE,delay_severity_flag_review,zero=zero_flag_review; zero_vs_delay_split_review; transform=log1p_review; binning=delay_severity_bin_review; special=credit_risk_delay_review,Preserve credit-risk signal; review late/early/severe delay flags and delay severity bins.,5.875236983392464,3.955000646612553,97.91254957781125,0.0,2.087450422188748,220.7227325439453,0.0,73,almost_all_zero; extreme_skew; has_late_delay_signal; severe_delay_signal; extreme_delay_signal; rare_severe_delay_signal; zero_heavy_delay; rare_event_candidate; transform_review_candidate; had_delay_flag_candidate; severe_delay_flag_candidate; extreme_delay_flag_candidate,No final drop decision from numeric EDA alone; validate with target analysis and CV model performance.
pos_dpd_def_sum_min,overdue_delay_numeric,overdue_delay,pos_cash,critical,15,keep_but_review_before_final_FE,delay_severity_flag_review,zero=zero_flag_review; zero_vs_delay_split_review; transform=log1p_review; binning=delay_severity_bin_review; special=credit_risk_delay_review,Preserve credit-risk signal; review late/early/severe delay flags and delay severity bins.,5.875236983392464,3.955000646612553,97.91254957781125,0.0,2.087450422188748,242.4154663085938,0.0,130,almost_all_zero; extreme_skew; has_late_delay_signal; severe_delay_signal; extreme_delay_signal; rare_severe_delay_signal; zero_heavy_delay; rare_event_candidate; transform_review_candidate; had_delay_flag_candidate; severe_delay_flag_candidate; extreme_delay_flag_candidate,No final drop decision from numeric EDA alone; validate with target analysis and CV model performance.
pos_dpd_max_min,overdue_delay_numeric,overdue_delay,pos_cash,critical,15,keep_but_review_before_final_FE,delay_severity_flag_review,zero=zero_flag_review; zero_vs_delay_split_review; transform=log1p_review; binning=delay_severity_bin_review; special=credit_risk_delay_review,Preserve credit-risk signal; review late/early/severe delay flags and delay severity bins.,5.875236983392464,3.955000646612553,96.85396829784,0.0,3.146031702160004,26.96470642089844,0.0,759,almost_all_zero; extreme_skew; has_late_delay_signal; severe_delay_signal; extreme_delay_signal; rare_severe_delay_signal; zero_heavy_delay; rare_event_candidate; transform_review_candidate; had_delay_flag_candidate; severe_delay_flag_candidate; extreme_delay_flag_candidate,No final drop decision from numeric EDA alone; validate with target analysis and CV model performance.
pos_dpd_mean_min,overdue_delay_numeric,overdue_delay,pos_cash,critical,15,keep_but_review_before_final_FE,delay_severity_flag_review,zero=zero_flag_review; zero_vs_delay_split_review; transform=log1p_review; binning=delay_severity_bin_review; special=credit_risk_delay_review,Preserve credit-risk signal; review late/early/severe delay flags and delay severity bins.,5.875236983392464,3.955000646612553,96.85396829784,0.0,3.146031702160004,34.76001739501953,0.0,1908,almost_all_zero; extreme_skew; has_late_delay_signal; severe_delay_signal; extreme_delay_signal; rare_severe_delay_signal; zero_heavy_delay; rare_event_candidate; transform_review_candidate; had_delay_flag_candidate; severe_delay_flag_candidate; extreme_delay_flag_candidate,No final drop decision from numeric EDA alone; validate with target analysis and CV model performance.
pos_dpd_sum_min,overdue_delay_numeric,overdue_delay,pos_cash,critical,15,keep_but_review_before_final_FE,delay_severity_flag_review,zero=zero_flag_review; zero_vs_delay_split_review; transform=log1p_review; binning=delay_severity_bin_review; special=credit_risk_delay_review,Preserve credit-risk signal; review late/early/severe delay flags and delay severity bins.,5.875236983392464,3.955000646612553,96.85396829784,0.0,3.146031702160004,39.35970687866211,0.0,962,almost_all_zero; extreme_skew; has_late_delay_signal; severe_delay_signal; extreme_delay_signal; rare_severe_delay_signal; zero_heavy_delay; rare_event_candidate; transform_review_candidate; had_delay_flag_candidate; severe_delay_flag_candidate; extreme_delay_flag_candidate,No final drop decision from numeric EDA alone; validate with target analysis and CV model performance.
pos_latest_dpd,overdue_delay_numeric,overdue_delay,pos_cash,critical,15,keep_but_review_before_final_FE,delay_severity_flag_review,zero=zero_flag_review; zero_vs_delay_split_review; transform=log1p_review; binning=delay_severity_bin_review; special=credit_risk_delay_review,Preserve credit-risk signal; review late/early/severe delay flags and delay severity bins.,5.875236983392464,3.955000646612553,99.24786832686115,0.0,0.7521316731388455,24.45381546020508,0.0,710,almost_all_zero; extreme_skew; has_late_delay_signal; severe_delay_signal; extreme_delay_signal; rare_severe_delay_signal; zero_heavy_delay; rare_event_candidate; transform_review_candidate; had_delay_flag_candidate; severe_delay_flag_candidate; extreme_delay_flag_candidate,No final drop decision from numeric EDA alone; validate with target analysis and CV model performance.
pos_latest_dpd_def,overdue_delay_numeric,overdue_delay,pos_cash,critical,15,keep_but_review_before_final_FE,delay_severity_flag_review,zero=zero_flag_review; zero_vs_delay_split_review; transform=log1p_review; binning=delay_severity_bin_review; special=credit_risk_delay_review,Preserve credit-risk signal; review late/early/severe delay flags and delay severity bins.,5.875236983392464,3.955000646612553,99.61961553875707,0.0,0.3803844612429347,127.7418746948242,0.0,113,almost_all_zero; extreme_skew; has_late_delay_signal; severe_delay_signal; extreme_delay_signal; rare_severe_delay_signal; zero_heavy_delay; rare_event_candidate; transform_review_candidate; had_delay_flag_candidate; severe_delay_flag_candidate; extreme_delay_flag_candidate,No final drop decision from numeric EDA alone; validate with target analysis and CV model performance.
bureau_bal_recent_12m_severe_late_count_mean,discrete_count_numeric,discrete_count,bureau,critical,14,keep_but_review_before_final_FE,count_validity_review,missing=missing_flag_review; train_test_stability_review; zero=zero_flag_review; activity_flag_review; transform=log1p_review; binning=zero_vs_activity_split_review; special=count_integer_validity_review,"Review zero/non-zero activity signal, count bins, and count validity; do not treat skew as continuous-only problem.",70.0072517731073,56.80973002684109,98.53736813002136,0.0,1.46263186997864,22.23278999328613,0.0,223,high_missing; train_test_missing_gap; unstable_sparse_feature; almost_all_zero; extreme_skew; not_integer_like_count; missing_gap_gt_20; not_integer_like; zero_heavy; missing_indicator_candidate; stability_review_candidate; rare_event_candidate; transform_review_candidate; count_validity_review,No final drop decision from numeric EDA alone; validate with target analysis and CV model performance.
bureau_bal_recent_6m_severe_late_count_mean,discrete_count_numeric,discrete_count,bureau,critical,14,keep_but_review_before_final_FE,count_validity_review,missing=missing_flag_review; train_test_stability_review; zero=zero_flag_review; activity_flag_review; transform=log1p_review; binning=zero_vs_activity_split_review; special=count_integer_validity_review,"Review zero/non-zero activity signal, count bins, and count validity; do not treat skew as continuous-only problem.",70.0072517731073,56.80973002684109,98.83661675575456,0.0,1.163383244245427,21.64949417114258,0.0,156,high_missing; train_test_missing_gap; unstable_sparse_feature; almost_all_zero; extreme_skew; not_integer_like_count; missing_gap_gt_20; not_integer_like; zero_heavy; missing_indicator_candidate; stability_review_candidate; rare_event_candidate; transform_review_candidate; count_validity_review,No final drop decision from numeric EDA alone; validate with target analysis and CV model performance.
bureau_bal_severe_late_count_mean,discrete_count_numeric,discrete_count,bureau,critical,14,keep_but_review_before_final_FE,count_validity_review,missing=missing_flag_review; train_test_stability_review; zero=zero_flag_review; activity_flag_review; transform=log1p_review; binning=zero_vs_activity_split_review; special=count_integer_validity_review,"Review zero/non-zero activity signal, count bins, and count validity; do not treat skew as continuous-only problem.",70.0072517731073,56.80973002684109,96.30818271513915,0.0,3.691817284860838,22.9200439453125,0.0,526,high_missing; train_test_missing_gap; unstable_sparse_feature; almost_all_zero; extreme_skew; not_integer_like_count; missing_gap_gt_20; not_integer_like; zero_heavy; missing_indicator_candidate; stability_review_candidate; rare_event_candidate; transform_review_candidate; count_validity_review,No final drop decision from numeric EDA alone; validate with target analysis and CV model performance.
inst_delay_days_sum_min,overdue_delay_numeric,overdue_delay,other,critical,14,keep_but_review_before_final_FE,delay_severity_flag_review,zero=zero_vs_delay_split_review; transform=yeo_johnson_review; binning=delay_severity_bin_review; special=credit_risk_delay_review,Preserve credit-risk signal; review late/early/severe delay flags and delay severity bins.,5.160140612856125,3.518912974582697,0.317168593108698,97.553515770994,2.129315635897313,3.118707418441772,7.613417774470843,2707,meaningful_signed_value_review; high_skew; has_late_delay_signal; has_early_payment_signal; severe_delay_signal; extreme_delay_signal; rare_severe_delay_signal; signed_value_review; transform_review_candidate; had_delay_flag_candidate; early_payment_flag_candidate; severe_delay_flag_candidate; extreme_delay_flag_candidate,No final drop decision from numeric EDA alone; validate with target analysis and CV model performance.
inst_first_delay_days_mean_sum,overdue_delay_numeric,overdue_delay,other,critical,14,keep_but_review_before_final_FE,delay_severity_flag_review,zero=zero_vs_delay_split_review; transform=yeo_johnson_review; binning=delay_severity_bin_review; special=credit_risk_delay_review,Preserve credit-risk signal; review late/early/severe delay flags and delay severity bins.,5.160140612856125,3.518912974582697,0.2040165544861355,99.11398524908878,0.6819981964250814,2.018115043640137,5.001320107117263,116363,meaningful_signed_value_review; high_skew; has_late_delay_signal; has_early_payment_signal; severe_delay_signal; extreme_delay_signal; rare_severe_delay_signal; signed_value_review; transform_review_candidate; had_delay_flag_candidate; early_payment_flag_candidate; severe_delay_flag_candidate; extreme_delay_flag_candidate,No final drop decision from numeric EDA alone; validate with target analysis and CV model performance.
inst_first_delay_days_min_max,overdue_delay_numeric,overdue_delay,other,critical,14,keep_but_review_before_final_FE,delay_severity_flag_review,zero=zero_vs_delay_split_review; transform=yeo_johnson_review; binning=delay_severity_bin_review; special=credit_risk_delay_review,Preserve credit-risk signal; review late/early/severe delay flags and delay severity bins.,5.162742145809418,3.519462972988147,5.146501620175905,94.43551014110103,0.4179882387230613,3.33746337890625,5.288116995559518,314,meaningful_signed_value_review; high_skew; has_late_delay_signal; has_early_payment_signal; severe_delay_signal; extreme_delay_signal; rare_severe_delay_signal; signed_value_review; transform_review_candidate; had_delay_flag_candidate; early_payment_flag_candidate; severe_delay_flag_candidate; extreme_delay_flag_candidate,No final drop decision from numeric EDA alone; validate with target analysis and CV model performance.
bureau_bal_late_count_mean,discrete_count_numeric,discrete_count,bureau,critical,13,keep_but_review_before_final_FE,count_validity_review,missing=missing_flag_review; train_test_stability_review; zero=activity_flag_review; transform=log1p_review; scaling=robust_scaling_review; special=count_integer_validity_review,"Review zero/non-zero activity signal, count bins, and count validity; do not treat skew as continuous-only problem.",70.0072517731073,56.80973002684109,66.33236113671109,0.0,33.66763886328891,14.12954044342041,15.2801118929644,907,high_missing; train_test_missing_gap; unstable_sparse_feature; high_zero; extreme_skew; high_outlier_burden; not_integer_like_count; missing_gap_gt_20; not_integer_like; missing_indicator_candidate; stability_review_candidate; zero_pattern_review; transform_review_candidate; tail_review_candidate; count_validity_review,No final drop decision from numeric EDA alone; validate with target analysis and CV model performance.
bureau_bal_old_late_count_mean,discrete_count_numeric,discrete_count,bureau,critical,13,keep_but_review_before_final_FE,count_validity_review,missing=missing_flag_review; train_test_stability_review; zero=activity_flag_review; transform=log1p_review; scaling=robust_scaling_review; special=count_integer_validity_review,"Review zero/non-zero activity signal, count bins, and count validity; do not treat skew as continuous-only problem.",70.0072517731073,56.80973002684109,72.38021923214536,0.0,27.61978076785462,14.87407493591309,18.57076254187854,811,high_missing; train_test_missing_gap; unstable_sparse_feature; high_zero; extreme_skew; high_outlier_burden; not_integer_like_count; missing_gap_gt_20; not_integer_like; missing_indicator_candidate; stability_review_candidate; zero_pattern_review; transform_review_candidate; tail_review_candidate; count_validity_review,No final drop decision from numeric EDA alone; validate with target analysis and CV model performance.
bureau_bal_recent_12m_late_count_mean,discrete_count_numeric,discrete_count,bureau,critical,13,keep_but_review_before_final_FE,count_validity_review,missing=missing_flag_review; train_test_stability_review; zero=zero_flag_review; activity_flag_review; transform=log1p_review; binning=zero_vs_activity_split_review; special=count_integer_validity_review,"Review zero/non-zero activity signal, count bins, and count validity; do not treat skew as continuous-only problem.",70.0072517731073,56.80973002684109,82.7726035714673,0.0,17.22739642853271,10.65839004516602,0.0,408,high_missing; train_test_missing_gap; unstable_sparse_feature; zero_heavy; extreme_skew; not_integer_like_count; missing_gap_gt_20; not_integer_like; missing_indicator_candidate; stability_review_candidate; zero_flag_candidate; transform_review_candidate; count_validity_review,No final drop decision from numeric EDA alone; validate with target analysis and CV model performance.
bureau_bal_recent_6m_late_count_mean,discrete_count_numeric,discrete_count,bureau,critical,13,keep_but_review_before_final_FE,count_validity_review,missing=missing_flag_review; train_test_stability_review; zero=zero_flag_review; activity_flag_review; transform=log1p_review; binning=zero_vs_activity_split_review; special=count_integer_validity_review,"Review zero/non-zero activity signal, count bins, and count validity; do not treat skew as continuous-only problem.",70.0072517731073,56.80973002684109,87.42071537769297,0.0,12.57928462230703,9.725533485412598,0.0,267,high_missing; train_test_missing_gap; unstable_sparse_feature; zero_heavy; extreme_skew; not_integer_like_count; missing_gap_gt_20; not_integer_like; missing_indicator_candidate; stability_review_candidate; zero_flag_candidate; transform_review_candidate; count_validity_review,No final drop decision from numeric EDA alone; validate with target analysis and CV model performance.
bureau_bal_max_late_status_min,overdue_delay_numeric,overdue_delay,bureau,critical,13,keep_but_review_before_final_FE,delay_sign_behavior_flag_review,missing=missing_flag_review; train_test_stability_review; zero=zero_flag_review; zero_vs_delay_split_review; transform=log1p_review; binning=delay_severity_bin_review; special=credit_risk_delay_review,Preserve credit-risk signal; review late/early/severe delay flags and delay severity bins.,70.0072517731073,56.80973002684109,95.55247151174767,0.0,4.447528488252323,9.242290496826172,0.0,6,high_missing; train_test_missing_gap; unstable_sparse_feature; almost_all_zero; extreme_skew; has_late_delay_signal; missing_gap_gt_20; missing_indicator_candidate; stability_review_candidate; rare_event_candidate; transform_review_candidate; had_delay_flag_candidate,No final drop decision from numeric EDA alone; validate with target analysis and CV model performance.
cc_dpd_def_mean_max,overdue_delay_numeric,overdue_delay,credit_card,critical,13,keep_but_review_before_final_FE,delay_severity_flag_review,missing=missing_flag_review; zero=zero_flag_review; zero_vs_delay_split_review; transform=log1p_review; binning=delay_severity_bin_review; special=credit_risk_delay_review,Preserve credit-risk signal; review late/early/severe delay flags and delay severity bins.,71.73922233676193,5.90342716197118,82.92158103676428,0.0,17.07841896323572,111.2034759521484,0.0,1469,high_missing; zero_heavy; extreme_skew; has_late_delay_signal; extreme_delay_signal; rare_severe_delay_signal; missing_indicator_candidate; zero_flag_candidate; transform_review_candidate; had_delay_flag_candidate; extreme_delay_flag_candidate,No final drop decision from numeric EDA alone; validate with target analysis and CV model performance.
cc_dpd_def_mean_mean,overdue_delay_numeric,overdue_delay,credit_card,critical,13,keep_but_review_before_final_FE,delay_severity_flag_review,missing=missing_flag_review; zero=zero_flag_review; zero_vs_delay_split_review; transform=log1p_review; binning=delay_severity_bin_review; special=credit_risk_delay_review,Preserve credit-risk signal; review late/early/severe delay flags and delay severity bins.,71.73922233676193,5.90342716197118,82.92158103676428,0.0,17.07841896323572,115.7656631469727,0.0,1504,high_missing; zero_heavy; extreme_skew; has_late_delay_signal; extreme_delay_signal; rare_severe_delay_signal; missing_indicator_candidate; zero_flag_candidate; transform_review_candidate; had_delay_flag_candidate; extreme_delay_flag_candidate,No final drop decision from numeric EDA alone; validate with target analysis and CV model performance.
cc_dpd_def_mean_min,overdue_delay_numeric,overdue_delay,credit_card,critical,13,keep_but_review_before_final_FE,delay_severity_flag_review,missing=missing_flag_review; zero=zero_flag_review; zero_vs_delay_split_review; transform=log1p_review; binning=delay_severity_bin_review; special=credit_risk_delay_review,Preserve credit-risk signal; review late/early/severe delay flags and delay severity bins.,71.73922233676193,5.90342716197118,83.12870375697601,0.0,16.87129624302399,119.8443603515625,0.0,1463,high_missing; zero_heavy; extreme_skew; has_late_delay_signal; extreme_delay_signal; rare_severe_delay_signal; missing_indicator_candidate; zero_flag_candidate; transform_review_candidate; had_delay_flag_candidate; extreme_delay_flag_candidate,No final drop decision from numeric EDA alone; validate with target analysis and CV model performance.
cc_dpd_def_mean_sum,overdue_delay_numeric,overdue_delay,credit_card,critical,13,keep_but_review_before_final_FE,delay_severity_flag_review,missing=missing_flag_review; zero=zero_flag_review; zero_vs_delay_split_review; transform=log1p_review; binning=delay_severity_bin_review; special=credit_risk_delay_review,Preserve credit-risk signal; review late/early/severe delay flags and delay severity bins.,71.73922233676193,5.90342716197118,82.92158103676428,0.0,17.07841896323572,111.2034683227539,0.0,1472,high_missing; zero_heavy; extreme_skew; has_late_delay_signal; extreme_delay_signal; rare_severe_delay_signal; missing_indicator_candidate; zero_flag_candidate; transform_review_candidate; had_delay_flag_candidate; extreme_delay_flag_candidate,No final drop decision from numeric EDA alone; validate with target analysis and CV model performance.
inst_delay_days_min_sum,overdue_delay_numeric,overdue_delay,other,critical,13,keep_but_review_before_final_FE,delay_severity_flag_review,zero=zero_vs_delay_split_review; binning=delay_severity_bin_review; special=credit_risk_delay_review,Preserve credit-risk signal; review late/early/severe delay flags and delay severity bins.,5.160140612856125,3.518912974582697,0.3312268766951376,99.5196181633024,0.1491549600024688,0.3921850621700287,5.174134129740813,820,meaningful_signed_value_review; has_late_delay_signal; has_early_payment_signal; severe_delay_signal; extreme_delay_signal; rare_severe_delay_signal; signed_value_review; had_delay_flag_candidate; early_payment_flag_candidate; severe_delay_flag_candidate; extreme_delay_flag_candidate,No final drop decision from numeric EDA alone; validate with target analysis and CV model performance.
inst_first_delay_days_max_max,overdue_delay_numeric,overdue_delay,other,critical,13,keep_but_review_before_final_FE,delay_severity_flag_review,zero=zero_vs_delay_split_review; transform=yeo_johnson_review; scaling=robust_scaling_review; binning=delay_severity_bin_review; special=credit_risk_delay_review,Preserve credit-risk signal; review late/early/severe delay flags and delay severity bins.,5.162742145809418,3.519462972988147,21.75459049839697,36.58168601162412,41.66372348997891,28.33788299560547,19.94650847806333,739,meaningful_signed_value_review; extreme_skew; high_outlier_burden; has_late_delay_signal; has_early_payment_signal; severe_delay_signal; extreme_delay_signal; signed_value_review; transform_review_candidate; tail_review_candidate; had_delay_flag_candidate; early_payment_flag_candidate; severe_delay_flag_candidate; extreme_delay_flag_candidate,No final drop decision from numeric EDA alone; validate with target analysis and CV model performance.
inst_first_delay_days_mean_mean,overdue_delay_numeric,overdue_delay,other,critical,13,keep_but_review_before_final_FE,delay_severity_flag_review,zero=zero_vs_delay_split_review; binning=delay_severity_bin_review; special=credit_risk_delay_review,Preserve credit-risk signal; review late/early/severe delay flags and delay severity bins.,5.162742145809418,3.519462972988147,0.2012789960052805,99.11670409930221,0.6820169046925095,0.9716721773147583,4.737771529480344,121216,meaningful_signed_value_review; has_late_delay_signal; has_early_payment_signal; severe_delay_signal; extreme_delay_signal; rare_severe_delay_signal; signed_value_review; had_delay_flag_candidate; early_payment_flag_candidate; severe_delay_flag_candidate; extreme_delay_flag_candidate,No final drop decision from numeric EDA alone; validate with target analysis and CV model performance.
bureau_active_annuity_amount_max,continuous_amount_numeric,continuous,bureau,critical,12,keep_but_review_before_final_FE,continuous_transform_review,missing=missing_flag_review; train_test_stability_review; transform=log1p_review; scaling=standard_scaling_review; tail=extreme_tail_review,"Review missingness, skew/tail behavior, and scaling/transform need; keep raw until model pipeline comparison.",80.05079493091304,44.42794904218828,26.67818602679881,0.0,73.32181397320119,153.2779693603516,5.429856877384019,19214,extreme_missing; train_test_missing_gap; unstable_sparse_feature; extreme_skew; top_5pct_tail_gap; high_coefficient_of_variation; high_missing; missing_gap_gt_20; missing_indicator_candidate; stability_review_candidate; transform_review_candidate; tail_review_candidate; unstable_spread_review,No final drop decision from numeric EDA alone; validate with target analysis and CV model performance.
bureau_active_annuity_amount_mean,continuous_amount_numeric,continuous,bureau,critical,12,keep_but_review_before_final_FE,continuous_transform_review,missing=missing_flag_review; train_test_stability_review; transform=log1p_review; scaling=standard_scaling_review; tail=extreme_tail_review,"Review missingness, skew/tail behavior, and scaling/transform need; keep raw until model pipeline comparison.",80.05079493091304,44.42794904218828,26.67818602679881,0.0,73.32181397320119,146.6300659179688,5.614057966289571,26828,extreme_missing; train_test_missing_gap; unstable_sparse_feature; extreme_skew; top_5pct_tail_gap; high_coefficient_of_variation; high_missing; missing_gap_gt_20; missing_indicator_candidate; stability_review_candidate; transform_review_candidate; tail_review_candidate; unstable_spread_review,No final drop decision from numeric EDA alone; validate with target analysis and CV model performance.
bureau_latest_annuity_amount,continuous_amount_numeric,continuous,bureau,critical,12,keep_but_review_before_final_FE,continuous_transform_review,missing=missing_flag_review; train_test_stability_review; transform=log1p_review; scaling=standard_scaling_review; tail=extreme_tail_review,"Review missingness, skew/tail behavior, and scaling/transform need; keep raw until model pipeline comparison.",80.60297030024942,41.39814509099291,41.51019313304721,0.0,58.48980686695279,184.4961090087891,7.19051770386266,16112,extreme_missing; train_test_missing_gap; unstable_sparse_feature; extreme_skew; top_5pct_tail_gap; high_coefficient_of_variation; high_missing; missing_gap_gt_20; missing_indicator_candidate; stability_review_candidate; transform_review_candidate; tail_review_candidate; unstable_spread_review,No final drop decision from numeric EDA alone; validate with target analysis and CV model performance.
bureau_recent_12m_annuity_amount_max,continuous_amount_numeric,continuous,bureau,critical,12,keep_but_review_before_final_FE,continuous_transform_review,missing=missing_flag_review; train_test_stability_review; transform=log1p_review; scaling=standard_scaling_review; tail=extreme_tail_review,"Review missingness, skew/tail behavior, and scaling/transform need; keep raw until model pipeline comparison.",86.65608709932327,27.52880989597517,30.46498026027197,0.0,69.53501973972803,148.1381683349609,5.717210118438368,14355,extreme_missing; train_test_missing_gap; unstable_sparse_feature; extreme_skew; top_5pct_tail_gap; high_coefficient_of_variation; high_missing; missing_gap_gt_20; missing_indicator_candidate; stability_review_candidate; transform_review_candidate; tail_review_candidate; unstable_spread_review,No final drop decision from numeric EDA alone; validate with target analysis and CV model performance.
bureau_recent_12m_annuity_amount_mean,continuous_amount_numeric,continuous,bureau,critical,12,keep_but_review_before_final_FE,continuous_transform_review,missing=missing_flag_review; train_test_stability_review; transform=log1p_review; scaling=standard_scaling_review; tail=extreme_tail_review,"Review missingness, skew/tail behavior, and scaling/transform need; keep raw until model pipeline comparison.",86.65608709932327,27.52880989597517,30.46498026027197,0.0,69.53501973972803,113.218864440918,6.528732270799825,17370,extreme_missing; train_test_missing_gap; unstable_sparse_feature; extreme_skew; top_5pct_tail_gap; high_coefficient_of_variation; high_missing; missing_gap_gt_20; missing_indicator_candidate; stability_review_candidate; transform_review_candidate; tail_review_candidate; unstable_spread_review,No final drop decision from numeric EDA alone; validate with target analysis and CV model performance.
bureau_recent_24m_annuity_amount_max,continuous_amount_numeric,continuous,bureau,critical,12,keep_but_review_before_final_FE,continuous_transform_review,missing=missing_flag_review; train_test_stability_review; transform=log1p_review; scaling=standard_scaling_review; tail=extreme_tail_review,"Review missingness, skew/tail behavior, and scaling/transform need; keep raw until model pipeline comparison.",80.68426820503983,39.53048517533361,28.62217583083606,0.0,71.37782416916394,133.9760894775391,5.73251624633826,18692,extreme_missing; train_test_missing_gap; unstable_sparse_feature; extreme_skew; top_5pct_tail_gap; high_coefficient_of_variation; high_missing; missing_gap_gt_20; missing_indicator_candidate; stability_review_candidate; transform_review_candidate; tail_review_candidate; unstable_spread_review,No final drop decision from numeric EDA alone; validate with target analysis and CV model performance.
bureau_recent_24m_annuity_amount_mean,continuous_amount_numeric,continuous,bureau,critical,12,keep_but_review_before_final_FE,continuous_transform_review,missing=missing_flag_review; train_test_stability_review; transform=log1p_review; scaling=standard_scaling_review; tail=extreme_tail_review,"Review missingness, skew/tail behavior, and scaling/transform need; keep raw until model pipeline comparison.",80.68426820503983,39.53048517533361,28.62217583083606,0.0,71.37782416916394,120.6923751831055,6.363850634701505,26057,extreme_missing; train_test_missing_gap; unstable_sparse_feature; extreme_skew; top_5pct_tail_gap; high_coefficient_of_variation; high_missing; missing_gap_gt_20; missing_indicator_candidate; stability_review_candidate; transform_review_candidate; tail_review_candidate; unstable_spread_review,No final drop decision from numeric EDA alone; validate with target analysis and CV model performance.
bureau_bal_month_max_max,date_duration_numeric,date_duration,bureau,critical,12,keep_but_review_before_final_FE,duration_conversion_or_binning_review,missing=missing_flag_review; train_test_stability_review; zero=zero_flag_review; transform=yeo_johnson_review; binning=duration_bin_review; special=zero_special_value_review,"Review signed duration meaning, special placeholders, and days-to-period conversion or cyclical encoding.",70.0072517731073,56.80973002684109,95.22720126638549,4.772798733614511,0.0,8.668127059936523,0.0,91,high_missing; train_test_missing_gap; unstable_sparse_feature; almost_all_zero; meaningful_signed_value_review; extreme_skew; missing_gap_gt_20; zero_special_value_review; missing_indicator_candidate; stability_review_candidate; rare_event_candidate; signed_value_review; transform_review_candidate,No final drop decision from numeric EDA alone; validate with target analysis and CV model performance.
bureau_closed_overdue_days_max,overdue_delay_numeric,overdue_delay,bureau,critical,12,keep_but_review_before_final_FE,delay_severity_flag_review,zero=zero_flag_review; zero_vs_delay_split_review; transform=log1p_review; binning=delay_severity_bin_review; special=credit_risk_delay_review,Preserve credit-risk signal; review late/early/severe delay flags and delay severity bins.,25.15227097567242,2.618215502178241,99.96871809354158,0.0,0.03128190645841027,63.05879211425781,0.0,69,almost_all_zero; extreme_skew; has_late_delay_signal; extreme_delay_signal; rare_severe_delay_signal; rare_event_candidate; transform_review_candidate; had_delay_flag_candidate; extreme_delay_flag_candidate,No final drop decision from numeric EDA alone; validate with target analysis and CV model performance.
bureau_closed_overdue_days_sum,overdue_delay_numeric,overdue_delay,bureau,critical,12,keep_but_review_before_final_FE,delay_severity_flag_review,zero=zero_flag_review; zero_vs_delay_split_review; transform=log1p_review; binning=delay_severity_bin_review; special=credit_risk_delay_review,Preserve credit-risk signal; review late/early/severe delay flags and delay severity bins.,25.15227097567242,2.618215502178241,99.96871809354158,0.0,0.03128190645841027,62.82963562011719,0.0,69,almost_all_zero; extreme_skew; has_late_delay_signal; extreme_delay_signal; rare_severe_delay_signal; rare_event_candidate; transform_review_candidate; had_delay_flag_candidate; extreme_delay_flag_candidate,No final drop decision from numeric EDA alone; validate with target analysis and CV model performance.
bureau_latest_bal_max_late_status,overdue_delay_numeric,overdue_delay,bureau,critical,12,keep_but_review_before_final_FE,delay_sign_behavior_flag_review,missing=missing_flag_review; train_test_stability_review; zero=zero_flag_review; zero_vs_delay_split_review; transform=log1p_review; binning=delay_severity_bin_review; special=credit_risk_delay_review,Preserve credit-risk signal; review late/early/severe delay flags and delay severity bins.,70.04497400093005,56.3981661886865,89.02350322965857,0.0,10.97649677034142,5.781796455383301,0.0,6,high_missing; train_test_missing_gap; unstable_sparse_feature; zero_heavy; extreme_skew; has_late_delay_signal; missing_gap_gt_20; missing_indicator_candidate; stability_review_candidate; zero_flag_candidate; transform_review_candidate; had_delay_flag_candidate,No final drop decision from numeric EDA alone; validate with target analysis and CV model performance.
cc_dpd_max_max,overdue_delay_numeric,overdue_delay,credit_card,critical,12,keep_but_review_before_final_FE,delay_severity_flag_review,missing=missing_flag_review; zero=zero_vs_delay_split_review; transform=log1p_review; binning=delay_severity_bin_review; special=credit_risk_delay_review,Preserve credit-risk signal; review late/early/severe delay flags and delay severity bins.,71.73922233676193,5.90342716197118,79.42350842874403,0.0,20.57649157125597,10.51416492462158,0.0,409,high_missing; high_zero; extreme_skew; has_late_delay_signal; severe_delay_signal; extreme_delay_signal; missing_indicator_candidate; zero_pattern_review; transform_review_candidate; had_delay_flag_candidate; severe_delay_flag_candidate; extreme_delay_flag_candidate,No final drop decision from numeric EDA alone; validate with target analysis and CV model performance.
cc_dpd_max_mean,overdue_delay_numeric,overdue_delay,credit_card,critical,12,keep_but_review_before_final_FE,delay_severity_flag_review,missing=missing_flag_review; zero=zero_vs_delay_split_review; transform=log1p_review; binning=delay_severity_bin_review; special=credit_risk_delay_review,Preserve credit-risk signal; review late/early/severe delay flags and delay severity bins.,71.73922233676193,5.90342716197118,79.42350842874403,0.0,20.57649157125597,10.51217460632324,0.0,422,high_missing; high_zero; extreme_skew; has_late_delay_signal; severe_delay_signal; extreme_delay_signal; missing_indicator_candidate; zero_pattern_review; transform_review_candidate; had_delay_flag_candidate; severe_delay_flag_candidate; extreme_delay_flag_candidate,No final drop decision from numeric EDA alone; validate with target analysis and CV model performance.
cc_dpd_max_min,overdue_delay_numeric,overdue_delay,credit_card,critical,12,keep_but_review_before_final_FE,delay_severity_flag_review,missing=missing_flag_review; zero=zero_vs_delay_split_review; transform=log1p_review; binning=delay_severity_bin_review; special=credit_risk_delay_review,Preserve credit-risk signal; review late/early/severe delay flags and delay severity bins.,71.73922233676193,5.90342716197118,79.64904205741902,0.0,20.35095794258098,10.52123737335205,0.0,405,high_missing; high_zero; extreme_skew; has_late_delay_signal; severe_delay_signal; extreme_delay_signal; missing_indicator_candidate; zero_pattern_review; transform_review_candidate; had_delay_flag_candidate; severe_delay_flag_candidate; extreme_delay_flag_candidate,No final drop decision from numeric EDA alone; validate with target analysis and CV model performance.
cc_dpd_max_sum,overdue_delay_numeric,overdue_delay,credit_card,critical,12,keep_but_review_before_final_FE,delay_severity_flag_review,missing=missing_flag_review; zero=zero_vs_delay_split_review; transform=log1p_review; binning=delay_severity_bin_review; special=credit_risk_delay_review,Preserve credit-risk signal; review late/early/severe delay flags and delay severity bins.,71.73922233676193,5.90342716197118,79.42350842874403,0.0,20.57649157125597,10.51415920257568,0.0,412,high_missing; high_zero; extreme_skew; has_late_delay_signal; severe_delay_signal; extreme_delay_signal; missing_indicator_candidate; zero_pattern_review; transform_review_candidate; had_delay_flag_candidate; severe_delay_flag_candidate; extreme_delay_flag_candidate,No final drop decision from numeric EDA alone; validate with target analysis and CV model performance.
cc_dpd_mean_max,overdue_delay_numeric,overdue_delay,credit_card,critical,12,keep_but_review_before_final_FE,delay_severity_flag_review,missing=missing_flag_review; zero=zero_vs_delay_split_review; transform=log1p_review; binning=delay_severity_bin_review; special=credit_risk_delay_review,Preserve credit-risk signal; review late/early/severe delay flags and delay severity bins.,71.73922233676193,5.90342716197118,79.42350842874403,0.0,20.57649157125597,13.87080097198486,0.0,3516,high_missing; high_zero; extreme_skew; has_late_delay_signal; severe_delay_signal; extreme_delay_signal; missing_indicator_candidate; zero_pattern_review; transform_review_candidate; had_delay_flag_candidate; severe_delay_flag_candidate; extreme_delay_flag_candidate,No final drop decision from numeric EDA alone; validate with target analysis and CV model performance.
cc_dpd_mean_mean,overdue_delay_numeric,overdue_delay,credit_card,critical,12,keep_but_review_before_final_FE,delay_severity_flag_review,missing=missing_flag_review; zero=zero_vs_delay_split_review; transform=log1p_review; binning=delay_severity_bin_review; special=credit_risk_delay_review,Preserve credit-risk signal; review late/early/severe delay flags and delay severity bins.,71.73922233676193,5.90342716197118,79.42350842874403,0.0,20.57649157125597,13.84489440917969,0.0,3560,high_missing; high_zero; extreme_skew; has_late_delay_signal; severe_delay_signal; extreme_delay_signal; missing_indicator_candidate; zero_pattern_review; transform_review_candidate; had_delay_flag_candidate; severe_delay_flag_candidate; extreme_delay_flag_candidate,No final drop decision from numeric EDA alone; validate with target analysis and CV model performance.
cc_dpd_mean_min,overdue_delay_numeric,overdue_delay,credit_card,critical,12,keep_but_review_before_final_FE,delay_severity_flag_review,missing=missing_flag_review; zero=zero_vs_delay_split_review; transform=log1p_review; binning=delay_severity_bin_review; special=credit_risk_delay_review,Preserve credit-risk signal; review late/early/severe delay flags and delay severity bins.,71.73922233676193,5.90342716197118,79.64904205741902,0.0,20.35095794258098,13.86017036437988,0.0,3501,high_missing; high_zero; extreme_skew; has_late_delay_signal; severe_delay_signal; extreme_delay_signal; missing_indicator_candidate; zero_pattern_review; transform_review_candidate; had_delay_flag_candidate; severe_delay_flag_candidate; extreme_delay_flag_candidate,No final drop decision from numeric EDA alone; validate with target analysis and CV model performance.
cc_dpd_mean_sum,overdue_delay_numeric,overdue_delay,credit_card,critical,12,keep_but_review_before_final_FE,delay_severity_flag_review,missing=missing_flag_review; zero=zero_vs_delay_split_review; transform=log1p_review; binning=delay_severity_bin_review; special=credit_risk_delay_review,Preserve credit-risk signal; review late/early/severe delay flags and delay severity bins.,71.73922233676193,5.90342716197118,79.42350842874403,0.0,20.57649157125597,13.87080097198486,0.0,3524,high_missing; high_zero; extreme_skew; has_late_delay_signal; severe_delay_signal; extreme_delay_signal; missing_indicator_candidate; zero_pattern_review; transform_review_candidate; had_delay_flag_candidate; severe_delay_flag_candidate; extreme_delay_flag_candidate,No final drop decision from numeric EDA alone; validate with target analysis and CV model performance.
cc_dpd_std_max,overdue_delay_numeric,overdue_delay,credit_card,critical,12,keep_but_review_before_final_FE,delay_severity_flag_review,missing=missing_flag_review; zero=zero_vs_delay_split_review; transform=log1p_review; binning=delay_severity_bin_review; special=credit_risk_delay_review,Preserve credit-risk signal; review late/early/severe delay flags and delay severity bins.,71.94474344007207,5.985856192410822,79.272773637175,0.0,20.72722636282499,10.80097103118896,0.0,4578,high_missing; high_zero; extreme_skew; has_late_delay_signal; severe_delay_signal; extreme_delay_signal; missing_indicator_candidate; zero_pattern_review; transform_review_candidate; had_delay_flag_candidate; severe_delay_flag_candidate; extreme_delay_flag_candidate,No final drop decision from numeric EDA alone; validate with target analysis and CV model performance.
cc_dpd_std_mean,overdue_delay_numeric,overdue_delay,credit_card,critical,12,keep_but_review_before_final_FE,delay_severity_flag_review,missing=missing_flag_review; zero=zero_vs_delay_split_review; transform=log1p_review; binning=delay_severity_bin_review; special=credit_risk_delay_review,Preserve credit-risk signal; review late/early/severe delay flags and delay severity bins.,71.94474344007207,5.985856192410822,79.272773637175,0.0,20.72722636282499,10.79784297943115,0.0,4669,high_missing; high_zero; extreme_skew; has_late_delay_signal; severe_delay_signal; extreme_delay_signal; missing_indicator_candidate; zero_pattern_review; transform_review_candidate; had_delay_flag_candidate; severe_delay_flag_candidate; extreme_delay_flag_candidate,No final drop decision from numeric EDA alone; validate with target analysis and CV model performance.
cc_dpd_std_min,overdue_delay_numeric,overdue_delay,credit_card,critical,12,keep_but_review_before_final_FE,delay_severity_flag_review,missing=missing_flag_review; zero=zero_vs_delay_split_review; transform=log1p_review; binning=delay_severity_bin_review; special=credit_risk_delay_review,Preserve credit-risk signal; review late/early/severe delay flags and delay severity bins.,71.94474344007207,5.985856192410822,79.49068654155992,0.0,20.50931345844007,10.80615329742432,0.0,4557,high_missing; high_zero; extreme_skew; has_late_delay_signal; severe_delay_signal; extreme_delay_signal; missing_indicator_candidate; zero_pattern_review; transform_review_candidate; had_delay_flag_candidate; severe_delay_flag_candidate; extreme_delay_flag_candidate,No final drop decision from numeric EDA alone; validate with target analysis and CV model performance.
cc_dpd_std_sum,overdue_delay_numeric,overdue_delay,credit_card,critical,12,keep_but_review_before_final_FE,delay_severity_flag_review,missing=missing_flag_review; zero=zero_vs_delay_split_review; transform=log1p_review; binning=delay_severity_bin_review; special=credit_risk_delay_review,Preserve credit-risk signal; review late/early/severe delay flags and delay severity bins.,71.73922233676193,5.90342716197118,79.42350842874403,0.0,20.57649157125597,10.84142208099365,0.0,4587,high_missing; high_zero; extreme_skew; has_late_delay_signal; severe_delay_signal; extreme_delay_signal; missing_indicator_candidate; zero_pattern_review; transform_review_candidate; had_delay_flag_candidate; severe_delay_flag_candidate; extreme_delay_flag_candidate,No final drop decision from numeric EDA alone; validate with target analysis and CV model performance.
cc_dpd_sum_max,overdue_delay_numeric,overdue_delay,credit_card,critical,12,keep_but_review_before_final_FE,delay_severity_flag_review,missing=missing_flag_review; zero=zero_vs_delay_split_review; transform=log1p_review; binning=delay_severity_bin_review; special=credit_risk_delay_review,Preserve credit-risk signal; review late/early/severe delay flags and delay severity bins.,71.73922233676193,5.90342716197118,79.42350842874403,0.0,20.57649157125597,14.46308040618896,0.0,1464,high_missing; high_zero; extreme_skew; has_late_delay_signal; severe_delay_signal; extreme_delay_signal; missing_indicator_candidate; zero_pattern_review; transform_review_candidate; had_delay_flag_candidate; severe_delay_flag_candidate; extreme_delay_flag_candidate,No final drop decision from numeric EDA alone; validate with target analysis and CV model performance.
cc_dpd_sum_mean,overdue_delay_numeric,overdue_delay,credit_card,critical,12,keep_but_review_before_final_FE,delay_severity_flag_review,missing=missing_flag_review; zero=zero_vs_delay_split_review; transform=log1p_review; binning=delay_severity_bin_review; special=credit_risk_delay_review,Preserve credit-risk signal; review late/early/severe delay flags and delay severity bins.,71.73922233676193,5.90342716197118,79.42350842874403,0.0,20.57649157125597,14.41736698150635,0.0,1481,high_missing; high_zero; extreme_skew; has_late_delay_signal; severe_delay_signal; extreme_delay_signal; missing_indicator_candidate; zero_pattern_review; transform_review_candidate; had_delay_flag_candidate; severe_delay_flag_candidate; extreme_delay_flag_candidate,No final drop decision from numeric EDA alone; validate with target analysis and CV model performance.
cc_dpd_sum_min,overdue_delay_numeric,overdue_delay,credit_card,critical,12,keep_but_review_before_final_FE,delay_severity_flag_review,missing=missing_flag_review; zero=zero_vs_delay_split_review; transform=log1p_review; binning=delay_severity_bin_review; special=credit_risk_delay_review,Preserve credit-risk signal; review late/early/severe delay flags and delay severity bins.,71.73922233676193,5.90342716197118,79.64904205741902,0.0,20.35095794258098,14.43495464324951,0.0,1457,high_missing; high_zero; extreme_skew; has_late_delay_signal; severe_delay_signal; extreme_delay_signal; missing_indicator_candidate; zero_pattern_review; transform_review_candidate; had_delay_flag_candidate; severe_delay_flag_candidate; extreme_delay_flag_candidate,No final drop decision from numeric EDA alone; validate with target analysis and CV model performance.
cc_dpd_sum_sum,overdue_delay_numeric,overdue_delay,credit_card,critical,12,keep_but_review_before_final_FE,delay_severity_flag_review,missing=missing_flag_review; zero=zero_vs_delay_split_review; transform=log1p_review; binning=delay_severity_bin_review; special=credit_risk_delay_review,Preserve credit-risk signal; review late/early/severe delay flags and delay severity bins.,71.73922233676193,5.90342716197118,79.42350842874403,0.0,20.57649157125597,14.46308040618896,0.0,1464,high_missing; high_zero; extreme_skew; has_late_delay_signal; severe_delay_signal; extreme_delay_signal; missing_indicator_candidate; zero_pattern_review; transform_review_candidate; had_delay_flag_candidate; severe_delay_flag_candidate; extreme_delay_flag_candidate,No final drop decision from numeric EDA alone; validate with target analysis and CV model performance.
inst_delay_days_max_max,overdue_delay_numeric,overdue_delay,other,critical,12,keep_but_review_before_final_FE,delay_severity_flag_review,zero=zero_vs_delay_split_review; transform=yeo_johnson_review; binning=delay_severity_bin_review; special=credit_risk_delay_review,Preserve credit-risk signal; review late/early/severe delay flags and delay severity bins.,5.162742145809418,3.519462972988147,15.13192860939188,31.719786719701,53.14828467090713,13.10981941223145,11.17698492979238,1684,meaningful_signed_value_review; extreme_skew; has_late_delay_signal; has_early_payment_signal; severe_delay_signal; extreme_delay_signal; signed_value_review; transform_review_candidate; had_delay_flag_candidate; early_payment_flag_candidate; severe_delay_flag_candidate; extreme_delay_flag_candidate,No final drop decision from numeric EDA alone; validate with target analysis and CV model performance.
inst_delay_days_max_mean,overdue_delay_numeric,overdue_delay,other,critical,12,keep_but_review_before_final_FE,delay_severity_flag_review,zero=zero_vs_delay_split_review; transform=yeo_johnson_review; binning=delay_severity_bin_review; special=credit_risk_delay_review,Preserve credit-risk signal; review late/early/severe delay flags and delay severity bins.,5.162742145809418,3.519462972988147,4.721312599653676,61.04994256519279,34.22874483515353,21.5048999786377,7.506986472817048,4772,meaningful_signed_value_review; extreme_skew; has_late_delay_signal; has_early_payment_signal; severe_delay_signal; extreme_delay_signal; signed_value_review; transform_review_candidate; had_delay_flag_candidate; early_payment_flag_candidate; severe_delay_flag_candidate; extreme_delay_flag_candidate,No final drop decision from numeric EDA alone; validate with target analysis and CV model performance.
inst_delay_days_max_min,overdue_delay_numeric,overdue_delay,other,critical,12,keep_but_review_before_final_FE,delay_severity_flag_review,zero=zero_vs_delay_split_review; transform=yeo_johnson_review; binning=delay_severity_bin_review; special=credit_risk_delay_review,Preserve credit-risk signal; review late/early/severe delay flags and delay severity bins.,5.162742145809418,3.519462972988147,8.33713374594956,78.55435733022442,13.10850892382602,40.00406646728516,2.210297117972809,657,meaningful_signed_value_review; extreme_skew; has_late_delay_signal; has_early_payment_signal; severe_delay_signal; extreme_delay_signal; signed_value_review; transform_review_candidate; had_delay_flag_candidate; early_payment_flag_candidate; severe_delay_flag_candidate; extreme_delay_flag_candidate,No final drop decision from numeric EDA alone; validate with target analysis and CV model performance.
inst_delay_days_max_sum,overdue_delay_numeric,overdue_delay,other,critical,12,keep_but_review_before_final_FE,delay_severity_flag_review,zero=zero_vs_delay_split_review; transform=yeo_johnson_review; binning=delay_severity_bin_review; special=credit_risk_delay_review,Preserve credit-risk signal; review late/early/severe delay flags and delay severity bins.,5.160140612856125,3.518912974582697,4.723926170009224,61.04826791659666,34.22780591339411,12.40262317657471,10.42336006693115,1848,meaningful_signed_value_review; extreme_skew; has_late_delay_signal; has_early_payment_signal; severe_delay_signal; extreme_delay_signal; signed_value_review; transform_review_candidate; had_delay_flag_candidate; early_payment_flag_candidate; severe_delay_flag_candidate; extreme_delay_flag_candidate,No final drop decision from numeric EDA alone; validate with target analysis and CV model performance.
inst_delay_days_mean_max,overdue_delay_numeric,overdue_delay,other,critical,12,keep_but_review_before_final_FE,delay_severity_flag_review,zero=zero_vs_delay_split_review; transform=yeo_johnson_review; binning=delay_severity_bin_review; special=credit_risk_delay_review,Preserve credit-risk signal; review late/early/severe delay flags and delay severity bins.,5.162742145809418,3.519462972988147,3.922025819946166,80.01097261988444,16.06700156016939,39.47041702270508,7.690092067138718,23911,meaningful_signed_value_review; extreme_skew; has_late_delay_signal; has_early_payment_signal; severe_delay_signal; extreme_delay_signal; signed_value_review; transform_review_candidate; had_delay_flag_candidate; early_payment_flag_candidate; severe_delay_flag_candidate; extreme_delay_flag_candidate,No final drop decision from numeric EDA alone; validate with target analysis and CV model performance.
inst_delay_days_sum_max,overdue_delay_numeric,overdue_delay,other,critical,12,keep_but_review_before_final_FE,delay_severity_flag_review,zero=zero_vs_delay_split_review; transform=yeo_johnson_review; binning=delay_severity_bin_review; special=credit_risk_delay_review,Preserve credit-risk signal; review late/early/severe delay flags and delay severity bins.,5.160140612856125,3.518912974582697,3.940091138823836,79.99334803166886,16.06656082950731,94.63134002685547,10.368841357413,3196,meaningful_signed_value_review; extreme_skew; has_late_delay_signal; has_early_payment_signal; severe_delay_signal; extreme_delay_signal; signed_value_review; transform_review_candidate; had_delay_flag_candidate; early_payment_flag_candidate; severe_delay_flag_candidate; extreme_delay_flag_candidate,No final drop decision from numeric EDA alone; validate with target analysis and CV model performance.
inst_first_delay_days_max_mean,overdue_delay_numeric,overdue_delay,other,critical,12,keep_but_review_before_final_FE,delay_severity_flag_review,zero=zero_vs_delay_split_review; transform=yeo_johnson_review; binning=delay_severity_bin_review; special=credit_risk_delay_review,Preserve credit-risk signal; review late/early/severe delay flags and delay severity bins.,5.162742145809418,3.519462972988147,6.259193855332865,74.40122070396214,19.33958544070499,38.43853378295898,4.608157457095341,2576,meaningful_signed_value_review; extreme_skew; has_late_delay_signal; has_early_payment_signal; severe_delay_signal; extreme_delay_signal; signed_value_review; transform_review_candidate; had_delay_flag_candidate; early_payment_flag_candidate; severe_delay_flag_candidate; extreme_delay_flag_candidate,No final drop decision from numeric EDA alone; validate with target analysis and CV model performance.
inst_first_delay_days_max_min,overdue_delay_numeric,overdue_delay,other,critical,12,keep_but_review_before_final_FE,delay_severity_flag_review,zero=zero_vs_delay_split_review; transform=yeo_johnson_review; binning=delay_severity_bin_review; special=credit_risk_delay_review,Preserve credit-risk signal; review late/early/severe delay flags and delay severity bins.,5.162742145809418,3.519462972988147,9.185111526394294,83.1800024002606,7.634886073345106,44.34066390991211,1.981243677885028,363,meaningful_signed_value_review; extreme_skew; has_late_delay_signal; has_early_payment_signal; severe_delay_signal; extreme_delay_signal; signed_value_review; transform_review_candidate; had_delay_flag_candidate; early_payment_flag_candidate; severe_delay_flag_candidate; extreme_delay_flag_candidate,No final drop decision from numeric EDA alone; validate with target analysis and CV model performance.
inst_first_delay_days_max_sum,overdue_delay_numeric,overdue_delay,other,critical,12,keep_but_review_before_final_FE,delay_severity_flag_review,zero=zero_vs_delay_split_review; transform=yeo_johnson_review; binning=delay_severity_bin_review; special=credit_risk_delay_review,Preserve credit-risk signal; review late/early/severe delay flags and delay severity bins.,5.160140612856125,3.518912974582697,6.261765240379505,74.39917981916247,19.33905494045803,22.88101768493652,5.499874846987584,916,meaningful_signed_value_review; extreme_skew; has_late_delay_signal; has_early_payment_signal; severe_delay_signal; extreme_delay_signal; signed_value_review; transform_review_candidate; had_delay_flag_candidate; early_payment_flag_candidate; severe_delay_flag_candidate; extreme_delay_flag_candidate,No final drop decision from numeric EDA alone; validate with target analysis and CV model performance.
inst_latest_delay_days,overdue_delay_numeric,overdue_delay,other,critical,12,keep_but_review_before_final_FE,delay_severity_flag_review,zero=zero_vs_delay_split_review; transform=yeo_johnson_review; binning=delay_severity_bin_review; special=credit_risk_delay_review,Preserve credit-risk signal; review late/early/severe delay flags and delay severity bins.,5.408912201514743,3.539964228430876,16.39140808173874,77.01923143035911,6.589360487902145,36.50656509399414,2.629281004407346,799,meaningful_signed_value_review; extreme_skew; has_late_delay_signal; has_early_payment_signal; severe_delay_signal; extreme_delay_signal; signed_value_review; transform_review_candidate; had_delay_flag_candidate; early_payment_flag_candidate; severe_delay_flag_candidate; extreme_delay_flag_candidate,No final drop decision from numeric EDA alone; validate with target analysis and CV model performance.
inst_latest_delay_days_max,overdue_delay_numeric,overdue_delay,other,critical,12,keep_but_review_before_final_FE,delay_severity_flag_review,zero=zero_vs_delay_split_review; transform=yeo_johnson_review; binning=delay_severity_bin_review; special=credit_risk_delay_review,Preserve credit-risk signal; review late/early/severe delay flags and delay severity bins.,5.197537649059709,3.529640061664337,23.90096320079032,56.46661727175434,19.63241952745534,14.77212238311768,10.21514228478911,1710,meaningful_signed_value_review; extreme_skew; has_late_delay_signal; has_early_payment_signal; severe_delay_signal; extreme_delay_signal; signed_value_review; transform_review_candidate; had_delay_flag_candidate; early_payment_flag_candidate; severe_delay_flag_candidate; extreme_delay_flag_candidate,No final drop decision from numeric EDA alone; validate with target analysis and CV model performance.
inst_latest_delay_days_mean,overdue_delay_numeric,overdue_delay,other,critical,12,keep_but_review_before_final_FE,delay_severity_flag_review,zero=zero_vs_delay_split_review; transform=yeo_johnson_review; binning=delay_severity_bin_review; special=credit_risk_delay_review,Preserve credit-risk signal; review late/early/severe delay flags and delay severity bins.,5.197537649059709,3.529640061664337,3.246686424631597,89.40204714469965,7.351266430668753,23.39804267883301,4.751859169616641,4804,meaningful_signed_value_review; extreme_skew; has_late_delay_signal; has_early_payment_signal; severe_delay_signal; extreme_delay_signal; signed_value_review; transform_review_candidate; had_delay_flag_candidate; early_payment_flag_candidate; severe_delay_flag_candidate; extreme_delay_flag_candidate,No final drop decision from numeric EDA alone; validate with target analysis and CV model performance.
inst_latest_delay_days_sum,overdue_delay_numeric,overdue_delay,other,critical,12,keep_but_review_before_final_FE,delay_severity_flag_review,zero=zero_vs_delay_split_review; transform=yeo_johnson_review; binning=delay_severity_bin_review; special=credit_risk_delay_review,Preserve credit-risk signal; review late/early/severe delay flags and delay severity bins.,5.160140612856125,3.518912974582697,3.284837969709542,89.36679433416883,7.348367696121628,12.97877788543701,6.945134976666678,1907,meaningful_signed_value_review; extreme_skew; has_late_delay_signal; has_early_payment_signal; severe_delay_signal; extreme_delay_signal; signed_value_review; transform_review_candidate; had_delay_flag_candidate; early_payment_flag_candidate; severe_delay_flag_candidate; extreme_delay_flag_candidate,No final drop decision from numeric EDA alone; validate with target analysis and CV model performance.
pos_dpd_def_mean_min,overdue_delay_numeric,overdue_delay,pos_cash,critical,12,keep_but_review_before_final_FE,delay_severity_flag_review,zero=zero_flag_review; zero_vs_delay_split_review; transform=log1p_review; binning=delay_severity_bin_review; special=credit_risk_delay_review,Preserve credit-risk signal; review late/early/severe delay flags and delay severity bins.,5.875236983392464,3.955000646612553,97.91254957781125,0.0,2.087450422188748,232.2785034179688,0.0,813,almost_all_zero; extreme_skew; has_late_delay_signal; extreme_delay_signal; rare_severe_delay_signal; zero_heavy_delay; rare_event_candidate; transform_review_candidate; had_delay_flag_candidate; extreme_delay_flag_candidate,No final drop decision from numeric EDA alone; validate with target analysis and CV model performance.
bureau_annuity_amount_max,continuous_amount_numeric,continuous,bureau,critical,11,keep_but_review_before_final_FE,continuous_transform_review,missing=missing_flag_review; train_test_stability_review; transform=log1p_review; scaling=standard_scaling_review; tail=extreme_tail_review,"Review missingness, skew/tail behavior, and scaling/transform need; keep raw until model pipeline comparison.",73.98174374250027,52.38113648827411,24.66847479658539,0.0,75.33152520341461,87.22720336914062,6.101813545976078,23582,high_missing; train_test_missing_gap; unstable_sparse_feature; extreme_skew; top_5pct_tail_gap; high_coefficient_of_variation; missing_gap_gt_20; missing_indicator_candidate; stability_review_candidate; transform_review_candidate; tail_review_candidate; unstable_spread_review,No final drop decision from numeric EDA alone; validate with target analysis and CV model performance.
bureau_annuity_amount_mean,continuous_amount_numeric,continuous,bureau,critical,11,keep_but_review_before_final_FE,continuous_transform_review,missing=missing_flag_review; train_test_stability_review; transform=log1p_review; scaling=standard_scaling_review; tail=extreme_tail_review,"Review missingness, skew/tail behavior, and scaling/transform need; keep raw until model pipeline comparison.",73.98174374250027,52.38113648827411,24.66847479658539,0.0,75.33152520341461,104.9255981445312,6.663000412453599,40538,high_missing; train_test_missing_gap; unstable_sparse_feature; extreme_skew; top_5pct_tail_gap; high_coefficient_of_variation; missing_gap_gt_20; missing_indicator_candidate; stability_review_candidate; transform_review_candidate; tail_review_candidate; unstable_spread_review,No final drop decision from numeric EDA alone; validate with target analysis and CV model performance.
bureau_closed_annuity_amount_max,continuous_amount_numeric,continuous,bureau,critical,11,keep_but_review_before_final_FE,continuous_transform_review,missing=missing_flag_review; train_test_stability_review; transform=log1p_review; scaling=standard_scaling_review; tail=extreme_tail_review,"Review missingness, skew/tail behavior, and scaling/transform need; keep raw until model pipeline comparison.",78.53442641076253,38.41461679316858,39.94000818070263,0.0,60.05999181929737,88.7530517578125,6.488509142692663,17576,high_missing; train_test_missing_gap; unstable_sparse_feature; extreme_skew; top_5pct_tail_gap; high_coefficient_of_variation; missing_gap_gt_20; missing_indicator_candidate; stability_review_candidate; transform_review_candidate; tail_review_candidate; unstable_spread_review,No final drop decision from numeric EDA alone; validate with target analysis and CV model performance.
bureau_closed_annuity_amount_mean,continuous_amount_numeric,continuous,bureau,critical,11,keep_but_review_before_final_FE,continuous_transform_review,missing=missing_flag_review; train_test_stability_review; transform=log1p_review; scaling=standard_scaling_review; tail=extreme_tail_review,"Review missingness, skew/tail behavior, and scaling/transform need; keep raw until model pipeline comparison.",78.53442641076253,38.41461679316858,39.94000818070263,0.0,60.05999181929737,145.9712219238281,7.88528836976776,25539,high_missing; train_test_missing_gap; unstable_sparse_feature; extreme_skew; top_5pct_tail_gap; high_coefficient_of_variation; missing_gap_gt_20; missing_indicator_candidate; stability_review_candidate; transform_review_candidate; tail_review_candidate; unstable_spread_review,No final drop decision from numeric EDA alone; validate with target analysis and CV model performance.
bureau_overdue_limit_amount_sum,continuous_amount_numeric,continuous,bureau,critical,11,keep_but_review_before_final_FE,amount_value_validity_review,missing=missing_flag_review; zero=zero_flag_review; transform=yeo_johnson_review; scaling=standard_scaling_review,"Review missingness, skew/tail behavior, and scaling/transform need; keep raw until model pipeline comparison.",98.91581114171527,0.126122224442625,96.79064187162567,0.1499700059988003,3.059388122375525,11.27593421936035,0.0,108,extreme_missing; almost_all_zero; suspicious_negative_amount; extreme_skew; high_coefficient_of_variation; high_missing; zero_heavy; negative_amount_value; missing_indicator_candidate; rare_event_candidate; negative_value_review; transform_review_candidate; unstable_spread_review,No final drop decision from numeric EDA alone; validate with target analysis and CV model performance.
bureau_bal_late_trend_12m_vs_old_max,continuous_stat_numeric,continuous,bureau,critical,11,keep_but_review_before_final_FE,signed_continuous_transform_review,missing=missing_flag_review; train_test_stability_review; zero=zero_flag_review; transform=yeo_johnson_review; scaling=standard_scaling_review,"Review missingness, skew/tail behavior, and scaling/transform need; keep raw until model pipeline comparison.",70.0072517731073,56.80973002684109,88.33797746961434,1.526601684899871,10.13542084548579,5.398102760314941,0.0,1383,high_missing; train_test_missing_gap; unstable_sparse_feature; zero_heavy; has_negative_values; extreme_skew; missing_gap_gt_20; missing_indicator_candidate; stability_review_candidate; zero_flag_candidate; negative_value_review; transform_review_candidate,No final drop decision from numeric EDA alone; validate with target analysis and CV model performance.
bureau_bal_recent_12m_severe_late_count_max,discrete_count_numeric,discrete_count,bureau,critical,11,keep_but_review_before_final_FE,count_activity_flag_or_binning_review,missing=missing_flag_review; train_test_stability_review; zero=zero_flag_review; activity_flag_review; transform=log1p_review; binning=zero_vs_activity_split_review,"Review zero/non-zero activity signal, count bins, and count validity; do not treat skew as continuous-only problem.",70.0072517731073,56.80973002684109,98.53736813002136,0.0,1.46263186997864,12.02984428405762,0.0,14,high_missing; train_test_missing_gap; unstable_sparse_feature; almost_all_zero; extreme_skew; missing_gap_gt_20; zero_heavy; missing_indicator_candidate; stability_review_candidate; rare_event_candidate; transform_review_candidate,No final drop decision from numeric EDA alone; validate with target analysis and CV model performance.
bureau_bal_recent_6m_severe_late_count_max,discrete_count_numeric,discrete_count,bureau,critical,11,keep_but_review_before_final_FE,count_activity_flag_or_binning_review,missing=missing_flag_review; train_test_stability_review; zero=zero_flag_review; activity_flag_review; transform=log1p_review; binning=zero_vs_activity_split_review; ordinal_count_bin_review,"Review zero/non-zero activity signal, count bins, and count validity; do not treat skew as continuous-only problem.",70.0072517731073,56.80973002684109,98.83661675575456,0.0,1.163383244245427,11.50989818572998,0.0,8,high_missing; train_test_missing_gap; unstable_sparse_feature; almost_all_zero; extreme_skew; missing_gap_gt_20; zero_heavy; missing_indicator_candidate; stability_review_candidate; rare_event_candidate; transform_review_candidate,No final drop decision from numeric EDA alone; validate with target analysis and CV model performance.
bureau_bal_severe_late_count_max,discrete_count_numeric,discrete_count,bureau,critical,11,keep_but_review_before_final_FE,count_activity_flag_or_binning_review,missing=missing_flag_review; train_test_stability_review; zero=zero_flag_review; activity_flag_review; transform=log1p_review; binning=zero_vs_activity_split_review,"Review zero/non-zero activity signal, count bins, and count validity; do not treat skew as continuous-only problem.",70.0072517731073,56.80973002684109,96.30818271513915,0.0,3.691817284860838,13.89318370819092,0.0,81,high_missing; train_test_missing_gap; unstable_sparse_feature; almost_all_zero; extreme_skew; missing_gap_gt_20; zero_heavy; missing_indicator_candidate; stability_review_candidate; rare_event_candidate; transform_review_candidate,No final drop decision from numeric EDA alone; validate with target analysis and CV model performance.
bureau_bal_status_3_count_max,discrete_count_numeric,discrete_count,bureau,critical,11,keep_but_review_before_final_FE,count_activity_flag_or_binning_review,missing=missing_flag_review; train_test_stability_review; zero=zero_flag_review; activity_flag_review; transform=log1p_review; binning=zero_vs_activity_split_review,"Review zero/non-zero activity signal, count bins, and count validity; do not treat skew as continuous-only problem.",70.0072517731073,56.80973002684109,97.02377725493598,0.0,2.976222745064024,10.6549768447876,0.0,11,high_missing; train_test_missing_gap; unstable_sparse_feature; almost_all_zero; extreme_skew; missing_gap_gt_20; zero_heavy; missing_indicator_candidate; stability_review_candidate; rare_event_candidate; transform_review_candidate,No final drop decision from numeric EDA alone; validate with target analysis and CV model performance.
bureau_bal_status_4_count_max,discrete_count_numeric,discrete_count,bureau,critical,11,keep_but_review_before_final_FE,count_activity_flag_or_binning_review,missing=missing_flag_review; train_test_stability_review; zero=zero_flag_review; activity_flag_review; transform=log1p_review; binning=zero_vs_activity_split_review; ordinal_count_bin_review,"Review zero/non-zero activity signal, count bins, and count validity; do not treat skew as continuous-only problem.",70.0072517731073,56.80973002684109,97.8022573755028,0.0,2.197742624497186,11.79470729827881,0.0,10,high_missing; train_test_missing_gap; unstable_sparse_feature; almost_all_zero; extreme_skew; missing_gap_gt_20; zero_heavy; missing_indicator_candidate; stability_review_candidate; rare_event_candidate; transform_review_candidate,No final drop decision from numeric EDA alone; validate with target analysis and CV model performance.
bureau_bal_status_5_count_max,discrete_count_numeric,discrete_count,bureau,critical,11,keep_but_review_before_final_FE,count_activity_flag_or_binning_review,missing=missing_flag_review; train_test_stability_review; zero=zero_flag_review; activity_flag_review; transform=log1p_review; binning=zero_vs_activity_split_review,"Review zero/non-zero activity signal, count bins, and count validity; do not treat skew as continuous-only problem.",70.0072517731073,56.80973002684109,97.60817946243671,0.0,2.391820537563292,14.9271879196167,0.0,81,high_missing; train_test_missing_gap; unstable_sparse_feature; almost_all_zero; extreme_skew; missing_gap_gt_20; zero_heavy; missing_indicator_candidate; stability_review_candidate; rare_event_candidate; transform_review_candidate,No final drop decision from numeric EDA alone; validate with target analysis and CV model performance.
bureau_bal_late_ratio_min,ratio_rate_numeric,ratio_rate,bureau,critical,11,keep_but_review_before_final_FE,zero_ratio_flag_review,missing=missing_flag_review; train_test_stability_review; zero=zero_flag_review; zero_ratio_flag_review; transform=log1p_review; special=bounded_0_1_ratio,Review boundedness and denominator-driven tail instability; keep bounded ratios carefully and review unbounded/signed ratios.,70.0072517731073,56.80973002684109,95.55247151174767,0.0,4.447528488252323,12.13343524932861,0.0,595,high_missing; train_test_missing_gap; unstable_sparse_feature; almost_all_zero; extreme_skew; missing_gap_gt_20; zero_heavy; missing_indicator_candidate; stability_review_candidate; rare_event_candidate; transform_review_candidate,No final drop decision from numeric EDA alone; validate with target analysis and CV model performance.
bureau_bal_old_late_ratio_min,ratio_rate_numeric,ratio_rate,bureau,critical,11,keep_but_review_before_final_FE,zero_ratio_flag_review,missing=missing_flag_review; train_test_stability_review; zero=zero_flag_review; zero_ratio_flag_review; transform=log1p_review; special=bounded_0_1_ratio,Review boundedness and denominator-driven tail instability; keep bounded ratios carefully and review unbounded/signed ratios.,70.0072517731073,56.80973002684109,97.54204117921307,0.0,2.457958820786937,16.83155059814453,0.0,472,high_missing; train_test_missing_gap; unstable_sparse_feature; almost_all_zero; extreme_skew; missing_gap_gt_20; zero_heavy; missing_indicator_candidate; stability_review_candidate; rare_event_candidate; transform_review_candidate,No final drop decision from numeric EDA alone; validate with target analysis and CV model performance.
bureau_bal_recent_12m_late_ratio_min,ratio_rate_numeric,ratio_rate,bureau,critical,11,keep_but_review_before_final_FE,zero_ratio_flag_review,missing=missing_flag_review; train_test_stability_review; zero=zero_flag_review; zero_ratio_flag_review; transform=log1p_review; special=bounded_0_1_ratio,Review boundedness and denominator-driven tail instability; keep bounded ratios carefully and review unbounded/signed ratios.,70.0072517731073,56.80973002684109,98.76505730177489,0.0,1.234942698225109,18.44857025146484,0.0,49,high_missing; train_test_missing_gap; unstable_sparse_feature; almost_all_zero; extreme_skew; missing_gap_gt_20; zero_heavy; missing_indicator_candidate; stability_review_candidate; rare_event_candidate; transform_review_candidate,No final drop decision from numeric EDA alone; validate with target analysis and CV model performance.
bureau_bal_recent_12m_severe_late_ratio_max,ratio_rate_numeric,ratio_rate,bureau,critical,11,keep_but_review_before_final_FE,zero_ratio_flag_review,missing=missing_flag_review; train_test_stability_review; zero=zero_flag_review; zero_ratio_flag_review; transform=log1p_review; special=bounded_0_1_ratio,Review boundedness and denominator-driven tail instability; keep bounded ratios carefully and review unbounded/signed ratios.,70.0072517731073,56.80973002684109,98.53736813002136,0.0,1.46263186997864,11.63529396057129,0.0,53,high_missing; train_test_missing_gap; unstable_sparse_feature; almost_all_zero; extreme_skew; missing_gap_gt_20; zero_heavy; missing_indicator_candidate; stability_review_candidate; rare_event_candidate; transform_review_candidate,No final drop decision from numeric EDA alone; validate with target analysis and CV model performance.
bureau_bal_recent_12m_severe_late_ratio_mean,ratio_rate_numeric,ratio_rate,bureau,critical,11,keep_but_review_before_final_FE,zero_ratio_flag_review,missing=missing_flag_review; train_test_stability_review; zero=zero_flag_review; zero_ratio_flag_review; transform=log1p_review; special=bounded_0_1_ratio,Review boundedness and denominator-driven tail instability; keep bounded ratios carefully and review unbounded/signed ratios.,70.0072517731073,56.80973002684109,98.53736813002136,0.0,1.46263186997864,21.54627990722656,0.0,346,high_missing; train_test_missing_gap; unstable_sparse_feature; almost_all_zero; extreme_skew; missing_gap_gt_20; zero_heavy; missing_indicator_candidate; stability_review_candidate; rare_event_candidate; transform_review_candidate,No final drop decision from numeric EDA alone; validate with target analysis and CV model performance.
bureau_bal_recent_12m_severe_late_ratio_min,ratio_rate_numeric,ratio_rate,bureau,critical,11,keep_but_review_before_final_FE,zero_ratio_flag_review,missing=missing_flag_review; train_test_stability_review; zero=zero_flag_review; zero_ratio_flag_review; transform=log1p_review; special=bounded_0_1_ratio,Review boundedness and denominator-driven tail instability; keep bounded ratios carefully and review unbounded/signed ratios.,70.0072517731073,56.80973002684109,99.91434550205463,0.0,0.08565449794537629,45.43063354492188,0.0,23,high_missing; train_test_missing_gap; unstable_sparse_feature; almost_all_zero; extreme_skew; missing_gap_gt_20; zero_heavy; missing_indicator_candidate; stability_review_candidate; rare_event_candidate; transform_review_candidate,No final drop decision from numeric EDA alone; validate with target analysis and CV model performance.
bureau_bal_recent_6m_late_ratio_min,ratio_rate_numeric,ratio_rate,bureau,critical,11,keep_but_review_before_final_FE,zero_ratio_flag_review,missing=missing_flag_review; train_test_stability_review; zero=zero_flag_review; zero_ratio_flag_review; transform=log1p_review; special=bounded_0_1_ratio,Review boundedness and denominator-driven tail instability; keep bounded ratios carefully and review unbounded/signed ratios.,70.0072517731073,56.80973002684109,99.19983519640901,0.0,0.8001648035909834,19.75923728942871,0.0,17,high_missing; train_test_missing_gap; unstable_sparse_feature; almost_all_zero; extreme_skew; missing_gap_gt_20; zero_heavy; missing_indicator_candidate; stability_review_candidate; rare_event_candidate; transform_review_candidate,No final drop decision from numeric EDA alone; validate with target analysis and CV model performance.
bureau_bal_severe_late_ratio_max,ratio_rate_numeric,ratio_rate,bureau,critical,11,keep_but_review_before_final_FE,zero_ratio_flag_review,missing=missing_flag_review; train_test_stability_review; zero=zero_flag_review; zero_ratio_flag_review; transform=log1p_review; special=bounded_0_1_ratio,Review boundedness and denominator-driven tail instability; keep bounded ratios carefully and review unbounded/signed ratios.,70.0072517731073,56.80973002684109,96.30818271513915,0.0,3.691817284860838,10.11290740966797,0.0,927,high_missing; train_test_missing_gap; unstable_sparse_feature; almost_all_zero; extreme_skew; missing_gap_gt_20; zero_heavy; missing_indicator_candidate; stability_review_candidate; rare_event_candidate; transform_review_candidate,No final drop decision from numeric EDA alone; validate with target analysis and CV model performance.
bureau_bal_severe_late_ratio_mean,ratio_rate_numeric,ratio_rate,bureau,critical,11,keep_but_review_before_final_FE,zero_ratio_flag_review,missing=missing_flag_review; train_test_stability_review; zero=zero_flag_review; zero_ratio_flag_review; transform=log1p_review; special=bounded_0_1_ratio,Review boundedness and denominator-driven tail instability; keep bounded ratios carefully and review unbounded/signed ratios.,70.0072517731073,56.80973002684109,96.30818271513915,0.0,3.691817284860838,17.24798202514648,0.0,2287,high_missing; train_test_missing_gap; unstable_sparse_feature; almost_all_zero; extreme_skew; missing_gap_gt_20; zero_heavy; missing_indicator_candidate; stability_review_candidate; rare_event_candidate; transform_review_candidate,No final drop decision from numeric EDA alone; validate with target analysis and CV model performance.
bureau_bal_severe_late_ratio_min,ratio_rate_numeric,ratio_rate,bureau,critical,11,keep_but_review_before_final_FE,zero_ratio_flag_review,missing=missing_flag_review; train_test_stability_review; zero=zero_flag_review; zero_ratio_flag_review; transform=log1p_review; special=bounded_0_1_ratio,Review boundedness and denominator-driven tail instability; keep bounded ratios carefully and review unbounded/signed ratios.,70.0072517731073,56.80973002684109,99.54787435894656,0.0,0.4521256410534419,30.38726806640625,0.0,294,high_missing; train_test_missing_gap; unstable_sparse_feature; almost_all_zero; extreme_skew; missing_gap_gt_20; zero_heavy; missing_indicator_candidate; stability_review_candidate; rare_event_candidate; transform_review_candidate,No final drop decision from numeric EDA alone; validate with target analysis and CV model performance.
bureau_bal_status_1_ratio_min,ratio_rate_numeric,ratio_rate,bureau,critical,11,keep_but_review_before_final_FE,zero_ratio_flag_review,missing=missing_flag_review; train_test_stability_review; zero=zero_flag_review; zero_ratio_flag_review; transform=log1p_review; special=bounded_0_1_ratio,Review boundedness and denominator-driven tail instability; keep bounded ratios carefully and review unbounded/signed ratios.,70.0072517731073,56.80973002684109,95.8072665372814,0.0,4.192733462718609,11.62898921966553,0.0,424,high_missing; train_test_missing_gap; unstable_sparse_feature; almost_all_zero; extreme_skew; missing_gap_gt_20; zero_heavy; missing_indicator_candidate; stability_review_candidate; rare_event_candidate; transform_review_candidate,No final drop decision from numeric EDA alone; validate with target analysis and CV model performance.
bureau_bal_status_2_ratio_min,ratio_rate_numeric,ratio_rate,bureau,critical,11,keep_but_review_before_final_FE,zero_ratio_flag_review,missing=missing_flag_review; train_test_stability_review; zero=zero_flag_review; zero_ratio_flag_review; transform=log1p_review; special=bounded_0_1_ratio,Review boundedness and denominator-driven tail instability; keep bounded ratios carefully and review unbounded/signed ratios.,70.0072517731073,56.80973002684109,99.30609014322734,0.0,0.6939098567726686,28.49666976928711,0.0,170,high_missing; train_test_missing_gap; unstable_sparse_feature; almost_all_zero; extreme_skew; missing_gap_gt_20; zero_heavy; missing_indicator_candidate; stability_review_candidate; rare_event_candidate; transform_review_candidate,No final drop decision from numeric EDA alone; validate with target analysis and CV model performance.
bureau_bal_status_3_count_mean,ratio_rate_numeric,ratio_rate,bureau,critical,11,keep_but_review_before_final_FE,zero_ratio_flag_review,missing=missing_flag_review; train_test_stability_review; zero=zero_flag_review; zero_ratio_flag_review; transform=log1p_review; special=bounded_0_100_ratio,Review boundedness and denominator-driven tail instability; keep bounded ratios carefully and review unbounded/signed ratios.,70.0072517731073,56.80973002684109,97.02377725493598,0.0,2.976222745064024,19.34916877746582,0.0,128,high_missing; train_test_missing_gap; unstable_sparse_feature; almost_all_zero; extreme_skew; missing_gap_gt_20; zero_heavy; missing_indicator_candidate; stability_review_candidate; rare_event_candidate; transform_review_candidate,No final drop decision from numeric EDA alone; validate with target analysis and CV model performance.
bureau_bal_status_3_ratio_max,ratio_rate_numeric,ratio_rate,bureau,critical,11,keep_but_review_before_final_FE,zero_ratio_flag_review,missing=missing_flag_review; train_test_stability_review; zero=zero_flag_review; zero_ratio_flag_review; transform=log1p_review; special=bounded_0_1_ratio,Review boundedness and denominator-driven tail instability; keep bounded ratios carefully and review unbounded/signed ratios.,70.0072517731073,56.80973002684109,97.02377725493598,0.0,2.976222745064024,13.48966979980469,0.0,210,high_missing; train_test_missing_gap; unstable_sparse_feature; almost_all_zero; extreme_skew; missing_gap_gt_20; zero_heavy; missing_indicator_candidate; stability_review_candidate; rare_event_candidate; transform_review_candidate,No final drop decision from numeric EDA alone; validate with target analysis and CV model performance.
bureau_bal_status_3_ratio_mean,ratio_rate_numeric,ratio_rate,bureau,critical,11,keep_but_review_before_final_FE,zero_ratio_flag_review,missing=missing_flag_review; train_test_stability_review; zero=zero_flag_review; zero_ratio_flag_review; transform=log1p_review; special=bounded_0_1_ratio,Review boundedness and denominator-driven tail instability; keep bounded ratios carefully and review unbounded/signed ratios.,70.0072517731073,56.80973002684109,97.02377725493598,0.0,2.976222745064024,27.423828125,0.0,1453,high_missing; train_test_missing_gap; unstable_sparse_feature; almost_all_zero; extreme_skew; missing_gap_gt_20; zero_heavy; missing_indicator_candidate; stability_review_candidate; rare_event_candidate; transform_review_candidate,No final drop decision from numeric EDA alone; validate with target analysis and CV model performance.
bureau_bal_status_3_ratio_min,ratio_rate_numeric,ratio_rate,bureau,critical,11,keep_but_review_before_final_FE,zero_ratio_flag_review,missing=missing_flag_review; train_test_stability_review; zero=zero_flag_review; zero_ratio_flag_review; transform=log1p_review; special=bounded_0_1_ratio,Review boundedness and denominator-driven tail instability; keep bounded ratios carefully and review unbounded/signed ratios.,70.0072517731073,56.80973002684109,99.61943381292625,0.0,0.3805661870737604,65.43334197998047,0.0,115,high_missing; train_test_missing_gap; unstable_sparse_feature; almost_all_zero; extreme_skew; missing_gap_gt_20; zero_heavy; missing_indicator_candidate; stability_review_candidate; rare_event_candidate; transform_review_candidate,No final drop decision from numeric EDA alone; validate with target analysis and CV model performance.
bureau_bal_status_4_count_mean,ratio_rate_numeric,ratio_rate,bureau,critical,11,keep_but_review_before_final_FE,zero_ratio_flag_review,missing=missing_flag_review; train_test_stability_review; zero=zero_flag_review; zero_ratio_flag_review; transform=log1p_review; special=bounded_0_100_ratio,Review boundedness and denominator-driven tail instability; keep bounded ratios carefully and review unbounded/signed ratios.,70.0072517731073,56.80973002684109,97.8022573755028,0.0,2.197742624497186,21.95096588134766,0.0,105,high_missing; train_test_missing_gap; unstable_sparse_feature; almost_all_zero; extreme_skew; missing_gap_gt_20; zero_heavy; missing_indicator_candidate; stability_review_candidate; rare_event_candidate; transform_review_candidate,No final drop decision from numeric EDA alone; validate with target analysis and CV model performance.
bureau_bal_status_4_ratio_max,ratio_rate_numeric,ratio_rate,bureau,critical,11,keep_but_review_before_final_FE,zero_ratio_flag_review,missing=missing_flag_review; train_test_stability_review; zero=zero_flag_review; zero_ratio_flag_review; transform=log1p_review; special=bounded_0_1_ratio,Review boundedness and denominator-driven tail instability; keep bounded ratios carefully and review unbounded/signed ratios.,70.0072517731073,56.80973002684109,97.8022573755028,0.0,2.197742624497186,16.95100593566895,0.0,171,high_missing; train_test_missing_gap; unstable_sparse_feature; almost_all_zero; extreme_skew; missing_gap_gt_20; zero_heavy; missing_indicator_candidate; stability_review_candidate; rare_event_candidate; transform_review_candidate,No final drop decision from numeric EDA alone; validate with target analysis and CV model performance.
bureau_bal_status_4_ratio_mean,ratio_rate_numeric,ratio_rate,bureau,critical,11,keep_but_review_before_final_FE,zero_ratio_flag_review,missing=missing_flag_review; train_test_stability_review; zero=zero_flag_review; zero_ratio_flag_review; transform=log1p_review; special=bounded_0_1_ratio,Review boundedness and denominator-driven tail instability; keep bounded ratios carefully and review unbounded/signed ratios.,70.0072517731073,56.80973002684109,97.8022573755028,0.0,2.197742624497186,20.57975959777832,0.0,1121,high_missing; train_test_missing_gap; unstable_sparse_feature; almost_all_zero; extreme_skew; missing_gap_gt_20; zero_heavy; missing_indicator_candidate; stability_review_candidate; rare_event_candidate; transform_review_candidate,No final drop decision from numeric EDA alone; validate with target analysis and CV model performance.
bureau_bal_status_4_ratio_min,ratio_rate_numeric,ratio_rate,bureau,critical,11,keep_but_review_before_final_FE,zero_ratio_flag_review,missing=missing_flag_review; train_test_stability_review; zero=zero_flag_review; zero_ratio_flag_review; transform=log1p_review; special=bounded_0_1_ratio,Review boundedness and denominator-driven tail instability; keep bounded ratios carefully and review unbounded/signed ratios.,70.0072517731073,56.80973002684109,99.701835608418,0.0,0.298164391582006,43.52567291259766,0.0,98,high_missing; train_test_missing_gap; unstable_sparse_feature; almost_all_zero; extreme_skew; missing_gap_gt_20; zero_heavy; missing_indicator_candidate; stability_review_candidate; rare_event_candidate; transform_review_candidate,No final drop decision from numeric EDA alone; validate with target analysis and CV model performance.
bureau_bal_status_5_count_mean,ratio_rate_numeric,ratio_rate,bureau,critical,11,keep_but_review_before_final_FE,zero_ratio_flag_review,missing=missing_flag_review; train_test_stability_review; zero=zero_flag_review; zero_ratio_flag_review; transform=log1p_review; special=bounded_0_100_ratio,Review boundedness and denominator-driven tail instability; keep bounded ratios carefully and review unbounded/signed ratios.,70.0072517731073,56.80973002684109,97.60817946243671,0.0,2.391820537563292,24.67874908447266,0.0,468,high_missing; train_test_missing_gap; unstable_sparse_feature; almost_all_zero; extreme_skew; missing_gap_gt_20; zero_heavy; missing_indicator_candidate; stability_review_candidate; rare_event_candidate; transform_review_candidate,No final drop decision from numeric EDA alone; validate with target analysis and CV model performance.
bureau_bal_status_5_ratio_max,ratio_rate_numeric,ratio_rate,bureau,critical,11,keep_but_review_before_final_FE,zero_ratio_flag_review,missing=missing_flag_review; train_test_stability_review; zero=zero_flag_review; zero_ratio_flag_review; transform=log1p_review; special=bounded_0_1_ratio,Review boundedness and denominator-driven tail instability; keep bounded ratios carefully and review unbounded/signed ratios.,70.0072517731073,56.80973002684109,97.60817946243671,0.0,2.391820537563292,11.30764007568359,0.0,864,high_missing; train_test_missing_gap; unstable_sparse_feature; almost_all_zero; extreme_skew; missing_gap_gt_20; zero_heavy; missing_indicator_candidate; stability_review_candidate; rare_event_candidate; transform_review_candidate,No final drop decision from numeric EDA alone; validate with target analysis and CV model performance.
bureau_bal_status_5_ratio_mean,ratio_rate_numeric,ratio_rate,bureau,critical,11,keep_but_review_before_final_FE,zero_ratio_flag_review,missing=missing_flag_review; train_test_stability_review; zero=zero_flag_review; zero_ratio_flag_review; transform=log1p_review; special=bounded_0_1_ratio,Review boundedness and denominator-driven tail instability; keep bounded ratios carefully and review unbounded/signed ratios.,70.0072517731073,56.80973002684109,97.60817946243671,0.0,2.391820537563292,19.03475761413574,0.0,1628,high_missing; train_test_missing_gap; unstable_sparse_feature; almost_all_zero; extreme_skew; missing_gap_gt_20; zero_heavy; missing_indicator_candidate; stability_review_candidate; rare_event_candidate; transform_review_candidate,No final drop decision from numeric EDA alone; validate with target analysis and CV model performance.
bureau_bal_status_5_ratio_min,ratio_rate_numeric,ratio_rate,bureau,critical,11,keep_but_review_before_final_FE,zero_ratio_flag_review,missing=missing_flag_review; train_test_stability_review; zero=zero_flag_review; zero_ratio_flag_review; transform=log1p_review; special=bounded_0_1_ratio,Review boundedness and denominator-driven tail instability; keep bounded ratios carefully and review unbounded/signed ratios.,70.0072517731073,56.80973002684109,99.68557209614988,0.0,0.3144279038501155,33.34293746948242,0.0,237,high_missing; train_test_missing_gap; unstable_sparse_feature; almost_all_zero; extreme_skew; missing_gap_gt_20; zero_heavy; missing_indicator_candidate; stability_review_candidate; rare_event_candidate; transform_review_candidate,No final drop decision from numeric EDA alone; validate with target analysis and CV model performance.
bureau_debt_to_limit_max,ratio_rate_numeric,ratio_rate,bureau,critical,11,keep_but_review_before_final_FE,ratio_stability_tail_review,missing=missing_flag_review; transform=yeo_johnson_review; scaling=robust_scaling_review,Review boundedness and denominator-driven tail instability; keep bounded ratios carefully and review unbounded/signed ratios.,84.13292532624848,0.1933507282402758,27.62076527370729,6.609554649232471,65.76968007706023,79.20484161376953,15.61084581804767,33139,extreme_missing; negative_ratio_value; extreme_skew; high_outlier_burden; unstable_sparse_ratio; high_missing; extreme_ratio_tail; missing_indicator_candidate; negative_ratio_review; transform_review_candidate; tail_review_candidate; unstable_ratio_candidate,No final drop decision from numeric EDA alone; validate with target analysis and CV model performance.
bureau_debt_to_limit_mean,ratio_rate_numeric,ratio_rate,bureau,critical,11,keep_but_review_before_final_FE,ratio_stability_tail_review,missing=missing_flag_review; transform=yeo_johnson_review; scaling=robust_scaling_review,Review boundedness and denominator-driven tail instability; keep bounded ratios carefully and review unbounded/signed ratios.,84.13292532624848,0.1933507282402758,25.89100895620273,9.284118623573054,64.82487242022421,95.55853271484375,15.64978582993462,33979,extreme_missing; negative_ratio_value; extreme_skew; high_outlier_burden; unstable_sparse_ratio; high_missing; extreme_ratio_tail; missing_indicator_candidate; negative_ratio_review; transform_review_candidate; tail_review_candidate; unstable_ratio_candidate,No final drop decision from numeric EDA alone; validate with target analysis and CV model performance.
bureau_latest_bal_severe_late_ratio,ratio_rate_numeric,ratio_rate,bureau,critical,11,keep_but_review_before_final_FE,zero_ratio_flag_review,missing=missing_flag_review; train_test_stability_review; zero=zero_flag_review; zero_ratio_flag_review; transform=log1p_review; special=bounded_0_1_ratio,Review boundedness and denominator-driven tail instability; keep bounded ratios carefully and review unbounded/signed ratios.,70.04497400093005,56.3981661886865,99.05444281604517,0.0,0.945557183954839,18.35150337219238,0.0,390,high_missing; train_test_missing_gap; unstable_sparse_feature; almost_all_zero; extreme_skew; missing_gap_gt_20; zero_heavy; missing_indicator_candidate; stability_review_candidate; rare_event_candidate; transform_review_candidate,No final drop decision from numeric EDA alone; validate with target analysis and CV model performance.
inst_first_delay_days_min_sum,overdue_delay_numeric,overdue_delay,other,critical,11,keep_but_review_before_final_FE,delay_severity_flag_review,zero=zero_vs_delay_split_review; transform=yeo_johnson_review; binning=delay_severity_bin_review; special=credit_risk_delay_review,Preserve credit-risk signal; review late/early/severe delay flags and delay severity bins.,5.160140612856125,3.518912974582697,0.2461914052454542,99.71609124854702,0.03771734620752084,3.009564399719238,4.682779974146474,759,meaningful_signed_value_review; high_skew; has_late_delay_signal; has_early_payment_signal; extreme_delay_signal; rare_severe_delay_signal; signed_value_review; transform_review_candidate; had_delay_flag_candidate; early_payment_flag_candidate; extreme_delay_flag_candidate,No final drop decision from numeric EDA alone; validate with target analysis and CV model performance.
pos_dpd_def_max_max,overdue_delay_numeric,overdue_delay,pos_cash,critical,11,keep_but_review_before_final_FE,delay_severity_flag_review,zero=zero_flag_review; zero_vs_delay_split_review; transform=log1p_review; binning=delay_severity_bin_review; special=credit_risk_delay_review,Preserve credit-risk signal; review late/early/severe delay flags and delay severity bins.,5.875236983392464,3.955000646612553,86.21840494188858,0.0,13.78159505811142,86.70121002197266,0.0,200,zero_heavy; extreme_skew; has_late_delay_signal; severe_delay_signal; extreme_delay_signal; zero_heavy_delay; zero_flag_candidate; transform_review_candidate; had_delay_flag_candidate; severe_delay_flag_candidate; extreme_delay_flag_candidate,No final drop decision from numeric EDA alone; validate with target analysis and CV model performance.
pos_dpd_def_max_mean,overdue_delay_numeric,overdue_delay,pos_cash,critical,11,keep_but_review_before_final_FE,delay_severity_flag_review,zero=zero_flag_review; zero_vs_delay_split_review; transform=log1p_review; binning=delay_severity_bin_review; special=credit_risk_delay_review,Preserve credit-risk signal; review late/early/severe delay flags and delay severity bins.,5.875236983392464,3.955000646612553,86.21840494188858,0.0,13.78159505811142,122.2890167236328,0.0,652,zero_heavy; extreme_skew; has_late_delay_signal; severe_delay_signal; extreme_delay_signal; zero_heavy_delay; zero_flag_candidate; transform_review_candidate; had_delay_flag_candidate; severe_delay_flag_candidate; extreme_delay_flag_candidate,No final drop decision from numeric EDA alone; validate with target analysis and CV model performance.
pos_dpd_def_max_sum,overdue_delay_numeric,overdue_delay,pos_cash,critical,11,keep_but_review_before_final_FE,delay_severity_flag_review,zero=zero_flag_review; zero_vs_delay_split_review; transform=log1p_review; binning=delay_severity_bin_review; special=credit_risk_delay_review,Preserve credit-risk signal; review late/early/severe delay flags and delay severity bins.,5.875236983392464,3.955000646612553,86.21840494188858,0.0,13.78159505811142,85.23888397216797,0.0,237,zero_heavy; extreme_skew; has_late_delay_signal; severe_delay_signal; extreme_delay_signal; zero_heavy_delay; zero_flag_candidate; transform_review_candidate; had_delay_flag_candidate; severe_delay_flag_candidate; extreme_delay_flag_candidate,No final drop decision from numeric EDA alone; validate with target analysis and CV model performance.
pos_dpd_def_mean_max,overdue_delay_numeric,overdue_delay,pos_cash,critical,11,keep_but_review_before_final_FE,delay_severity_flag_review,zero=zero_flag_review; zero_vs_delay_split_review; transform=log1p_review; binning=delay_severity_bin_review; special=credit_risk_delay_review,Preserve credit-risk signal; review late/early/severe delay flags and delay severity bins.,5.875236983392464,3.955000646612553,86.21840494188858,0.0,13.78159505811142,98.41947174072266,0.0,1911,zero_heavy; extreme_skew; has_late_delay_signal; severe_delay_signal; extreme_delay_signal; zero_heavy_delay; zero_flag_candidate; transform_review_candidate; had_delay_flag_candidate; severe_delay_flag_candidate; extreme_delay_flag_candidate,No final drop decision from numeric EDA alone; validate with target analysis and CV model performance.
pos_dpd_def_mean_mean,overdue_delay_numeric,overdue_delay,pos_cash,critical,11,keep_but_review_before_final_FE,delay_severity_flag_review,zero=zero_flag_review; zero_vs_delay_split_review; transform=log1p_review; binning=delay_severity_bin_review; special=credit_risk_delay_review,Preserve credit-risk signal; review late/early/severe delay flags and delay severity bins.,5.875236983392464,3.955000646612553,86.21840494188858,0.0,13.78159505811142,132.8443908691406,0.0,7160,zero_heavy; extreme_skew; has_late_delay_signal; severe_delay_signal; extreme_delay_signal; zero_heavy_delay; zero_flag_candidate; transform_review_candidate; had_delay_flag_candidate; severe_delay_flag_candidate; extreme_delay_flag_candidate,No final drop decision from numeric EDA alone; validate with target analysis and CV model performance.
pos_dpd_def_mean_sum,overdue_delay_numeric,overdue_delay,pos_cash,critical,11,keep_but_review_before_final_FE,delay_severity_flag_review,zero=zero_flag_review; zero_vs_delay_split_review; transform=log1p_review; binning=delay_severity_bin_review; special=credit_risk_delay_review,Preserve credit-risk signal; review late/early/severe delay flags and delay severity bins.,5.875236983392464,3.955000646612553,86.21840494188858,0.0,13.78159505811142,98.57159423828125,0.0,5696,zero_heavy; extreme_skew; has_late_delay_signal; severe_delay_signal; extreme_delay_signal; zero_heavy_delay; zero_flag_candidate; transform_review_candidate; had_delay_flag_candidate; severe_delay_flag_candidate; extreme_delay_flag_candidate,No final drop decision from numeric EDA alone; validate with target analysis and CV model performance.
pos_dpd_def_sum_max,overdue_delay_numeric,overdue_delay,pos_cash,critical,11,keep_but_review_before_final_FE,delay_severity_flag_review,zero=zero_flag_review; zero_vs_delay_split_review; transform=log1p_review; binning=delay_severity_bin_review; special=credit_risk_delay_review,Preserve credit-risk signal; review late/early/severe delay flags and delay severity bins.,5.875236983392464,3.955000646612553,86.21840494188858,0.0,13.78159505811142,104.7743682861328,0.0,335,zero_heavy; extreme_skew; has_late_delay_signal; severe_delay_signal; extreme_delay_signal; zero_heavy_delay; zero_flag_candidate; transform_review_candidate; had_delay_flag_candidate; severe_delay_flag_candidate; extreme_delay_flag_candidate,No final drop decision from numeric EDA alone; validate with target analysis and CV model performance.
pos_dpd_def_sum_mean,overdue_delay_numeric,overdue_delay,pos_cash,critical,11,keep_but_review_before_final_FE,delay_severity_flag_review,zero=zero_flag_review; zero_vs_delay_split_review; transform=log1p_review; binning=delay_severity_bin_review; special=credit_risk_delay_review,Preserve credit-risk signal; review late/early/severe delay flags and delay severity bins.,5.875236983392464,3.955000646612553,86.21840494188858,0.0,13.78159505811142,141.2779693603516,0.0,1039,zero_heavy; extreme_skew; has_late_delay_signal; severe_delay_signal; extreme_delay_signal; zero_heavy_delay; zero_flag_candidate; transform_review_candidate; had_delay_flag_candidate; severe_delay_flag_candidate; extreme_delay_flag_candidate,No final drop decision from numeric EDA alone; validate with target analysis and CV model performance.
pos_dpd_def_sum_sum,overdue_delay_numeric,overdue_delay,pos_cash,critical,11,keep_but_review_before_final_FE,delay_severity_flag_review,zero=zero_flag_review; zero_vs_delay_split_review; transform=log1p_review; binning=delay_severity_bin_review; special=credit_risk_delay_review,Preserve credit-risk signal; review late/early/severe delay flags and delay severity bins.,5.875236983392464,3.955000646612553,86.21840494188858,0.0,13.78159505811142,104.6898880004883,0.0,373,zero_heavy; extreme_skew; has_late_delay_signal; severe_delay_signal; extreme_delay_signal; zero_heavy_delay; zero_flag_candidate; transform_review_candidate; had_delay_flag_candidate; severe_delay_flag_candidate; extreme_delay_flag_candidate,No final drop decision from numeric EDA alone; validate with target analysis and CV model performance.
pos_dpd_max_max,overdue_delay_numeric,overdue_delay,pos_cash,critical,11,keep_but_review_before_final_FE,delay_severity_flag_review,zero=zero_flag_review; zero_vs_delay_split_review; transform=log1p_review; binning=delay_severity_bin_review; special=credit_risk_delay_review,Preserve credit-risk signal; review late/early/severe delay flags and delay severity bins.,5.875236983392464,3.955000646612553,81.10757175826757,0.0,18.89242824173242,14.74872779846191,0.0,1919,zero_heavy; extreme_skew; has_late_delay_signal; severe_delay_signal; extreme_delay_signal; zero_flag_candidate; transform_review_candidate; had_delay_flag_candidate; severe_delay_flag_candidate; extreme_delay_flag_candidate,No final drop decision from numeric EDA alone; validate with target analysis and CV model performance.
pos_dpd_max_mean,overdue_delay_numeric,overdue_delay,pos_cash,critical,11,keep_but_review_before_final_FE,delay_severity_flag_review,zero=zero_flag_review; zero_vs_delay_split_review; transform=log1p_review; binning=delay_severity_bin_review; special=credit_risk_delay_review,Preserve credit-risk signal; review late/early/severe delay flags and delay severity bins.,5.875236983392464,3.955000646612553,81.10757175826757,0.0,18.89242824173242,20.69296646118164,0.0,3461,zero_heavy; extreme_skew; has_late_delay_signal; severe_delay_signal; extreme_delay_signal; zero_flag_candidate; transform_review_candidate; had_delay_flag_candidate; severe_delay_flag_candidate; extreme_delay_flag_candidate,No final drop decision from numeric EDA alone; validate with target analysis and CV model performance.
pos_dpd_max_sum,overdue_delay_numeric,overdue_delay,pos_cash,critical,11,keep_but_review_before_final_FE,delay_severity_flag_review,zero=zero_flag_review; zero_vs_delay_split_review; transform=log1p_review; binning=delay_severity_bin_review; special=credit_risk_delay_review,Preserve credit-risk signal; review late/early/severe delay flags and delay severity bins.,5.875236983392464,3.955000646612553,81.10757175826757,0.0,18.89242824173242,14.66385555267334,0.0,1920,zero_heavy; extreme_skew; has_late_delay_signal; severe_delay_signal; extreme_delay_signal; zero_flag_candidate; transform_review_candidate; had_delay_flag_candidate; severe_delay_flag_candidate; extreme_delay_flag_candidate,No final drop decision from numeric EDA alone; validate with target analysis and CV model performance.
pos_dpd_mean_max,overdue_delay_numeric,overdue_delay,pos_cash,critical,11,keep_but_review_before_final_FE,delay_severity_flag_review,zero=zero_flag_review; zero_vs_delay_split_review; transform=log1p_review; binning=delay_severity_bin_review; special=credit_risk_delay_review,Preserve credit-risk signal; review late/early/severe delay flags and delay severity bins.,5.875236983392464,3.955000646612553,81.10757175826757,0.0,18.89242824173242,18.48381805419922,0.0,6529,zero_heavy; extreme_skew; has_late_delay_signal; severe_delay_signal; extreme_delay_signal; zero_flag_candidate; transform_review_candidate; had_delay_flag_candidate; severe_delay_flag_candidate; extreme_delay_flag_candidate,No final drop decision from numeric EDA alone; validate with target analysis and CV model performance.
pos_dpd_mean_mean,overdue_delay_numeric,overdue_delay,pos_cash,critical,11,keep_but_review_before_final_FE,delay_severity_flag_review,zero=zero_flag_review; zero_vs_delay_split_review; transform=log1p_review; binning=delay_severity_bin_review; special=credit_risk_delay_review,Preserve credit-risk signal; review late/early/severe delay flags and delay severity bins.,5.875236983392464,3.955000646612553,81.10757175826757,0.0,18.89242824173242,25.21521949768066,0.0,14082,zero_heavy; extreme_skew; has_late_delay_signal; severe_delay_signal; extreme_delay_signal; zero_flag_candidate; transform_review_candidate; had_delay_flag_candidate; severe_delay_flag_candidate; extreme_delay_flag_candidate,No final drop decision from numeric EDA alone; validate with target analysis and CV model performance.
pos_dpd_mean_sum,overdue_delay_numeric,overdue_delay,pos_cash,critical,11,keep_but_review_before_final_FE,delay_severity_flag_review,zero=zero_flag_review; zero_vs_delay_split_review; transform=log1p_review; binning=delay_severity_bin_review; special=credit_risk_delay_review,Preserve credit-risk signal; review late/early/severe delay flags and delay severity bins.,5.875236983392464,3.955000646612553,81.10757175826757,0.0,18.89242824173242,18.41515922546387,0.0,11897,zero_heavy; extreme_skew; has_late_delay_signal; severe_delay_signal; extreme_delay_signal; zero_flag_candidate; transform_review_candidate; had_delay_flag_candidate; severe_delay_flag_candidate; extreme_delay_flag_candidate,No final drop decision from numeric EDA alone; validate with target analysis and CV model performance.
pos_dpd_sum_max,overdue_delay_numeric,overdue_delay,pos_cash,critical,11,keep_but_review_before_final_FE,delay_severity_flag_review,zero=zero_flag_review; zero_vs_delay_split_review; transform=log1p_review; binning=delay_severity_bin_review; special=credit_risk_delay_review,Preserve credit-risk signal; review late/early/severe delay flags and delay severity bins.,5.875236983392464,3.955000646612553,81.10757175826757,0.0,18.89242824173242,23.5313549041748,0.0,3625,zero_heavy; extreme_skew; has_late_delay_signal; severe_delay_signal; extreme_delay_signal; zero_flag_candidate; transform_review_candidate; had_delay_flag_candidate; severe_delay_flag_candidate; extreme_delay_flag_candidate,No final drop decision from numeric EDA alone; validate with target analysis and CV model performance.
pos_dpd_sum_mean,overdue_delay_numeric,overdue_delay,pos_cash,critical,11,keep_but_review_before_final_FE,delay_severity_flag_review,zero=zero_flag_review; zero_vs_delay_split_review; transform=log1p_review; binning=delay_severity_bin_review; special=credit_risk_delay_review,Preserve credit-risk signal; review late/early/severe delay flags and delay severity bins.,5.875236983392464,3.955000646612553,81.10757175826757,0.0,18.89242824173242,30.13637733459473,0.0,5280,zero_heavy; extreme_skew; has_late_delay_signal; severe_delay_signal; extreme_delay_signal; zero_flag_candidate; transform_review_candidate; had_delay_flag_candidate; severe_delay_flag_candidate; extreme_delay_flag_candidate,No final drop decision from numeric EDA alone; validate with target analysis and CV model performance.
pos_dpd_sum_sum,overdue_delay_numeric,overdue_delay,pos_cash,critical,11,keep_but_review_before_final_FE,delay_severity_flag_review,zero=zero_flag_review; zero_vs_delay_split_review; transform=log1p_review; binning=delay_severity_bin_review; special=credit_risk_delay_review,Preserve credit-risk signal; review late/early/severe delay flags and delay severity bins.,5.875236983392464,3.955000646612553,81.10757175826757,0.0,18.89242824173242,23.51704406738281,0.0,3708,zero_heavy; extreme_skew; has_late_delay_signal; severe_delay_signal; extreme_delay_signal; zero_flag_candidate; transform_review_candidate; had_delay_flag_candidate; severe_delay_flag_candidate; extreme_delay_flag_candidate,No final drop decision from numeric EDA alone; validate with target analysis and CV model performance.
bureau_overdue_limit_amount_max,continuous_amount_numeric,continuous,bureau,critical,10,keep_but_review_before_final_FE,amount_value_validity_review,missing=missing_flag_review; zero=zero_flag_review; transform=yeo_johnson_review; scaling=standard_scaling_review,"Review missingness, skew/tail behavior, and scaling/transform need; keep raw until model pipeline comparison.",99.33205641424209,0.1878845015629338,94.7906523855891,0.1947419668938656,5.01460564751704,8.797694206237793,0.0,108,extreme_missing; zero_heavy; suspicious_negative_amount; extreme_skew; high_coefficient_of_variation; high_missing; negative_amount_value; missing_indicator_candidate; zero_flag_candidate; negative_value_review; transform_review_candidate; unstable_spread_review,No final drop decision from numeric EDA alone; validate with target analysis and CV model performance.
bureau_overdue_limit_amount_mean,continuous_amount_numeric,continuous,bureau,critical,10,keep_but_review_before_final_FE,amount_value_validity_review,missing=missing_flag_review; zero=zero_flag_review; transform=yeo_johnson_review; scaling=standard_scaling_review,"Review missingness, skew/tail behavior, and scaling/transform need; keep raw until model pipeline comparison.",99.33205641424209,0.1878845015629338,94.7906523855891,0.2434274586173321,4.965920155793573,8.81151008605957,0.0,108,extreme_missing; zero_heavy; suspicious_negative_amount; extreme_skew; high_coefficient_of_variation; high_missing; negative_amount_value; missing_indicator_candidate; zero_flag_candidate; negative_value_review; transform_review_candidate; unstable_spread_review,No final drop decision from numeric EDA alone; validate with target analysis and CV model performance.
cc_drawing_amount_min_max,continuous_amount_numeric,continuous,credit_card,critical,10,keep_but_review_before_final_FE,amount_value_validity_review,missing=missing_flag_review; zero=zero_flag_review; transform=yeo_johnson_review; scaling=standard_scaling_review,"Review missingness, skew/tail behavior, and scaling/transform need; keep raw until model pipeline comparison.",71.73922233676193,5.90342716197118,96.93228237730855,0.00230136355790806,3.065416259133536,45.32819747924805,0.0,2107,high_missing; almost_all_zero; suspicious_negative_amount; extreme_skew; high_coefficient_of_variation; zero_heavy; negative_amount_value; missing_indicator_candidate; rare_event_candidate; negative_value_review; transform_review_candidate; unstable_spread_review,No final drop decision from numeric EDA alone; validate with target analysis and CV model performance.
cc_drawing_amount_min_mean,continuous_amount_numeric,continuous,credit_card,critical,10,keep_but_review_before_final_FE,amount_value_validity_review,missing=missing_flag_review; zero=zero_flag_review; transform=yeo_johnson_review; scaling=standard_scaling_review,"Review missingness, skew/tail behavior, and scaling/transform need; keep raw until model pipeline comparison.",71.73922233676193,5.90342716197118,96.93228237730855,0.00230136355790806,3.065416259133536,46.70770263671875,0.0,2106,high_missing; almost_all_zero; suspicious_negative_amount; extreme_skew; high_coefficient_of_variation; zero_heavy; negative_amount_value; missing_indicator_candidate; rare_event_candidate; negative_value_review; transform_review_candidate; unstable_spread_review,No final drop decision from numeric EDA alone; validate with target analysis and CV model performance.
cc_drawing_amount_min_min,continuous_amount_numeric,continuous,credit_card,critical,10,keep_but_review_before_final_FE,amount_value_validity_review,missing=missing_flag_review; zero=zero_flag_review; transform=yeo_johnson_review; scaling=standard_scaling_review,"Review missingness, skew/tail behavior, and scaling/transform need; keep raw until model pipeline comparison.",71.73922233676193,5.90342716197118,96.9886657844773,0.00230136355790806,3.009032851964789,47.53642272949219,0.0,2066,high_missing; almost_all_zero; suspicious_negative_amount; extreme_skew; high_coefficient_of_variation; zero_heavy; negative_amount_value; missing_indicator_candidate; rare_event_candidate; negative_value_review; transform_review_candidate; unstable_spread_review,No final drop decision from numeric EDA alone; validate with target analysis and CV model performance.
cc_drawing_amount_min_sum,continuous_amount_numeric,continuous,credit_card,critical,10,keep_but_review_before_final_FE,amount_value_validity_review,missing=missing_flag_review; zero=zero_flag_review; transform=yeo_johnson_review; scaling=standard_scaling_review,"Review missingness, skew/tail behavior, and scaling/transform need; keep raw until model pipeline comparison.",71.73922233676193,5.90342716197118,96.93228237730855,0.00230136355790806,3.065416259133536,45.32819747924805,0.0,2107,high_missing; almost_all_zero; suspicious_negative_amount; extreme_skew; high_coefficient_of_variation; zero_heavy; negative_amount_value; missing_indicator_candidate; rare_event_candidate; negative_value_review; transform_review_candidate; unstable_spread_review,No final drop decision from numeric EDA alone; validate with target analysis and CV model performance.
bureau_bal_month_count_mean,discrete_count_numeric,discrete_count,bureau,critical,10,keep_but_review_before_final_FE,count_validity_review,missing=missing_flag_review; train_test_stability_review; zero=activity_flag_review; special=count_integer_validity_review,"Review zero/non-zero activity signal, count bins, and count validity; do not treat skew as continuous-only problem.",70.0072517731073,56.80973002684109,0.0,0.0,100.0,0.9973946213722229,2.309418742071538,5673,high_missing; train_test_missing_gap; unstable_sparse_feature; not_integer_like_count; missing_gap_gt_20; not_integer_like; missing_indicator_candidate; stability_review_candidate; count_validity_review,No final drop decision from numeric EDA alone; validate with target analysis and CV model performance.
bureau_bal_old_count_mean,discrete_count_numeric,discrete_count,bureau,critical,10,keep_but_review_before_final_FE,count_validity_review,missing=missing_flag_review; train_test_stability_review; zero=activity_flag_review; special=count_integer_validity_review,"Review zero/non-zero activity signal, count bins, and count validity; do not treat skew as continuous-only problem.",70.0072517731073,56.80973002684109,7.163535037026596,0.0,92.83646496297341,1.120653986930847,2.449284947577278,5143,high_missing; train_test_missing_gap; unstable_sparse_feature; not_integer_like_count; missing_gap_gt_20; not_integer_like; missing_indicator_candidate; stability_review_candidate; count_validity_review,No final drop decision from numeric EDA alone; validate with target analysis and CV model performance.
bureau_bal_recent_12m_count_mean,discrete_count_numeric,discrete_count,bureau,critical,10,keep_but_review_before_final_FE,count_validity_review,missing=missing_flag_review; train_test_stability_review; zero=activity_flag_review; special=count_integer_validity_review,"Review zero/non-zero activity signal, count bins, and count validity; do not treat skew as continuous-only problem.",70.0072517731073,56.80973002684109,2.359293513027073,0.0,97.64070648697293,0.4509527087211609,0.0,1860,high_missing; train_test_missing_gap; unstable_sparse_feature; not_integer_like_count; missing_gap_gt_20; not_integer_like; missing_indicator_candidate; stability_review_candidate; count_validity_review,No final drop decision from numeric EDA alone; validate with target analysis and CV model performance.
bureau_bal_recent_12m_late_count_max,discrete_count_numeric,discrete_count,bureau,critical,10,keep_but_review_before_final_FE,count_activity_flag_or_binning_review,missing=missing_flag_review; train_test_stability_review; zero=zero_flag_review; activity_flag_review; transform=log1p_review; binning=zero_vs_activity_split_review,"Review zero/non-zero activity signal, count bins, and count validity; do not treat skew as continuous-only problem.",70.0072517731073,56.80973002684109,82.7726035714673,0.0,17.22739642853271,5.416906833648682,0.0,14,high_missing; train_test_missing_gap; unstable_sparse_feature; zero_heavy; extreme_skew; missing_gap_gt_20; missing_indicator_candidate; stability_review_candidate; zero_flag_candidate; transform_review_candidate,No final drop decision from numeric EDA alone; validate with target analysis and CV model performance.
bureau_bal_recent_6m_count_mean,discrete_count_numeric,discrete_count,bureau,critical,10,keep_but_review_before_final_FE,count_validity_review,missing=missing_flag_review; train_test_stability_review; zero=activity_flag_review; special=count_integer_validity_review,"Review zero/non-zero activity signal, count bins, and count validity; do not treat skew as continuous-only problem.",70.0072517731073,56.80973002684109,3.236438941353775,0.0,96.76356105864623,0.6011607050895691,0.0,1173,high_missing; train_test_missing_gap; unstable_sparse_feature; not_integer_like_count; missing_gap_gt_20; not_integer_like; missing_indicator_candidate; stability_review_candidate; count_validity_review,No final drop decision from numeric EDA alone; validate with target analysis and CV model performance.
bureau_bal_status_2_count_max,discrete_count_numeric,discrete_count,bureau,critical,10,keep_but_review_before_final_FE,count_activity_flag_or_binning_review,missing=missing_flag_review; train_test_stability_review; zero=zero_flag_review; activity_flag_review; transform=log1p_review; binning=zero_vs_activity_split_review,"Review zero/non-zero activity signal, count bins, and count validity; do not treat skew as continuous-only problem.",70.0072517731073,56.80973002684109,93.79167525018704,0.0,6.20832474981297,9.401515007019043,0.0,17,high_missing; train_test_missing_gap; unstable_sparse_feature; zero_heavy; extreme_skew; missing_gap_gt_20; missing_indicator_candidate; stability_review_candidate; zero_flag_candidate; transform_review_candidate,No final drop decision from numeric EDA alone; validate with target analysis and CV model performance.
bureau_bal_late_ratio_mean,ratio_rate_numeric,ratio_rate,bureau,critical,10,keep_but_review_before_final_FE,bounded_ratio_keep_review,missing=missing_flag_review; train_test_stability_review; transform=log1p_review; scaling=robust_scaling_review; special=bounded_0_1_ratio,Review boundedness and denominator-driven tail instability; keep bounded ratios carefully and review unbounded/signed ratios.,70.0072517731073,56.80973002684109,66.33236113671109,0.0,33.66763886328891,6.599554538726807,16.50421224967744,14068,high_missing; train_test_missing_gap; unstable_sparse_feature; high_zero; extreme_skew; high_outlier_burden; missing_gap_gt_20; missing_indicator_candidate; stability_review_candidate; zero_pattern_review; transform_review_candidate; tail_review_candidate,No final drop decision from numeric EDA alone; validate with target analysis and CV model performance.
bureau_bal_old_late_ratio_mean,ratio_rate_numeric,ratio_rate,bureau,critical,10,keep_but_review_before_final_FE,bounded_ratio_keep_review,missing=missing_flag_review; train_test_stability_review; transform=log1p_review; scaling=robust_scaling_review; special=bounded_0_1_ratio,Review boundedness and denominator-driven tail instability; keep bounded ratios carefully and review unbounded/signed ratios.,70.0072517731073,56.80973002684109,72.38021923214536,0.0,27.61978076785462,7.929192066192627,19.81654758161573,11113,high_missing; train_test_missing_gap; unstable_sparse_feature; high_zero; extreme_skew; high_outlier_burden; missing_gap_gt_20; missing_indicator_candidate; stability_review_candidate; zero_pattern_review; transform_review_candidate; tail_review_candidate,No final drop decision from numeric EDA alone; validate with target analysis and CV model performance.
bureau_bal_recent_12m_late_ratio_mean,ratio_rate_numeric,ratio_rate,bureau,critical,10,keep_but_review_before_final_FE,zero_ratio_flag_review,missing=missing_flag_review; train_test_stability_review; zero=zero_flag_review; zero_ratio_flag_review; transform=log1p_review; special=bounded_0_1_ratio,Review boundedness and denominator-driven tail instability; keep bounded ratios carefully and review unbounded/signed ratios.,70.0072517731073,56.80973002684109,82.7726035714673,0.0,17.22739642853271,8.938390731811523,0.0,2091,high_missing; train_test_missing_gap; unstable_sparse_feature; zero_heavy; extreme_skew; missing_gap_gt_20; missing_indicator_candidate; stability_review_candidate; zero_flag_candidate; transform_review_candidate,No final drop decision from numeric EDA alone; validate with target analysis and CV model performance.
bureau_bal_recent_6m_late_ratio_mean,ratio_rate_numeric,ratio_rate,bureau,critical,10,keep_but_review_before_final_FE,zero_ratio_flag_review,missing=missing_flag_review; train_test_stability_review; zero=zero_flag_review; zero_ratio_flag_review; transform=log1p_review; special=bounded_0_1_ratio,Review boundedness and denominator-driven tail instability; keep bounded ratios carefully and review unbounded/signed ratios.,70.0072517731073,56.80973002684109,87.42071537769297,0.0,12.57928462230703,9.204297065734863,0.0,659,high_missing; train_test_missing_gap; unstable_sparse_feature; zero_heavy; extreme_skew; missing_gap_gt_20; missing_indicator_candidate; stability_review_candidate; zero_flag_candidate; transform_review_candidate,No final drop decision from numeric EDA alone; validate with target analysis and CV model performance.
bureau_bal_status_1_ratio_mean,ratio_rate_numeric,ratio_rate,bureau,critical,10,keep_but_review_before_final_FE,bounded_ratio_keep_review,missing=missing_flag_review; train_test_stability_review; transform=log1p_review; scaling=robust_scaling_review; special=bounded_0_1_ratio,Review boundedness and denominator-driven tail instability; keep bounded ratios carefully and review unbounded/signed ratios.,70.0072517731073,56.80973002684109,67.37973132677733,0.0,32.62026867322267,6.233074188232422,16.57577170365712,13113,high_missing; train_test_missing_gap; unstable_sparse_feature; high_zero; extreme_skew; high_outlier_burden; missing_gap_gt_20; missing_indicator_candidate; stability_review_candidate; zero_pattern_review; transform_review_candidate; tail_review_candidate,No final drop decision from numeric EDA alone; validate with target analysis and CV model performance.
bureau_bal_status_2_count_mean,ratio_rate_numeric,ratio_rate,bureau,critical,10,keep_but_review_before_final_FE,zero_ratio_flag_review,missing=missing_flag_review; train_test_stability_review; zero=zero_flag_review; zero_ratio_flag_review; transform=log1p_review; special=bounded_0_100_ratio,Review boundedness and denominator-driven tail instability; keep bounded ratios carefully and review unbounded/signed ratios.,70.0072517731073,56.80973002684109,93.79167525018704,0.0,6.20832474981297,14.75358772277832,0.0,208,high_missing; train_test_missing_gap; unstable_sparse_feature; zero_heavy; extreme_skew; missing_gap_gt_20; missing_indicator_candidate; stability_review_candidate; zero_flag_candidate; transform_review_candidate,No final drop decision from numeric EDA alone; validate with target analysis and CV model performance.
bureau_bal_status_2_ratio_max,ratio_rate_numeric,ratio_rate,bureau,critical,10,keep_but_review_before_final_FE,zero_ratio_flag_review,missing=missing_flag_review; train_test_stability_review; zero=zero_flag_review; zero_ratio_flag_review; transform=log1p_review; special=bounded_0_1_ratio,Review boundedness and denominator-driven tail instability; keep bounded ratios carefully and review unbounded/signed ratios.,70.0072517731073,56.80973002684109,93.79167525018704,0.0,6.20832474981297,10.88666439056396,0.0,337,high_missing; train_test_missing_gap; unstable_sparse_feature; zero_heavy; extreme_skew; missing_gap_gt_20; missing_indicator_candidate; stability_review_candidate; zero_flag_candidate; transform_review_candidate,No final drop decision from numeric EDA alone; validate with target analysis and CV model performance.
bureau_bal_status_2_ratio_mean,ratio_rate_numeric,ratio_rate,bureau,critical,10,keep_but_review_before_final_FE,zero_ratio_flag_review,missing=missing_flag_review; train_test_stability_review; zero=zero_flag_review; zero_ratio_flag_review; transform=log1p_review; special=bounded_0_1_ratio,Review boundedness and denominator-driven tail instability; keep bounded ratios carefully and review unbounded/signed ratios.,70.0072517731073,56.80973002684109,93.79167525018704,0.0,6.20832474981297,13.24606418609619,0.0,2755,high_missing; train_test_missing_gap; unstable_sparse_feature; zero_heavy; extreme_skew; missing_gap_gt_20; missing_indicator_candidate; stability_review_candidate; zero_flag_candidate; transform_review_candidate,No final drop decision from numeric EDA alone; validate with target analysis and CV model performance.
bureau_latest_bal_late_ratio,ratio_rate_numeric,ratio_rate,bureau,critical,10,keep_but_review_before_final_FE,zero_ratio_flag_review,missing=missing_flag_review; train_test_stability_review; zero=zero_flag_review; zero_ratio_flag_review; transform=log1p_review; special=bounded_0_1_ratio,Review boundedness and denominator-driven tail instability; keep bounded ratios carefully and review unbounded/signed ratios.,70.04497400093005,56.3981661886865,89.02350322965857,0.0,10.97649677034142,5.981372356414795,0.0,693,high_missing; train_test_missing_gap; unstable_sparse_feature; zero_heavy; extreme_skew; missing_gap_gt_20; missing_indicator_candidate; stability_review_candidate; zero_flag_candidate; transform_review_candidate,No final drop decision from numeric EDA alone; validate with target analysis and CV model performance.
cc_payment_to_balance_ratio_mean_max,ratio_rate_numeric,ratio_rate,credit_card,critical,10,keep_but_review_before_final_FE,ratio_stability_tail_review,missing=missing_flag_review; transform=yeo_johnson_review,Review boundedness and denominator-driven tail instability; keep bounded ratios carefully and review unbounded/signed ratios.,80.83710826604576,2.363860276549616,0.4904289980993755,0.4819440673364105,99.02762693456421,60.50440216064453,13.2500678794461,58070,extreme_missing; negative_ratio_value; extreme_skew; high_unique_numeric; unstable_sparse_ratio; high_missing; extreme_ratio_tail; missing_indicator_candidate; negative_ratio_review; transform_review_candidate; unstable_ratio_candidate,No final drop decision from numeric EDA alone; validate with target analysis and CV model performance.
cc_payment_to_balance_ratio_mean_mean,ratio_rate_numeric,ratio_rate,credit_card,critical,10,keep_but_review_before_final_FE,ratio_stability_tail_review,missing=missing_flag_review; transform=yeo_johnson_review,Review boundedness and denominator-driven tail instability; keep bounded ratios carefully and review unbounded/signed ratios.,80.83710826604576,2.363860276549616,0.4904289980993755,0.4853380396415965,99.02423296225903,60.50559234619141,13.2263100733098,58076,extreme_missing; negative_ratio_value; extreme_skew; high_unique_numeric; unstable_sparse_ratio; high_missing; extreme_ratio_tail; missing_indicator_candidate; negative_ratio_review; transform_review_candidate; unstable_ratio_candidate,No final drop decision from numeric EDA alone; validate with target analysis and CV model performance.
cc_payment_to_balance_ratio_mean_min,ratio_rate_numeric,ratio_rate,credit_card,critical,10,keep_but_review_before_final_FE,ratio_stability_tail_review,missing=missing_flag_review; transform=yeo_johnson_review,Review boundedness and denominator-driven tail instability; keep bounded ratios carefully and review unbounded/signed ratios.,80.83710826604576,2.363860276549616,0.4955199565571545,0.4853380396415965,99.01914200380125,60.50596618652344,13.24667390714092,58071,extreme_missing; negative_ratio_value; extreme_skew; high_unique_numeric; unstable_sparse_ratio; high_missing; extreme_ratio_tail; missing_indicator_candidate; negative_ratio_review; transform_review_candidate; unstable_ratio_candidate,No final drop decision from numeric EDA alone; validate with target analysis and CV model performance.
cc_payment_to_balance_ratio_mean_sum,ratio_rate_numeric,ratio_rate,credit_card,critical,10,keep_but_review_before_final_FE,ratio_stability_tail_review,missing=missing_flag_review; transform=yeo_johnson_review; scaling=robust_scaling_review,Review boundedness and denominator-driven tail instability; keep bounded ratios carefully and review unbounded/signed ratios.,71.73922233676193,5.90342716197118,32.52517116391462,0.3290949887808526,67.14573384730453,73.48124694824219,15.1740406190668,58076,high_missing; negative_ratio_value; extreme_skew; high_outlier_burden; unstable_sparse_ratio; extreme_ratio_tail; missing_indicator_candidate; negative_ratio_review; transform_review_candidate; tail_review_candidate; unstable_ratio_candidate,No final drop decision from numeric EDA alone; validate with target analysis and CV model performance.
cc_total_payment_to_balance_ratio_mean_max,ratio_rate_numeric,ratio_rate,credit_card,critical,10,keep_but_review_before_final_FE,ratio_stability_tail_review,missing=missing_flag_review; transform=yeo_johnson_review,Review boundedness and denominator-driven tail instability; keep bounded ratios carefully and review unbounded/signed ratios.,80.61825430635001,2.432221153551708,1.728158923507995,0.4798577205080452,97.79198335598396,43.4923095703125,13.30850153520914,58012,extreme_missing; negative_ratio_value; extreme_skew; high_unique_numeric; unstable_sparse_ratio; high_missing; missing_indicator_candidate; negative_ratio_review; transform_review_candidate; unstable_ratio_candidate,No final drop decision from numeric EDA alone; validate with target analysis and CV model performance.
cc_total_payment_to_balance_ratio_mean_mean,ratio_rate_numeric,ratio_rate,credit_card,critical,10,keep_but_review_before_final_FE,ratio_stability_tail_review,missing=missing_flag_review; transform=yeo_johnson_review,Review boundedness and denominator-driven tail instability; keep bounded ratios carefully and review unbounded/signed ratios.,80.61825430635001,2.432221153551708,1.728158923507995,0.4832133689032063,97.78862770758879,43.49346160888672,13.28836764483817,58019,extreme_missing; negative_ratio_value; extreme_skew; high_unique_numeric; unstable_sparse_ratio; high_missing; missing_indicator_candidate; negative_ratio_review; transform_review_candidate; unstable_ratio_candidate,No final drop decision from numeric EDA alone; validate with target analysis and CV model performance.
cc_total_payment_to_balance_ratio_mean_min,ratio_rate_numeric,ratio_rate,credit_card,critical,10,keep_but_review_before_final_FE,ratio_stability_tail_review,missing=missing_flag_review; transform=yeo_johnson_review,Review boundedness and denominator-driven tail instability; keep bounded ratios carefully and review unbounded/signed ratios.,80.61825430635001,2.432221153551708,1.753326286471703,0.4832133689032063,97.76346034462509,43.49384689331055,13.28668982064059,58002,extreme_missing; negative_ratio_value; extreme_skew; high_unique_numeric; unstable_sparse_ratio; high_missing; missing_indicator_candidate; negative_ratio_review; transform_review_candidate; unstable_ratio_candidate,No final drop decision from numeric EDA alone; validate with target analysis and CV model performance.
cc_total_payment_to_balance_ratio_mean_sum,ratio_rate_numeric,ratio_rate,credit_card,critical,10,keep_but_review_before_final_FE,ratio_stability_tail_review,missing=missing_flag_review; transform=yeo_johnson_review; scaling=robust_scaling_review,Review boundedness and denominator-driven tail instability; keep bounded ratios carefully and review unbounded/signed ratios.,71.73922233676193,5.90342716197118,32.6034175248835,0.3313963523387607,67.06518612277775,52.53004837036133,15.2741499338358,58019,high_missing; negative_ratio_value; extreme_skew; high_outlier_burden; unstable_sparse_ratio; extreme_ratio_tail; missing_indicator_candidate; negative_ratio_review; transform_review_candidate; tail_review_candidate; unstable_ratio_candidate,No final drop decision from numeric EDA alone; validate with target analysis and CV model performance.
bureau_bal_max_late_status_max,overdue_delay_numeric,overdue_delay,bureau,critical,10,keep_but_review_before_final_FE,delay_sign_behavior_flag_review,missing=missing_flag_review; train_test_stability_review; zero=zero_vs_delay_split_review; transform=log1p_review; binning=delay_severity_bin_review; special=credit_risk_delay_review,Preserve credit-risk signal; review late/early/severe delay flags and delay severity bins.,70.0072517731073,56.80973002684109,66.33236113671109,0.0,33.66763886328891,3.031723976135254,3.691817284860838,6,high_missing; train_test_missing_gap; unstable_sparse_feature; high_zero; high_skew; has_late_delay_signal; missing_gap_gt_20; missing_indicator_candidate; stability_review_candidate; zero_pattern_review; transform_review_candidate; had_delay_flag_candidate,No final drop decision from numeric EDA alone; validate with target analysis and CV model performance.
inst_delay_days_min_min,overdue_delay_numeric,overdue_delay,other,critical,10,keep_but_review_before_final_FE,delay_severity_flag_review,zero=zero_vs_delay_split_review; binning=delay_severity_bin_review; special=credit_risk_delay_review,Preserve credit-risk signal; review late/early/severe delay flags and delay severity bins.,5.162742145809418,3.519462972988147,0.3271212303050046,99.58441202187666,0.08846674781833455,1.92895519733429,7.761071202016219,446,meaningful_signed_value_review; has_late_delay_signal; has_early_payment_signal; extreme_delay_signal; rare_severe_delay_signal; signed_value_review; had_delay_flag_candidate; early_payment_flag_candidate; extreme_delay_flag_candidate,No final drop decision from numeric EDA alone; validate with target analysis and CV model performance.
inst_delay_days_std_max,overdue_delay_numeric,overdue_delay,other,critical,10,keep_but_review_before_final_FE,delay_severity_flag_review,zero=zero_vs_delay_split_review; transform=log1p_review; binning=delay_severity_bin_review; special=credit_risk_delay_review,Preserve credit-risk signal; review late/early/severe delay flags and delay severity bins.,5.405335093703965,3.160956298365051,0.1863253680957341,0.0,99.81367463190426,17.72358131408691,6.303779104744421,109978,extreme_skew; has_late_delay_signal; severe_delay_signal; extreme_delay_signal; transform_review_candidate; had_delay_flag_candidate; severe_delay_flag_candidate; extreme_delay_flag_candidate,No final drop decision from numeric EDA alone; validate with target analysis and CV model performance.
inst_delay_days_std_mean,overdue_delay_numeric,overdue_delay,other,critical,10,keep_but_review_before_final_FE,delay_severity_flag_review,zero=zero_vs_delay_split_review; transform=log1p_review; binning=delay_severity_bin_review; special=credit_risk_delay_review,Preserve credit-risk signal; review late/early/severe delay flags and delay severity bins.,5.405335093703965,3.160956298365051,0.1863253680957341,0.0,99.81367463190426,27.66802787780762,6.46500898968335,237641,extreme_skew; has_late_delay_signal; severe_delay_signal; extreme_delay_signal; transform_review_candidate; had_delay_flag_candidate; severe_delay_flag_candidate; extreme_delay_flag_candidate,No final drop decision from numeric EDA alone; validate with target analysis and CV model performance.
inst_delay_days_std_min,overdue_delay_numeric,overdue_delay,other,critical,10,keep_but_review_before_final_FE,delay_severity_flag_review,zero=zero_vs_delay_split_review; transform=log1p_review; binning=delay_severity_bin_review; special=credit_risk_delay_review,Preserve credit-risk signal; review late/early/severe delay flags and delay severity bins.,5.405335093703965,3.160956298365051,3.783573803065774,0.0,96.21642619693422,50.56268692016602,9.100722268631678,62537,extreme_skew; has_late_delay_signal; severe_delay_signal; extreme_delay_signal; transform_review_candidate; had_delay_flag_candidate; severe_delay_flag_candidate; extreme_delay_flag_candidate,No final drop decision from numeric EDA alone; validate with target analysis and CV model performance.
inst_delay_days_std_sum,overdue_delay_numeric,overdue_delay,other,critical,10,keep_but_review_before_final_FE,delay_severity_flag_review,zero=zero_vs_delay_split_review; transform=log1p_review; binning=delay_severity_bin_review; special=credit_risk_delay_review,Preserve credit-risk signal; review late/early/severe delay flags and delay severity bins.,5.160140612856125,3.518912974582697,0.4443789153177001,0.0,99.5556210846823,13.33921432495117,6.108152775825238,237320,extreme_skew; has_late_delay_signal; severe_delay_signal; extreme_delay_signal; transform_review_candidate; had_delay_flag_candidate; severe_delay_flag_candidate; extreme_delay_flag_candidate,No final drop decision from numeric EDA alone; validate with target analysis and CV model performance.
inst_first_delay_days_std_max,overdue_delay_numeric,overdue_delay,other,critical,10,keep_but_review_before_final_FE,delay_severity_flag_review,zero=zero_vs_delay_split_review; transform=log1p_review; binning=delay_severity_bin_review; special=credit_risk_delay_review,Preserve credit-risk signal; review late/early/severe delay flags and delay severity bins.,5.405335093703965,3.160956298365051,0.1880442368051043,0.0,99.81195576319489,18.92671012878418,5.429906252900591,108999,extreme_skew; has_late_delay_signal; severe_delay_signal; extreme_delay_signal; transform_review_candidate; had_delay_flag_candidate; severe_delay_flag_candidate; extreme_delay_flag_candidate,No final drop decision from numeric EDA alone; validate with target analysis and CV model performance.
inst_first_delay_days_std_mean,overdue_delay_numeric,overdue_delay,other,critical,10,keep_but_review_before_final_FE,delay_severity_flag_review,zero=zero_vs_delay_split_review; transform=log1p_review; binning=delay_severity_bin_review; special=credit_risk_delay_review,Preserve credit-risk signal; review late/early/severe delay flags and delay severity bins.,5.405335093703965,3.160956298365051,0.1880442368051043,0.0,99.81195576319489,16.95560646057129,4.742358769152495,238383,extreme_skew; has_late_delay_signal; severe_delay_signal; extreme_delay_signal; transform_review_candidate; had_delay_flag_candidate; severe_delay_flag_candidate; extreme_delay_flag_candidate,No final drop decision from numeric EDA alone; validate with target analysis and CV model performance.
inst_first_delay_days_std_min,overdue_delay_numeric,overdue_delay,other,critical,10,keep_but_review_before_final_FE,delay_severity_flag_review,zero=zero_vs_delay_split_review; transform=log1p_review; binning=delay_severity_bin_review; special=credit_risk_delay_review,Preserve credit-risk signal; review late/early/severe delay flags and delay severity bins.,5.405335093703965,3.160956298365051,3.802481358868847,0.0,96.19751864113115,17.16027069091797,9.16053889971776,64235,extreme_skew; has_late_delay_signal; severe_delay_signal; extreme_delay_signal; transform_review_candidate; had_delay_flag_candidate; severe_delay_flag_candidate; extreme_delay_flag_candidate,No final drop decision from numeric EDA alone; validate with target analysis and CV model performance.
inst_first_delay_days_std_sum,overdue_delay_numeric,overdue_delay,other,critical,10,keep_but_review_before_final_FE,delay_severity_flag_review,zero=zero_vs_delay_split_review; transform=log1p_review; binning=delay_severity_bin_review; special=credit_risk_delay_review,Preserve credit-risk signal; review late/early/severe delay flags and delay severity bins.,5.160140612856125,3.518912974582697,0.4460933401453146,0.0,99.55390665985469,5.785563945770264,4.968746035392586,238075,extreme_skew; has_late_delay_signal; severe_delay_signal; extreme_delay_signal; transform_review_candidate; had_delay_flag_candidate; severe_delay_flag_candidate; extreme_delay_flag_candidate,No final drop decision from numeric EDA alone; validate with target analysis and CV model performance.
bureau_closed_debt_amount_max,continuous_amount_numeric,continuous,bureau,critical,9,keep_but_review_before_final_FE,amount_value_validity_review,zero=zero_flag_review; transform=yeo_johnson_review; scaling=standard_scaling_review; tail=extreme_tail_review,"Review missingness, skew/tail behavior, and scaling/transform need; keep raw until model pipeline comparison.",28.99993821359236,2.861336539540165,97.62381316612696,0.03160310168412471,2.344583732188904,39.78404235839844,0.0,4761,almost_all_zero; suspicious_negative_amount; extreme_skew; top_5pct_tail_gap; high_coefficient_of_variation; zero_heavy; negative_amount_value; rare_event_candidate; negative_value_review; transform_review_candidate; tail_review_candidate; unstable_spread_review,No final drop decision from numeric EDA alone; validate with target analysis and CV model performance.
bureau_closed_debt_amount_mean,continuous_amount_numeric,continuous,bureau,critical,9,keep_but_review_before_final_FE,amount_value_validity_review,zero=zero_flag_review; transform=yeo_johnson_review; scaling=standard_scaling_review; tail=extreme_tail_review,"Review missingness, skew/tail behavior, and scaling/transform need; keep raw until model pipeline comparison.",28.99993821359236,2.861336539540165,96.96610223832403,0.6925201412521241,2.341377620423848,72.4393310546875,0.0,6338,almost_all_zero; suspicious_negative_amount; extreme_skew; top_5pct_tail_gap; high_coefficient_of_variation; zero_heavy; negative_amount_value; rare_event_candidate; negative_value_review; transform_review_candidate; tail_review_candidate; unstable_spread_review,No final drop decision from numeric EDA alone; validate with target analysis and CV model performance.
bureau_closed_debt_amount_sum,continuous_amount_numeric,continuous,bureau,critical,9,keep_but_review_before_final_FE,amount_value_validity_review,zero=zero_flag_review; transform=yeo_johnson_review; scaling=standard_scaling_review; tail=extreme_tail_review,"Review missingness, skew/tail behavior, and scaling/transform need; keep raw until model pipeline comparison.",25.15227097567242,2.618215502178241,97.12206460582625,0.6569200356266157,2.221015358547129,48.3423957824707,0.0,6086,almost_all_zero; suspicious_negative_amount; extreme_skew; top_5pct_tail_gap; high_coefficient_of_variation; zero_heavy; negative_amount_value; rare_event_candidate; negative_value_review; transform_review_candidate; tail_review_candidate; unstable_spread_review,No final drop decision from numeric EDA alone; validate with target analysis and CV model performance.
bureau_recent_12m_limit_amount_max,continuous_amount_numeric,continuous,bureau,critical,9,keep_but_review_before_final_FE,amount_value_validity_review,missing=missing_flag_review; zero=zero_flag_review; transform=yeo_johnson_review; scaling=standard_scaling_review,"Review missingness, skew/tail behavior, and scaling/transform need; keep raw until model pipeline comparison.",59.64729716985734,2.374695280495523,85.98344736439168,0.01047635165083126,14.00607628395748,14.11758518218994,0.0,13626,high_missing; zero_heavy; suspicious_negative_amount; extreme_skew; high_coefficient_of_variation; negative_amount_value; missing_indicator_candidate; zero_flag_candidate; negative_value_review; transform_review_candidate; unstable_spread_review,No final drop decision from numeric EDA alone; validate with target analysis and CV model performance.
bureau_recent_12m_limit_amount_mean,continuous_amount_numeric,continuous,bureau,critical,9,keep_but_review_before_final_FE,amount_value_validity_review,missing=missing_flag_review; zero=zero_flag_review; transform=yeo_johnson_review; scaling=standard_scaling_review,"Review missingness, skew/tail behavior, and scaling/transform need; keep raw until model pipeline comparison.",59.64729716985734,2.374695280495523,85.97297101274086,0.0241761961173029,14.00285279114184,23.96097373962402,0.0,14127,high_missing; zero_heavy; suspicious_negative_amount; extreme_skew; high_coefficient_of_variation; negative_amount_value; missing_indicator_candidate; zero_flag_candidate; negative_value_review; transform_review_candidate; unstable_spread_review,No final drop decision from numeric EDA alone; validate with target analysis and CV model performance.
bureau_recent_12m_limit_amount_sum,continuous_amount_numeric,continuous,bureau,critical,9,keep_but_review_before_final_FE,amount_value_validity_review,missing=missing_flag_review; zero=zero_flag_review; transform=yeo_johnson_review; scaling=standard_scaling_review,"Review missingness, skew/tail behavior, and scaling/transform need; keep raw until model pipeline comparison.",50.64826949279863,1.520202524270132,88.53072574162175,0.01976779430951094,11.44950646406874,15.57345390319824,0.0,13903,high_missing; zero_heavy; suspicious_negative_amount; extreme_skew; high_coefficient_of_variation; negative_amount_value; missing_indicator_candidate; zero_flag_candidate; negative_value_review; transform_review_candidate; unstable_spread_review,No final drop decision from numeric EDA alone; validate with target analysis and CV model performance.
bureau_bal_late_trend_12m_vs_old_mean,continuous_stat_numeric,continuous,bureau,critical,9,keep_but_review_before_final_FE,continuous_missing_signal_review,missing=missing_flag_review; train_test_stability_review; scaling=standard_scaling_review,"Review missingness, skew/tail behavior, and scaling/transform need; keep raw until model pipeline comparison.",70.0072517731073,56.80973002684109,73.45903221259663,18.35283147748588,8.18813630991749,0.9190930724143982,0.0,11055,high_missing; train_test_missing_gap; unstable_sparse_feature; high_zero; has_negative_values; high_coefficient_of_variation; missing_gap_gt_20; missing_indicator_candidate; stability_review_candidate; zero_pattern_review; negative_value_review; unstable_spread_review,No final drop decision from numeric EDA alone; validate with target analysis and CV model performance.
bureau_bal_late_trend_12m_vs_old_min,continuous_stat_numeric,continuous,bureau,critical,9,keep_but_review_before_final_FE,signed_continuous_transform_review,missing=missing_flag_review; train_test_stability_review; transform=yeo_johnson_review; scaling=standard_scaling_review,"Review missingness, skew/tail behavior, and scaling/transform need; keep raw until model pipeline comparison.",70.0072517731073,56.80973002684109,78.55493272327092,20.91812947924234,0.5269377974867452,4.08676290512085,0.0,1472,high_missing; train_test_missing_gap; unstable_sparse_feature; high_zero; has_negative_values; high_skew; missing_gap_gt_20; missing_indicator_candidate; stability_review_candidate; zero_pattern_review; negative_value_review; transform_review_candidate,No final drop decision from numeric EDA alone; validate with target analysis and CV model performance.
prev_unused_offer_application_credit_diff_max,continuous_stat_numeric,continuous,previous_application,critical,9,keep_but_review_before_final_FE,signed_continuous_transform_review,missing=missing_flag_review; zero=zero_flag_review; transform=yeo_johnson_review; scaling=standard_scaling_review,"Review missingness, skew/tail behavior, and scaling/transform need; keep raw until model pipeline comparison.",93.81062791249744,0.05960214522352203,99.95796774024063,0.03677822728944465,0.005254032469920664,119.4203872680664,0.0,9,extreme_missing; almost_all_zero; has_negative_values; extreme_skew; high_coefficient_of_variation; high_missing; zero_heavy; missing_indicator_candidate; rare_event_candidate; negative_value_review; transform_review_candidate; unstable_spread_review,No final drop decision from numeric EDA alone; validate with target analysis and CV model performance.
prev_unused_offer_application_credit_diff_mean,continuous_stat_numeric,continuous,previous_application,critical,9,keep_but_review_before_final_FE,signed_continuous_transform_review,missing=missing_flag_review; zero=zero_flag_review; transform=yeo_johnson_review; scaling=standard_scaling_review,"Review missingness, skew/tail behavior, and scaling/transform need; keep raw until model pipeline comparison.",93.81062791249744,0.05960214522352203,99.94745967530079,0.04728629222928597,0.005254032469920664,117.9564971923828,0.0,10,extreme_missing; almost_all_zero; has_negative_values; extreme_skew; high_coefficient_of_variation; high_missing; zero_heavy; missing_indicator_candidate; rare_event_candidate; negative_value_review; transform_review_candidate; unstable_spread_review,No final drop decision from numeric EDA alone; validate with target analysis and CV model performance.
prev_unused_offer_application_credit_diff_sum,continuous_stat_numeric,continuous,previous_application,critical,9,keep_but_review_before_final_FE,signed_continuous_transform_review,missing=missing_flag_review; zero=zero_flag_review; transform=yeo_johnson_review; scaling=standard_scaling_review,"Review missingness, skew/tail behavior, and scaling/transform need; keep raw until model pipeline comparison.",93.81062791249744,0.05960214522352203,99.94745967530079,0.04728629222928597,0.005254032469920664,114.0458450317383,0.0,10,extreme_missing; almost_all_zero; has_negative_values; extreme_skew; high_coefficient_of_variation; high_missing; zero_heavy; missing_indicator_candidate; rare_event_candidate; negative_value_review; transform_review_candidate; unstable_spread_review,No final drop decision from numeric EDA alone; validate with target analysis and CV model performance.
bureau_bal_late_count_max,discrete_count_numeric,discrete_count,bureau,critical,9,keep_but_review_before_final_FE,count_activity_flag_or_binning_review,missing=missing_flag_review; train_test_stability_review; zero=activity_flag_review; transform=log1p_review,"Review zero/non-zero activity signal, count bins, and count validity; do not treat skew as continuous-only problem.",70.0072517731073,56.80973002684109,66.33236113671109,0.0,33.66763886328891,8.23349666595459,12.91756567748371,85,high_missing; train_test_missing_gap; unstable_sparse_feature; high_zero; extreme_skew; missing_gap_gt_20; missing_indicator_candidate; stability_review_candidate; zero_pattern_review; transform_review_candidate,No final drop decision from numeric EDA alone; validate with target analysis and CV model performance.
bureau_bal_old_late_count_max,discrete_count_numeric,discrete_count,bureau,critical,9,keep_but_review_before_final_FE,count_activity_flag_or_binning_review,missing=missing_flag_review; train_test_stability_review; zero=activity_flag_review; transform=log1p_review,"Review zero/non-zero activity signal, count bins, and count validity; do not treat skew as continuous-only problem.",70.0072517731073,56.80973002684109,72.38021923214536,0.0,27.61978076785462,8.183349609375,10.58429378408561,76,high_missing; train_test_missing_gap; unstable_sparse_feature; high_zero; extreme_skew; missing_gap_gt_20; missing_indicator_candidate; stability_review_candidate; zero_pattern_review; transform_review_candidate,No final drop decision from numeric EDA alone; validate with target analysis and CV model performance.
bureau_bal_recent_6m_late_count_max,discrete_count_numeric,discrete_count,bureau,critical,9,keep_but_review_before_final_FE,count_activity_flag_or_binning_review,missing=missing_flag_review; train_test_stability_review; zero=zero_flag_review; activity_flag_review; transform=log1p_review; binning=zero_vs_activity_split_review; ordinal_count_bin_review,"Review zero/non-zero activity signal, count bins, and count validity; do not treat skew as continuous-only problem.",70.0072517731073,56.80973002684109,87.42071537769297,0.0,12.57928462230703,4.87781286239624,0.0,8,high_missing; train_test_missing_gap; unstable_sparse_feature; zero_heavy; high_skew; missing_gap_gt_20; missing_indicator_candidate; stability_review_candidate; zero_flag_candidate; transform_review_candidate,No final drop decision from numeric EDA alone; validate with target analysis and CV model performance.
bureau_bal_status_1_count_max,discrete_count_numeric,discrete_count,bureau,critical,9,keep_but_review_before_final_FE,count_activity_flag_or_binning_review,missing=missing_flag_review; train_test_stability_review; zero=activity_flag_review; transform=log1p_review,"Review zero/non-zero activity signal, count bins, and count validity; do not treat skew as continuous-only problem.",70.0072517731073,56.80973002684109,67.37973132677733,0.0,32.62026867322267,6.080832958221436,10.42816406631176,49,high_missing; train_test_missing_gap; unstable_sparse_feature; high_zero; extreme_skew; missing_gap_gt_20; missing_indicator_candidate; stability_review_candidate; zero_pattern_review; transform_review_candidate,No final drop decision from numeric EDA alone; validate with target analysis and CV model performance.
cc_dpd_30plus_count_mean,discrete_count_numeric,discrete_count,credit_card,critical,9,keep_but_review_before_final_FE,count_validity_review,missing=missing_flag_review; zero=zero_flag_review; activity_flag_review; transform=log1p_review; binning=zero_vs_activity_split_review; special=count_integer_validity_review,"Review zero/non-zero activity signal, count bins, and count validity; do not treat skew as continuous-only problem.",71.73922233676193,5.90342716197118,96.79304988205512,0.0,3.206950117944882,10.43492317199707,0.0,91,high_missing; almost_all_zero; extreme_skew; not_integer_like_count; not_integer_like; zero_heavy; missing_indicator_candidate; rare_event_candidate; transform_review_candidate; count_validity_review,No final drop decision from numeric EDA alone; validate with target analysis and CV model performance.
cc_dpd_60plus_count_mean,discrete_count_numeric,discrete_count,credit_card,critical,9,keep_but_review_before_final_FE,count_validity_review,missing=missing_flag_review; zero=zero_flag_review; activity_flag_review; transform=log1p_review; binning=zero_vs_activity_split_review; special=count_integer_validity_review,"Review zero/non-zero activity signal, count bins, and count validity; do not treat skew as continuous-only problem.",71.73922233676193,5.90342716197118,97.80795121109257,0.0,2.192048788907428,10.61026191711426,0.0,93,high_missing; almost_all_zero; extreme_skew; not_integer_like_count; not_integer_like; zero_heavy; missing_indicator_candidate; rare_event_candidate; transform_review_candidate; count_validity_review,No final drop decision from numeric EDA alone; validate with target analysis and CV model performance.
cc_dpd_90plus_count_mean,discrete_count_numeric,discrete_count,credit_card,critical,9,keep_but_review_before_final_FE,count_validity_review,missing=missing_flag_review; zero=zero_flag_review; activity_flag_review; transform=log1p_review; binning=zero_vs_activity_split_review; special=count_integer_validity_review,"Review zero/non-zero activity signal, count bins, and count validity; do not treat skew as continuous-only problem.",71.73922233676193,5.90342716197118,98.20838847016857,0.0,1.791611529831425,10.73289489746094,0.0,86,high_missing; almost_all_zero; extreme_skew; not_integer_like_count; not_integer_like; zero_heavy; missing_indicator_candidate; rare_event_candidate; transform_review_candidate; count_validity_review,No final drop decision from numeric EDA alone; validate with target analysis and CV model performance.
cc_dpd_def_30plus_count_mean,discrete_count_numeric,discrete_count,credit_card,critical,9,keep_but_review_before_final_FE,count_validity_review,missing=missing_flag_review; zero=zero_flag_review; activity_flag_review; transform=log1p_review; binning=zero_vs_activity_split_review; special=count_integer_validity_review,"Review zero/non-zero activity signal, count bins, and count validity; do not treat skew as continuous-only problem.",71.73922233676193,5.90342716197118,99.56849433289224,0.0,0.4315056671077614,90.72998809814453,0.0,29,high_missing; almost_all_zero; extreme_skew; not_integer_like_count; not_integer_like; zero_heavy; missing_indicator_candidate; rare_event_candidate; transform_review_candidate; count_validity_review,No final drop decision from numeric EDA alone; validate with target analysis and CV model performance.
cc_other_drawing_count_max_mean,discrete_count_numeric,discrete_count,credit_card,critical,9,keep_but_review_before_final_FE,count_validity_review,missing=missing_flag_review; zero=zero_flag_review; activity_flag_review; transform=log1p_review; binning=zero_vs_activity_split_review; special=count_integer_validity_review,"Review zero/non-zero activity signal, count bins, and count validity; do not treat skew as continuous-only problem.",80.11778440446032,2.795447296303422,90.67713444553483,0.0,9.322865554465162,5.921900272369385,0.0,13,extreme_missing; zero_heavy; extreme_skew; not_integer_like_count; high_missing; not_integer_like; missing_indicator_candidate; zero_flag_candidate; transform_review_candidate; count_validity_review,No final drop decision from numeric EDA alone; validate with target analysis and CV model performance.
cc_other_drawing_count_mean_max,discrete_count_numeric,discrete_count,credit_card,critical,9,keep_but_review_before_final_FE,count_validity_review,missing=missing_flag_review; zero=zero_flag_review; activity_flag_review; transform=log1p_review; binning=zero_vs_activity_split_review; special=count_integer_validity_review,"Review zero/non-zero activity signal, count bins, and count validity; do not treat skew as continuous-only problem.",80.11778440446032,2.795447296303422,90.67713444553483,0.0,9.322865554465162,15.49530220031738,0.0,433,extreme_missing; zero_heavy; extreme_skew; not_integer_like_count; high_missing; not_integer_like; missing_indicator_candidate; zero_flag_candidate; transform_review_candidate; count_validity_review,No final drop decision from numeric EDA alone; validate with target analysis and CV model performance.
cc_other_drawing_count_mean_mean,discrete_count_numeric,discrete_count,credit_card,critical,9,keep_but_review_before_final_FE,count_validity_review,missing=missing_flag_review; zero=zero_flag_review; activity_flag_review; transform=log1p_review; binning=zero_vs_activity_split_review; special=count_integer_validity_review,"Review zero/non-zero activity signal, count bins, and count validity; do not treat skew as continuous-only problem.",80.11778440446032,2.795447296303422,90.67713444553483,0.0,9.322865554465162,15.51718330383301,0.0,445,extreme_missing; zero_heavy; extreme_skew; not_integer_like_count; high_missing; not_integer_like; missing_indicator_candidate; zero_flag_candidate; transform_review_candidate; count_validity_review,No final drop decision from numeric EDA alone; validate with target analysis and CV model performance.
cc_other_drawing_count_mean_min,discrete_count_numeric,discrete_count,credit_card,critical,9,keep_but_review_before_final_FE,count_validity_review,missing=missing_flag_review; zero=zero_flag_review; activity_flag_review; transform=log1p_review; binning=zero_vs_activity_split_review; special=count_integer_validity_review,"Review zero/non-zero activity signal, count bins, and count validity; do not treat skew as continuous-only problem.",80.11778440446032,2.795447296303422,90.74746483480537,0.0,9.252535165194635,15.52519798278809,0.0,432,extreme_missing; zero_heavy; extreme_skew; not_integer_like_count; high_missing; not_integer_like; missing_indicator_candidate; zero_flag_candidate; transform_review_candidate; count_validity_review,No final drop decision from numeric EDA alone; validate with target analysis and CV model performance.
bureau_annuity_to_credit_max,ratio_rate_numeric,ratio_rate,bureau,critical,9,keep_but_review_before_final_FE,ratio_stability_tail_review,missing=missing_flag_review; train_test_stability_review; transform=log1p_review; special=ratio_stability_review,Review boundedness and denominator-driven tail instability; keep bounded ratios carefully and review unbounded/signed ratios.,74.16645258218405,52.24170286939889,24.95059226344079,0.0,75.0494077365592,110.9281921386719,11.32286854395086,50146,high_missing; train_test_missing_gap; unstable_sparse_feature; extreme_skew; missing_gap_gt_20; missing_indicator_candidate; stability_review_candidate; transform_review_candidate,No final drop decision from numeric EDA alone; validate with target analysis and CV model performance.
bureau_annuity_to_credit_mean,ratio_rate_numeric,ratio_rate,bureau,critical,9,keep_but_review_before_final_FE,ratio_stability_tail_review,missing=missing_flag_review; train_test_stability_review; transform=log1p_review; special=ratio_stability_review,Review boundedness and denominator-driven tail instability; keep bounded ratios carefully and review unbounded/signed ratios.,74.16645258218405,52.24170286939889,24.95059226344079,0.0,75.0494077365592,131.646728515625,9.369217406628819,56346,high_missing; train_test_missing_gap; unstable_sparse_feature; extreme_skew; missing_gap_gt_20; missing_indicator_candidate; stability_review_candidate; transform_review_candidate,No final drop decision from numeric EDA alone; validate with target analysis and CV model performance.
bureau_bal_max_late_status_mean,ratio_rate_numeric,ratio_rate,bureau,critical,9,keep_but_review_before_final_FE,bounded_ratio_keep_review,missing=missing_flag_review; train_test_stability_review; transform=log1p_review; special=bounded_0_100_ratio,Review boundedness and denominator-driven tail instability; keep bounded ratios carefully and review unbounded/signed ratios.,70.0072517731073,56.80973002684109,66.33236113671109,0.0,33.66763886328891,5.211686134338379,11.74117162342379,378,high_missing; train_test_missing_gap; unstable_sparse_feature; high_zero; extreme_skew; missing_gap_gt_20; missing_indicator_candidate; stability_review_candidate; zero_pattern_review; transform_review_candidate,No final drop decision from numeric EDA alone; validate with target analysis and CV model performance.
bureau_bal_old_late_ratio_max,ratio_rate_numeric,ratio_rate,bureau,critical,9,keep_but_review_before_final_FE,bounded_ratio_keep_review,missing=missing_flag_review; train_test_stability_review; transform=log1p_review; scaling=robust_scaling_review; special=bounded_0_1_ratio,Review boundedness and denominator-driven tail instability; keep bounded ratios carefully and review unbounded/signed ratios.,70.0072517731073,56.80973002684109,72.38021923214536,0.0,27.61978076785462,4.150879859924316,17.08644598887576,1144,high_missing; train_test_missing_gap; unstable_sparse_feature; high_zero; high_skew; high_outlier_burden; missing_gap_gt_20; missing_indicator_candidate; stability_review_candidate; zero_pattern_review; transform_review_candidate; tail_review_candidate,No final drop decision from numeric EDA alone; validate with target analysis and CV model performance.
bureau_bal_recent_12m_late_ratio_max,ratio_rate_numeric,ratio_rate,bureau,critical,9,keep_but_review_before_final_FE,zero_ratio_flag_review,missing=missing_flag_review; train_test_stability_review; zero=zero_flag_review; zero_ratio_flag_review; transform=log1p_review; special=bounded_0_1_ratio,Review boundedness and denominator-driven tail instability; keep bounded ratios carefully and review unbounded/signed ratios.,70.0072517731073,56.80973002684109,82.7726035714673,0.0,17.22739642853271,4.542064666748047,0.0,59,high_missing; train_test_missing_gap; unstable_sparse_feature; zero_heavy; high_skew; missing_gap_gt_20; missing_indicator_candidate; stability_review_candidate; zero_flag_candidate; transform_review_candidate,No final drop decision from numeric EDA alone; validate with target analysis and CV model performance.
bureau_bal_recent_6m_late_ratio_max,ratio_rate_numeric,ratio_rate,bureau,critical,9,keep_but_review_before_final_FE,zero_ratio_flag_review,missing=missing_flag_review; train_test_stability_review; zero=zero_flag_review; zero_ratio_flag_review; transform=log1p_review; special=bounded_0_1_ratio,Review boundedness and denominator-driven tail instability; keep bounded ratios carefully and review unbounded/signed ratios.,70.0072517731073,56.80973002684109,87.42071537769297,0.0,12.57928462230703,4.590538501739502,0.0,19,high_missing; train_test_missing_gap; unstable_sparse_feature; zero_heavy; high_skew; missing_gap_gt_20; missing_indicator_candidate; stability_review_candidate; zero_flag_candidate; transform_review_candidate,No final drop decision from numeric EDA alone; validate with target analysis and CV model performance.
bureau_bal_status_1_count_mean,ratio_rate_numeric,ratio_rate,bureau,critical,9,keep_but_review_before_final_FE,bounded_ratio_keep_review,missing=missing_flag_review; train_test_stability_review; transform=log1p_review; special=bounded_0_100_ratio,Review boundedness and denominator-driven tail instability; keep bounded ratios carefully and review unbounded/signed ratios.,70.0072517731073,56.80973002684109,67.37973132677733,0.0,32.62026867322267,8.505075454711914,14.55801194826035,661,high_missing; train_test_missing_gap; unstable_sparse_feature; high_zero; extreme_skew; missing_gap_gt_20; missing_indicator_candidate; stability_review_candidate; zero_pattern_review; transform_review_candidate,No final drop decision from numeric EDA alone; validate with target analysis and CV model performance.
cc_payment_to_balance_ratio_max_sum,ratio_rate_numeric,ratio_rate,credit_card,critical,9,keep_but_review_before_final_FE,ratio_stability_tail_review,missing=missing_flag_review; transform=yeo_johnson_review,Review boundedness and denominator-driven tail instability; keep bounded ratios carefully and review unbounded/signed ratios.,71.73922233676193,5.90342716197118,32.53437661814625,0.02761636269489673,67.43800701915885,138.1833648681641,10.81180599505207,56862,high_missing; negative_ratio_value; extreme_skew; unstable_sparse_ratio; extreme_ratio_tail; missing_indicator_candidate; negative_ratio_review; transform_review_candidate; unstable_ratio_candidate,No final drop decision from numeric EDA alone; validate with target analysis and CV model performance.
cc_total_payment_to_balance_ratio_max_sum,ratio_rate_numeric,ratio_rate,credit_card,critical,9,keep_but_review_before_final_FE,ratio_stability_tail_review,missing=missing_flag_review; transform=yeo_johnson_review,Review boundedness and denominator-driven tail instability; keep bounded ratios carefully and review unbounded/signed ratios.,71.73922233676193,5.90342716197118,32.61377366089408,0.02761636269489673,67.35860997641102,140.3026733398438,10.65991600023014,56689,high_missing; negative_ratio_value; extreme_skew; unstable_sparse_ratio; extreme_ratio_tail; missing_indicator_candidate; negative_ratio_review; transform_review_candidate; unstable_ratio_candidate,No final drop decision from numeric EDA alone; validate with target analysis and CV model performance.
bureau_bal_month_max_mean,date_duration_numeric,date_duration,bureau,critical,9,keep_but_review_before_final_FE,duration_conversion_or_binning_review,missing=missing_flag_review; train_test_stability_review; transform=yeo_johnson_review; binning=duration_bin_review; special=zero_special_value_review,"Review signed duration meaning, special placeholders, and days-to-period conversion or cyclical encoding.",70.0072517731073,56.80973002684109,36.37605577300474,63.62394422699526,0.0,2.225598096847534,4.007329422862161,3958,high_missing; train_test_missing_gap; unstable_sparse_feature; meaningful_signed_value_review; high_skew; missing_gap_gt_20; zero_special_value_review; missing_indicator_candidate; stability_review_candidate; signed_value_review; transform_review_candidate,No final drop decision from numeric EDA alone; validate with target analysis and CV model performance.
bureau_bal_month_mean_max,date_duration_numeric,date_duration,bureau,critical,9,keep_but_review_before_final_FE,duration_conversion_or_binning_review,missing=missing_flag_review; train_test_stability_review; transform=yeo_johnson_review; binning=duration_bin_review; special=mostly_negative_review,"Review signed duration meaning, special placeholders, and days-to-period conversion or cyclical encoding.",70.0072517731073,56.80973002684109,3.417506044605393,96.58249395539461,0.0,2.98721170425415,8.69664212683371,184,high_missing; train_test_missing_gap; unstable_sparse_feature; meaningful_signed_value_review; high_skew; missing_gap_gt_20; missing_indicator_candidate; stability_review_candidate; signed_value_review; transform_review_candidate,No final drop decision from numeric EDA alone; validate with target analysis and CV model performance.
bureau_bal_month_min_max,date_duration_numeric,date_duration,bureau,critical,9,keep_but_review_before_final_FE,duration_conversion_or_binning_review,missing=missing_flag_review; train_test_stability_review; transform=yeo_johnson_review; binning=duration_bin_review; special=mostly_negative_review,"Review signed duration meaning, special placeholders, and days-to-period conversion or cyclical encoding.",70.0072517731073,56.80973002684109,3.417506044605393,96.58249395539461,0.0,2.202806234359741,7.616744912231245,97,high_missing; train_test_missing_gap; unstable_sparse_feature; meaningful_signed_value_review; high_skew; missing_gap_gt_20; missing_indicator_candidate; stability_review_candidate; signed_value_review; transform_review_candidate,No final drop decision from numeric EDA alone; validate with target analysis and CV model performance.
bureau_closed_limit_amount_max,continuous_amount_numeric,continuous,bureau,critical,8,keep_but_review_before_final_FE,amount_value_validity_review,zero=zero_flag_review; transform=yeo_johnson_review; scaling=standard_scaling_review,"Review missingness, skew/tail behavior, and scaling/transform need; keep raw until model pipeline comparison.",35.29597315217992,1.170053435707821,97.99971855336429,0.0005025832780491727,1.999778863357658,15.87383842468262,0.0,2321,almost_all_zero; suspicious_negative_amount; extreme_skew; high_coefficient_of_variation; zero_heavy; negative_amount_value; rare_event_candidate; negative_value_review; transform_review_candidate; unstable_spread_review,No final drop decision from numeric EDA alone; validate with target analysis and CV model performance.
bureau_closed_limit_amount_mean,continuous_amount_numeric,continuous,bureau,critical,8,keep_but_review_before_final_FE,amount_value_validity_review,zero=zero_flag_review; transform=yeo_johnson_review; scaling=standard_scaling_review,"Review missingness, skew/tail behavior, and scaling/transform need; keep raw until model pipeline comparison.",35.29597315217992,1.170053435707821,97.98665138813502,0.01608266489757353,1.997265946967413,25.3708324432373,0.0,2568,almost_all_zero; suspicious_negative_amount; extreme_skew; high_coefficient_of_variation; zero_heavy; negative_amount_value; rare_event_candidate; negative_value_review; transform_review_candidate; unstable_spread_review,No final drop decision from numeric EDA alone; validate with target analysis and CV model performance.
bureau_closed_limit_amount_sum,continuous_amount_numeric,continuous,bureau,critical,8,keep_but_review_before_final_FE,amount_value_validity_review,zero=zero_flag_review; transform=yeo_johnson_review; scaling=standard_scaling_review,"Review missingness, skew/tail behavior, and scaling/transform need; keep raw until model pipeline comparison.",25.15227097567242,2.618215502178241,98.2595094823279,0.01390306953707123,1.726587448135033,17.99013328552246,0.0,2422,almost_all_zero; suspicious_negative_amount; extreme_skew; high_coefficient_of_variation; zero_heavy; negative_amount_value; rare_event_candidate; negative_value_review; transform_review_candidate; unstable_spread_review,No final drop decision from numeric EDA alone; validate with target analysis and CV model performance.
bureau_debt_amount_min,continuous_amount_numeric,continuous,bureau,critical,8,keep_but_review_before_final_FE,amount_value_validity_review,zero=zero_flag_review; transform=yeo_johnson_review; scaling=standard_scaling_review; tail=extreme_tail_review,"Review missingness, skew/tail behavior, and scaling/transform need; keep raw until model pipeline comparison.",16.70834539252255,1.453134494771028,86.82471079252414,2.29804279841175,10.87724640906411,35.17555999755859,0.0,28602,zero_heavy; suspicious_negative_amount; extreme_skew; top_5pct_tail_gap; high_coefficient_of_variation; negative_amount_value; zero_flag_candidate; negative_value_review; transform_review_candidate; tail_review_candidate; unstable_spread_review,No final drop decision from numeric EDA alone; validate with target analysis and CV model performance.
bureau_recent_12m_debt_amount_max,continuous_amount_numeric,continuous,bureau,critical,8,keep_but_review_before_final_FE,amount_value_validity_review,missing=missing_flag_review; transform=yeo_johnson_review; scaling=standard_scaling_review; tail=extreme_tail_review,"Review missingness, skew/tail behavior, and scaling/transform need; keep raw until model pipeline comparison.",54.32391036418209,0.2653724193399825,15.30766985383635,0.04556489794174812,84.6467652482219,10.96622848510742,11.16838365644067,91124,high_missing; suspicious_negative_amount; extreme_skew; top_5pct_tail_gap; negative_amount_value; missing_indicator_candidate; negative_value_review; transform_review_candidate; tail_review_candidate,No final drop decision from numeric EDA alone; validate with target analysis and CV model performance.
bureau_recent_12m_debt_amount_mean,continuous_amount_numeric,continuous,bureau,critical,8,keep_but_review_before_final_FE,amount_value_validity_review,missing=missing_flag_review; transform=yeo_johnson_review; scaling=standard_scaling_review; tail=extreme_tail_review,"Review missingness, skew/tail behavior, and scaling/transform need; keep raw until model pipeline comparison.",54.32391036418209,0.2653724193399825,15.29485472629023,0.05838002548786479,84.6467652482219,14.86770343780518,11.33854007219189,99496,high_missing; suspicious_negative_amount; extreme_skew; top_5pct_tail_gap; negative_amount_value; missing_indicator_candidate; negative_value_review; transform_review_candidate; tail_review_candidate,No final drop decision from numeric EDA alone; validate with target analysis and CV model performance.
bureau_recent_12m_debt_amount_sum,continuous_amount_numeric,continuous,bureau,critical,8,keep_but_review_before_final_FE,amount_value_validity_review,missing=missing_flag_review; transform=yeo_johnson_review; scaling=standard_scaling_review; tail=extreme_tail_review,"Review missingness, skew/tail behavior, and scaling/transform need; keep raw until model pipeline comparison.",50.64826949279863,1.520202524270132,21.60356347438753,0.05403197111266324,78.34240455449981,10.61048412322998,10.90589212055719,96230,high_missing; suspicious_negative_amount; extreme_skew; top_5pct_tail_gap; negative_amount_value; missing_indicator_candidate; negative_value_review; transform_review_candidate; tail_review_candidate,No final drop decision from numeric EDA alone; validate with target analysis and CV model performance.
cc_balance_min_max,continuous_amount_numeric,continuous,credit_card,critical,8,keep_but_review_before_final_FE,amount_value_validity_review,missing=missing_flag_review; zero=zero_flag_review; transform=yeo_johnson_review; scaling=standard_scaling_review,"Review missingness, skew/tail behavior, and scaling/transform need; keep raw until model pipeline comparison.",71.73922233676193,5.90342716197118,85.381738680168,0.6225188424141304,13.99574247741787,6.813644886016846,0.0,11689,high_missing; zero_heavy; suspicious_negative_amount; extreme_skew; negative_amount_value; missing_indicator_candidate; zero_flag_candidate; negative_value_review; transform_review_candidate,No final drop decision from numeric EDA alone; validate with target analysis and CV model performance.
cc_balance_min_mean,continuous_amount_numeric,continuous,credit_card,critical,8,keep_but_review_before_final_FE,amount_value_validity_review,missing=missing_flag_review; zero=zero_flag_review; transform=yeo_johnson_review; scaling=standard_scaling_review,"Review missingness, skew/tail behavior, and scaling/transform need; keep raw until model pipeline comparison.",71.73922233676193,5.90342716197118,85.37598527127322,0.6282722513089005,13.99574247741787,6.836990833282471,0.0,11702,high_missing; zero_heavy; suspicious_negative_amount; extreme_skew; negative_amount_value; missing_indicator_candidate; zero_flag_candidate; negative_value_review; transform_review_candidate,No final drop decision from numeric EDA alone; validate with target analysis and CV model performance.
cc_balance_min_min,continuous_amount_numeric,continuous,credit_card,critical,8,keep_but_review_before_final_FE,amount_value_validity_review,missing=missing_flag_review; zero=zero_flag_review; transform=yeo_johnson_review; scaling=standard_scaling_review,"Review missingness, skew/tail behavior, and scaling/transform need; keep raw until model pipeline comparison.",71.73922233676193,5.90342716197118,85.48645072205282,0.6294229330878545,13.88412634485933,6.85109281539917,0.0,11608,high_missing; zero_heavy; suspicious_negative_amount; extreme_skew; negative_amount_value; missing_indicator_candidate; zero_flag_candidate; negative_value_review; transform_review_candidate,No final drop decision from numeric EDA alone; validate with target analysis and CV model performance.
cc_balance_min_sum,continuous_amount_numeric,continuous,credit_card,critical,8,keep_but_review_before_final_FE,amount_value_validity_review,missing=missing_flag_review; zero=zero_flag_review; transform=yeo_johnson_review; scaling=standard_scaling_review,"Review missingness, skew/tail behavior, and scaling/transform need; keep raw until model pipeline comparison.",71.73922233676193,5.90342716197118,85.37598527127322,0.6282722513089005,13.99574247741787,6.813283443450928,0.0,11692,high_missing; zero_heavy; suspicious_negative_amount; extreme_skew; negative_amount_value; missing_indicator_candidate; zero_flag_candidate; negative_value_review; transform_review_candidate,No final drop decision from numeric EDA alone; validate with target analysis and CV model performance.
prev_unused_offer_annuity_amount_sum,continuous_amount_numeric,continuous,previous_application,critical,8,keep_but_review_before_final_FE,continuous_transform_review,missing=missing_flag_review; zero=zero_flag_review; transform=log1p_review; scaling=standard_scaling_review,"Review missingness, skew/tail behavior, and scaling/transform need; keep raw until model pipeline comparison.",93.81062791249744,0.05960214522352203,96.22235065412704,0.0,3.777649345872958,7.648895263671875,0.0,657,extreme_missing; almost_all_zero; extreme_skew; high_coefficient_of_variation; high_missing; zero_heavy; missing_indicator_candidate; rare_event_candidate; transform_review_candidate; unstable_spread_review,No final drop decision from numeric EDA alone; validate with target analysis and CV model performance.
prev_unused_offer_down_payment_max,continuous_amount_numeric,continuous,previous_application,critical,8,keep_but_review_before_final_FE,continuous_transform_review,missing=missing_flag_review; zero=zero_flag_review; transform=log1p_review; scaling=standard_scaling_review,"Review missingness, skew/tail behavior, and scaling/transform need; keep raw until model pipeline comparison.",94.37385979688531,0.07507430533763682,99.98843997456794,0.0,0.01156002543205595,127.6539916992188,0.0,3,extreme_missing; almost_all_zero; extreme_skew; high_coefficient_of_variation; high_missing; zero_heavy; missing_indicator_candidate; rare_event_candidate; transform_review_candidate; unstable_spread_review,No final drop decision from numeric EDA alone; validate with target analysis and CV model performance.
prev_unused_offer_down_payment_mean,continuous_amount_numeric,continuous,previous_application,critical,8,keep_but_review_before_final_FE,continuous_transform_review,missing=missing_flag_review; zero=zero_flag_review; transform=log1p_review; scaling=standard_scaling_review,"Review missingness, skew/tail behavior, and scaling/transform need; keep raw until model pipeline comparison.",94.37385979688531,0.07507430533763682,99.98843997456794,0.0,0.01156002543205595,127.6539916992188,0.0,3,extreme_missing; almost_all_zero; extreme_skew; high_coefficient_of_variation; high_missing; zero_heavy; missing_indicator_candidate; rare_event_candidate; transform_review_candidate; unstable_spread_review,No final drop decision from numeric EDA alone; validate with target analysis and CV model performance.
prev_unused_offer_down_payment_sum,continuous_amount_numeric,continuous,previous_application,critical,8,keep_but_review_before_final_FE,continuous_transform_review,missing=missing_flag_review; zero=zero_flag_review; transform=log1p_review; scaling=standard_scaling_review,"Review missingness, skew/tail behavior, and scaling/transform need; keep raw until model pipeline comparison.",93.81062791249744,0.05960214522352203,99.98949193506016,0.0,0.01050806493984133,133.891357421875,0.0,3,extreme_missing; almost_all_zero; extreme_skew; high_coefficient_of_variation; high_missing; zero_heavy; missing_indicator_candidate; rare_event_candidate; transform_review_candidate; unstable_spread_review,No final drop decision from numeric EDA alone; validate with target analysis and CV model performance.
bureau_bal_recent_12m_count_max,discrete_count_numeric,discrete_count,bureau,critical,8,keep_but_review_before_final_FE,count_activity_flag_or_binning_review,missing=missing_flag_review; train_test_stability_review; zero=activity_flag_review; transform=log1p_review,"Review zero/non-zero activity signal, count bins, and count validity; do not treat skew as continuous-only problem.",70.0072517731073,56.80973002684109,2.359293513027073,0.0,97.64070648697293,2.592748165130615,0.0,14,high_missing; train_test_missing_gap; unstable_sparse_feature; high_skew; missing_gap_gt_20; missing_indicator_candidate; stability_review_candidate; transform_review_candidate,No final drop decision from numeric EDA alone; validate with target analysis and CV model performance.
bureau_bal_recent_6m_count_max,discrete_count_numeric,discrete_count,bureau,critical,8,keep_but_review_before_final_FE,count_activity_flag_or_binning_review,missing=missing_flag_review; train_test_stability_review; zero=activity_flag_review; transform=log1p_review; binning=ordinal_count_bin_review,"Review zero/non-zero activity signal, count bins, and count validity; do not treat skew as continuous-only problem.",70.0072517731073,56.80973002684109,3.236438941353775,0.0,96.76356105864623,3.545327186584473,0.0,8,high_missing; train_test_missing_gap; unstable_sparse_feature; high_skew; missing_gap_gt_20; missing_indicator_candidate; stability_review_candidate; transform_review_candidate,No final drop decision from numeric EDA alone; validate with target analysis and CV model performance.
bureau_bal_status_X_count_max,discrete_count_numeric,discrete_count,bureau,critical,8,keep_but_review_before_final_FE,count_activity_flag_or_binning_review,missing=missing_flag_review; train_test_stability_review; zero=activity_flag_review; transform=log1p_review,"Review zero/non-zero activity signal, count bins, and count validity; do not treat skew as continuous-only problem.",70.0072517731073,56.80973002684109,20.34131691080006,0.0,79.65868308919994,2.025815725326538,9.780876278041006,98,high_missing; train_test_missing_gap; unstable_sparse_feature; high_skew; missing_gap_gt_20; missing_indicator_candidate; stability_review_candidate; transform_review_candidate,No final drop decision from numeric EDA alone; validate with target analysis and CV model performance.
cc_atm_drawing_count_mean_max,discrete_count_numeric,discrete_count,credit_card,critical,8,keep_but_review_before_final_FE,count_validity_review,missing=missing_flag_review; zero=activity_flag_review; transform=log1p_review; special=count_integer_validity_review,"Review zero/non-zero activity signal, count bins, and count validity; do not treat skew as continuous-only problem.",80.11778440446032,2.795447296303422,16.11383709519136,0.0,83.88616290480864,6.209029197692871,7.378148511612692,3310,extreme_missing; extreme_skew; not_integer_like_count; high_missing; not_integer_like; missing_indicator_candidate; transform_review_candidate; count_validity_review,No final drop decision from numeric EDA alone; validate with target analysis and CV model performance.
cc_atm_drawing_count_mean_mean,discrete_count_numeric,discrete_count,credit_card,critical,8,keep_but_review_before_final_FE,count_validity_review,missing=missing_flag_review; zero=activity_flag_review; transform=log1p_review; special=count_integer_validity_review,"Review zero/non-zero activity signal, count bins, and count validity; do not treat skew as continuous-only problem.",80.11778440446032,2.795447296303422,16.11383709519136,0.0,83.88616290480864,6.229202270507812,7.351979064442264,3434,extreme_missing; extreme_skew; not_integer_like_count; high_missing; not_integer_like; missing_indicator_candidate; transform_review_candidate; count_validity_review,No final drop decision from numeric EDA alone; validate with target analysis and CV model performance.
cc_atm_drawing_count_mean_min,discrete_count_numeric,discrete_count,credit_card,critical,8,keep_but_review_before_final_FE,count_validity_review,missing=missing_flag_review; zero=activity_flag_review; transform=log1p_review; special=count_integer_validity_review,"Review zero/non-zero activity signal, count bins, and count validity; do not treat skew as continuous-only problem.",80.11778440446032,2.795447296303422,16.22342165521754,0.0,83.77657834478246,6.234638690948486,7.376512921164541,3311,extreme_missing; extreme_skew; not_integer_like_count; high_missing; not_integer_like; missing_indicator_candidate; transform_review_candidate; count_validity_review,No final drop decision from numeric EDA alone; validate with target analysis and CV model performance.
cc_other_drawing_count_mean_sum,discrete_count_numeric,discrete_count,credit_card,critical,8,keep_but_review_before_final_FE,count_validity_review,missing=missing_flag_review; zero=zero_flag_review; activity_flag_review; transform=log1p_review; binning=zero_vs_activity_split_review; special=count_integer_validity_review,"Review zero/non-zero activity signal, count bins, and count validity; do not treat skew as continuous-only problem.",71.73922233676193,5.90342716197118,93.44111385996203,0.0,6.558886140037973,18.4347095489502,0.0,436,high_missing; zero_heavy; extreme_skew; not_integer_like_count; not_integer_like; missing_indicator_candidate; zero_flag_candidate; transform_review_candidate; count_validity_review,No final drop decision from numeric EDA alone; validate with target analysis and CV model performance.
cc_other_drawing_count_sum_mean,discrete_count_numeric,discrete_count,credit_card,critical,8,keep_but_review_before_final_FE,count_validity_review,missing=missing_flag_review; zero=zero_flag_review; activity_flag_review; transform=log1p_review; binning=zero_vs_activity_split_review; special=count_integer_validity_review,"Review zero/non-zero activity signal, count bins, and count validity; do not treat skew as continuous-only problem.",71.73922233676193,5.90342716197118,93.44111385996203,0.0,6.558886140037973,13.43410778045654,0.0,36,high_missing; zero_heavy; extreme_skew; not_integer_like_count; not_integer_like; missing_indicator_candidate; zero_flag_candidate; transform_review_candidate; count_validity_review,No final drop decision from numeric EDA alone; validate with target analysis and CV model performance.
cc_pos_drawing_count_mean_max,discrete_count_numeric,discrete_count,pos_cash,critical,8,keep_but_review_before_final_FE,count_validity_review,missing=missing_flag_review; zero=activity_flag_review; transform=log1p_review; special=count_integer_validity_review,"Review zero/non-zero activity signal, count bins, and count validity; do not treat skew as continuous-only problem.",80.11778440446032,2.795447296303422,44.06934903500164,0.0,55.93065096499836,5.33919095993042,14.67288191036964,4936,extreme_missing; extreme_skew; not_integer_like_count; high_missing; not_integer_like; missing_indicator_candidate; transform_review_candidate; count_validity_review,No final drop decision from numeric EDA alone; validate with target analysis and CV model performance.
cc_pos_drawing_count_mean_mean,discrete_count_numeric,discrete_count,pos_cash,critical,8,keep_but_review_before_final_FE,count_validity_review,missing=missing_flag_review; zero=activity_flag_review; transform=log1p_review; special=count_integer_validity_review,"Review zero/non-zero activity signal, count bins, and count validity; do not treat skew as continuous-only problem.",80.11778440446032,2.795447296303422,44.06934903500164,0.0,55.93065096499836,5.338926315307617,14.6303565587177,4991,extreme_missing; extreme_skew; not_integer_like_count; high_missing; not_integer_like; missing_indicator_candidate; transform_review_candidate; count_validity_review,No final drop decision from numeric EDA alone; validate with target analysis and CV model performance.
cc_pos_drawing_count_mean_min,discrete_count_numeric,discrete_count,pos_cash,critical,8,keep_but_review_before_final_FE,count_validity_review,missing=missing_flag_review; zero=activity_flag_review; transform=log1p_review; special=count_integer_validity_review,"Review zero/non-zero activity signal, count bins, and count validity; do not treat skew as continuous-only problem.",80.11778440446032,2.795447296303422,44.25580634609094,0.0,55.74419365390906,5.349757671356201,14.64507687275106,4933,extreme_missing; extreme_skew; not_integer_like_count; high_missing; not_integer_like; missing_indicator_candidate; transform_review_candidate; count_validity_review,No final drop decision from numeric EDA alone; validate with target analysis and CV model performance.
cc_pos_drawing_count_mean_sum,discrete_count_numeric,discrete_count,pos_cash,critical,8,keep_but_review_before_final_FE,count_validity_review,missing=missing_flag_review; zero=activity_flag_review; transform=log1p_review; scaling=robust_scaling_review; special=count_integer_validity_review,"Review zero/non-zero activity signal, count bins, and count validity; do not treat skew as continuous-only problem.",71.73922233676193,5.90342716197118,60.65128588688798,0.0,39.34871411311202,6.307958602905273,19.26931707036419,4988,high_missing; high_zero; extreme_skew; high_outlier_burden; not_integer_like_count; not_integer_like; missing_indicator_candidate; zero_pattern_review; transform_review_candidate; tail_review_candidate; count_validity_review,No final drop decision from numeric EDA alone; validate with target analysis and CV model performance.
cc_pos_drawing_count_sum_mean,discrete_count_numeric,discrete_count,pos_cash,critical,8,keep_but_review_before_final_FE,count_validity_review,missing=missing_flag_review; zero=activity_flag_review; transform=log1p_review; scaling=robust_scaling_review; special=count_integer_validity_review,"Review zero/non-zero activity signal, count bins, and count validity; do not treat skew as continuous-only problem.",71.73922233676193,5.90342716197118,60.65128588688798,0.0,39.34871411311202,8.481633186340332,17.28784304700535,581,high_missing; high_zero; extreme_skew; high_outlier_burden; not_integer_like_count; not_integer_like; extreme_count_tail; missing_indicator_candidate; zero_pattern_review; transform_review_candidate; tail_review_candidate; count_validity_review,No final drop decision from numeric EDA alone; validate with target analysis and CV model performance.
bureau_bal_late_ratio_max,ratio_rate_numeric,ratio_rate,bureau,critical,8,keep_but_review_before_final_FE,bounded_ratio_keep_review,missing=missing_flag_review; train_test_stability_review; transform=log1p_review; special=bounded_0_1_ratio,Review boundedness and denominator-driven tail instability; keep bounded ratios carefully and review unbounded/signed ratios.,70.0072517731073,56.80973002684109,66.33236113671109,0.0,33.66763886328891,3.765811443328857,13.32090078173282,1323,high_missing; train_test_missing_gap; unstable_sparse_feature; high_zero; high_skew; missing_gap_gt_20; missing_indicator_candidate; stability_review_candidate; zero_pattern_review; transform_review_candidate,No final drop decision from numeric EDA alone; validate with target analysis and CV model performance.
bureau_bal_status_0_count_mean,ratio_rate_numeric,ratio_rate,bureau,critical,8,keep_but_review_before_final_FE,bounded_ratio_keep_review,missing=missing_flag_review; train_test_stability_review; transform=log1p_review; special=bounded_0_100_ratio,Review boundedness and denominator-driven tail instability; keep bounded ratios carefully and review unbounded/signed ratios.,70.0072517731073,56.80973002684109,2.636857455736141,0.0,97.36314254426387,2.380409240722656,4.732682070019841,3195,high_missing; train_test_missing_gap; unstable_sparse_feature; high_skew; missing_gap_gt_20; missing_indicator_candidate; stability_review_candidate; transform_review_candidate,No final drop decision from numeric EDA alone; validate with target analysis and CV model performance.
bureau_bal_status_1_ratio_max,ratio_rate_numeric,ratio_rate,bureau,critical,8,keep_but_review_before_final_FE,bounded_ratio_keep_review,missing=missing_flag_review; train_test_stability_review; transform=log1p_review; special=bounded_0_1_ratio,Review boundedness and denominator-driven tail instability; keep bounded ratios carefully and review unbounded/signed ratios.,70.0072517731073,56.80973002684109,67.37973132677733,0.0,32.62026867322267,3.624628782272339,13.78278453014713,879,high_missing; train_test_missing_gap; unstable_sparse_feature; high_zero; high_skew; missing_gap_gt_20; missing_indicator_candidate; stability_review_candidate; zero_pattern_review; transform_review_candidate,No final drop decision from numeric EDA alone; validate with target analysis and CV model performance.
bureau_bal_status_C_ratio_min,ratio_rate_numeric,ratio_rate,bureau,critical,8,keep_but_review_before_final_FE,bounded_ratio_keep_review,missing=missing_flag_review; train_test_stability_review; transform=log1p_review; special=bounded_0_1_ratio,Review boundedness and denominator-driven tail instability; keep bounded ratios carefully and review unbounded/signed ratios.,70.0072517731073,56.80973002684109,79.40280382951502,0.0,20.59719617048498,2.080966949462891,0.0,1616,high_missing; train_test_missing_gap; unstable_sparse_feature; high_zero; high_skew; missing_gap_gt_20; missing_indicator_candidate; stability_review_candidate; zero_pattern_review; transform_review_candidate,No final drop decision from numeric EDA alone; validate with target analysis and CV model performance.
bureau_bal_status_X_count_mean,ratio_rate_numeric,ratio_rate,bureau,critical,8,keep_but_review_before_final_FE,bounded_ratio_keep_review,missing=missing_flag_review; train_test_stability_review; transform=log1p_review; special=bounded_0_100_ratio,Review boundedness and denominator-driven tail instability; keep bounded ratios carefully and review unbounded/signed ratios.,70.0072517731073,56.80973002684109,20.34131691080006,0.0,79.65868308919994,3.727874755859375,10.01398662055058,3482,high_missing; train_test_missing_gap; unstable_sparse_feature; high_skew; missing_gap_gt_20; missing_indicator_candidate; stability_review_candidate; transform_review_candidate,No final drop decision from numeric EDA alone; validate with target analysis and CV model performance.
bureau_bal_status_X_ratio_min,ratio_rate_numeric,ratio_rate,bureau,critical,8,keep_but_review_before_final_FE,bounded_ratio_keep_review,missing=missing_flag_review; train_test_stability_review; transform=log1p_review; special=bounded_0_1_ratio,Review boundedness and denominator-driven tail instability; keep bounded ratios carefully and review unbounded/signed ratios.,70.0072517731073,56.80973002684109,77.08471121423382,0.0,22.91528878576618,3.98107123374939,0.0,1346,high_missing; train_test_missing_gap; unstable_sparse_feature; high_zero; high_skew; missing_gap_gt_20; missing_indicator_candidate; stability_review_candidate; zero_pattern_review; transform_review_candidate,No final drop decision from numeric EDA alone; validate with target analysis and CV model performance.
bureau_bal_unique_status_count_mean,ratio_rate_numeric,ratio_rate,bureau,critical,8,keep_but_review_before_final_FE,bounded_ratio_keep_review,missing=missing_flag_review; train_test_stability_review; transform=log1p_review; special=bounded_0_100_ratio,Review boundedness and denominator-driven tail instability; keep bounded ratios carefully and review unbounded/signed ratios.,70.0072517731073,56.80973002684109,0.0,0.0,100.0,2.005807399749756,3.016339408658694,635,high_missing; train_test_missing_gap; unstable_sparse_feature; high_skew; missing_gap_gt_20; missing_indicator_candidate; stability_review_candidate; transform_review_candidate,No final drop decision from numeric EDA alone; validate with target analysis and CV model performance.
cc_latest_payment_to_balance_ratio,ratio_rate_numeric,ratio_rate,credit_card,critical,8,keep_but_review_before_final_FE,ratio_stability_tail_review,missing=missing_flag_review; transform=log1p_review; special=ratio_stability_review,Review boundedness and denominator-driven tail instability; keep bounded ratios carefully and review unbounded/signed ratios.,90.03450283079304,1.315891309375019,8.324359601892642,0.0,91.67564039810736,86.9797592163086,14.96818404307391,28047,extreme_missing; extreme_skew; unstable_sparse_ratio; high_missing; missing_indicator_candidate; transform_review_candidate; unstable_ratio_candidate,No final drop decision from numeric EDA alone; validate with target analysis and CV model performance.
cc_latest_payment_to_balance_ratio_max,ratio_rate_numeric,ratio_rate,credit_card,critical,8,keep_but_review_before_final_FE,ratio_stability_tail_review,missing=missing_flag_review; transform=log1p_review; special=ratio_stability_review,Review boundedness and denominator-driven tail instability; keep bounded ratios carefully and review unbounded/signed ratios.,90.03450283079304,1.315891309375019,8.3210964268233,0.0,91.6789035731767,86.9797592163086,14.96818404307391,28048,extreme_missing; extreme_skew; unstable_sparse_ratio; high_missing; missing_indicator_candidate; transform_review_candidate; unstable_ratio_candidate,No final drop decision from numeric EDA alone; validate with target analysis and CV model performance.
cc_latest_payment_to_balance_ratio_mean,ratio_rate_numeric,ratio_rate,credit_card,critical,8,keep_but_review_before_final_FE,ratio_stability_tail_review,missing=missing_flag_review; transform=log1p_review; special=ratio_stability_review,Review boundedness and denominator-driven tail instability; keep bounded ratios carefully and review unbounded/signed ratios.,90.03450283079304,1.315891309375019,8.3210964268233,0.0,91.6789035731767,86.9797592163086,14.96818404307391,28048,extreme_missing; extreme_skew; unstable_sparse_ratio; high_missing; missing_indicator_candidate; transform_review_candidate; unstable_ratio_candidate,No final drop decision from numeric EDA alone; validate with target analysis and CV model performance.
cc_latest_payment_to_balance_ratio_min,ratio_rate_numeric,ratio_rate,credit_card,critical,8,keep_but_review_before_final_FE,ratio_stability_tail_review,missing=missing_flag_review; transform=log1p_review; special=ratio_stability_review,Review boundedness and denominator-driven tail instability; keep bounded ratios carefully and review unbounded/signed ratios.,90.03450283079304,1.315891309375019,8.324359601892642,0.0,91.67564039810736,86.9797592163086,14.96818404307391,28047,extreme_missing; extreme_skew; unstable_sparse_ratio; high_missing; missing_indicator_candidate; transform_review_candidate; unstable_ratio_candidate,No final drop decision from numeric EDA alone; validate with target analysis and CV model performance.
cc_payment_to_balance_ratio_std_max,ratio_rate_numeric,ratio_rate,credit_card,critical,8,keep_but_review_before_final_FE,ratio_stability_tail_review,missing=missing_flag_review; transform=log1p_review; special=ratio_stability_review,Review boundedness and denominator-driven tail instability; keep bounded ratios carefully and review unbounded/signed ratios.,81.33204991040971,2.185898589221452,0.07838901856948752,0.0,99.9216109814305,77.80846405029297,11.14169250600983,56860,extreme_missing; extreme_skew; high_unique_numeric; unstable_sparse_ratio; high_missing; extreme_ratio_tail; unbounded_extreme_ratio; missing_indicator_candidate; transform_review_candidate; unstable_ratio_candidate,No final drop decision from numeric EDA alone; validate with target analysis and CV model performance.
cc_payment_to_balance_ratio_std_mean,ratio_rate_numeric,ratio_rate,credit_card,critical,8,keep_but_review_before_final_FE,ratio_stability_tail_review,missing=missing_flag_review; transform=log1p_review; special=ratio_stability_review,Review boundedness and denominator-driven tail instability; keep bounded ratios carefully and review unbounded/signed ratios.,81.33204991040971,2.185898589221452,0.07838901856948752,0.0,99.9216109814305,77.81227111816406,11.13995052781939,56865,extreme_missing; extreme_skew; high_unique_numeric; unstable_sparse_ratio; high_missing; extreme_ratio_tail; unbounded_extreme_ratio; missing_indicator_candidate; transform_review_candidate; unstable_ratio_candidate,No final drop decision from numeric EDA alone; validate with target analysis and CV model performance.
cc_payment_to_balance_ratio_std_min,ratio_rate_numeric,ratio_rate,credit_card,critical,8,keep_but_review_before_final_FE,ratio_stability_tail_review,missing=missing_flag_review; transform=log1p_review; special=ratio_stability_review,Review boundedness and denominator-driven tail instability; keep bounded ratios carefully and review unbounded/signed ratios.,81.33204991040971,2.185898589221452,0.07838901856948752,0.0,99.9216109814305,77.81343841552734,11.14343448420026,56865,extreme_missing; extreme_skew; high_unique_numeric; unstable_sparse_ratio; high_missing; extreme_ratio_tail; unbounded_extreme_ratio; missing_indicator_candidate; transform_review_candidate; unstable_ratio_candidate,No final drop decision from numeric EDA alone; validate with target analysis and CV model performance.
cc_payment_to_min_inst_ratio_min_min,ratio_rate_numeric,ratio_rate,credit_card,critical,8,keep_but_review_before_final_FE,ratio_stability_tail_review,missing=missing_flag_review; transform=log1p_review; special=ratio_stability_review,Review boundedness and denominator-driven tail instability; keep bounded ratios carefully and review unbounded/signed ratios.,80.72621792391168,2.503257149252235,43.1625301591051,0.0,56.8374698408949,220.0789947509766,3.401440888154009,22687,extreme_missing; extreme_skew; unstable_sparse_ratio; high_missing; missing_indicator_candidate; transform_review_candidate; unstable_ratio_candidate,No final drop decision from numeric EDA alone; validate with target analysis and CV model performance.
cc_total_payment_to_balance_ratio_min_max,ratio_rate_numeric,ratio_rate,credit_card,critical,8,keep_but_review_before_final_FE,signed_or_negative_ratio_review,missing=missing_flag_review; zero=zero_flag_review; zero_ratio_flag_review; transform=yeo_johnson_review,Review boundedness and denominator-driven tail instability; keep bounded ratios carefully and review unbounded/signed ratios.,80.61825430635001,2.432221153551708,84.18147346521032,0.9127363634838341,14.90579017130585,181.4621887207031,0.0,9113,extreme_missing; zero_heavy; negative_ratio_value; extreme_skew; high_missing; missing_indicator_candidate; zero_flag_candidate; negative_ratio_review; transform_review_candidate,No final drop decision from numeric EDA alone; validate with target analysis and CV model performance.
cc_total_payment_to_balance_ratio_min_mean,ratio_rate_numeric,ratio_rate,credit_card,critical,8,keep_but_review_before_final_FE,signed_or_negative_ratio_review,missing=missing_flag_review; zero=zero_flag_review; zero_ratio_flag_review; transform=yeo_johnson_review,Review boundedness and denominator-driven tail instability; keep bounded ratios carefully and review unbounded/signed ratios.,80.61825430635001,2.432221153551708,84.17979564101273,0.9160920118789952,14.90411234710827,181.4621429443359,0.0,9115,extreme_missing; zero_heavy; negative_ratio_value; extreme_skew; high_missing; missing_indicator_candidate; zero_flag_candidate; negative_ratio_review; transform_review_candidate,No final drop decision from numeric EDA alone; validate with target analysis and CV model performance.
cc_total_payment_to_balance_ratio_min_min,ratio_rate_numeric,ratio_rate,credit_card,critical,8,keep_but_review_before_final_FE,signed_or_negative_ratio_review,missing=missing_flag_review; zero=zero_flag_review; zero_ratio_flag_review; transform=yeo_johnson_review,Review boundedness and denominator-driven tail instability; keep bounded ratios carefully and review unbounded/signed ratios.,80.61825430635001,2.432221153551708,84.30731028002886,0.9160920118789952,14.77659770809215,181.4619140625,0.0,9040,extreme_missing; zero_heavy; negative_ratio_value; extreme_skew; high_missing; missing_indicator_candidate; zero_flag_candidate; negative_ratio_review; transform_review_candidate,No final drop decision from numeric EDA alone; validate with target analysis and CV model performance.
cc_total_payment_to_balance_ratio_std_max,ratio_rate_numeric,ratio_rate,credit_card,critical,8,keep_but_review_before_final_FE,ratio_stability_tail_review,missing=missing_flag_review; transform=log1p_review; special=ratio_stability_review,Review boundedness and denominator-driven tail instability; keep bounded ratios carefully and review unbounded/signed ratios.,81.10311501051994,2.270848475151482,0.3355704697986577,0.0,99.66442953020133,78.45746612548828,11.10308036482533,57405,extreme_missing; extreme_skew; high_unique_numeric; unstable_sparse_ratio; high_missing; extreme_ratio_tail; unbounded_extreme_ratio; missing_indicator_candidate; transform_review_candidate; unstable_ratio_candidate,No final drop decision from numeric EDA alone; validate with target analysis and CV model performance.
cc_total_payment_to_balance_ratio_std_mean,ratio_rate_numeric,ratio_rate,credit_card,critical,8,keep_but_review_before_final_FE,ratio_stability_tail_review,missing=missing_flag_review; transform=log1p_review; special=ratio_stability_review,Review boundedness and denominator-driven tail instability; keep bounded ratios carefully and review unbounded/signed ratios.,81.10311501051994,2.270848475151482,0.3355704697986577,0.0,99.66442953020133,78.46185302734375,11.09103424539666,57413,extreme_missing; extreme_skew; high_unique_numeric; unstable_sparse_ratio; high_missing; extreme_ratio_tail; unbounded_extreme_ratio; missing_indicator_candidate; transform_review_candidate; unstable_ratio_candidate,No final drop decision from numeric EDA alone; validate with target analysis and CV model performance.
cc_total_payment_to_balance_ratio_std_min,ratio_rate_numeric,ratio_rate,credit_card,critical,8,keep_but_review_before_final_FE,ratio_stability_tail_review,missing=missing_flag_review; transform=log1p_review; special=ratio_stability_review,Review boundedness and denominator-driven tail instability; keep bounded ratios carefully and review unbounded/signed ratios.,81.10311501051994,2.270848475151482,0.3407330924109447,0.0,99.65926690758906,78.46319580078125,11.09791774221304,57409,extreme_missing; extreme_skew; high_unique_numeric; unstable_sparse_ratio; high_missing; extreme_ratio_tail; unbounded_extreme_ratio; missing_indicator_candidate; transform_review_candidate; unstable_ratio_candidate,No final drop decision from numeric EDA alone; validate with target analysis and CV model performance.
DAYS_EMPLOYED,date_duration_numeric,date_duration,other,critical,8,keep_but_review_before_final_FE,duration_placeholder_special_value_review,scaling=robust_scaling_review; binning=duration_bin_review; special=mostly_negative_review,"Review signed duration meaning, special placeholders, and days-to-period conversion or cyclical encoding.",0.0,0.0,0.0006503832383231819,81.99218889730774,18.00716071945394,1.664346198068542,23.48436316099261,12574,meaningful_signed_value_review; high_outlier_burden; placeholder_365243_review; large_abs_duration_gt_100_years; marker_365243_review; signed_value_review; tail_review_candidate; placeholder_date_review; duration_range_review,No final drop decision from numeric EDA alone; validate with target analysis and CV model performance.
bureau_bal_month_max_min,date_duration_numeric,date_duration,bureau,critical,8,keep_but_review_before_final_FE,duration_conversion_or_binning_review,missing=missing_flag_review; train_test_stability_review; binning=duration_bin_review; special=zero_special_value_review,"Review signed duration meaning, special placeholders, and days-to-period conversion or cyclical encoding.",70.0072517731073,56.80973002684109,36.37605577300474,63.62394422699526,0.0,0.7977228164672852,0.0,96,high_missing; train_test_missing_gap; unstable_sparse_feature; meaningful_signed_value_review; missing_gap_gt_20; zero_special_value_review; missing_indicator_candidate; stability_review_candidate; signed_value_review,No final drop decision from numeric EDA alone; validate with target analysis and CV model performance.
bureau_bal_month_mean_mean,date_duration_numeric,date_duration,bureau,critical,8,keep_but_review_before_final_FE,duration_conversion_or_binning_review,missing=missing_flag_review; train_test_stability_review; binning=duration_bin_review; special=mostly_negative_review,"Review signed duration meaning, special placeholders, and days-to-period conversion or cyclical encoding.",70.0072517731073,56.80973002684109,0.2005833179733495,99.79941668202666,0.0,0.8993258476257324,1.446368357710531,7066,high_missing; train_test_missing_gap; unstable_sparse_feature; meaningful_signed_value_review; missing_gap_gt_20; missing_indicator_candidate; stability_review_candidate; signed_value_review,No final drop decision from numeric EDA alone; validate with target analysis and CV model performance.
bureau_bal_month_mean_min,date_duration_numeric,date_duration,bureau,critical,8,keep_but_review_before_final_FE,duration_conversion_or_binning_review,missing=missing_flag_review; train_test_stability_review; binning=duration_bin_review; special=mostly_negative_review,"Review signed duration meaning, special placeholders, and days-to-period conversion or cyclical encoding.",70.0072517731073,56.80973002684109,0.2005833179733495,99.79941668202666,0.0,0.3259553611278534,0.0,191,high_missing; train_test_missing_gap; unstable_sparse_feature; meaningful_signed_value_review; missing_gap_gt_20; missing_indicator_candidate; stability_review_candidate; signed_value_review,No final drop decision from numeric EDA alone; validate with target analysis and CV model performance.
bureau_bal_month_min_mean,date_duration_numeric,date_duration,bureau,critical,8,keep_but_review_before_final_FE,duration_conversion_or_binning_review,missing=missing_flag_review; train_test_stability_review; binning=duration_bin_review; special=mostly_negative_review,"Review signed duration meaning, special placeholders, and days-to-period conversion or cyclical encoding.",70.0072517731073,56.80973002684109,0.2005833179733495,99.79941668202666,0.0,0.5378715991973877,1.568886816796955,5715,high_missing; train_test_missing_gap; unstable_sparse_feature; meaningful_signed_value_review; missing_gap_gt_20; missing_indicator_candidate; stability_review_candidate; signed_value_review,No final drop decision from numeric EDA alone; validate with target analysis and CV model performance.
bureau_bal_month_min_min,date_duration_numeric,date_duration,bureau,critical,8,keep_but_review_before_final_FE,duration_conversion_or_binning_review,missing=missing_flag_review; train_test_stability_review; binning=duration_bin_review; special=mostly_negative_review,"Review signed duration meaning, special placeholders, and days-to-period conversion or cyclical encoding.",70.0072517731073,56.80973002684109,0.2005833179733495,99.79941668202666,0.0,0.2503127753734589,0.0,97,high_missing; train_test_missing_gap; unstable_sparse_feature; meaningful_signed_value_review; missing_gap_gt_20; missing_indicator_candidate; stability_review_candidate; signed_value_review,No final drop decision from numeric EDA alone; validate with target analysis and CV model performance.
bureau_bal_month_span_min,date_duration_numeric,date_duration,bureau,critical,8,keep_but_review_before_final_FE,duration_conversion_or_binning_review,missing=missing_flag_review; train_test_stability_review; transform=log1p_review; binning=duration_bin_review; special=mostly_positive_review,"Review signed duration meaning, special placeholders, and days-to-period conversion or cyclical encoding.",70.0072517731073,56.80973002684109,3.525929459726122,0.0,96.47407054027389,2.452905893325806,7.346770608580629,97,high_missing; train_test_missing_gap; unstable_sparse_feature; high_skew; missing_gap_gt_20; missing_indicator_candidate; stability_review_candidate; transform_review_candidate,No final drop decision from numeric EDA alone; validate with target analysis and CV model performance.
bureau_days_enddate_max,date_duration_numeric,date_duration,bureau,critical,8,keep_but_review_before_final_FE,duration_range_special_value_review,transform=yeo_johnson_review; scaling=robust_scaling_review; binning=duration_bin_review; special=mixed_signed_review,"Review signed duration meaning, special placeholders, and days-to-period conversion or cyclical encoding.",15.04629102698765,1.177917483577181,0.04746556832362331,20.88944350449009,79.06309092718628,2.243888854980469,19.84558378821169,13030,meaningful_signed_value_review; high_skew; high_outlier_burden; large_abs_duration_gt_100_years; mixed_signed_duration; signed_value_review; transform_review_candidate; tail_review_candidate; duration_range_review; signed_duration_review,No final drop decision from numeric EDA alone; validate with target analysis and CV model performance.
cc_recent_6m_dpd_mean_max,overdue_delay_numeric,overdue_delay,credit_card,critical,8,keep_but_review_before_final_FE,delay_sign_behavior_flag_review,missing=missing_flag_review; zero=zero_flag_review; zero_vs_delay_split_review; transform=log1p_review; binning=delay_severity_bin_review; special=credit_risk_delay_review,Preserve credit-risk signal; review late/early/severe delay flags and delay severity bins.,71.73922233676193,5.899324092875503,97.32581554571084,0.0,2.674184454289166,9.195096015930176,0.0,13,high_missing; almost_all_zero; extreme_skew; has_late_delay_signal; missing_indicator_candidate; rare_event_candidate; transform_review_candidate; had_delay_flag_candidate,No final drop decision from numeric EDA alone; validate with target analysis and CV model performance.
cc_recent_6m_dpd_mean_mean,overdue_delay_numeric,overdue_delay,credit_card,critical,8,keep_but_review_before_final_FE,delay_sign_behavior_flag_review,missing=missing_flag_review; zero=zero_flag_review; zero_vs_delay_split_review; transform=log1p_review; binning=delay_severity_bin_review; special=credit_risk_delay_review,Preserve credit-risk signal; review late/early/severe delay flags and delay severity bins.,71.73922233676193,5.899324092875503,97.32581554571084,0.0,2.674184454289166,9.201406478881836,0.0,14,high_missing; almost_all_zero; extreme_skew; has_late_delay_signal; missing_indicator_candidate; rare_event_candidate; transform_review_candidate; had_delay_flag_candidate,No final drop decision from numeric EDA alone; validate with target analysis and CV model performance.
cc_recent_6m_dpd_mean_min,overdue_delay_numeric,overdue_delay,credit_card,critical,8,keep_but_review_before_final_FE,delay_sign_behavior_flag_review,missing=missing_flag_review; zero=zero_flag_review; zero_vs_delay_split_review; transform=log1p_review; binning=delay_severity_bin_review; special=credit_risk_delay_review,Preserve credit-risk signal; review late/early/severe delay flags and delay severity bins.,71.73922233676193,5.899324092875503,97.33502099994247,0.0,2.664979000057534,9.207925796508789,0.0,13,high_missing; almost_all_zero; extreme_skew; has_late_delay_signal; missing_indicator_candidate; rare_event_candidate; transform_review_candidate; had_delay_flag_candidate,No final drop decision from numeric EDA alone; validate with target analysis and CV model performance.
cc_recent_6m_dpd_mean_sum,overdue_delay_numeric,overdue_delay,credit_card,critical,8,keep_but_review_before_final_FE,delay_sign_behavior_flag_review,missing=missing_flag_review; zero=zero_flag_review; zero_vs_delay_split_review; transform=log1p_review; binning=delay_severity_bin_review; special=credit_risk_delay_review,Preserve credit-risk signal; review late/early/severe delay flags and delay severity bins.,71.73922233676193,5.90342716197118,97.32581554571084,0.0,2.674184454289166,9.194053649902344,0.0,13,high_missing; almost_all_zero; extreme_skew; has_late_delay_signal; missing_indicator_candidate; rare_event_candidate; transform_review_candidate; had_delay_flag_candidate,No final drop decision from numeric EDA alone; validate with target analysis and CV model performance.
bureau_latest_limit_amount,continuous_amount_numeric,continuous,bureau,high,7,keep_but_review_before_final_FE,amount_value_validity_review,zero=zero_flag_review; transform=yeo_johnson_review; scaling=standard_scaling_review,"Review missingness, skew/tail behavior, and scaling/transform need; keep raw until model pipeline comparison.",38.56707564932636,3.803267367250037,91.78193136523161,0.02117376781904898,8.196894866949336,23.15517997741699,0.0,12121,zero_heavy; suspicious_negative_amount; extreme_skew; high_coefficient_of_variation; negative_amount_value; zero_flag_candidate; negative_value_review; transform_review_candidate; unstable_spread_review,No final drop decision from numeric EDA alone; validate with target analysis and CV model performance.
bureau_limit_amount_sum,continuous_amount_numeric,continuous,bureau,high,7,keep_but_review_before_final_FE,amount_value_validity_review,zero=zero_flag_review; transform=yeo_johnson_review; scaling=standard_scaling_review; tail=extreme_tail_review,"Review missingness, skew/tail behavior, and scaling/transform need; keep raw until model pipeline comparison.",14.31493507549323,1.135877140157604,81.4597083012323,0.04819898971881392,18.49209270904889,11.90824413299561,0.0,37274,zero_heavy; suspicious_negative_amount; extreme_skew; top_5pct_tail_gap; negative_amount_value; zero_flag_candidate; negative_value_review; transform_review_candidate; tail_review_candidate,No final drop decision from numeric EDA alone; validate with target analysis and CV model performance.
bureau_overdue_overdue_amount_max,continuous_amount_numeric,continuous,bureau,high,7,keep_but_review_before_final_FE,continuous_transform_review,missing=missing_flag_review; transform=log1p_review; scaling=robust_scaling_review,"Review missingness, skew/tail behavior, and scaling/transform need; keep raw until model pipeline comparison.",98.91581114171527,0.126122224442625,0.0,0.0,100.0,20.1311092376709,18.77624475104979,1202,extreme_missing; extreme_skew; high_outlier_burden; high_coefficient_of_variation; high_missing; missing_indicator_candidate; transform_review_candidate; tail_review_candidate; unstable_spread_review,No final drop decision from numeric EDA alone; validate with target analysis and CV model performance.
bureau_overdue_overdue_amount_mean,continuous_amount_numeric,continuous,bureau,high,7,keep_but_review_before_final_FE,continuous_transform_review,missing=missing_flag_review; transform=log1p_review; scaling=robust_scaling_review,"Review missingness, skew/tail behavior, and scaling/transform need; keep raw until model pipeline comparison.",98.91581114171527,0.126122224442625,0.0,0.0,100.0,22.48611831665039,18.77624475104979,1233,extreme_missing; extreme_skew; high_outlier_burden; high_coefficient_of_variation; high_missing; missing_indicator_candidate; transform_review_candidate; tail_review_candidate; unstable_spread_review,No final drop decision from numeric EDA alone; validate with target analysis and CV model performance.
bureau_overdue_overdue_amount_sum,continuous_amount_numeric,continuous,bureau,high,7,keep_but_review_before_final_FE,continuous_transform_review,missing=missing_flag_review; transform=log1p_review; scaling=robust_scaling_review,"Review missingness, skew/tail behavior, and scaling/transform need; keep raw until model pipeline comparison.",98.91581114171527,0.126122224442625,0.0,0.0,100.0,17.18434143066406,18.74625074985003,1217,extreme_missing; extreme_skew; high_outlier_burden; high_coefficient_of_variation; high_missing; missing_indicator_candidate; transform_review_candidate; tail_review_candidate; unstable_spread_review,No final drop decision from numeric EDA alone; validate with target analysis and CV model performance.
bureau_recent_12m_annuity_amount_sum,continuous_amount_numeric,continuous,bureau,high,7,keep_but_review_before_final_FE,continuous_transform_review,missing=missing_flag_review; zero=zero_flag_review; transform=log1p_review; scaling=standard_scaling_review; tail=extreme_tail_review,"Review missingness, skew/tail behavior, and scaling/transform need; keep raw until model pipeline comparison.",50.64826949279863,1.520202524270132,81.19885083222414,0.0,18.80114916777586,276.3115234375,0.0,16652,high_missing; zero_heavy; extreme_skew; top_5pct_tail_gap; high_coefficient_of_variation; missing_indicator_candidate; zero_flag_candidate; transform_review_candidate; tail_review_candidate; unstable_spread_review,No final drop decision from numeric EDA alone; validate with target analysis and CV model performance.
bureau_recent_12m_overdue_amount_max,continuous_amount_numeric,continuous,bureau,high,7,keep_but_review_before_final_FE,continuous_transform_review,missing=missing_flag_review; zero=zero_flag_review; transform=log1p_review; scaling=standard_scaling_review,"Review missingness, skew/tail behavior, and scaling/transform need; keep raw until model pipeline comparison.",50.64826949279863,1.520202524270132,99.26200234577826,0.0,0.7379976542217419,123.1727600097656,0.0,588,high_missing; almost_all_zero; extreme_skew; high_coefficient_of_variation; zero_heavy; missing_indicator_candidate; rare_event_candidate; transform_review_candidate; unstable_spread_review,No final drop decision from numeric EDA alone; validate with target analysis and CV model performance.
bureau_recent_12m_overdue_amount_mean,continuous_amount_numeric,continuous,bureau,high,7,keep_but_review_before_final_FE,continuous_transform_review,missing=missing_flag_review; zero=zero_flag_review; transform=log1p_review; scaling=standard_scaling_review,"Review missingness, skew/tail behavior, and scaling/transform need; keep raw until model pipeline comparison.",50.64826949279863,1.520202524270132,99.26200234577826,0.0,0.7379976542217419,119.0506362915039,0.0,697,high_missing; almost_all_zero; extreme_skew; high_coefficient_of_variation; zero_heavy; missing_indicator_candidate; rare_event_candidate; transform_review_candidate; unstable_spread_review,No final drop decision from numeric EDA alone; validate with target analysis and CV model performance.
bureau_recent_12m_overdue_amount_sum,continuous_amount_numeric,continuous,bureau,high,7,keep_but_review_before_final_FE,continuous_transform_review,missing=missing_flag_review; zero=zero_flag_review; transform=log1p_review; scaling=standard_scaling_review,"Review missingness, skew/tail behavior, and scaling/transform need; keep raw until model pipeline comparison.",50.64826949279863,1.520202524270132,99.26200234577826,0.0,0.7379976542217419,121.3616638183594,0.0,591,high_missing; almost_all_zero; extreme_skew; high_coefficient_of_variation; zero_heavy; missing_indicator_candidate; rare_event_candidate; transform_review_candidate; unstable_spread_review,No final drop decision from numeric EDA alone; validate with target analysis and CV model performance.
bureau_recent_24m_limit_amount_mean,continuous_amount_numeric,continuous,bureau,high,7,keep_but_review_before_final_FE,amount_value_validity_review,zero=zero_flag_review; transform=yeo_johnson_review; scaling=standard_scaling_review,"Review missingness, skew/tail behavior, and scaling/transform need; keep raw until model pipeline comparison.",41.099993170976,0.6077041866475028,83.14911331463529,0.05410657891831011,16.79678010644641,26.65975952148438,0.0,23995,zero_heavy; suspicious_negative_amount; extreme_skew; high_coefficient_of_variation; negative_amount_value; zero_flag_candidate; negative_value_review; transform_review_candidate; unstable_spread_review,No final drop decision from numeric EDA alone; validate with target analysis and CV model performance.
cc_balance_sum_max,continuous_amount_numeric,continuous,credit_card,high,7,keep_but_review_before_final_FE,amount_value_validity_review,missing=missing_flag_review; transform=yeo_johnson_review; scaling=standard_scaling_review; tail=extreme_tail_review,"Review missingness, skew/tail behavior, and scaling/transform need; keep raw until model pipeline comparison.",71.73922233676193,5.90342716197118,31.4193659743398,0.03221908981071284,68.5484149358495,2.112443685531616,7.954663137909211,58788,high_missing; suspicious_negative_amount; high_skew; top_5pct_tail_gap; negative_amount_value; missing_indicator_candidate; negative_value_review; transform_review_candidate; tail_review_candidate,No final drop decision from numeric EDA alone; validate with target analysis and CV model performance.
cc_balance_sum_mean,continuous_amount_numeric,continuous,credit_card,high,7,keep_but_review_before_final_FE,amount_value_validity_review,missing=missing_flag_review; transform=yeo_johnson_review; scaling=standard_scaling_review; tail=extreme_tail_review,"Review missingness, skew/tail behavior, and scaling/transform need; keep raw until model pipeline comparison.",71.73922233676193,5.90342716197118,31.4193659743398,0.03221908981071284,68.5484149358495,2.120020866394043,8.028306771762269,58803,high_missing; suspicious_negative_amount; high_skew; top_5pct_tail_gap; negative_amount_value; missing_indicator_candidate; negative_value_review; transform_review_candidate; tail_review_candidate,No final drop decision from numeric EDA alone; validate with target analysis and CV model performance.
cc_balance_sum_min,continuous_amount_numeric,continuous,credit_card,high,7,keep_but_review_before_final_FE,amount_value_validity_review,missing=missing_flag_review; transform=yeo_johnson_review; scaling=standard_scaling_review; tail=extreme_tail_review,"Review missingness, skew/tail behavior, and scaling/transform need; keep raw until model pipeline comparison.",71.73922233676193,5.90342716197118,31.69898164662562,0.03221908981071284,68.26879926356366,2.122495412826538,8.070881997583568,58554,high_missing; suspicious_negative_amount; high_skew; top_5pct_tail_gap; negative_amount_value; missing_indicator_candidate; negative_value_review; transform_review_candidate; tail_review_candidate,No final drop decision from numeric EDA alone; validate with target analysis and CV model performance.
cc_balance_sum_sum,continuous_amount_numeric,continuous,credit_card,high,7,keep_but_review_before_final_FE,amount_value_validity_review,missing=missing_flag_review; transform=yeo_johnson_review; scaling=standard_scaling_review; tail=extreme_tail_review,"Review missingness, skew/tail behavior, and scaling/transform need; keep raw until model pipeline comparison.",71.73922233676193,5.90342716197118,31.4193659743398,0.03221908981071284,68.5484149358495,2.109755277633667,7.945457683677579,58793,high_missing; suspicious_negative_amount; high_skew; top_5pct_tail_gap; negative_amount_value; missing_indicator_candidate; negative_value_review; transform_review_candidate; tail_review_candidate,No final drop decision from numeric EDA alone; validate with target analysis and CV model performance.
cc_other_drawing_amount_max_max,continuous_amount_numeric,continuous,credit_card,high,7,keep_but_review_before_final_FE,continuous_transform_review,missing=missing_flag_review; zero=zero_flag_review; transform=log1p_review; scaling=standard_scaling_review,"Review missingness, skew/tail behavior, and scaling/transform need; keep raw until model pipeline comparison.",80.11778440446032,2.795447296303422,90.70657507360157,0.0,9.29342492639843,8.631220817565918,0.0,1339,extreme_missing; zero_heavy; extreme_skew; high_coefficient_of_variation; high_missing; missing_indicator_candidate; zero_flag_candidate; transform_review_candidate; unstable_spread_review,No final drop decision from numeric EDA alone; validate with target analysis and CV model performance.
cc_other_drawing_amount_max_mean,continuous_amount_numeric,continuous,credit_card,high,7,keep_but_review_before_final_FE,continuous_transform_review,missing=missing_flag_review; zero=zero_flag_review; transform=log1p_review; scaling=standard_scaling_review,"Review missingness, skew/tail behavior, and scaling/transform need; keep raw until model pipeline comparison.",80.11778440446032,2.795447296303422,90.70657507360157,0.0,9.29342492639843,8.65295696258545,0.0,1354,extreme_missing; zero_heavy; extreme_skew; high_coefficient_of_variation; high_missing; missing_indicator_candidate; zero_flag_candidate; transform_review_candidate; unstable_spread_review,No final drop decision from numeric EDA alone; validate with target analysis and CV model performance.
cc_other_drawing_amount_max_min,continuous_amount_numeric,continuous,credit_card,high,7,keep_but_review_before_final_FE,continuous_transform_review,missing=missing_flag_review; zero=zero_flag_review; transform=log1p_review; scaling=standard_scaling_review,"Review missingness, skew/tail behavior, and scaling/transform need; keep raw until model pipeline comparison.",80.11778440446032,2.795447296303422,90.77363428197579,0.0,9.226365718024207,8.662364959716797,0.0,1336,extreme_missing; zero_heavy; extreme_skew; high_coefficient_of_variation; high_missing; missing_indicator_candidate; zero_flag_candidate; transform_review_candidate; unstable_spread_review,No final drop decision from numeric EDA alone; validate with target analysis and CV model performance.
cc_other_drawing_amount_mean_max,continuous_amount_numeric,continuous,credit_card,high,7,keep_but_review_before_final_FE,continuous_transform_review,missing=missing_flag_review; zero=zero_flag_review; transform=log1p_review; scaling=standard_scaling_review,"Review missingness, skew/tail behavior, and scaling/transform need; keep raw until model pipeline comparison.",80.11778440446032,2.795447296303422,90.70657507360157,0.0,9.29342492639843,14.55500030517578,0.0,3900,extreme_missing; zero_heavy; extreme_skew; high_coefficient_of_variation; high_missing; missing_indicator_candidate; zero_flag_candidate; transform_review_candidate; unstable_spread_review,No final drop decision from numeric EDA alone; validate with target analysis and CV model performance.
cc_other_drawing_amount_mean_mean,continuous_amount_numeric,continuous,credit_card,high,7,keep_but_review_before_final_FE,continuous_transform_review,missing=missing_flag_review; zero=zero_flag_review; transform=log1p_review; scaling=standard_scaling_review,"Review missingness, skew/tail behavior, and scaling/transform need; keep raw until model pipeline comparison.",80.11778440446032,2.795447296303422,90.70657507360157,0.0,9.29342492639843,14.58635139465332,0.0,3913,extreme_missing; zero_heavy; extreme_skew; high_coefficient_of_variation; high_missing; missing_indicator_candidate; zero_flag_candidate; transform_review_candidate; unstable_spread_review,No final drop decision from numeric EDA alone; validate with target analysis and CV model performance.
cc_other_drawing_amount_mean_min,continuous_amount_numeric,continuous,credit_card,high,7,keep_but_review_before_final_FE,continuous_transform_review,missing=missing_flag_review; zero=zero_flag_review; transform=log1p_review; scaling=standard_scaling_review,"Review missingness, skew/tail behavior, and scaling/transform need; keep raw until model pipeline comparison.",80.11778440446032,2.795447296303422,90.77363428197579,0.0,9.226365718024207,14.59861660003662,0.0,3885,extreme_missing; zero_heavy; extreme_skew; high_coefficient_of_variation; high_missing; missing_indicator_candidate; zero_flag_candidate; transform_review_candidate; unstable_spread_review,No final drop decision from numeric EDA alone; validate with target analysis and CV model performance.
cc_payment_current_min_max,continuous_amount_numeric,continuous,credit_card,high,7,keep_but_review_before_final_FE,continuous_transform_review,missing=missing_flag_review; transform=log1p_review; scaling=robust_scaling_review,"Review missingness, skew/tail behavior, and scaling/transform need; keep raw until model pipeline comparison.",80.14379973399326,2.833771833123407,62.85129380936784,0.0,37.14870619063216,41.87763977050781,22.24369472649852,9984,extreme_missing; high_zero; extreme_skew; high_outlier_burden; high_coefficient_of_variation; high_missing; missing_indicator_candidate; zero_pattern_review; transform_review_candidate; tail_review_candidate; unstable_spread_review,No final drop decision from numeric EDA alone; validate with target analysis and CV model performance.
cc_payment_current_min_mean,continuous_amount_numeric,continuous,credit_card,high,7,keep_but_review_before_final_FE,continuous_transform_review,missing=missing_flag_review; transform=log1p_review; scaling=robust_scaling_review,"Review missingness, skew/tail behavior, and scaling/transform need; keep raw until model pipeline comparison.",80.14379973399326,2.833771833123407,62.85129380936784,0.0,37.14870619063216,42.13696670532227,22.2109400589584,9996,extreme_missing; high_zero; extreme_skew; high_outlier_burden; high_coefficient_of_variation; high_missing; missing_indicator_candidate; zero_pattern_review; transform_review_candidate; tail_review_candidate; unstable_spread_review,No final drop decision from numeric EDA alone; validate with target analysis and CV model performance.
cc_payment_current_min_min,continuous_amount_numeric,continuous,credit_card,high,7,keep_but_review_before_final_FE,continuous_transform_review,missing=missing_flag_review; transform=log1p_review; scaling=robust_scaling_review,"Review missingness, skew/tail behavior, and scaling/transform need; keep raw until model pipeline comparison.",80.14379973399326,2.833771833123407,63.08057648214871,0.0,36.9194235178513,42.22478485107422,22.20930232558139,9923,extreme_missing; high_zero; extreme_skew; high_outlier_burden; high_coefficient_of_variation; high_missing; missing_indicator_candidate; zero_pattern_review; transform_review_candidate; tail_review_candidate; unstable_spread_review,No final drop decision from numeric EDA alone; validate with target analysis and CV model performance.
cc_payment_total_min_max,continuous_amount_numeric,continuous,credit_card,high,7,keep_but_review_before_final_FE,continuous_transform_review,missing=missing_flag_review; zero=zero_flag_review; transform=log1p_review; scaling=standard_scaling_review,"Review missingness, skew/tail behavior, and scaling/transform need; keep raw until model pipeline comparison.",71.73922233676193,5.90342716197118,97.07036419078304,0.0,2.929635809216961,95.93778991699219,0.0,1529,high_missing; almost_all_zero; extreme_skew; high_coefficient_of_variation; zero_heavy; missing_indicator_candidate; rare_event_candidate; transform_review_candidate; unstable_spread_review,No final drop decision from numeric EDA alone; validate with target analysis and CV model performance.
cc_payment_total_min_mean,continuous_amount_numeric,continuous,credit_card,high,7,keep_but_review_before_final_FE,continuous_transform_review,missing=missing_flag_review; zero=zero_flag_review; transform=log1p_review; scaling=standard_scaling_review,"Review missingness, skew/tail behavior, and scaling/transform need; keep raw until model pipeline comparison.",71.73922233676193,5.90342716197118,97.07036419078304,0.0,2.929635809216961,98.29814910888672,0.0,1531,high_missing; almost_all_zero; extreme_skew; high_coefficient_of_variation; zero_heavy; missing_indicator_candidate; rare_event_candidate; transform_review_candidate; unstable_spread_review,No final drop decision from numeric EDA alone; validate with target analysis and CV model performance.
cc_payment_total_min_min,continuous_amount_numeric,continuous,credit_card,high,7,keep_but_review_before_final_FE,continuous_transform_review,missing=missing_flag_review; zero=zero_flag_review; transform=log1p_review; scaling=standard_scaling_review,"Review missingness, skew/tail behavior, and scaling/transform need; keep raw until model pipeline comparison.",71.73922233676193,5.90342716197118,97.10718600770957,0.0,2.892813992290432,99.29984283447266,0.0,1507,high_missing; almost_all_zero; extreme_skew; high_coefficient_of_variation; zero_heavy; missing_indicator_candidate; rare_event_candidate; transform_review_candidate; unstable_spread_review,No final drop decision from numeric EDA alone; validate with target analysis and CV model performance.
cc_payment_total_min_sum,continuous_amount_numeric,continuous,credit_card,high,7,keep_but_review_before_final_FE,continuous_transform_review,missing=missing_flag_review; zero=zero_flag_review; transform=log1p_review; scaling=standard_scaling_review,"Review missingness, skew/tail behavior, and scaling/transform need; keep raw until model pipeline comparison.",71.73922233676193,5.90342716197118,97.07036419078304,0.0,2.929635809216961,95.93778991699219,0.0,1529,high_missing; almost_all_zero; extreme_skew; high_coefficient_of_variation; zero_heavy; missing_indicator_candidate; rare_event_candidate; transform_review_candidate; unstable_spread_review,No final drop decision from numeric EDA alone; validate with target analysis and CV model performance.
cc_principal_receivable_sum_max,continuous_amount_numeric,continuous,credit_card,high,7,keep_but_review_before_final_FE,amount_value_validity_review,missing=missing_flag_review; transform=yeo_johnson_review; scaling=standard_scaling_review; tail=extreme_tail_review,"Review missingness, skew/tail behavior, and scaling/transform need; keep raw until model pipeline comparison.",71.73922233676193,5.90342716197118,32.20873367470226,0.03912318048443703,67.7521431448133,2.110891103744507,7.988032909498878,57746,high_missing; suspicious_negative_amount; high_skew; top_5pct_tail_gap; negative_amount_value; missing_indicator_candidate; negative_value_review; transform_review_candidate; tail_review_candidate,No final drop decision from numeric EDA alone; validate with target analysis and CV model performance.
cc_principal_receivable_sum_mean,continuous_amount_numeric,continuous,credit_card,high,7,keep_but_review_before_final_FE,amount_value_validity_review,missing=missing_flag_review; transform=yeo_johnson_review; scaling=standard_scaling_review; tail=extreme_tail_review,"Review missingness, skew/tail behavior, and scaling/transform need; keep raw until model pipeline comparison.",71.73922233676193,5.90342716197118,32.20873367470226,0.03912318048443703,67.7521431448133,2.118392944335938,8.070881997583568,57760,high_missing; suspicious_negative_amount; high_skew; top_5pct_tail_gap; negative_amount_value; missing_indicator_candidate; negative_value_review; transform_review_candidate; tail_review_candidate,No final drop decision from numeric EDA alone; validate with target analysis and CV model performance.
cc_principal_receivable_sum_min,continuous_amount_numeric,continuous,credit_card,high,7,keep_but_review_before_final_FE,amount_value_validity_review,missing=missing_flag_review; transform=yeo_johnson_review; scaling=standard_scaling_review; tail=extreme_tail_review,"Review missingness, skew/tail behavior, and scaling/transform need; keep raw until model pipeline comparison.",71.73922233676193,5.90342716197118,32.49410275588286,0.03912318048443703,67.46677406363271,2.120864391326904,8.135320177204994,57514,high_missing; suspicious_negative_amount; high_skew; top_5pct_tail_gap; negative_amount_value; missing_indicator_candidate; negative_value_review; transform_review_candidate; tail_review_candidate,No final drop decision from numeric EDA alone; validate with target analysis and CV model performance.
cc_principal_receivable_sum_sum,continuous_amount_numeric,continuous,credit_card,high,7,keep_but_review_before_final_FE,amount_value_validity_review,missing=missing_flag_review; transform=yeo_johnson_review; scaling=standard_scaling_review; tail=extreme_tail_review,"Review missingness, skew/tail behavior, and scaling/transform need; keep raw until model pipeline comparison.",71.73922233676193,5.90342716197118,32.20873367470226,0.03912318048443703,67.7521431448133,2.10822606086731,7.978827455267245,57752,high_missing; suspicious_negative_amount; high_skew; top_5pct_tail_gap; negative_amount_value; missing_indicator_candidate; negative_value_review; transform_review_candidate; tail_review_candidate,No final drop decision from numeric EDA alone; validate with target analysis and CV model performance.
cc_recivable_sum_max,continuous_amount_numeric,continuous,credit_card,high,7,keep_but_review_before_final_FE,amount_value_validity_review,missing=missing_flag_review; transform=yeo_johnson_review; scaling=standard_scaling_review; tail=extreme_tail_review,"Review missingness, skew/tail behavior, and scaling/transform need; keep raw until model pipeline comparison.",71.73922233676193,5.90342716197118,31.22605143547552,0.5189574823082677,68.25499108221621,2.118135452270508,7.98573154594097,58833,high_missing; suspicious_negative_amount; high_skew; top_5pct_tail_gap; negative_amount_value; missing_indicator_candidate; negative_value_review; transform_review_candidate; tail_review_candidate,No final drop decision from numeric EDA alone; validate with target analysis and CV model performance.
cc_recivable_sum_mean,continuous_amount_numeric,continuous,credit_card,high,7,keep_but_review_before_final_FE,amount_value_validity_review,missing=missing_flag_review; transform=yeo_johnson_review; scaling=standard_scaling_review; tail=extreme_tail_review,"Review missingness, skew/tail behavior, and scaling/transform need; keep raw until model pipeline comparison.",71.73922233676193,5.90342716197118,31.21914734480179,0.5258615729819919,68.25499108221621,2.125436782836914,8.063977906909845,58853,high_missing; suspicious_negative_amount; high_skew; top_5pct_tail_gap; negative_amount_value; missing_indicator_candidate; negative_value_review; transform_review_candidate; tail_review_candidate,No final drop decision from numeric EDA alone; validate with target analysis and CV model performance.
cc_recivable_sum_min,continuous_amount_numeric,continuous,credit_card,high,7,keep_but_review_before_final_FE,amount_value_validity_review,missing=missing_flag_review; transform=yeo_johnson_review; scaling=standard_scaling_review; tail=extreme_tail_review,"Review missingness, skew/tail behavior, and scaling/transform need; keep raw until model pipeline comparison.",71.73922233676193,5.90342716197118,31.50221506242449,0.5281629365398999,67.96962200103562,2.127926826477051,8.110005178068006,58601,high_missing; suspicious_negative_amount; high_skew; top_5pct_tail_gap; negative_amount_value; missing_indicator_candidate; negative_value_review; transform_review_candidate; tail_review_candidate,No final drop decision from numeric EDA alone; validate with target analysis and CV model performance.
cc_recivable_sum_sum,continuous_amount_numeric,continuous,credit_card,high,7,keep_but_review_before_final_FE,amount_value_validity_review,missing=missing_flag_review; transform=yeo_johnson_review; scaling=standard_scaling_review; tail=extreme_tail_review,"Review missingness, skew/tail behavior, and scaling/transform need; keep raw until model pipeline comparison.",71.73922233676193,5.90342716197118,31.21914734480179,0.5258615729819919,68.25499108221621,2.115551471710205,7.981128818825153,58845,high_missing; suspicious_negative_amount; high_skew; top_5pct_tail_gap; negative_amount_value; missing_indicator_candidate; negative_value_review; transform_review_candidate; tail_review_candidate,No final drop decision from numeric EDA alone; validate with target analysis and CV model performance.
cc_total_receivable_min_max,continuous_amount_numeric,continuous,credit_card,high,7,keep_but_review_before_final_FE,amount_value_validity_review,missing=missing_flag_review; transform=yeo_johnson_review; scaling=standard_scaling_review,"Review missingness, skew/tail behavior, and scaling/transform need; keep raw until model pipeline comparison.",71.73922233676193,5.90342716197118,72.2075829929233,15.29025947874115,12.50215752833554,6.852805614471436,0.0,19851,high_missing; high_zero; suspicious_negative_amount; extreme_skew; negative_amount_value; missing_indicator_candidate; zero_pattern_review; negative_value_review; transform_review_candidate,No final drop decision from numeric EDA alone; validate with target analysis and CV model performance.
cc_total_receivable_min_mean,continuous_amount_numeric,continuous,credit_card,high,7,keep_but_review_before_final_FE,amount_value_validity_review,missing=missing_flag_review; transform=yeo_johnson_review; scaling=standard_scaling_review,"Review missingness, skew/tail behavior, and scaling/transform need; keep raw until model pipeline comparison.",71.73922233676193,5.90342716197118,71.96133709222714,15.53650537943732,12.50215752833554,6.876212596893311,0.0,20008,high_missing; high_zero; suspicious_negative_amount; extreme_skew; negative_amount_value; missing_indicator_candidate; zero_pattern_review; negative_value_review; transform_review_candidate,No final drop decision from numeric EDA alone; validate with target analysis and CV model performance.
cc_total_receivable_min_min,continuous_amount_numeric,continuous,credit_card,high,7,keep_but_review_before_final_FE,amount_value_validity_review,missing=missing_flag_review; transform=yeo_johnson_review; scaling=standard_scaling_review,"Review missingness, skew/tail behavior, and scaling/transform need; keep raw until model pipeline comparison.",71.73922233676193,5.90342716197118,72.02807663540648,15.5744778781428,12.39744548645072,6.890161037445068,0.0,19918,high_missing; high_zero; suspicious_negative_amount; extreme_skew; negative_amount_value; missing_indicator_candidate; zero_pattern_review; negative_value_review; transform_review_candidate,No final drop decision from numeric EDA alone; validate with target analysis and CV model performance.
cc_total_receivable_min_sum,continuous_amount_numeric,continuous,credit_card,high,7,keep_but_review_before_final_FE,amount_value_validity_review,missing=missing_flag_review; transform=yeo_johnson_review; scaling=standard_scaling_review,"Review missingness, skew/tail behavior, and scaling/transform need; keep raw until model pipeline comparison.",71.73922233676193,5.90342716197118,71.96133709222714,15.53650537943732,12.50215752833554,6.852321147918701,0.0,19985,high_missing; high_zero; suspicious_negative_amount; extreme_skew; negative_amount_value; missing_indicator_candidate; zero_pattern_review; negative_value_review; transform_review_candidate,No final drop decision from numeric EDA alone; validate with target analysis and CV model performance.
cc_total_receivable_sum_max,continuous_amount_numeric,continuous,credit_card,high,7,keep_but_review_before_final_FE,amount_value_validity_review,missing=missing_flag_review; transform=yeo_johnson_review; scaling=standard_scaling_review; tail=extreme_tail_review,"Review missingness, skew/tail behavior, and scaling/transform need; keep raw until model pipeline comparison.",71.73922233676193,5.90342716197118,31.22605143547552,0.5178068005293136,68.25614176399517,2.119309663772583,7.988032909498878,58829,high_missing; suspicious_negative_amount; high_skew; top_5pct_tail_gap; negative_amount_value; missing_indicator_candidate; negative_value_review; transform_review_candidate; tail_review_candidate,No final drop decision from numeric EDA alone; validate with target analysis and CV model performance.
cc_total_receivable_sum_mean,continuous_amount_numeric,continuous,credit_card,high,7,keep_but_review_before_final_FE,amount_value_validity_review,missing=missing_flag_review; transform=yeo_johnson_review; scaling=standard_scaling_review; tail=extreme_tail_review,"Review missingness, skew/tail behavior, and scaling/transform need; keep raw until model pipeline comparison.",71.73922233676193,5.90342716197118,31.21914734480179,0.5247108912030378,68.25614176399517,2.126330375671387,8.060525861572982,58849,high_missing; suspicious_negative_amount; high_skew; top_5pct_tail_gap; negative_amount_value; missing_indicator_candidate; negative_value_review; transform_review_candidate; tail_review_candidate,No final drop decision from numeric EDA alone; validate with target analysis and CV model performance.
cc_total_receivable_sum_min,continuous_amount_numeric,continuous,credit_card,high,7,keep_but_review_before_final_FE,amount_value_validity_review,missing=missing_flag_review; transform=yeo_johnson_review; scaling=standard_scaling_review; tail=extreme_tail_review,"Review missingness, skew/tail behavior, and scaling/transform need; keep raw until model pipeline comparison.",71.73922233676193,5.90342716197118,31.50221506242449,0.5270122547609459,67.97077268281457,2.128819704055786,8.11115585984696,58598,high_missing; suspicious_negative_amount; high_skew; top_5pct_tail_gap; negative_amount_value; missing_indicator_candidate; negative_value_review; transform_review_candidate; tail_review_candidate,No final drop decision from numeric EDA alone; validate with target analysis and CV model performance.
cc_total_receivable_sum_sum,continuous_amount_numeric,continuous,credit_card,high,7,keep_but_review_before_final_FE,amount_value_validity_review,missing=missing_flag_review; transform=yeo_johnson_review; scaling=standard_scaling_review; tail=extreme_tail_review,"Review missingness, skew/tail behavior, and scaling/transform need; keep raw until model pipeline comparison.",71.73922233676193,5.90342716197118,31.21914734480179,0.5247108912030378,68.25614176399517,2.116805076599121,7.979978137046199,58841,high_missing; suspicious_negative_amount; high_skew; top_5pct_tail_gap; negative_amount_value; missing_indicator_candidate; negative_value_review; transform_review_candidate; tail_review_candidate,No final drop decision from numeric EDA alone; validate with target analysis and CV model performance.
prev_canceled_down_payment_sum,continuous_amount_numeric,continuous,previous_application,high,7,keep_but_review_before_final_FE,continuous_transform_review,missing=missing_flag_review; zero=zero_flag_review; transform=log1p_review; scaling=standard_scaling_review,"Review missingness, skew/tail behavior, and scaling/transform need; keep raw until model pipeline comparison.",63.99283277671368,9.060943723702032,99.90155880281054,0.0,0.09844119718945867,173.7174224853516,0.0,90,high_missing; almost_all_zero; extreme_skew; high_coefficient_of_variation; zero_heavy; missing_indicator_candidate; rare_event_candidate; transform_review_candidate; unstable_spread_review,No final drop decision from numeric EDA alone; validate with target analysis and CV model performance.
prev_latest_down_payment,continuous_amount_numeric,continuous,previous_application,high,7,keep_but_review_before_final_FE,amount_value_validity_review,missing=missing_flag_review; transform=yeo_johnson_review; scaling=standard_scaling_review,"Review missingness, skew/tail behavior, and scaling/transform need; keep raw until model pipeline comparison.",57.47371638738127,0.5785087720850299,57.58528136541947,0.000764683841465746,42.41395395073907,35.10618591308594,9.731366566493085,11004,high_missing; high_zero; suspicious_negative_amount; extreme_skew; negative_amount_value; missing_indicator_candidate; zero_pattern_review; negative_value_review; transform_review_candidate,No final drop decision from numeric EDA alone; validate with target analysis and CV model performance.
prev_latest_sellerplace_area,continuous_amount_numeric,continuous,previous_application,high,7,keep_but_review_before_final_FE,amount_value_validity_review,transform=yeo_johnson_review; scaling=robust_scaling_review,"Review missingness, skew/tail behavior, and scaling/transform need; keep raw until model pipeline comparison.",5.350702901684818,3.414054288522173,2.599834396698928,45.78553341785286,51.61463218544821,367.5523071289062,15.39492264401818,1631,suspicious_negative_amount; extreme_skew; high_outlier_burden; high_coefficient_of_variation; negative_amount_value; negative_value_review; transform_review_candidate; tail_review_candidate; unstable_spread_review,No final drop decision from numeric EDA alone; validate with target analysis and CV model performance.
prev_canceled_application_credit_diff_sum,continuous_stat_numeric,continuous,previous_application,high,7,keep_but_review_before_final_FE,signed_continuous_transform_review,missing=missing_flag_review; zero=zero_flag_review; transform=yeo_johnson_review; scaling=standard_scaling_review,"Review missingness, skew/tail behavior, and scaling/transform need; keep raw until model pipeline comparison.",63.99283277671368,9.060943723702032,96.0551270704261,3.850947383631667,0.09392554594223579,2.157428503036499,0.0,1134,high_missing; almost_all_zero; has_negative_values; high_skew; high_coefficient_of_variation; zero_heavy; missing_indicator_candidate; rare_event_candidate; negative_value_review; transform_review_candidate; unstable_spread_review,No final drop decision from numeric EDA alone; validate with target analysis and CV model performance.
bureau_bal_month_count_max,discrete_count_numeric,discrete_count,bureau,high,7,keep_but_review_before_final_FE,count_activity_flag_or_binning_review,missing=missing_flag_review; train_test_stability_review; zero=activity_flag_review,"Review zero/non-zero activity signal, count bins, and count validity; do not treat skew as continuous-only problem.",70.0072517731073,56.80973002684109,0.0,0.0,100.0,0.309209406375885,0.0,97,high_missing; train_test_missing_gap; unstable_sparse_feature; missing_gap_gt_20; missing_indicator_candidate; stability_review_candidate,No final drop decision from numeric EDA alone; validate with target analysis and CV model performance.
bureau_bal_old_count_max,discrete_count_numeric,discrete_count,bureau,high,7,keep_but_review_before_final_FE,count_activity_flag_or_binning_review,missing=missing_flag_review; train_test_stability_review; zero=activity_flag_review,"Review zero/non-zero activity signal, count bins, and count validity; do not treat skew as continuous-only problem.",70.0072517731073,56.80973002684109,7.163535037026596,0.0,92.83646496297341,0.3031547963619232,0.0,85,high_missing; train_test_missing_gap; unstable_sparse_feature; missing_gap_gt_20; missing_indicator_candidate; stability_review_candidate,No final drop decision from numeric EDA alone; validate with target analysis and CV model performance.
bureau_bal_status_0_count_max,discrete_count_numeric,discrete_count,bureau,high,7,keep_but_review_before_final_FE,count_activity_flag_or_binning_review,missing=missing_flag_review; train_test_stability_review; zero=activity_flag_review,"Review zero/non-zero activity signal, count bins, and count validity; do not treat skew as continuous-only problem.",70.0072517731073,56.80973002684109,2.636857455736141,0.0,97.36314254426387,1.843518257141113,4.135269052704622,96,high_missing; train_test_missing_gap; unstable_sparse_feature; missing_gap_gt_20; missing_indicator_candidate; stability_review_candidate,No final drop decision from numeric EDA alone; validate with target analysis and CV model performance.
bureau_bal_status_C_count_max,discrete_count_numeric,discrete_count,bureau,high,7,keep_but_review_before_final_FE,count_activity_flag_or_binning_review,missing=missing_flag_review; train_test_stability_review; zero=activity_flag_review,"Review zero/non-zero activity signal, count bins, and count validity; do not treat skew as continuous-only problem.",70.0072517731073,56.80973002684109,20.15374440264119,0.0,79.8462555973588,0.613010048866272,0.0,97,high_missing; train_test_missing_gap; unstable_sparse_feature; missing_gap_gt_20; missing_indicator_candidate; stability_review_candidate,No final drop decision from numeric EDA alone; validate with target analysis and CV model performance.
bureau_bal_unique_status_count_max,discrete_count_numeric,discrete_count,bureau,high,7,keep_but_review_before_final_FE,count_activity_flag_or_binning_review,missing=missing_flag_review; train_test_stability_review; zero=activity_flag_review; binning=ordinal_count_bin_review,"Review zero/non-zero activity signal, count bins, and count validity; do not treat skew as continuous-only problem.",70.0072517731073,56.80973002684109,0.0,0.0,100.0,1.637792944908142,3.622426299183572,8,high_missing; train_test_missing_gap; unstable_sparse_feature; missing_gap_gt_20; missing_indicator_candidate; stability_review_candidate,No final drop decision from numeric EDA alone; validate with target analysis and CV model performance.
bureau_prolong_mean,discrete_count_numeric,discrete_count,bureau,high,7,keep_but_review_before_final_FE,count_validity_review,zero=zero_flag_review; activity_flag_review; transform=log1p_review; binning=zero_vs_activity_split_review; special=count_integer_validity_review,"Review zero/non-zero activity signal, count bins, and count validity; do not treat skew as continuous-only problem.",14.31493507549323,1.135877140157604,96.77104720844355,0.0,3.228952791556448,20.23048782348633,0.0,111,almost_all_zero; extreme_skew; not_integer_like_count; not_integer_like; zero_heavy; rare_event_candidate; transform_review_candidate; count_validity_review,No final drop decision from numeric EDA alone; validate with target analysis and CV model performance.
cc_atm_drawing_count_mean_sum,discrete_count_numeric,discrete_count,credit_card,high,7,keep_but_review_before_final_FE,count_validity_review,missing=missing_flag_review; zero=activity_flag_review; transform=log1p_review; special=count_integer_validity_review,"Review zero/non-zero activity signal, count bins, and count validity; do not treat skew as continuous-only problem.",71.73922233676193,5.90342716197118,40.9838329210057,0.0,59.01616707899431,6.751395225524902,9.388412634485933,3416,high_missing; extreme_skew; not_integer_like_count; not_integer_like; missing_indicator_candidate; transform_review_candidate; count_validity_review,No final drop decision from numeric EDA alone; validate with target analysis and CV model performance.
cc_drawing_count_mean_max,discrete_count_numeric,discrete_count,credit_card,high,7,keep_but_review_before_final_FE,count_validity_review,missing=missing_flag_review; zero=activity_flag_review; transform=log1p_review; special=count_integer_validity_review,"Review zero/non-zero activity signal, count bins, and count validity; do not treat skew as continuous-only problem.",71.73922233676193,5.90342716197118,31.91185777573212,0.0,68.08814222426788,5.969188690185547,13.0337725102123,6413,high_missing; extreme_skew; not_integer_like_count; not_integer_like; missing_indicator_candidate; transform_review_candidate; count_validity_review,No final drop decision from numeric EDA alone; validate with target analysis and CV model performance.
cc_drawing_count_mean_mean,discrete_count_numeric,discrete_count,credit_card,high,7,keep_but_review_before_final_FE,count_validity_review,missing=missing_flag_review; zero=activity_flag_review; transform=log1p_review; special=count_integer_validity_review,"Review zero/non-zero activity signal, count bins, and count validity; do not treat skew as continuous-only problem.",71.73922233676193,5.90342716197118,31.91185777573212,0.0,68.08814222426788,5.976894378662109,12.97278637592774,6627,high_missing; extreme_skew; not_integer_like_count; not_integer_like; missing_indicator_candidate; transform_review_candidate; count_validity_review,No final drop decision from numeric EDA alone; validate with target analysis and CV model performance.
cc_drawing_count_mean_min,discrete_count_numeric,discrete_count,credit_card,high,7,keep_but_review_before_final_FE,count_validity_review,missing=missing_flag_review; zero=activity_flag_review; transform=log1p_review; special=count_integer_validity_review,"Review zero/non-zero activity signal, count bins, and count validity; do not treat skew as continuous-only problem.",71.73922233676193,5.90342716197118,32.20067890224959,0.0,67.79932109775042,5.992935657501221,13.11086818940222,6412,high_missing; extreme_skew; not_integer_like_count; not_integer_like; missing_indicator_candidate; transform_review_candidate; count_validity_review,No final drop decision from numeric EDA alone; validate with target analysis and CV model performance.
cc_drawing_count_mean_sum,discrete_count_numeric,discrete_count,credit_card,high,7,keep_but_review_before_final_FE,count_validity_review,missing=missing_flag_review; zero=activity_flag_review; transform=log1p_review; special=count_integer_validity_review,"Review zero/non-zero activity signal, count bins, and count validity; do not treat skew as continuous-only problem.",71.73922233676193,5.90342716197118,31.91185777573212,0.0,68.08814222426788,5.963719367980957,13.0464300097808,6581,high_missing; extreme_skew; not_integer_like_count; not_integer_like; missing_indicator_candidate; transform_review_candidate; count_validity_review,No final drop decision from numeric EDA alone; validate with target analysis and CV model performance.
cc_drawing_count_sum_mean,discrete_count_numeric,discrete_count,credit_card,high,7,keep_but_review_before_final_FE,count_validity_review,missing=missing_flag_review; zero=activity_flag_review; transform=log1p_review; special=count_integer_validity_review,"Review zero/non-zero activity signal, count bins, and count validity; do not treat skew as continuous-only problem.",71.73922233676193,5.90342716197118,31.91185777573212,0.0,68.08814222426788,7.232760906219482,8.64277084172372,614,high_missing; extreme_skew; not_integer_like_count; not_integer_like; extreme_count_tail; missing_indicator_candidate; transform_review_candidate; count_validity_review,No final drop decision from numeric EDA alone; validate with target analysis and CV model performance.
cc_latest_drawing_count_mean,discrete_count_numeric,discrete_count,credit_card,high,7,keep_but_review_before_final_FE,count_validity_review,missing=missing_flag_review; zero=activity_flag_review; transform=log1p_review; special=count_integer_validity_review,"Review zero/non-zero activity signal, count bins, and count validity; do not treat skew as continuous-only problem.",71.73922233676193,5.90342716197118,79.21983775386917,0.0,20.78016224613083,7.730780124664307,0.0,108,high_missing; high_zero; extreme_skew; not_integer_like_count; not_integer_like; missing_indicator_candidate; zero_pattern_review; transform_review_candidate; count_validity_review,No final drop decision from numeric EDA alone; validate with target analysis and CV model performance.
cc_missing_min_instalment_count_mean,discrete_count_numeric,discrete_count,installments,high,7,keep_but_review_before_final_FE,count_validity_review,missing=missing_flag_review; zero=activity_flag_review; transform=log1p_review; special=count_integer_validity_review,"Review zero/non-zero activity signal, count bins, and count validity; do not treat skew as continuous-only problem.",71.73922233676193,5.90342716197118,60.79742247281514,0.0,39.20257752718486,5.296551704406738,14.40653587250446,92,high_missing; high_zero; extreme_skew; not_integer_like_count; not_integer_like; missing_indicator_candidate; zero_pattern_review; transform_review_candidate; count_validity_review,No final drop decision from numeric EDA alone; validate with target analysis and CV model performance.
cc_no_payment_with_balance_count_mean,discrete_count_numeric,discrete_count,credit_card,high,7,keep_but_review_before_final_FE,count_validity_review,missing=missing_flag_review; zero=activity_flag_review; transform=log1p_review; special=count_integer_validity_review,"Review zero/non-zero activity signal, count bins, and count validity; do not treat skew as continuous-only problem.",71.73922233676193,5.90342716197118,43.90426327599102,0.0,56.09573672400897,8.118141174316406,6.145791381393476,99,high_missing; extreme_skew; not_integer_like_count; not_integer_like; missing_indicator_candidate; transform_review_candidate; count_validity_review,No final drop decision from numeric EDA alone; validate with target analysis and CV model performance.
cc_pos_drawing_count_max_mean,discrete_count_numeric,discrete_count,pos_cash,high,7,keep_but_review_before_final_FE,count_validity_review,missing=missing_flag_review; zero=activity_flag_review; transform=log1p_review; special=count_integer_validity_review,"Review zero/non-zero activity signal, count bins, and count validity; do not treat skew as continuous-only problem.",80.11778440446032,2.795447296303422,44.06934903500164,0.0,55.93065096499836,3.197325944900513,9.735034347399411,151,extreme_missing; high_skew; not_integer_like_count; high_missing; not_integer_like; missing_indicator_candidate; transform_review_candidate; count_validity_review,No final drop decision from numeric EDA alone; validate with target analysis and CV model performance.
inst_late_60plus_count_mean,discrete_count_numeric,discrete_count,other,high,7,keep_but_review_before_final_FE,count_validity_review,zero=zero_flag_review; activity_flag_review; transform=log1p_review; binning=zero_vs_activity_split_review; special=count_integer_validity_review,"Review zero/non-zero activity signal, count bins, and count validity; do not treat skew as continuous-only problem.",5.160140612856125,3.518912974582697,96.99084154257088,0.0,3.009158457429117,45.70560455322266,0.0,104,almost_all_zero; extreme_skew; not_integer_like_count; not_integer_like; zero_heavy; rare_event_candidate; transform_review_candidate; count_validity_review,No final drop decision from numeric EDA alone; validate with target analysis and CV model performance.
inst_late_90plus_count_mean,discrete_count_numeric,discrete_count,other,high,7,keep_but_review_before_final_FE,count_validity_review,zero=zero_flag_review; activity_flag_review; transform=log1p_review; binning=zero_vs_activity_split_review; special=count_integer_validity_review,"Review zero/non-zero activity signal, count bins, and count validity; do not treat skew as continuous-only problem.",5.160140612856125,3.518912974582697,97.55625885071817,0.0,2.443741149281828,54.3884162902832,0.0,96,almost_all_zero; extreme_skew; not_integer_like_count; not_integer_like; zero_heavy; rare_event_candidate; transform_review_candidate; count_validity_review,No final drop decision from numeric EDA alone; validate with target analysis and CV model performance.
inst_missing_payment_amount_count_mean,discrete_count_numeric,discrete_count,other,high,7,keep_but_review_before_final_FE,count_validity_review,zero=zero_flag_review; activity_flag_review; transform=log1p_review; binning=zero_vs_activity_split_review; special=count_integer_validity_review,"Review zero/non-zero activity signal, count bins, and count validity; do not treat skew as continuous-only problem.",5.160140612856125,3.518912974582697,99.63139866206286,0.0,0.3686013379371355,182.2671661376953,0.0,65,almost_all_zero; extreme_skew; not_integer_like_count; not_integer_like; zero_heavy; rare_event_candidate; transform_review_candidate; count_validity_review,No final drop decision from numeric EDA alone; validate with target analysis and CV model performance.
inst_missing_payment_day_count_mean,discrete_count_numeric,discrete_count,other,high,7,keep_but_review_before_final_FE,count_validity_review,zero=zero_flag_review; activity_flag_review; transform=log1p_review; binning=zero_vs_activity_split_review; special=count_integer_validity_review,"Review zero/non-zero activity signal, count bins, and count validity; do not treat skew as continuous-only problem.",5.160140612856125,3.518912974582697,99.63139866206286,0.0,0.3686013379371355,182.2671661376953,0.0,65,almost_all_zero; extreme_skew; not_integer_like_count; not_integer_like; zero_heavy; rare_event_candidate; transform_review_candidate; count_validity_review,No final drop decision from numeric EDA alone; validate with target analysis and CV model performance.
inst_recent_12m_underpaid_count_mean,discrete_count_numeric,discrete_count,other,high,7,keep_but_review_before_final_FE,count_validity_review,zero=zero_flag_review; activity_flag_review; transform=log1p_review; binning=zero_vs_activity_split_review; special=count_integer_validity_review,"Review zero/non-zero activity signal, count bins, and count validity; do not treat skew as continuous-only problem.",5.160140612856125,3.518912974582697,99.37252051309306,0.0,0.6274794869069376,70.80601501464844,0.0,66,almost_all_zero; extreme_skew; not_integer_like_count; not_integer_like; zero_heavy; rare_event_candidate; transform_review_candidate; count_validity_review,No final drop decision from numeric EDA alone; validate with target analysis and CV model performance.
inst_recent_24m_underpaid_count_mean,discrete_count_numeric,discrete_count,other,high,7,keep_but_review_before_final_FE,count_validity_review,zero=zero_flag_review; activity_flag_review; transform=log1p_review; binning=zero_vs_activity_split_review; special=count_integer_validity_review,"Review zero/non-zero activity signal, count bins, and count validity; do not treat skew as continuous-only problem.",5.160140612856125,3.518912974582697,99.33857490150629,0.0,0.6614250984937063,129.3782501220703,0.0,69,almost_all_zero; extreme_skew; not_integer_like_count; not_integer_like; zero_heavy; rare_event_candidate; transform_review_candidate; count_validity_review,No final drop decision from numeric EDA alone; validate with target analysis and CV model performance.
inst_recent_6m_underpaid_count_mean,discrete_count_numeric,discrete_count,other,high,7,keep_but_review_before_final_FE,count_validity_review,zero=zero_flag_review; activity_flag_review; transform=log1p_review; binning=zero_vs_activity_split_review; special=count_integer_validity_review,"Review zero/non-zero activity signal, count bins, and count validity; do not treat skew as continuous-only problem.",5.160140612856125,3.518912974582697,99.40646612467982,0.0,0.5935338753201689,41.26217651367188,0.0,60,almost_all_zero; extreme_skew; not_integer_like_count; not_integer_like; zero_heavy; rare_event_candidate; transform_review_candidate; count_validity_review,No final drop decision from numeric EDA alone; validate with target analysis and CV model performance.
pos_dpd_30plus_count_mean,discrete_count_numeric,discrete_count,pos_cash,high,7,keep_but_review_before_final_FE,count_validity_review,zero=zero_flag_review; activity_flag_review; transform=log1p_review; binning=zero_vs_activity_split_review; special=count_integer_validity_review,"Review zero/non-zero activity signal, count bins, and count validity; do not treat skew as continuous-only problem.",5.875236983392464,3.955000646612553,97.44441066320255,0.0,2.555589336797446,22.97754287719727,0.0,421,almost_all_zero; extreme_skew; not_integer_like_count; not_integer_like; zero_heavy; rare_event_candidate; transform_review_candidate; count_validity_review,No final drop decision from numeric EDA alone; validate with target analysis and CV model performance.
pos_dpd_60plus_count_mean,discrete_count_numeric,discrete_count,pos_cash,high,7,keep_but_review_before_final_FE,count_validity_review,zero=zero_flag_review; activity_flag_review; transform=log1p_review; binning=zero_vs_activity_split_review; special=count_integer_validity_review,"Review zero/non-zero activity signal, count bins, and count validity; do not treat skew as continuous-only problem.",5.875236983392464,3.955000646612553,98.23523721341607,0.0,1.764762786583933,23.22661209106445,0.0,406,almost_all_zero; extreme_skew; not_integer_like_count; not_integer_like; zero_heavy; rare_event_candidate; transform_review_candidate; count_validity_review,No final drop decision from numeric EDA alone; validate with target analysis and CV model performance.
pos_dpd_90plus_count_mean,discrete_count_numeric,discrete_count,pos_cash,high,7,keep_but_review_before_final_FE,count_validity_review,zero=zero_flag_review; activity_flag_review; transform=log1p_review; binning=zero_vs_activity_split_review; special=count_integer_validity_review,"Review zero/non-zero activity signal, count bins, and count validity; do not treat skew as continuous-only problem.",5.875236983392464,3.955000646612553,98.39381711142742,0.0,1.606182888572574,23.45110321044922,0.0,406,almost_all_zero; extreme_skew; not_integer_like_count; not_integer_like; zero_heavy; rare_event_candidate; transform_review_candidate; count_validity_review,No final drop decision from numeric EDA alone; validate with target analysis and CV model performance.
pos_dpd_def_30plus_count_mean,discrete_count_numeric,discrete_count,pos_cash,high,7,keep_but_review_before_final_FE,count_validity_review,zero=zero_flag_review; activity_flag_review; transform=log1p_review; binning=zero_vs_activity_split_review; special=count_integer_validity_review,"Review zero/non-zero activity signal, count bins, and count validity; do not treat skew as continuous-only problem.",5.875236983392464,3.955000646612553,99.77819543676843,0.0,0.221804563231575,126.8093185424805,0.0,99,almost_all_zero; extreme_skew; not_integer_like_count; not_integer_like; zero_heavy; rare_event_candidate; transform_review_candidate; count_validity_review,No final drop decision from numeric EDA alone; validate with target analysis and CV model performance.
pos_dpd_def_60plus_count_mean,discrete_count_numeric,discrete_count,pos_cash,high,7,keep_but_review_before_final_FE,count_validity_review,zero=zero_flag_review; activity_flag_review; transform=log1p_review; binning=zero_vs_activity_split_review; special=count_integer_validity_review,"Review zero/non-zero activity signal, count bins, and count validity; do not treat skew as continuous-only problem.",5.875236983392464,3.955000646612553,99.92157377592902,0.0,0.07842622407097746,128.3217468261719,0.0,80,almost_all_zero; extreme_skew; not_integer_like_count; not_integer_like; zero_heavy; rare_event_candidate; transform_review_candidate; count_validity_review,No final drop decision from numeric EDA alone; validate with target analysis and CV model performance.
pos_dpd_def_90plus_count_mean,discrete_count_numeric,discrete_count,pos_cash,high,7,keep_but_review_before_final_FE,count_validity_review,zero=zero_flag_review; activity_flag_review; transform=log1p_review; binning=zero_vs_activity_split_review; special=count_integer_validity_review,"Review zero/non-zero activity signal, count bins, and count validity; do not treat skew as continuous-only problem.",5.875236983392464,3.955000646612553,99.95439532344771,0.0,0.04560467655228646,129.2013092041016,0.0,78,almost_all_zero; extreme_skew; not_integer_like_count; not_integer_like; zero_heavy; rare_event_candidate; transform_review_candidate; count_validity_review,No final drop decision from numeric EDA alone; validate with target analysis and CV model performance.
prev_unused_offer_cnt_payment_sum,discrete_count_numeric,discrete_count,previous_application,high,7,keep_but_review_before_final_FE,count_activity_flag_or_binning_review,missing=missing_flag_review; zero=zero_flag_review; activity_flag_review; transform=log1p_review; binning=zero_vs_activity_split_review,"Review zero/non-zero activity signal, count bins, and count validity; do not treat skew as continuous-only problem.",93.81062791249744,0.05960214522352203,96.22760468659696,0.0,3.772395313403037,6.668990612030029,0.0,15,extreme_missing; almost_all_zero; extreme_skew; high_missing; zero_heavy; missing_indicator_candidate; rare_event_candidate; transform_review_candidate,No final drop decision from numeric EDA alone; validate with target analysis and CV model performance.
bureau_bal_status_0_ratio_max,ratio_rate_numeric,ratio_rate,bureau,high,7,keep_but_review_before_final_FE,bounded_ratio_keep_review,missing=missing_flag_review; train_test_stability_review; special=bounded_0_1_ratio,Review boundedness and denominator-driven tail instability; keep bounded ratios carefully and review unbounded/signed ratios.,70.0072517731073,56.80973002684109,2.636857455736141,0.0,97.36314254426387,0.9100078344345093,0.0,2021,high_missing; train_test_missing_gap; unstable_sparse_feature; missing_gap_gt_20; missing_indicator_candidate; stability_review_candidate,No final drop decision from numeric EDA alone; validate with target analysis and CV model performance.
bureau_bal_status_0_ratio_mean,ratio_rate_numeric,ratio_rate,bureau,high,7,keep_but_review_before_final_FE,bounded_ratio_keep_review,missing=missing_flag_review; train_test_stability_review; special=bounded_0_1_ratio,Review boundedness and denominator-driven tail instability; keep bounded ratios carefully and review unbounded/signed ratios.,70.0072517731073,56.80973002684109,2.636857455736141,0.0,97.36314254426387,0.2931488156318665,0.0,59102,high_missing; train_test_missing_gap; unstable_sparse_feature; missing_gap_gt_20; missing_indicator_candidate; stability_review_candidate,No final drop decision from numeric EDA alone; validate with target analysis and CV model performance.
bureau_bal_status_0_ratio_min,ratio_rate_numeric,ratio_rate,bureau,high,7,keep_but_review_before_final_FE,bounded_ratio_keep_review,missing=missing_flag_review; train_test_stability_review; special=bounded_0_1_ratio,Review boundedness and denominator-driven tail instability; keep bounded ratios carefully and review unbounded/signed ratios.,70.0072517731073,56.80973002684109,30.61551972764038,0.0,69.38448027235961,1.341940879821777,6.338432847957845,1745,high_missing; train_test_missing_gap; unstable_sparse_feature; missing_gap_gt_20; missing_indicator_candidate; stability_review_candidate,No final drop decision from numeric EDA alone; validate with target analysis and CV model performance.
bureau_bal_status_C_count_mean,ratio_rate_numeric,ratio_rate,bureau,high,7,keep_but_review_before_final_FE,bounded_ratio_keep_review,missing=missing_flag_review; train_test_stability_review; special=bounded_0_100_ratio,Review boundedness and denominator-driven tail instability; keep bounded ratios carefully and review unbounded/signed ratios.,70.0072517731073,56.80973002684109,20.15374440264119,0.0,79.8462555973588,1.639967441558838,3.112836248116143,4745,high_missing; train_test_missing_gap; unstable_sparse_feature; missing_gap_gt_20; missing_indicator_candidate; stability_review_candidate,No final drop decision from numeric EDA alone; validate with target analysis and CV model performance.
bureau_bal_status_C_ratio_max,ratio_rate_numeric,ratio_rate,bureau,high,7,keep_but_review_before_final_FE,bounded_ratio_keep_review,missing=missing_flag_review; train_test_stability_review; special=bounded_0_1_ratio,Review boundedness and denominator-driven tail instability; keep bounded ratios carefully and review unbounded/signed ratios.,70.0072517731073,56.80973002684109,20.15374440264119,0.0,79.8462555973588,0.7420278191566467,0.0,2124,high_missing; train_test_missing_gap; unstable_sparse_feature; missing_gap_gt_20; missing_indicator_candidate; stability_review_candidate,No final drop decision from numeric EDA alone; validate with target analysis and CV model performance.
bureau_bal_status_C_ratio_mean,ratio_rate_numeric,ratio_rate,bureau,high,7,keep_but_review_before_final_FE,bounded_ratio_keep_review,missing=missing_flag_review; train_test_stability_review; special=bounded_0_1_ratio,Review boundedness and denominator-driven tail instability; keep bounded ratios carefully and review unbounded/signed ratios.,70.0072517731073,56.80973002684109,20.15374440264119,0.0,79.8462555973588,0.3908327221870422,0.0,49918,high_missing; train_test_missing_gap; unstable_sparse_feature; missing_gap_gt_20; missing_indicator_candidate; stability_review_candidate,No final drop decision from numeric EDA alone; validate with target analysis and CV model performance.
bureau_bal_status_X_ratio_max,ratio_rate_numeric,ratio_rate,bureau,high,7,keep_but_review_before_final_FE,bounded_ratio_keep_review,missing=missing_flag_review; train_test_stability_review; special=bounded_0_1_ratio,Review boundedness and denominator-driven tail instability; keep bounded ratios carefully and review unbounded/signed ratios.,70.0072517731073,56.80973002684109,20.34131691080006,0.0,79.65868308919994,0.3459780812263489,0.0,2133,high_missing; train_test_missing_gap; unstable_sparse_feature; missing_gap_gt_20; missing_indicator_candidate; stability_review_candidate,No final drop decision from numeric EDA alone; validate with target analysis and CV model performance.
bureau_bal_status_X_ratio_mean,ratio_rate_numeric,ratio_rate,bureau,high,7,keep_but_review_before_final_FE,bounded_ratio_keep_review,missing=missing_flag_review; train_test_stability_review; special=bounded_0_1_ratio,Review boundedness and denominator-driven tail instability; keep bounded ratios carefully and review unbounded/signed ratios.,70.0072517731073,56.80973002684109,20.34131691080006,0.0,79.65868308919994,1.566140651702881,4.6372694647136,40428,high_missing; train_test_missing_gap; unstable_sparse_feature; missing_gap_gt_20; missing_indicator_candidate; stability_review_candidate,No final drop decision from numeric EDA alone; validate with target analysis and CV model performance.
cc_other_drawing_share_min_max,ratio_rate_numeric,ratio_rate,credit_card,high,7,keep_but_review_before_final_FE,zero_ratio_flag_review,missing=missing_flag_review; zero=zero_flag_review; zero_ratio_flag_review; transform=log1p_review; special=bounded_0_1_ratio,Review boundedness and denominator-driven tail instability; keep bounded ratios carefully and review unbounded/signed ratios.,80.60687259967936,2.412633308689692,98.1135555704608,0.0,1.886444429539204,7.263092994689941,0.0,132,extreme_missing; almost_all_zero; extreme_skew; high_missing; zero_heavy; missing_indicator_candidate; rare_event_candidate; transform_review_candidate,No final drop decision from numeric EDA alone; validate with target analysis and CV model performance.
cc_other_drawing_share_min_mean,ratio_rate_numeric,ratio_rate,credit_card,high,7,keep_but_review_before_final_FE,zero_ratio_flag_review,missing=missing_flag_review; zero=zero_flag_review; zero_ratio_flag_review; transform=log1p_review; special=bounded_0_1_ratio,Review boundedness and denominator-driven tail instability; keep bounded ratios carefully and review unbounded/signed ratios.,80.60687259967936,2.412633308689692,98.1135555704608,0.0,1.886444429539204,7.268570899963379,0.0,132,extreme_missing; almost_all_zero; extreme_skew; high_missing; zero_heavy; missing_indicator_candidate; rare_event_candidate; transform_review_candidate,No final drop decision from numeric EDA alone; validate with target analysis and CV model performance.
cc_other_drawing_share_min_min,ratio_rate_numeric,ratio_rate,credit_card,high,7,keep_but_review_before_final_FE,zero_ratio_flag_review,missing=missing_flag_review; zero=zero_flag_review; zero_ratio_flag_review; transform=log1p_review; special=bounded_0_1_ratio,Review boundedness and denominator-driven tail instability; keep bounded ratios carefully and review unbounded/signed ratios.,80.60687259967936,2.412633308689692,98.1202629284325,0.0,1.87973707156751,7.274135112762451,0.0,131,extreme_missing; almost_all_zero; extreme_skew; high_missing; zero_heavy; missing_indicator_candidate; rare_event_candidate; transform_review_candidate,No final drop decision from numeric EDA alone; validate with target analysis and CV model performance.
cc_payment_to_balance_ratio_max_max,ratio_rate_numeric,ratio_rate,credit_card,high,7,keep_but_review_before_final_FE,signed_or_negative_ratio_review,missing=missing_flag_review; transform=yeo_johnson_review,Review boundedness and denominator-driven tail instability; keep bounded ratios carefully and review unbounded/signed ratios.,80.83710826604576,2.363860276549616,0.5040048873201195,0.04072766766223188,99.45526744501765,113.8169860839844,10.70119467825143,56845,extreme_missing; negative_ratio_value; extreme_skew; high_unique_numeric; high_missing; extreme_ratio_tail; missing_indicator_candidate; negative_ratio_review; transform_review_candidate,No final drop decision from numeric EDA alone; validate with target analysis and CV model performance.
cc_payment_to_balance_ratio_max_mean,ratio_rate_numeric,ratio_rate,credit_card,high,7,keep_but_review_before_final_FE,signed_or_negative_ratio_review,missing=missing_flag_review; transform=yeo_johnson_review,Review boundedness and denominator-driven tail instability; keep bounded ratios carefully and review unbounded/signed ratios.,80.83710826604576,2.363860276549616,0.5040048873201195,0.04072766766223188,99.45526744501765,113.8310317993164,10.69440673364105,56862,extreme_missing; negative_ratio_value; extreme_skew; high_unique_numeric; high_missing; extreme_ratio_tail; missing_indicator_candidate; negative_ratio_review; transform_review_candidate,No final drop decision from numeric EDA alone; validate with target analysis and CV model performance.
cc_payment_to_balance_ratio_max_min,ratio_rate_numeric,ratio_rate,credit_card,high,7,keep_but_review_before_final_FE,signed_or_negative_ratio_review,missing=missing_flag_review; transform=yeo_johnson_review,Review boundedness and denominator-driven tail instability; keep bounded ratios carefully and review unbounded/signed ratios.,80.83710826604576,2.363860276549616,0.5090958457778985,0.04072766766223188,99.45017648655987,113.8354721069336,10.70119467825143,56856,extreme_missing; negative_ratio_value; extreme_skew; high_unique_numeric; high_missing; extreme_ratio_tail; missing_indicator_candidate; negative_ratio_review; transform_review_candidate,No final drop decision from numeric EDA alone; validate with target analysis and CV model performance.
cc_payment_to_balance_ratio_min_max,ratio_rate_numeric,ratio_rate,credit_card,high,7,keep_but_review_before_final_FE,signed_or_negative_ratio_review,missing=missing_flag_review; transform=yeo_johnson_review,Review boundedness and denominator-driven tail instability; keep bounded ratios carefully and review unbounded/signed ratios.,80.83710826604576,2.363860276549616,55.41847678522943,0.9248574531631822,43.65666576160739,181.0249176025391,6.945764322563128,25777,extreme_missing; high_zero; negative_ratio_value; extreme_skew; high_missing; missing_indicator_candidate; zero_pattern_review; negative_ratio_review; transform_review_candidate,No final drop decision from numeric EDA alone; validate with target analysis and CV model performance.
cc_payment_to_balance_ratio_min_mean,ratio_rate_numeric,ratio_rate,credit_card,high,7,keep_but_review_before_final_FE,signed_or_negative_ratio_review,missing=missing_flag_review; transform=yeo_johnson_review,Review boundedness and denominator-driven tail instability; keep bounded ratios carefully and review unbounded/signed ratios.,80.83710826604576,2.363860276549616,55.41847678522943,0.9282514254683683,43.6532717893022,181.0249176025391,6.962734184089057,25779,extreme_missing; high_zero; negative_ratio_value; extreme_skew; high_missing; missing_indicator_candidate; zero_pattern_review; negative_ratio_review; transform_review_candidate,No final drop decision from numeric EDA alone; validate with target analysis and CV model performance.
cc_payment_to_balance_ratio_min_min,ratio_rate_numeric,ratio_rate,credit_card,high,7,keep_but_review_before_final_FE,signed_or_negative_ratio_review,missing=missing_flag_review; transform=yeo_johnson_review,Review boundedness and denominator-driven tail instability; keep bounded ratios carefully and review unbounded/signed ratios.,80.83710826604576,2.363860276549616,55.60853923431984,0.9282514254683683,43.46320934021178,181.0247039794922,6.944067336410535,25667,extreme_missing; high_zero; negative_ratio_value; extreme_skew; high_missing; missing_indicator_candidate; zero_pattern_review; negative_ratio_review; transform_review_candidate,No final drop decision from numeric EDA alone; validate with target analysis and CV model performance.
cc_payment_to_balance_ratio_min_sum,ratio_rate_numeric,ratio_rate,credit_card,high,7,keep_but_review_before_final_FE,signed_or_negative_ratio_review,missing=missing_flag_review; transform=yeo_johnson_review; scaling=robust_scaling_review,Review boundedness and denominator-driven tail instability; keep bounded ratios carefully and review unbounded/signed ratios.,71.73922233676193,5.90342716197118,69.77043898509866,0.6294229330878545,29.60013808181348,219.8366088867188,21.28185950175479,25779,high_missing; high_zero; negative_ratio_value; extreme_skew; high_outlier_burden; missing_indicator_candidate; zero_pattern_review; negative_ratio_review; transform_review_candidate; tail_review_candidate,No final drop decision from numeric EDA alone; validate with target analysis and CV model performance.
cc_payment_to_balance_ratio_std_sum,ratio_rate_numeric,ratio_rate,credit_card,high,7,keep_but_review_before_final_FE,ratio_stability_tail_review,missing=missing_flag_review; transform=log1p_review; special=ratio_stability_review,Review boundedness and denominator-driven tail instability; keep bounded ratios carefully and review unbounded/signed ratios.,71.73922233676193,5.90342716197118,33.99574247741787,0.0,66.00425752258214,95.71997833251953,12.30999367125022,56865,high_missing; extreme_skew; unstable_sparse_ratio; extreme_ratio_tail; unbounded_extreme_ratio; missing_indicator_candidate; transform_review_candidate; unstable_ratio_candidate,No final drop decision from numeric EDA alone; validate with target analysis and CV model performance.
cc_payment_to_min_inst_ratio_max_sum,ratio_rate_numeric,ratio_rate,credit_card,high,7,keep_but_review_before_final_FE,ratio_stability_tail_review,missing=missing_flag_review; transform=log1p_review; special=ratio_stability_review,Review boundedness and denominator-driven tail instability; keep bounded ratios carefully and review unbounded/signed ratios.,71.73922233676193,5.90342716197118,31.93947413842702,0.0,68.06052586157298,229.4023742675781,8.01449859041482,47146,high_missing; extreme_skew; unstable_sparse_ratio; extreme_ratio_tail; unbounded_extreme_ratio; missing_indicator_candidate; transform_review_candidate; unstable_ratio_candidate,No final drop decision from numeric EDA alone; validate with target analysis and CV model performance.
cc_payment_to_min_inst_ratio_std_sum,ratio_rate_numeric,ratio_rate,credit_card,high,7,keep_but_review_before_final_FE,ratio_stability_tail_review,missing=missing_flag_review; transform=log1p_review; special=ratio_stability_review,Review boundedness and denominator-driven tail instability; keep bounded ratios carefully and review unbounded/signed ratios.,71.73922233676193,5.90342716197118,33.31108681894023,0.0,66.68891318105977,283.5329895019531,8.597894252344513,57386,high_missing; extreme_skew; unstable_sparse_ratio; extreme_ratio_tail; unbounded_extreme_ratio; missing_indicator_candidate; transform_review_candidate; unstable_ratio_candidate,No final drop decision from numeric EDA alone; validate with target analysis and CV model performance.
cc_total_payment_to_balance_ratio_max_max,ratio_rate_numeric,ratio_rate,credit_card,high,7,keep_but_review_before_final_FE,signed_or_negative_ratio_review,missing=missing_flag_review; transform=yeo_johnson_review,Review boundedness and denominator-driven tail instability; keep bounded ratios carefully and review unbounded/signed ratios.,80.61825430635001,2.432221153551708,1.74325934128622,0.04026778074193386,98.21647287797185,116.21875,10.67767319340279,56671,extreme_missing; negative_ratio_value; extreme_skew; high_unique_numeric; high_missing; extreme_ratio_tail; missing_indicator_candidate; negative_ratio_review; transform_review_candidate,No final drop decision from numeric EDA alone; validate with target analysis and CV model performance.
cc_total_payment_to_balance_ratio_max_mean,ratio_rate_numeric,ratio_rate,credit_card,high,7,keep_but_review_before_final_FE,signed_or_negative_ratio_review,missing=missing_flag_review; transform=yeo_johnson_review,Review boundedness and denominator-driven tail instability; keep bounded ratios carefully and review unbounded/signed ratios.,80.61825430635001,2.432221153551708,1.74325934128622,0.04026778074193386,98.21647287797185,116.2335433959961,10.67599536920521,56689,extreme_missing; negative_ratio_value; extreme_skew; high_unique_numeric; high_missing; extreme_ratio_tail; missing_indicator_candidate; negative_ratio_review; transform_review_candidate,No final drop decision from numeric EDA alone; validate with target analysis and CV model performance.
cc_total_payment_to_balance_ratio_max_min,ratio_rate_numeric,ratio_rate,credit_card,high,7,keep_but_review_before_final_FE,signed_or_negative_ratio_review,missing=missing_flag_review; transform=yeo_johnson_review,Review boundedness and denominator-driven tail instability; keep bounded ratios carefully and review unbounded/signed ratios.,80.61825430635001,2.432221153551708,1.768426704249928,0.04026778074193386,98.19130551500814,116.2382202148438,10.67935101760038,56671,extreme_missing; negative_ratio_value; extreme_skew; high_unique_numeric; high_missing; extreme_ratio_tail; missing_indicator_candidate; negative_ratio_review; transform_review_candidate,No final drop decision from numeric EDA alone; validate with target analysis and CV model performance.
cc_total_payment_to_balance_ratio_min_sum,ratio_rate_numeric,ratio_rate,credit_card,high,7,keep_but_review_before_final_FE,signed_or_negative_ratio_review,missing=missing_flag_review; zero=zero_flag_review; zero_ratio_flag_review; transform=yeo_johnson_review,Review boundedness and denominator-driven tail instability; keep bounded ratios carefully and review unbounded/signed ratios.,71.73922233676193,5.90342716197118,89.15022150624245,0.6282722513089005,10.22150624244865,219.1197357177734,0.0,9114,high_missing; zero_heavy; negative_ratio_value; extreme_skew; missing_indicator_candidate; zero_flag_candidate; negative_ratio_review; transform_review_candidate,No final drop decision from numeric EDA alone; validate with target analysis and CV model performance.
cc_total_payment_to_balance_ratio_std_sum,ratio_rate_numeric,ratio_rate,credit_card,high,7,keep_but_review_before_final_FE,ratio_stability_tail_review,missing=missing_flag_review; transform=log1p_review; special=ratio_stability_review,Review boundedness and denominator-driven tail instability; keep bounded ratios carefully and review unbounded/signed ratios.,71.73922233676193,5.90342716197118,33.35826477187734,0.0,66.64173522812267,95.9322509765625,12.26741844542892,57413,high_missing; extreme_skew; unstable_sparse_ratio; extreme_ratio_tail; unbounded_extreme_ratio; missing_indicator_candidate; transform_review_candidate; unstable_ratio_candidate,No final drop decision from numeric EDA alone; validate with target analysis and CV model performance.
cc_total_payment_to_min_inst_ratio_max_sum,ratio_rate_numeric,ratio_rate,credit_card,high,7,keep_but_review_before_final_FE,ratio_stability_tail_review,missing=missing_flag_review; transform=log1p_review; special=ratio_stability_review,Review boundedness and denominator-driven tail instability; keep bounded ratios carefully and review unbounded/signed ratios.,71.73922233676193,5.90342716197118,32.05799436165928,0.0,67.94200563834072,226.0120086669922,6.412749554110811,44370,high_missing; extreme_skew; unstable_sparse_ratio; extreme_ratio_tail; unbounded_extreme_ratio; missing_indicator_candidate; transform_review_candidate; unstable_ratio_candidate,No final drop decision from numeric EDA alone; validate with target analysis and CV model performance.
cc_total_payment_to_min_inst_ratio_std_sum,ratio_rate_numeric,ratio_rate,credit_card,high,7,keep_but_review_before_final_FE,ratio_stability_tail_review,missing=missing_flag_review; transform=log1p_review; special=ratio_stability_review,Review boundedness and denominator-driven tail instability; keep bounded ratios carefully and review unbounded/signed ratios.,71.73922233676193,5.90342716197118,33.33064840918244,0.0,66.66935159081756,282.869873046875,7.998389045509464,57333,high_missing; extreme_skew; unstable_sparse_ratio; extreme_ratio_tail; unbounded_extreme_ratio; missing_indicator_candidate; transform_review_candidate; unstable_ratio_candidate,No final drop decision from numeric EDA alone; validate with target analysis and CV model performance.
prev_unused_offer_annuity_to_credit_ratio_sum,ratio_rate_numeric,ratio_rate,previous_application,high,7,keep_but_review_before_final_FE,zero_ratio_flag_review,missing=missing_flag_review; zero=zero_flag_review; zero_ratio_flag_review; transform=log1p_review; special=bounded_0_1_ratio,Review boundedness and denominator-driven tail instability; keep bounded ratios carefully and review unbounded/signed ratios.,93.81062791249744,0.05960214522352203,96.22235065412704,0.0,3.777649345872958,6.204761028289795,0.0,348,extreme_missing; almost_all_zero; extreme_skew; high_missing; zero_heavy; missing_indicator_candidate; rare_event_candidate; transform_review_candidate,No final drop decision from numeric EDA alone; validate with target analysis and CV model performance.
bureau_bal_month_span_max,date_duration_numeric,date_duration,bureau,high,7,keep_but_review_before_final_FE,duration_conversion_or_binning_review,missing=missing_flag_review; train_test_stability_review; binning=duration_bin_review; special=mostly_positive_review,"Review signed duration meaning, special placeholders, and days-to-period conversion or cyclical encoding.",70.0072517731073,56.80973002684109,0.250458088928885,0.0,99.74954191107112,0.309209406375885,0.0,97,high_missing; train_test_missing_gap; unstable_sparse_feature; missing_gap_gt_20; missing_indicator_candidate; stability_review_candidate,No final drop decision from numeric EDA alone; validate with target analysis and CV model performance.
bureau_bal_month_span_mean,date_duration_numeric,date_duration,bureau,high,7,keep_but_review_before_final_FE,duration_conversion_or_binning_review,missing=missing_flag_review; train_test_stability_review; binning=duration_bin_review; special=mostly_positive_review,"Review signed duration meaning, special placeholders, and days-to-period conversion or cyclical encoding.",70.0072517731073,56.80973002684109,0.250458088928885,0.0,99.74954191107112,0.9973946213722229,2.309418742071538,5673,high_missing; train_test_missing_gap; unstable_sparse_feature; missing_gap_gt_20; missing_indicator_candidate; stability_review_candidate,No final drop decision from numeric EDA alone; validate with target analysis and CV model performance.
bureau_days_enddate_mean,date_duration_numeric,date_duration,bureau,high,7,keep_but_review_before_final_FE,duration_range_special_value_review,transform=yeo_johnson_review; binning=duration_bin_review; special=mixed_signed_review,"Review signed duration meaning, special placeholders, and days-to-period conversion or cyclical encoding.",15.04629102698765,1.177917483577181,0.02373278416181165,56.29301567129328,43.6832515445449,4.889317989349365,11.31900689781888,97903,meaningful_signed_value_review; high_skew; large_abs_duration_gt_100_years; mixed_signed_duration; signed_value_review; transform_review_candidate; duration_range_review; signed_duration_review,No final drop decision from numeric EDA alone; validate with target analysis and CV model performance.
bureau_days_update_max,date_duration_numeric,date_duration,bureau,high,7,keep_but_review_before_final_FE,duration_range_special_value_review,transform=yeo_johnson_review; scaling=robust_scaling_review; binning=duration_bin_review; special=mostly_negative_review,"Review signed duration meaning, special placeholders, and days-to-period conversion or cyclical encoding.",14.31493507549323,1.135877140157604,0.1309342634093764,99.86261390332118,0.006451833269447533,10.07666778564453,19.22608362334956,2663,meaningful_signed_value_review; extreme_skew; high_outlier_burden; large_abs_duration_gt_100_years; signed_value_review; transform_review_candidate; tail_review_candidate; duration_range_review,No final drop decision from numeric EDA alone; validate with target analysis and CV model performance.
bureau_latest_days_enddate,date_duration_numeric,date_duration,bureau,high,7,keep_but_review_before_final_FE,duration_range_special_value_review,transform=yeo_johnson_review; binning=duration_bin_review; special=mixed_signed_review,"Review signed duration meaning, special placeholders, and days-to-period conversion or cyclical encoding.",21.14428426950581,1.014627286082206,0.1278403233123016,29.6358612726298,70.23629840405789,4.394445896148682,9.444925563940782,9969,meaningful_signed_value_review; high_skew; large_abs_duration_gt_100_years; mixed_signed_duration; signed_value_review; transform_review_candidate; duration_range_review; signed_duration_review,No final drop decision from numeric EDA alone; validate with target analysis and CV model performance.
bureau_latest_days_update,date_duration_numeric,date_duration,bureau,high,7,keep_but_review_before_final_FE,duration_range_special_value_review,transform=yeo_johnson_review; scaling=robust_scaling_review; binning=duration_bin_review; special=mostly_negative_review,"Review signed duration meaning, special placeholders, and days-to-period conversion or cyclical encoding.",14.31493507549323,1.135877140157604,0.0774219992333704,99.91992136353804,0.002656637228596043,41.03733062744141,16.94630936161007,2704,meaningful_signed_value_review; extreme_skew; high_outlier_burden; large_abs_duration_gt_100_years; signed_value_review; transform_review_candidate; tail_review_candidate; duration_range_review,No final drop decision from numeric EDA alone; validate with target analysis and CV model performance.
cc_old_dpd_mean_sum,overdue_delay_numeric,overdue_delay,credit_card,high,7,keep_but_review_before_final_FE,delay_sign_behavior_flag_review,missing=missing_flag_review; zero=zero_flag_review; zero_vs_delay_split_review; transform=log1p_review; binning=delay_severity_bin_review; special=credit_risk_delay_review,Preserve credit-risk signal; review late/early/severe delay flags and delay severity bins.,71.73922233676193,5.90342716197118,80.46027271158161,0.0,19.53972728841839,6.282168865203857,0.0,1234,high_missing; zero_heavy; extreme_skew; has_late_delay_signal; missing_indicator_candidate; zero_flag_candidate; transform_review_candidate; had_delay_flag_candidate,No final drop decision from numeric EDA alone; validate with target analysis and CV model performance.
bureau_active_debt_amount_max,continuous_amount_numeric,continuous,bureau,high,6,keep_but_review_before_final_FE,amount_value_validity_review,transform=yeo_johnson_review; scaling=standard_scaling_review; tail=extreme_tail_review,"Review missingness, skew/tail behavior, and scaling/transform need; keep raw until model pipeline comparison.",32.84337796046321,1.262055130986759,10.75375035106579,0.239693192713327,89.00655645622089,15.22325897216797,9.806114839671887,138477,suspicious_negative_amount; extreme_skew; top_5pct_tail_gap; negative_amount_value; negative_value_review; transform_review_candidate; tail_review_candidate,No final drop decision from numeric EDA alone; validate with target analysis and CV model performance.
bureau_active_debt_amount_mean,continuous_amount_numeric,continuous,bureau,high,6,keep_but_review_before_final_FE,amount_value_validity_review,transform=yeo_johnson_review; scaling=standard_scaling_review; tail=extreme_tail_review,"Review missingness, skew/tail behavior, and scaling/transform need; keep raw until model pipeline comparison.",32.84337796046321,1.262055130986759,10.48839303872861,0.5282934813136155,88.98331347995777,15.21826934814453,9.863253822985367,158567,suspicious_negative_amount; extreme_skew; top_5pct_tail_gap; negative_amount_value; negative_value_review; transform_review_candidate; tail_review_candidate,No final drop decision from numeric EDA alone; validate with target analysis and CV model performance.
bureau_active_debt_amount_sum,continuous_amount_numeric,continuous,bureau,high,6,keep_but_review_before_final_FE,amount_value_validity_review,transform=yeo_johnson_review; scaling=standard_scaling_review; tail=extreme_tail_review,"Review missingness, skew/tail behavior, and scaling/transform need; keep raw until model pipeline comparison.",29.38463989906052,0.5010849999960207,14.87266866221506,0.502417683628828,84.6249136541561,37.81244659423828,9.247524752475247,153469,suspicious_negative_amount; extreme_skew; top_5pct_tail_gap; negative_amount_value; negative_value_review; transform_review_candidate; tail_review_candidate,No final drop decision from numeric EDA alone; validate with target analysis and CV model performance.
bureau_active_limit_amount_sum,continuous_amount_numeric,continuous,bureau,high,6,keep_but_review_before_final_FE,amount_value_validity_review,transform=yeo_johnson_review; scaling=standard_scaling_review; tail=extreme_tail_review,"Review missingness, skew/tail behavior, and scaling/transform need; keep raw until model pipeline comparison.",29.38463989906052,0.5010849999960207,78.44899838821091,0.05802440709187198,21.49297720469722,12.65498352050781,0.0,36029,high_zero; suspicious_negative_amount; extreme_skew; top_5pct_tail_gap; negative_amount_value; zero_pattern_review; negative_value_review; transform_review_candidate; tail_review_candidate,No final drop decision from numeric EDA alone; validate with target analysis and CV model performance.
bureau_debt_amount_max,continuous_amount_numeric,continuous,bureau,high,6,keep_but_review_before_final_FE,amount_value_validity_review,transform=yeo_johnson_review; scaling=standard_scaling_review; tail=extreme_tail_review,"Review missingness, skew/tail behavior, and scaling/transform need; keep raw until model pipeline comparison.",16.70834539252255,1.453134494771028,27.66045500154218,0.03318614302837219,72.30635885542945,16.15927886962891,10.05579176280888,138938,suspicious_negative_amount; extreme_skew; top_5pct_tail_gap; negative_amount_value; negative_value_review; transform_review_candidate; tail_review_candidate,No final drop decision from numeric EDA alone; validate with target analysis and CV model performance.
bureau_debt_amount_mean,continuous_amount_numeric,continuous,bureau,high,6,keep_but_review_before_final_FE,amount_value_validity_review,transform=yeo_johnson_review; scaling=standard_scaling_review; tail=extreme_tail_review,"Review missingness, skew/tail behavior, and scaling/transform need; keep raw until model pipeline comparison.",16.70834539252255,1.453134494771028,27.20834260593212,0.5059910748796514,72.28566631918822,19.60915756225586,9.793035595066588,169264,suspicious_negative_amount; extreme_skew; top_5pct_tail_gap; negative_amount_value; negative_value_review; transform_review_candidate; tail_review_candidate,No final drop decision from numeric EDA alone; validate with target analysis and CV model performance.
bureau_debt_amount_sum,continuous_amount_numeric,continuous,bureau,high,6,keep_but_review_before_final_FE,amount_value_validity_review,transform=yeo_johnson_review; scaling=standard_scaling_review; tail=extreme_tail_review,"Review missingness, skew/tail behavior, and scaling/transform need; keep raw until model pipeline comparison.",14.31493507549323,1.135877140157604,29.24160597515665,0.4918574068943531,70.266536617949,38.90571975708008,9.641316022179126,154969,suspicious_negative_amount; extreme_skew; top_5pct_tail_gap; negative_amount_value; negative_value_review; transform_review_candidate; tail_review_candidate,No final drop decision from numeric EDA alone; validate with target analysis and CV model performance.
bureau_latest_debt_amount,continuous_amount_numeric,continuous,bureau,high,6,keep_but_review_before_final_FE,amount_value_validity_review,transform=yeo_johnson_review; scaling=standard_scaling_review; tail=extreme_tail_review,"Review missingness, skew/tail behavior, and scaling/transform need; keep raw until model pipeline comparison.",24.8586229435695,3.260067223891177,38.16192635934011,0.2081638305607007,61.62990981009919,13.90271377563477,13.15024148735437,98832,suspicious_negative_amount; extreme_skew; top_5pct_tail_gap; negative_amount_value; negative_value_review; transform_review_candidate; tail_review_candidate,No final drop decision from numeric EDA alone; validate with target analysis and CV model performance.
bureau_limit_amount_mean,continuous_amount_numeric,continuous,bureau,high,6,keep_but_review_before_final_FE,amount_value_validity_review,transform=yeo_johnson_review; scaling=standard_scaling_review,"Review missingness, skew/tail behavior, and scaling/transform need; keep raw until model pipeline comparison.",21.15989346722556,0.7566501073682339,79.85002598559655,0.05238366289669282,20.09759035150675,28.01112747192383,0.0,38907,high_zero; suspicious_negative_amount; extreme_skew; high_coefficient_of_variation; negative_amount_value; zero_pattern_review; negative_value_review; transform_review_candidate; unstable_spread_review,No final drop decision from numeric EDA alone; validate with target analysis and CV model performance.
bureau_overdue_annuity_amount_sum,continuous_amount_numeric,continuous,bureau,high,6,keep_but_review_before_final_FE,continuous_transform_review,missing=missing_flag_review; zero=zero_flag_review; transform=log1p_review; scaling=standard_scaling_review,"Review missingness, skew/tail behavior, and scaling/transform need; keep raw until model pipeline comparison.",98.91581114171527,0.126122224442625,85.69286142771446,0.0,14.30713857228554,8.545573234558105,0.0,444,extreme_missing; zero_heavy; extreme_skew; high_missing; missing_indicator_candidate; zero_flag_candidate; transform_review_candidate,No final drop decision from numeric EDA alone; validate with target analysis and CV model performance.
bureau_overdue_credit_amount_max,continuous_amount_numeric,continuous,bureau,high,6,keep_but_review_before_final_FE,continuous_transform_review,missing=missing_flag_review; transform=log1p_review; scaling=standard_scaling_review; tail=extreme_tail_review,"Review missingness, skew/tail behavior, and scaling/transform need; keep raw until model pipeline comparison.",98.91581114171527,0.126122224442625,2.309538092381524,0.0,97.69046190761847,14.53657627105713,10.2879424115177,1607,extreme_missing; extreme_skew; top_5pct_tail_gap; high_missing; missing_indicator_candidate; transform_review_candidate; tail_review_candidate,No final drop decision from numeric EDA alone; validate with target analysis and CV model performance.
bureau_overdue_credit_amount_mean,continuous_amount_numeric,continuous,bureau,high,6,keep_but_review_before_final_FE,continuous_transform_review,missing=missing_flag_review; transform=log1p_review; scaling=standard_scaling_review; tail=extreme_tail_review,"Review missingness, skew/tail behavior, and scaling/transform need; keep raw until model pipeline comparison.",98.91581114171527,0.126122224442625,2.309538092381524,0.0,97.69046190761847,15.71815204620361,10.97780443911218,1667,extreme_missing; extreme_skew; top_5pct_tail_gap; high_missing; missing_indicator_candidate; transform_review_candidate; tail_review_candidate,No final drop decision from numeric EDA alone; validate with target analysis and CV model performance.
bureau_overdue_credit_amount_sum,continuous_amount_numeric,continuous,bureau,high,6,keep_but_review_before_final_FE,continuous_transform_review,missing=missing_flag_review; transform=log1p_review; scaling=standard_scaling_review; tail=extreme_tail_review,"Review missingness, skew/tail behavior, and scaling/transform need; keep raw until model pipeline comparison.",98.91581114171527,0.126122224442625,2.309538092381524,0.0,97.69046190761847,12.96149635314941,10.40791841631674,1661,extreme_missing; extreme_skew; top_5pct_tail_gap; high_missing; missing_indicator_candidate; transform_review_candidate; tail_review_candidate,No final drop decision from numeric EDA alone; validate with target analysis and CV model performance.
bureau_overdue_debt_amount_max,continuous_amount_numeric,continuous,bureau,high,6,keep_but_review_before_final_FE,continuous_transform_review,missing=missing_flag_review; transform=log1p_review; scaling=standard_scaling_review; tail=extreme_tail_review,"Review missingness, skew/tail behavior, and scaling/transform need; keep raw until model pipeline comparison.",99.02735186708767,0.1089520882709394,20.22734871280508,0.0,79.77265128719492,11.73677921295166,11.40086927449014,2254,extreme_missing; extreme_skew; top_5pct_tail_gap; high_missing; missing_indicator_candidate; transform_review_candidate; tail_review_candidate,No final drop decision from numeric EDA alone; validate with target analysis and CV model performance.
bureau_overdue_debt_amount_mean,continuous_amount_numeric,continuous,bureau,high,6,keep_but_review_before_final_FE,continuous_transform_review,missing=missing_flag_review; transform=log1p_review; scaling=standard_scaling_review; tail=extreme_tail_review,"Review missingness, skew/tail behavior, and scaling/transform need; keep raw until model pipeline comparison.",99.02735186708767,0.1089520882709394,20.22734871280508,0.0,79.77265128719492,11.72237300872803,10.79906385824139,2258,extreme_missing; extreme_skew; top_5pct_tail_gap; high_missing; missing_indicator_candidate; transform_review_candidate; tail_review_candidate,No final drop decision from numeric EDA alone; validate with target analysis and CV model performance.
bureau_overdue_debt_amount_sum,continuous_amount_numeric,continuous,bureau,high,6,keep_but_review_before_final_FE,continuous_transform_review,missing=missing_flag_review; transform=log1p_review; scaling=standard_scaling_review; tail=extreme_tail_review,"Review missingness, skew/tail behavior, and scaling/transform need; keep raw until model pipeline comparison.",98.91581114171527,0.126122224442625,28.43431313737252,0.0,71.56568686262747,11.59219264984131,11.6376724655069,2254,extreme_missing; extreme_skew; top_5pct_tail_gap; high_missing; missing_indicator_candidate; transform_review_candidate; tail_review_candidate,No final drop decision from numeric EDA alone; validate with target analysis and CV model performance.
bureau_recent_24m_debt_amount_max,continuous_amount_numeric,continuous,bureau,high,6,keep_but_review_before_final_FE,amount_value_validity_review,transform=yeo_johnson_review; scaling=standard_scaling_review; tail=extreme_tail_review,"Review missingness, skew/tail behavior, and scaling/transform need; keep raw until model pipeline comparison.",35.54572031569602,1.800028538246494,21.1731347500555,0.03077637181893403,78.79608887812557,9.636950492858887,10.23188230308167,119444,suspicious_negative_amount; extreme_skew; top_5pct_tail_gap; negative_amount_value; negative_value_review; transform_review_candidate; tail_review_candidate,No final drop decision from numeric EDA alone; validate with target analysis and CV model performance.
bureau_recent_24m_debt_amount_mean,continuous_amount_numeric,continuous,bureau,high,6,keep_but_review_before_final_FE,amount_value_validity_review,transform=yeo_johnson_review; scaling=standard_scaling_review; tail=extreme_tail_review,"Review missingness, skew/tail behavior, and scaling/transform need; keep raw until model pipeline comparison.",35.54572031569602,1.800028538246494,21.10805029161873,0.09838348368347763,78.79356622469778,13.76796054840088,10.67031946883009,135833,suspicious_negative_amount; extreme_skew; top_5pct_tail_gap; negative_amount_value; negative_value_review; transform_review_candidate; tail_review_candidate,No final drop decision from numeric EDA alone; validate with target analysis and CV model performance.
bureau_recent_24m_debt_amount_sum,continuous_amount_numeric,continuous,bureau,high,6,keep_but_review_before_final_FE,amount_value_validity_review,transform=yeo_johnson_review; scaling=standard_scaling_review; tail=extreme_tail_review,"Review missingness, skew/tail behavior, and scaling/transform need; keep raw until model pipeline comparison.",31.83528394106227,0.7791539558333156,25.40240632782161,0.09302813743356837,74.50456553474481,9.01404094696045,9.733605579779976,128535,suspicious_negative_amount; extreme_skew; top_5pct_tail_gap; negative_amount_value; negative_value_review; transform_review_candidate; tail_review_candidate,No final drop decision from numeric EDA alone; validate with target analysis and CV model performance.
bureau_recent_24m_limit_amount_max,continuous_amount_numeric,continuous,bureau,high,6,keep_but_review_before_final_FE,amount_value_validity_review,zero=zero_flag_review; transform=yeo_johnson_review; scaling=standard_scaling_review,"Review missingness, skew/tail behavior, and scaling/transform need; keep raw until model pipeline comparison.",41.099993170976,0.6077041866475028,83.18223979152404,0.006625295377752258,16.81113491309821,11.20543670654297,0.0,22199,zero_heavy; suspicious_negative_amount; extreme_skew; negative_amount_value; zero_flag_candidate; negative_value_review; transform_review_candidate,No final drop decision from numeric EDA alone; validate with target analysis and CV model performance.
bureau_recent_24m_limit_amount_sum,continuous_amount_numeric,continuous,bureau,high,6,keep_but_review_before_final_FE,amount_value_validity_review,zero=zero_flag_review; transform=yeo_johnson_review; scaling=standard_scaling_review,"Review missingness, skew/tail behavior, and scaling/transform need; keep raw until model pipeline comparison.",31.83528394106227,0.7791539558333156,85.43942675584645,0.04675260240251128,14.51382064175103,13.16499614715576,0.0,23323,zero_heavy; suspicious_negative_amount; extreme_skew; negative_amount_value; zero_flag_candidate; negative_value_review; transform_review_candidate,No final drop decision from numeric EDA alone; validate with target analysis and CV model performance.
cc_balance_mean_max,continuous_amount_numeric,continuous,credit_card,high,6,keep_but_review_before_final_FE,amount_value_validity_review,missing=missing_flag_review; transform=yeo_johnson_review; scaling=standard_scaling_review,"Review missingness, skew/tail behavior, and scaling/transform need; keep raw until model pipeline comparison.",71.73922233676193,5.90342716197118,31.4193659743398,0.03221908981071284,68.5484149358495,2.585551023483276,7.028364305851217,59424,high_missing; suspicious_negative_amount; high_skew; negative_amount_value; missing_indicator_candidate; negative_value_review; transform_review_candidate,No final drop decision from numeric EDA alone; validate with target analysis and CV model performance.
cc_balance_mean_mean,continuous_amount_numeric,continuous,credit_card,high,6,keep_but_review_before_final_FE,amount_value_validity_review,missing=missing_flag_review; transform=yeo_johnson_review; scaling=standard_scaling_review,"Review missingness, skew/tail behavior, and scaling/transform need; keep raw until model pipeline comparison.",71.73922233676193,5.90342716197118,31.4193659743398,0.03221908981071284,68.5484149358495,2.593207120895386,7.043323168977619,59425,high_missing; suspicious_negative_amount; high_skew; negative_amount_value; missing_indicator_candidate; negative_value_review; transform_review_candidate,No final drop decision from numeric EDA alone; validate with target analysis and CV model performance.
cc_balance_mean_min,continuous_amount_numeric,continuous,credit_card,high,6,keep_but_review_before_final_FE,amount_value_validity_review,missing=missing_flag_review; transform=yeo_johnson_review; scaling=standard_scaling_review,"Review missingness, skew/tail behavior, and scaling/transform need; keep raw until model pipeline comparison.",71.73922233676193,5.90342716197118,31.69898164662562,0.03221908981071284,68.26879926356366,2.596096515655518,7.074391577009378,59179,high_missing; suspicious_negative_amount; high_skew; negative_amount_value; missing_indicator_candidate; negative_value_review; transform_review_candidate,No final drop decision from numeric EDA alone; validate with target analysis and CV model performance.
cc_balance_mean_sum,continuous_amount_numeric,continuous,credit_card,high,6,keep_but_review_before_final_FE,amount_value_validity_review,missing=missing_flag_review; transform=yeo_johnson_review; scaling=standard_scaling_review,"Review missingness, skew/tail behavior, and scaling/transform need; keep raw until model pipeline comparison.",71.73922233676193,5.90342716197118,31.4193659743398,0.03221908981071284,68.5484149358495,2.582917928695679,7.022610896956446,59425,high_missing; suspicious_negative_amount; high_skew; negative_amount_value; missing_indicator_candidate; negative_value_review; transform_review_candidate,No final drop decision from numeric EDA alone; validate with target analysis and CV model performance.
cc_min_instalment_min_max,continuous_amount_numeric,continuous,installments,high,6,keep_but_review_before_final_FE,continuous_transform_review,missing=missing_flag_review; zero=zero_flag_review; transform=log1p_review; scaling=standard_scaling_review,"Review missingness, skew/tail behavior, and scaling/transform need; keep raw until model pipeline comparison.",71.73922233676193,5.90342716197118,94.60445313848456,0.0,5.395546861515448,8.244917869567871,0.0,2359,high_missing; zero_heavy; extreme_skew; high_coefficient_of_variation; missing_indicator_candidate; zero_flag_candidate; transform_review_candidate; unstable_spread_review,No final drop decision from numeric EDA alone; validate with target analysis and CV model performance.
cc_min_instalment_min_mean,continuous_amount_numeric,continuous,installments,high,6,keep_but_review_before_final_FE,continuous_transform_review,missing=missing_flag_review; zero=zero_flag_review; transform=log1p_review; scaling=standard_scaling_review,"Review missingness, skew/tail behavior, and scaling/transform need; keep raw until model pipeline comparison.",71.73922233676193,5.90342716197118,94.60445313848456,0.0,5.395546861515448,8.249164581298828,0.0,2361,high_missing; zero_heavy; extreme_skew; high_coefficient_of_variation; missing_indicator_candidate; zero_flag_candidate; transform_review_candidate; unstable_spread_review,No final drop decision from numeric EDA alone; validate with target analysis and CV model performance.
cc_min_instalment_min_min,continuous_amount_numeric,continuous,installments,high,6,keep_but_review_before_final_FE,continuous_transform_review,missing=missing_flag_review; zero=zero_flag_review; transform=log1p_review; scaling=standard_scaling_review,"Review missingness, skew/tail behavior, and scaling/transform need; keep raw until model pipeline comparison.",71.73922233676193,5.90342716197118,94.61135722915827,0.0,5.388642770841724,8.251596450805664,0.0,2358,high_missing; zero_heavy; extreme_skew; high_coefficient_of_variation; missing_indicator_candidate; zero_flag_candidate; transform_review_candidate; unstable_spread_review,No final drop decision from numeric EDA alone; validate with target analysis and CV model performance.
cc_min_instalment_min_sum,continuous_amount_numeric,continuous,installments,high,6,keep_but_review_before_final_FE,continuous_transform_review,missing=missing_flag_review; zero=zero_flag_review; transform=log1p_review; scaling=standard_scaling_review,"Review missingness, skew/tail behavior, and scaling/transform need; keep raw until model pipeline comparison.",71.73922233676193,5.90342716197118,94.60445313848456,0.0,5.395546861515448,8.244917869567871,0.0,2359,high_missing; zero_heavy; extreme_skew; high_coefficient_of_variation; missing_indicator_candidate; zero_flag_candidate; transform_review_candidate; unstable_spread_review,No final drop decision from numeric EDA alone; validate with target analysis and CV model performance.
cc_other_drawing_amount_max_sum,continuous_amount_numeric,continuous,credit_card,high,6,keep_but_review_before_final_FE,continuous_transform_review,missing=missing_flag_review; zero=zero_flag_review; transform=log1p_review; scaling=standard_scaling_review,"Review missingness, skew/tail behavior, and scaling/transform need; keep raw until model pipeline comparison.",71.73922233676193,5.90342716197118,93.4618261319832,0.0,6.5381738680168,10.31809329986572,0.0,1342,high_missing; zero_heavy; extreme_skew; high_coefficient_of_variation; missing_indicator_candidate; zero_flag_candidate; transform_review_candidate; unstable_spread_review,No final drop decision from numeric EDA alone; validate with target analysis and CV model performance.
cc_other_drawing_amount_mean_sum,continuous_amount_numeric,continuous,credit_card,high,6,keep_but_review_before_final_FE,continuous_transform_review,missing=missing_flag_review; zero=zero_flag_review; transform=log1p_review; scaling=standard_scaling_review,"Review missingness, skew/tail behavior, and scaling/transform need; keep raw until model pipeline comparison.",71.73922233676193,5.90342716197118,93.4618261319832,0.0,6.5381738680168,17.35734367370605,0.0,3901,high_missing; zero_heavy; extreme_skew; high_coefficient_of_variation; missing_indicator_candidate; zero_flag_candidate; transform_review_candidate; unstable_spread_review,No final drop decision from numeric EDA alone; validate with target analysis and CV model performance.
cc_other_drawing_amount_sum_max,continuous_amount_numeric,continuous,credit_card,high,6,keep_but_review_before_final_FE,continuous_transform_review,missing=missing_flag_review; zero=zero_flag_review; transform=log1p_review; scaling=standard_scaling_review,"Review missingness, skew/tail behavior, and scaling/transform need; keep raw until model pipeline comparison.",71.73922233676193,5.90342716197118,93.4618261319832,0.0,6.5381738680168,14.94901561737061,0.0,2065,high_missing; zero_heavy; extreme_skew; high_coefficient_of_variation; missing_indicator_candidate; zero_flag_candidate; transform_review_candidate; unstable_spread_review,No final drop decision from numeric EDA alone; validate with target analysis and CV model performance.
cc_other_drawing_amount_sum_mean,continuous_amount_numeric,continuous,credit_card,high,6,keep_but_review_before_final_FE,continuous_transform_review,missing=missing_flag_review; zero=zero_flag_review; transform=log1p_review; scaling=standard_scaling_review,"Review missingness, skew/tail behavior, and scaling/transform need; keep raw until model pipeline comparison.",71.73922233676193,5.90342716197118,93.4618261319832,0.0,6.5381738680168,14.99080371856689,0.0,2078,high_missing; zero_heavy; extreme_skew; high_coefficient_of_variation; missing_indicator_candidate; zero_flag_candidate; transform_review_candidate; unstable_spread_review,No final drop decision from numeric EDA alone; validate with target analysis and CV model performance.
cc_other_drawing_amount_sum_min,continuous_amount_numeric,continuous,credit_card,high,6,keep_but_review_before_final_FE,continuous_transform_review,missing=missing_flag_review; zero=zero_flag_review; transform=log1p_review; scaling=standard_scaling_review,"Review missingness, skew/tail behavior, and scaling/transform need; keep raw until model pipeline comparison.",71.73922233676193,5.90342716197118,93.54582590184684,0.0,6.454174098153155,15.00593852996826,0.0,2049,high_missing; zero_heavy; extreme_skew; high_coefficient_of_variation; missing_indicator_candidate; zero_flag_candidate; transform_review_candidate; unstable_spread_review,No final drop decision from numeric EDA alone; validate with target analysis and CV model performance.
cc_other_drawing_amount_sum_sum,continuous_amount_numeric,continuous,credit_card,high,6,keep_but_review_before_final_FE,continuous_transform_review,missing=missing_flag_review; zero=zero_flag_review; transform=log1p_review; scaling=standard_scaling_review,"Review missingness, skew/tail behavior, and scaling/transform need; keep raw until model pipeline comparison.",71.73922233676193,5.90342716197118,93.4618261319832,0.0,6.5381738680168,14.94588279724121,0.0,2066,high_missing; zero_heavy; extreme_skew; high_coefficient_of_variation; missing_indicator_candidate; zero_flag_candidate; transform_review_candidate; unstable_spread_review,No final drop decision from numeric EDA alone; validate with target analysis and CV model performance.
cc_payment_current_min_sum,continuous_amount_numeric,continuous,credit_card,high,6,keep_but_review_before_final_FE,continuous_transform_review,missing=missing_flag_review; transform=log1p_review; scaling=robust_scaling_review,"Review missingness, skew/tail behavior, and scaling/transform need; keep raw until model pipeline comparison.",71.73922233676193,5.90342716197118,73.89908520798572,0.0,26.10091479201427,49.37268447875977,24.3679880329095,9983,high_missing; high_zero; extreme_skew; high_outlier_burden; high_coefficient_of_variation; missing_indicator_candidate; zero_pattern_review; transform_review_candidate; tail_review_candidate; unstable_spread_review,No final drop decision from numeric EDA alone; validate with target analysis and CV model performance.
cc_pos_drawing_amount_sum_max,continuous_amount_numeric,continuous,pos_cash,high,6,keep_but_review_before_final_FE,continuous_transform_review,missing=missing_flag_review; transform=log1p_review; scaling=robust_scaling_review; tail=extreme_tail_review,"Review missingness, skew/tail behavior, and scaling/transform need; keep raw until model pipeline comparison.",71.73922233676193,5.90342716197118,60.65128588688798,0.0,39.34871411311202,16.17539024353027,15.5019849260687,31658,high_missing; high_zero; extreme_skew; high_outlier_burden; top_5pct_tail_gap; missing_indicator_candidate; zero_pattern_review; transform_review_candidate; tail_review_candidate,No final drop decision from numeric EDA alone; validate with target analysis and CV model performance.
cc_pos_drawing_amount_sum_mean,continuous_amount_numeric,continuous,pos_cash,high,6,keep_but_review_before_final_FE,continuous_transform_review,missing=missing_flag_review; transform=log1p_review; scaling=robust_scaling_review; tail=extreme_tail_review,"Review missingness, skew/tail behavior, and scaling/transform need; keep raw until model pipeline comparison.",71.73922233676193,5.90342716197118,60.65128588688798,0.0,39.34871411311202,16.23050498962402,15.49393015361602,31676,high_missing; high_zero; extreme_skew; high_outlier_burden; top_5pct_tail_gap; missing_indicator_candidate; zero_pattern_review; transform_review_candidate; tail_review_candidate,No final drop decision from numeric EDA alone; validate with target analysis and CV model performance.
cc_pos_drawing_amount_sum_min,continuous_amount_numeric,continuous,pos_cash,high,6,keep_but_review_before_final_FE,continuous_transform_review,missing=missing_flag_review; transform=log1p_review; scaling=robust_scaling_review; tail=extreme_tail_review,"Review missingness, skew/tail behavior, and scaling/transform need; keep raw until model pipeline comparison.",71.73922233676193,5.90342716197118,60.89983315114205,0.0,39.10016684885795,16.27044486999512,15.62050514930096,31460,high_missing; high_zero; extreme_skew; high_outlier_burden; top_5pct_tail_gap; missing_indicator_candidate; zero_pattern_review; transform_review_candidate; tail_review_candidate,No final drop decision from numeric EDA alone; validate with target analysis and CV model performance.
cc_pos_drawing_amount_sum_sum,continuous_amount_numeric,continuous,pos_cash,high,6,keep_but_review_before_final_FE,continuous_transform_review,missing=missing_flag_review; transform=log1p_review; scaling=robust_scaling_review; tail=extreme_tail_review,"Review missingness, skew/tail behavior, and scaling/transform need; keep raw until model pipeline comparison.",71.73922233676193,5.90342716197118,60.65128588688798,0.0,39.34871411311202,16.15470886230469,15.50773833496347,31658,high_missing; high_zero; extreme_skew; high_outlier_burden; top_5pct_tail_gap; missing_indicator_candidate; zero_pattern_review; transform_review_candidate; tail_review_candidate,No final drop decision from numeric EDA alone; validate with target analysis and CV model performance.
cc_principal_receivable_mean_max,continuous_amount_numeric,continuous,credit_card,high,6,keep_but_review_before_final_FE,amount_value_validity_review,missing=missing_flag_review; transform=yeo_johnson_review; scaling=standard_scaling_review,"Review missingness, skew/tail behavior, and scaling/transform need; keep raw until model pipeline comparison.",71.73922233676193,5.90342716197118,32.20873367470226,0.03912318048443703,67.7521431448133,2.601925373077393,7.104309303262182,58514,high_missing; suspicious_negative_amount; high_skew; negative_amount_value; missing_indicator_candidate; negative_value_review; transform_review_candidate,No final drop decision from numeric EDA alone; validate with target analysis and CV model performance.
cc_principal_receivable_mean_mean,continuous_amount_numeric,continuous,credit_card,high,6,keep_but_review_before_final_FE,amount_value_validity_review,missing=missing_flag_review; transform=yeo_johnson_review; scaling=standard_scaling_review,"Review missingness, skew/tail behavior, and scaling/transform need; keep raw until model pipeline comparison.",71.73922233676193,5.90342716197118,32.20873367470226,0.03912318048443703,67.7521431448133,2.609608173370361,7.133076347736034,58517,high_missing; suspicious_negative_amount; high_skew; negative_amount_value; missing_indicator_candidate; negative_value_review; transform_review_candidate,No final drop decision from numeric EDA alone; validate with target analysis and CV model performance.
cc_principal_receivable_mean_min,continuous_amount_numeric,continuous,credit_card,high,6,keep_but_review_before_final_FE,amount_value_validity_review,missing=missing_flag_review; transform=yeo_johnson_review; scaling=standard_scaling_review,"Review missingness, skew/tail behavior, and scaling/transform need; keep raw until model pipeline comparison.",71.73922233676193,5.90342716197118,32.49410275588286,0.03912318048443703,67.46677406363271,2.61252236366272,7.169898164662563,58270,high_missing; suspicious_negative_amount; high_skew; negative_amount_value; missing_indicator_candidate; negative_value_review; transform_review_candidate,No final drop decision from numeric EDA alone; validate with target analysis and CV model performance.
cc_principal_receivable_mean_sum,continuous_amount_numeric,continuous,credit_card,high,6,keep_but_review_before_final_FE,amount_value_validity_review,missing=missing_flag_review; transform=yeo_johnson_review; scaling=standard_scaling_review,"Review missingness, skew/tail behavior, and scaling/transform need; keep raw until model pipeline comparison.",71.73922233676193,5.90342716197118,32.20873367470226,0.03912318048443703,67.7521431448133,2.599335432052612,7.090501121914734,58516,high_missing; suspicious_negative_amount; high_skew; negative_amount_value; missing_indicator_candidate; negative_value_review; transform_review_candidate,No final drop decision from numeric EDA alone; validate with target analysis and CV model performance.
cc_recivable_mean_max,continuous_amount_numeric,continuous,credit_card,high,6,keep_but_review_before_final_FE,amount_value_validity_review,missing=missing_flag_review; transform=yeo_johnson_review; scaling=standard_scaling_review,"Review missingness, skew/tail behavior, and scaling/transform need; keep raw until model pipeline comparison.",71.73922233676193,5.90342716197118,31.22605143547552,0.5189574823082677,68.25499108221621,2.588729858398438,7.045624532535527,59484,high_missing; suspicious_negative_amount; high_skew; negative_amount_value; missing_indicator_candidate; negative_value_review; transform_review_candidate,No final drop decision from numeric EDA alone; validate with target analysis and CV model performance.
cc_recivable_mean_mean,continuous_amount_numeric,continuous,credit_card,high,6,keep_but_review_before_final_FE,amount_value_validity_review,missing=missing_flag_review; transform=yeo_johnson_review; scaling=standard_scaling_review,"Review missingness, skew/tail behavior, and scaling/transform need; keep raw until model pipeline comparison.",71.73922233676193,5.90342716197118,31.21914734480179,0.5258615729819919,68.25499108221621,2.596386671066284,7.050227259651344,59492,high_missing; suspicious_negative_amount; high_skew; negative_amount_value; missing_indicator_candidate; negative_value_review; transform_review_candidate,No final drop decision from numeric EDA alone; validate with target analysis and CV model performance.
cc_recivable_mean_min,continuous_amount_numeric,continuous,credit_card,high,6,keep_but_review_before_final_FE,amount_value_validity_review,missing=missing_flag_review; transform=yeo_johnson_review; scaling=standard_scaling_review,"Review missingness, skew/tail behavior, and scaling/transform need; keep raw until model pipeline comparison.",71.73922233676193,5.90342716197118,31.50221506242449,0.5281629365398999,67.96962200103562,2.599270820617676,7.093953167251596,59242,high_missing; suspicious_negative_amount; high_skew; negative_amount_value; missing_indicator_candidate; negative_value_review; transform_review_candidate,No final drop decision from numeric EDA alone; validate with target analysis and CV model performance.
cc_recivable_mean_sum,continuous_amount_numeric,continuous,credit_card,high,6,keep_but_review_before_final_FE,amount_value_validity_review,missing=missing_flag_review; transform=yeo_johnson_review; scaling=standard_scaling_review,"Review missingness, skew/tail behavior, and scaling/transform need; keep raw until model pipeline comparison.",71.73922233676193,5.90342716197118,31.21914734480179,0.5258615729819919,68.25499108221621,2.586102247238159,7.047925896093435,59492,high_missing; suspicious_negative_amount; high_skew; negative_amount_value; missing_indicator_candidate; negative_value_review; transform_review_candidate,No final drop decision from numeric EDA alone; validate with target analysis and CV model performance.
cc_total_receivable_mean_max,continuous_amount_numeric,continuous,credit_card,high,6,keep_but_review_before_final_FE,amount_value_validity_review,missing=missing_flag_review; transform=yeo_johnson_review; scaling=standard_scaling_review,"Review missingness, skew/tail behavior, and scaling/transform need; keep raw until model pipeline comparison.",71.73922233676193,5.90342716197118,31.22605143547552,0.5178068005293136,68.25614176399517,2.588651418685913,7.045624532535527,59483,high_missing; suspicious_negative_amount; high_skew; negative_amount_value; missing_indicator_candidate; negative_value_review; transform_review_candidate,No final drop decision from numeric EDA alone; validate with target analysis and CV model performance.
cc_total_receivable_mean_mean,continuous_amount_numeric,continuous,credit_card,high,6,keep_but_review_before_final_FE,amount_value_validity_review,missing=missing_flag_review; transform=yeo_johnson_review; scaling=standard_scaling_review,"Review missingness, skew/tail behavior, and scaling/transform need; keep raw until model pipeline comparison.",71.73922233676193,5.90342716197118,31.21914734480179,0.5247108912030378,68.25614176399517,2.59631609916687,7.045624532535527,59491,high_missing; suspicious_negative_amount; high_skew; negative_amount_value; missing_indicator_candidate; negative_value_review; transform_review_candidate,No final drop decision from numeric EDA alone; validate with target analysis and CV model performance.
cc_total_receivable_mean_min,continuous_amount_numeric,continuous,credit_card,high,6,keep_but_review_before_final_FE,amount_value_validity_review,missing=missing_flag_review; transform=yeo_johnson_review; scaling=standard_scaling_review,"Review missingness, skew/tail behavior, and scaling/transform need; keep raw until model pipeline comparison.",71.73922233676193,5.90342716197118,31.50221506242449,0.5270122547609459,67.97077268281457,2.599207162857056,7.092802485472642,59241,high_missing; suspicious_negative_amount; high_skew; negative_amount_value; missing_indicator_candidate; negative_value_review; transform_review_candidate,No final drop decision from numeric EDA alone; validate with target analysis and CV model performance.
cc_total_receivable_mean_sum,continuous_amount_numeric,continuous,credit_card,high,6,keep_but_review_before_final_FE,amount_value_validity_review,missing=missing_flag_review; transform=yeo_johnson_review; scaling=standard_scaling_review,"Review missingness, skew/tail behavior, and scaling/transform need; keep raw until model pipeline comparison.",71.73922233676193,5.90342716197118,31.21914734480179,0.5247108912030378,68.25614176399517,2.586028099060059,7.049076577872389,59491,high_missing; suspicious_negative_amount; high_skew; negative_amount_value; missing_indicator_candidate; negative_value_review; transform_review_candidate,No final drop decision from numeric EDA alone; validate with target analysis and CV model performance.
prev_canceled_application_amount_mean,continuous_amount_numeric,continuous,previous_application,high,6,keep_but_review_before_final_FE,continuous_transform_review,missing=missing_flag_review; zero=zero_flag_review; transform=log1p_review; scaling=standard_scaling_review,"Review missingness, skew/tail behavior, and scaling/transform need; keep raw until model pipeline comparison.",63.99283277671368,9.060943723702032,92.73612340371729,0.0,7.263876596282716,7.936047077178955,0.0,1218,high_missing; zero_heavy; extreme_skew; high_coefficient_of_variation; missing_indicator_candidate; zero_flag_candidate; transform_review_candidate; unstable_spread_review,No final drop decision from numeric EDA alone; validate with target analysis and CV model performance.
prev_canceled_application_amount_sum,continuous_amount_numeric,continuous,previous_application,high,6,keep_but_review_before_final_FE,continuous_transform_review,missing=missing_flag_review; zero=zero_flag_review; transform=log1p_review; scaling=standard_scaling_review; tail=extreme_tail_review,"Review missingness, skew/tail behavior, and scaling/transform need; keep raw until model pipeline comparison.",63.99283277671368,9.060943723702032,92.73612340371729,0.0,7.263876596282716,8.267714500427246,0.0,670,high_missing; zero_heavy; extreme_skew; top_5pct_tail_gap; missing_indicator_candidate; zero_flag_candidate; transform_review_candidate; tail_review_candidate,No final drop decision from numeric EDA alone; validate with target analysis and CV model performance.
prev_canceled_credit_amount_mean,continuous_amount_numeric,continuous,previous_application,high,6,keep_but_review_before_final_FE,continuous_transform_review,missing=missing_flag_review; zero=zero_flag_review; transform=log1p_review; scaling=standard_scaling_review,"Review missingness, skew/tail behavior, and scaling/transform need; keep raw until model pipeline comparison.",63.99283277671368,9.060943723702032,92.72799523147228,0.0,7.272004768527716,7.815392017364502,0.0,2939,high_missing; zero_heavy; extreme_skew; high_coefficient_of_variation; missing_indicator_candidate; zero_flag_candidate; transform_review_candidate; unstable_spread_review,No final drop decision from numeric EDA alone; validate with target analysis and CV model performance.
prev_canceled_credit_amount_sum,continuous_amount_numeric,continuous,previous_application,high,6,keep_but_review_before_final_FE,continuous_transform_review,missing=missing_flag_review; zero=zero_flag_review; transform=log1p_review; scaling=standard_scaling_review; tail=extreme_tail_review,"Review missingness, skew/tail behavior, and scaling/transform need; keep raw until model pipeline comparison.",63.99283277671368,9.060943723702032,92.72799523147228,0.0,7.272004768527716,8.088934898376465,0.0,1937,high_missing; zero_heavy; extreme_skew; top_5pct_tail_gap; missing_indicator_candidate; zero_flag_candidate; transform_review_candidate; tail_review_candidate,No final drop decision from numeric EDA alone; validate with target analysis and CV model performance.
prev_canceled_goods_price_sum,continuous_amount_numeric,continuous,previous_application,high,6,keep_but_review_before_final_FE,continuous_transform_review,missing=missing_flag_review; zero=zero_flag_review; transform=log1p_review; scaling=standard_scaling_review; tail=extreme_tail_review,"Review missingness, skew/tail behavior, and scaling/transform need; keep raw until model pipeline comparison.",63.99283277671368,9.060943723702032,92.73612340371729,0.0,7.263876596282716,8.267714500427246,0.0,670,high_missing; zero_heavy; extreme_skew; top_5pct_tail_gap; missing_indicator_candidate; zero_flag_candidate; transform_review_candidate; tail_review_candidate,No final drop decision from numeric EDA alone; validate with target analysis and CV model performance.
cc_payment_less_min_trend_6m_vs_old_max,continuous_stat_numeric,continuous,credit_card,high,6,keep_but_review_before_final_FE,continuous_tail_scaling_review,missing=missing_flag_review; scaling=robust_scaling_review,"Review missingness, skew/tail behavior, and scaling/transform need; keep raw until model pipeline comparison.",74.38628211673729,7.317514678693641,57.35542436361328,30.41198501872659,12.23259061766013,1.505182027816772,30.25201548911318,1462,high_missing; high_zero; has_negative_values; extreme_outlier_burden; high_coefficient_of_variation; high_outlier_burden; missing_indicator_candidate; zero_pattern_review; negative_value_review; tail_review_candidate; unstable_spread_review,No final drop decision from numeric EDA alone; validate with target analysis and CV model performance.
inst_latest_payment_diff,continuous_stat_numeric,continuous,other,high,6,keep_but_review_before_final_FE,signed_continuous_transform_review,zero=zero_flag_review; transform=yeo_johnson_review; scaling=standard_scaling_review,"Review missingness, skew/tail behavior, and scaling/transform need; keep raw until model pipeline comparison.",5.160140612856125,3.518912974582697,97.40333215609496,1.353709843884475,1.242958000020573,38.61736297607422,0.0,4410,almost_all_zero; has_negative_values; extreme_skew; high_coefficient_of_variation; zero_heavy; rare_event_candidate; negative_value_review; transform_review_candidate; unstable_spread_review,No final drop decision from numeric EDA alone; validate with target analysis and CV model performance.
inst_latest_payment_diff_max,continuous_stat_numeric,continuous,other,high,6,keep_but_review_before_final_FE,signed_continuous_transform_review,zero=zero_flag_review; transform=yeo_johnson_review; scaling=standard_scaling_review,"Review missingness, skew/tail behavior, and scaling/transform need; keep raw until model pipeline comparison.",5.160140612856125,3.518912974582697,96.62978367387525,0.3836882764201438,2.986528049704605,35.21486282348633,0.0,4311,almost_all_zero; has_negative_values; extreme_skew; high_coefficient_of_variation; zero_heavy; rare_event_candidate; negative_value_review; transform_review_candidate; unstable_spread_review,No final drop decision from numeric EDA alone; validate with target analysis and CV model performance.
inst_latest_payment_diff_min,continuous_stat_numeric,continuous,other,high,6,keep_but_review_before_final_FE,signed_continuous_transform_review,zero=zero_flag_review; transform=yeo_johnson_review; scaling=standard_scaling_review,"Review missingness, skew/tail behavior, and scaling/transform need; keep raw until model pipeline comparison.",5.160140612856125,3.518912974582697,97.08719221788283,2.65564405797499,0.2571637241421875,54.61590576171875,0.0,2626,almost_all_zero; has_negative_values; extreme_skew; high_coefficient_of_variation; zero_heavy; rare_event_candidate; negative_value_review; transform_review_candidate; unstable_spread_review,No final drop decision from numeric EDA alone; validate with target analysis and CV model performance.
inst_payment_diff_max_min,continuous_stat_numeric,continuous,other,high,6,keep_but_review_before_final_FE,signed_continuous_transform_review,zero=zero_flag_review; transform=yeo_johnson_review; scaling=standard_scaling_review,"Review missingness, skew/tail behavior, and scaling/transform need; keep raw until model pipeline comparison.",5.160140612856125,3.518912974582697,97.23669006285081,0.04423216055245626,2.71907777659673,33.7816047668457,0.0,4285,almost_all_zero; has_negative_values; extreme_skew; high_coefficient_of_variation; zero_heavy; rare_event_candidate; negative_value_review; transform_review_candidate; unstable_spread_review,No final drop decision from numeric EDA alone; validate with target analysis and CV model performance.
inst_payment_diff_min_max,continuous_stat_numeric,continuous,other,high,6,keep_but_review_before_final_FE,signed_continuous_transform_review,zero=zero_flag_review; transform=yeo_johnson_review; scaling=standard_scaling_review,"Review missingness, skew/tail behavior, and scaling/transform need; keep raw until model pipeline comparison.",5.160140612856125,3.518912974582697,98.34386561652431,1.415772022644123,0.2403623608315646,74.79664611816406,0.0,1181,almost_all_zero; has_negative_values; extreme_skew; high_coefficient_of_variation; zero_heavy; rare_event_candidate; negative_value_review; transform_review_candidate; unstable_spread_review,No final drop decision from numeric EDA alone; validate with target analysis and CV model performance.
prev_canceled_application_credit_diff_max,continuous_stat_numeric,continuous,previous_application,high,6,keep_but_review_before_final_FE,continuous_missing_signal_review,missing=missing_flag_review; zero=zero_flag_review; scaling=standard_scaling_review,"Review missingness, skew/tail behavior, and scaling/transform need; keep raw until model pipeline comparison.",63.99283277671368,9.060943723702032,98.56041038238534,1.343857811173528,0.09573180644112494,0.6242214441299438,0.0,499,high_missing; almost_all_zero; has_negative_values; high_coefficient_of_variation; zero_heavy; missing_indicator_candidate; rare_event_candidate; negative_value_review; unstable_spread_review,No final drop decision from numeric EDA alone; validate with target analysis and CV model performance.
prev_canceled_application_credit_diff_mean,continuous_stat_numeric,continuous,previous_application,high,6,keep_but_review_before_final_FE,continuous_missing_signal_review,missing=missing_flag_review; zero=zero_flag_review; scaling=standard_scaling_review,"Review missingness, skew/tail behavior, and scaling/transform need; keep raw until model pipeline comparison.",63.99283277671368,9.060943723702032,96.0551270704261,3.850947383631667,0.09392554594223579,1.861088514328003,0.0,1616,high_missing; almost_all_zero; has_negative_values; high_coefficient_of_variation; zero_heavy; missing_indicator_candidate; rare_event_candidate; negative_value_review; unstable_spread_review,No final drop decision from numeric EDA alone; validate with target analysis and CV model performance.
NONLIVINGAPARTMENTS_AVG,property_normalized_numeric,continuous,other,high,6,keep_but_review_before_final_FE,continuous_transform_review,missing=missing_flag_review; transform=log1p_review; scaling=robust_scaling_review,"Review missingness, skew/tail behavior, and scaling/transform need; keep raw until model pipeline comparison.",69.43296337366793,1.020440806787903,58.03270317137781,0.0,41.96729682862219,15.54118633270264,16.57499707437471,386,high_missing; high_zero; extreme_skew; high_outlier_burden; high_coefficient_of_variation; missing_indicator_candidate; zero_pattern_review; transform_review_candidate; tail_review_candidate; unstable_spread_review,No final drop decision from numeric EDA alone; validate with target analysis and CV model performance.
NONLIVINGAPARTMENTS_MEDI,property_normalized_numeric,continuous,other,high,6,keep_but_review_before_final_FE,continuous_transform_review,missing=missing_flag_review; transform=log1p_review; scaling=robust_scaling_review,"Review missingness, skew/tail behavior, and scaling/transform need; keep raw until model pipeline comparison.",69.43296337366793,1.020440806787903,59.67956424141197,0.0,40.32043575858804,15.67199611663818,16.18668680915348,214,high_missing; high_zero; extreme_skew; high_outlier_burden; high_coefficient_of_variation; missing_indicator_candidate; zero_pattern_review; transform_review_candidate; tail_review_candidate; unstable_spread_review,No final drop decision from numeric EDA alone; validate with target analysis and CV model performance.
NONLIVINGAPARTMENTS_MODE,property_normalized_numeric,continuous,other,high,6,keep_but_review_before_final_FE,continuous_transform_review,missing=missing_flag_review; transform=log1p_review; scaling=robust_scaling_review,"Review missingness, skew/tail behavior, and scaling/transform need; keep raw until model pipeline comparison.",69.43296337366793,1.020440806787903,63.03924593338085,0.0,36.96075406661915,16.2518196105957,15.13239784248434,167,high_missing; high_zero; extreme_skew; high_outlier_burden; high_coefficient_of_variation; missing_indicator_candidate; zero_pattern_review; transform_review_candidate; tail_review_candidate; unstable_spread_review,No final drop decision from numeric EDA alone; validate with target analysis and CV model performance.
cc_atm_drawing_count_max_mean,discrete_count_numeric,discrete_count,credit_card,high,6,keep_but_review_before_final_FE,count_validity_review,missing=missing_flag_review; zero=activity_flag_review; special=count_integer_validity_review,"Review zero/non-zero activity signal, count bins, and count validity; do not treat skew as continuous-only problem.",80.11778440446032,2.795447296303422,16.11383709519136,0.0,83.88616290480864,1.964031338691711,7.060843964671245,54,extreme_missing; not_integer_like_count; high_missing; not_integer_like; missing_indicator_candidate; count_validity_review,No final drop decision from numeric EDA alone; validate with target analysis and CV model performance.
cc_atm_drawing_count_sum_mean,discrete_count_numeric,discrete_count,credit_card,high,6,keep_but_review_before_final_FE,count_validity_review,missing=missing_flag_review; zero=activity_flag_review; transform=log1p_review; special=count_integer_validity_review,"Review zero/non-zero activity signal, count bins, and count validity; do not treat skew as continuous-only problem.",71.73922233676193,5.90342716197118,40.9838329210057,0.0,59.01616707899431,3.157357931137085,7.381623611990104,195,high_missing; high_skew; not_integer_like_count; not_integer_like; extreme_count_tail; missing_indicator_candidate; transform_review_candidate; count_validity_review,No final drop decision from numeric EDA alone; validate with target analysis and CV model performance.
cc_dpd_30plus_count_max,discrete_count_numeric,discrete_count,credit_card,high,6,keep_but_review_before_final_FE,count_activity_flag_or_binning_review,missing=missing_flag_review; zero=zero_flag_review; activity_flag_review; transform=log1p_review; binning=zero_vs_activity_split_review,"Review zero/non-zero activity signal, count bins, and count validity; do not treat skew as continuous-only problem.",71.73922233676193,5.90342716197118,96.79304988205512,0.0,3.206950117944882,10.44074726104736,0.0,86,high_missing; almost_all_zero; extreme_skew; zero_heavy; missing_indicator_candidate; rare_event_candidate; transform_review_candidate,No final drop decision from numeric EDA alone; validate with target analysis and CV model performance.
cc_dpd_30plus_count_sum,discrete_count_numeric,discrete_count,credit_card,high,6,keep_but_review_before_final_FE,count_activity_flag_or_binning_review,missing=missing_flag_review; zero=zero_flag_review; activity_flag_review; transform=log1p_review; binning=zero_vs_activity_split_review,"Review zero/non-zero activity signal, count bins, and count validity; do not treat skew as continuous-only problem.",71.73922233676193,5.90342716197118,96.79304988205512,0.0,3.206950117944882,10.44074726104736,0.0,86,high_missing; almost_all_zero; extreme_skew; zero_heavy; missing_indicator_candidate; rare_event_candidate; transform_review_candidate,No final drop decision from numeric EDA alone; validate with target analysis and CV model performance.
cc_dpd_60plus_count_max,discrete_count_numeric,discrete_count,credit_card,high,6,keep_but_review_before_final_FE,count_activity_flag_or_binning_review,missing=missing_flag_review; zero=zero_flag_review; activity_flag_review; transform=log1p_review; binning=zero_vs_activity_split_review,"Review zero/non-zero activity signal, count bins, and count validity; do not treat skew as continuous-only problem.",71.73922233676193,5.90342716197118,97.80795121109257,0.0,2.192048788907428,10.61754131317139,0.0,86,high_missing; almost_all_zero; extreme_skew; zero_heavy; missing_indicator_candidate; rare_event_candidate; transform_review_candidate,No final drop decision from numeric EDA alone; validate with target analysis and CV model performance.
cc_dpd_60plus_count_sum,discrete_count_numeric,discrete_count,credit_card,high,6,keep_but_review_before_final_FE,count_activity_flag_or_binning_review,missing=missing_flag_review; zero=zero_flag_review; activity_flag_review; transform=log1p_review; binning=zero_vs_activity_split_review,"Review zero/non-zero activity signal, count bins, and count validity; do not treat skew as continuous-only problem.",71.73922233676193,5.90342716197118,97.80795121109257,0.0,2.192048788907428,10.61754131317139,0.0,86,high_missing; almost_all_zero; extreme_skew; zero_heavy; missing_indicator_candidate; rare_event_candidate; transform_review_candidate,No final drop decision from numeric EDA alone; validate with target analysis and CV model performance.
cc_dpd_90plus_count_max,discrete_count_numeric,discrete_count,credit_card,high,6,keep_but_review_before_final_FE,count_activity_flag_or_binning_review,missing=missing_flag_review; zero=zero_flag_review; activity_flag_review; transform=log1p_review; binning=zero_vs_activity_split_review,"Review zero/non-zero activity signal, count bins, and count validity; do not treat skew as continuous-only problem.",71.73922233676193,5.90342716197118,98.20838847016857,0.0,1.791611529831425,10.74040508270264,0.0,84,high_missing; almost_all_zero; extreme_skew; zero_heavy; missing_indicator_candidate; rare_event_candidate; transform_review_candidate,No final drop decision from numeric EDA alone; validate with target analysis and CV model performance.
cc_dpd_90plus_count_sum,discrete_count_numeric,discrete_count,credit_card,high,6,keep_but_review_before_final_FE,count_activity_flag_or_binning_review,missing=missing_flag_review; zero=zero_flag_review; activity_flag_review; transform=log1p_review; binning=zero_vs_activity_split_review,"Review zero/non-zero activity signal, count bins, and count validity; do not treat skew as continuous-only problem.",71.73922233676193,5.90342716197118,98.20838847016857,0.0,1.791611529831425,10.74040508270264,0.0,84,high_missing; almost_all_zero; extreme_skew; zero_heavy; missing_indicator_candidate; rare_event_candidate; transform_review_candidate,No final drop decision from numeric EDA alone; validate with target analysis and CV model performance.
cc_dpd_def_30plus_count_max,discrete_count_numeric,discrete_count,credit_card,high,6,keep_but_review_before_final_FE,count_activity_flag_or_binning_review,missing=missing_flag_review; zero=zero_flag_review; activity_flag_review; transform=log1p_review; binning=zero_vs_activity_split_review,"Review zero/non-zero activity signal, count bins, and count validity; do not treat skew as continuous-only problem.",71.73922233676193,5.90342716197118,99.56849433289224,0.0,0.4315056671077614,89.42008972167969,0.0,27,high_missing; almost_all_zero; extreme_skew; zero_heavy; missing_indicator_candidate; rare_event_candidate; transform_review_candidate,No final drop decision from numeric EDA alone; validate with target analysis and CV model performance.
cc_dpd_def_30plus_count_sum,discrete_count_numeric,discrete_count,credit_card,high,6,keep_but_review_before_final_FE,count_activity_flag_or_binning_review,missing=missing_flag_review; zero=zero_flag_review; activity_flag_review; transform=log1p_review; binning=zero_vs_activity_split_review,"Review zero/non-zero activity signal, count bins, and count validity; do not treat skew as continuous-only problem.",71.73922233676193,5.90342716197118,99.56849433289224,0.0,0.4315056671077614,89.42008972167969,0.0,27,high_missing; almost_all_zero; extreme_skew; zero_heavy; missing_indicator_candidate; rare_event_candidate; transform_review_candidate,No final drop decision from numeric EDA alone; validate with target analysis and CV model performance.
cc_dpd_def_60plus_count_max,discrete_count_numeric,discrete_count,credit_card,high,6,keep_but_review_before_final_FE,count_activity_flag_or_binning_review,missing=missing_flag_review; zero=zero_flag_review; activity_flag_review; transform=log1p_review; binning=zero_vs_activity_split_review,"Review zero/non-zero activity signal, count bins, and count validity; do not treat skew as continuous-only problem.",71.73922233676193,5.90342716197118,99.88838386744146,0.0,0.1116161325585409,99.14765167236328,0.0,20,high_missing; almost_all_zero; extreme_skew; zero_heavy; missing_indicator_candidate; rare_event_candidate; transform_review_candidate,No final drop decision from numeric EDA alone; validate with target analysis and CV model performance.
cc_dpd_def_60plus_count_mean,discrete_count_numeric,discrete_count,credit_card,high,6,keep_but_review_before_final_FE,count_activity_flag_or_binning_review,missing=missing_flag_review; zero=zero_flag_review; activity_flag_review; transform=log1p_review; binning=zero_vs_activity_split_review,"Review zero/non-zero activity signal, count bins, and count validity; do not treat skew as continuous-only problem.",71.73922233676193,5.90342716197118,99.88838386744146,0.0,0.1116161325585409,101.5460891723633,0.0,21,high_missing; almost_all_zero; extreme_skew; zero_heavy; missing_indicator_candidate; rare_event_candidate; transform_review_candidate,No final drop decision from numeric EDA alone; validate with target analysis and CV model performance.
cc_dpd_def_60plus_count_sum,discrete_count_numeric,discrete_count,credit_card,high,6,keep_but_review_before_final_FE,count_activity_flag_or_binning_review,missing=missing_flag_review; zero=zero_flag_review; activity_flag_review; transform=log1p_review; binning=zero_vs_activity_split_review,"Review zero/non-zero activity signal, count bins, and count validity; do not treat skew as continuous-only problem.",71.73922233676193,5.90342716197118,99.88838386744146,0.0,0.1116161325585409,99.14765167236328,0.0,20,high_missing; almost_all_zero; extreme_skew; zero_heavy; missing_indicator_candidate; rare_event_candidate; transform_review_candidate,No final drop decision from numeric EDA alone; validate with target analysis and CV model performance.
cc_dpd_def_90plus_count_max,discrete_count_numeric,discrete_count,credit_card,high,6,keep_but_review_before_final_FE,count_activity_flag_or_binning_review,missing=missing_flag_review; zero=zero_flag_review; activity_flag_review; transform=log1p_review; binning=zero_vs_activity_split_review,"Review zero/non-zero activity signal, count bins, and count validity; do not treat skew as continuous-only problem.",71.73922233676193,5.90342716197118,99.97353431908405,0.0,0.0264656809159427,101.5350646972656,0.0,17,high_missing; almost_all_zero; extreme_skew; zero_heavy; missing_indicator_candidate; rare_event_candidate; transform_review_candidate,No final drop decision from numeric EDA alone; validate with target analysis and CV model performance.
cc_dpd_def_90plus_count_mean,discrete_count_numeric,discrete_count,credit_card,high,6,keep_but_review_before_final_FE,count_activity_flag_or_binning_review,missing=missing_flag_review; zero=zero_flag_review; activity_flag_review; transform=log1p_review; binning=zero_vs_activity_split_review,"Review zero/non-zero activity signal, count bins, and count validity; do not treat skew as continuous-only problem.",71.73922233676193,5.90342716197118,99.97353431908405,0.0,0.0264656809159427,104.3076858520508,0.0,17,high_missing; almost_all_zero; extreme_skew; zero_heavy; missing_indicator_candidate; rare_event_candidate; transform_review_candidate,No final drop decision from numeric EDA alone; validate with target analysis and CV model performance.
cc_dpd_def_90plus_count_sum,discrete_count_numeric,discrete_count,credit_card,high,6,keep_but_review_before_final_FE,count_activity_flag_or_binning_review,missing=missing_flag_review; zero=zero_flag_review; activity_flag_review; transform=log1p_review; binning=zero_vs_activity_split_review,"Review zero/non-zero activity signal, count bins, and count validity; do not treat skew as continuous-only problem.",71.73922233676193,5.90342716197118,99.97353431908405,0.0,0.0264656809159427,101.5350646972656,0.0,17,high_missing; almost_all_zero; extreme_skew; zero_heavy; missing_indicator_candidate; rare_event_candidate; transform_review_candidate,No final drop decision from numeric EDA alone; validate with target analysis and CV model performance.
cc_drawing_count_max_mean,discrete_count_numeric,discrete_count,credit_card,high,6,keep_but_review_before_final_FE,count_validity_review,missing=missing_flag_review; zero=activity_flag_review; transform=log1p_review; special=count_integer_validity_review,"Review zero/non-zero activity signal, count bins, and count validity; do not treat skew as continuous-only problem.",71.73922233676193,5.90342716197118,31.91185777573212,0.0,68.08814222426788,3.359932661056519,8.327484034290316,151,high_missing; high_skew; not_integer_like_count; not_integer_like; missing_indicator_candidate; transform_review_candidate; count_validity_review,No final drop decision from numeric EDA alone; validate with target analysis and CV model performance.
cc_invalid_credit_limit_count_mean,discrete_count_numeric,discrete_count,credit_card,high,6,keep_but_review_before_final_FE,count_validity_review,missing=missing_flag_review; zero=activity_flag_review; transform=log1p_review; special=count_integer_validity_review,"Review zero/non-zero activity signal, count bins, and count validity; do not treat skew as continuous-only problem.",71.73922233676193,5.90342716197118,75.09464357631896,0.0,24.90535642368103,2.751736640930176,0.0,95,high_missing; high_zero; high_skew; not_integer_like_count; not_integer_like; missing_indicator_candidate; zero_pattern_review; transform_review_candidate; count_validity_review,No final drop decision from numeric EDA alone; validate with target analysis and CV model performance.
cc_latest_no_payment_with_balance_flag_sum,discrete_count_numeric,discrete_count,credit_card,high,6,keep_but_review_before_final_FE,count_activity_flag_or_binning_review,missing=missing_flag_review; zero=zero_flag_review; activity_flag_review; transform=log1p_review; binning=zero_vs_activity_split_review; ordinal_count_bin_review,"Review zero/non-zero activity signal, count bins, and count validity; do not treat skew as continuous-only problem.",71.73922233676193,5.90342716197118,96.7757896553708,0.0,3.224210344629193,5.301398277282715,0.0,3,high_missing; almost_all_zero; extreme_skew; zero_heavy; missing_indicator_candidate; rare_event_candidate; transform_review_candidate,No final drop decision from numeric EDA alone; validate with target analysis and CV model performance.
cc_latest_payment_less_than_min_flag_sum,discrete_count_numeric,discrete_count,credit_card,high,6,keep_but_review_before_final_FE,count_activity_flag_or_binning_review,missing=missing_flag_review; zero=zero_flag_review; activity_flag_review; transform=log1p_review; binning=zero_vs_activity_split_review; ordinal_count_bin_review,"Review zero/non-zero activity signal, count bins, and count validity; do not treat skew as continuous-only problem.",71.73922233676193,5.90342716197118,96.4731603475059,0.0,3.526839652494103,5.04356575012207,0.0,3,high_missing; almost_all_zero; extreme_skew; zero_heavy; missing_indicator_candidate; rare_event_candidate; transform_review_candidate,No final drop decision from numeric EDA alone; validate with target analysis and CV model performance.
cc_missing_payment_current_count_mean,discrete_count_numeric,discrete_count,credit_card,high,6,keep_but_review_before_final_FE,count_validity_review,missing=missing_flag_review; zero=activity_flag_review; transform=log1p_review; special=count_integer_validity_review,"Review zero/non-zero activity signal, count bins, and count validity; do not treat skew as continuous-only problem.",71.73922233676193,5.90342716197118,34.25464587768253,0.0,65.74535412231747,3.85983419418335,11.16966802830677,127,high_missing; high_skew; not_integer_like_count; not_integer_like; missing_indicator_candidate; transform_review_candidate; count_validity_review,No final drop decision from numeric EDA alone; validate with target analysis and CV model performance.
cc_other_drawing_count_max_max,discrete_count_numeric,discrete_count,credit_card,high,6,keep_but_review_before_final_FE,count_activity_flag_or_binning_review,missing=missing_flag_review; zero=zero_flag_review; activity_flag_review; transform=log1p_review; binning=zero_vs_activity_split_review,"Review zero/non-zero activity signal, count bins, and count validity; do not treat skew as continuous-only problem.",80.11778440446032,2.795447296303422,90.67713444553483,0.0,9.322865554465162,5.896574020385742,0.0,11,extreme_missing; zero_heavy; extreme_skew; high_missing; missing_indicator_candidate; zero_flag_candidate; transform_review_candidate,No final drop decision from numeric EDA alone; validate with target analysis and CV model performance.
cc_other_drawing_count_max_min,discrete_count_numeric,discrete_count,credit_card,high,6,keep_but_review_before_final_FE,count_activity_flag_or_binning_review,missing=missing_flag_review; zero=zero_flag_review; activity_flag_review; transform=log1p_review; binning=zero_vs_activity_split_review,"Review zero/non-zero activity signal, count bins, and count validity; do not treat skew as continuous-only problem.",80.11778440446032,2.795447296303422,90.74746483480537,0.0,9.252535165194635,5.934296607971191,0.0,11,extreme_missing; zero_heavy; extreme_skew; high_missing; missing_indicator_candidate; zero_flag_candidate; transform_review_candidate,No final drop decision from numeric EDA alone; validate with target analysis and CV model performance.
cc_over_limit_flag_count_mean,discrete_count_numeric,discrete_count,credit_card,high,6,keep_but_review_before_final_FE,count_validity_review,missing=missing_flag_review; zero=activity_flag_review; transform=log1p_review; special=count_integer_validity_review,"Review zero/non-zero activity signal, count bins, and count validity; do not treat skew as continuous-only problem.",71.73922233676193,5.90342716197118,56.75737874690754,0.0,43.24262125309246,3.943823337554932,13.4468672688568,105,high_missing; high_zero; high_skew; not_integer_like_count; not_integer_like; missing_indicator_candidate; zero_pattern_review; transform_review_candidate; count_validity_review,No final drop decision from numeric EDA alone; validate with target analysis and CV model performance.
cc_payment_near_min_instalment_count_mean,discrete_count_numeric,discrete_count,installments,high,6,keep_but_review_before_final_FE,count_validity_review,missing=missing_flag_review; zero=activity_flag_review; transform=log1p_review; special=count_integer_validity_review,"Review zero/non-zero activity signal, count bins, and count validity; do not treat skew as continuous-only problem.",71.73922233676193,5.90342716197118,47.16184339220988,0.0,52.83815660779012,2.724749326705933,13.87377020884874,128,high_missing; high_skew; not_integer_like_count; not_integer_like; missing_indicator_candidate; transform_review_candidate; count_validity_review,No final drop decision from numeric EDA alone; validate with target analysis and CV model performance.
cc_recent_12m_has_dpd_count_max,discrete_count_numeric,discrete_count,credit_card,high,6,keep_but_review_before_final_FE,count_activity_flag_or_binning_review,missing=missing_flag_review; zero=zero_flag_review; activity_flag_review; transform=log1p_review; binning=zero_vs_activity_split_review,"Review zero/non-zero activity signal, count bins, and count validity; do not treat skew as continuous-only problem.",71.73922233676193,5.90342716197118,96.08538058799839,0.0,3.914619412001611,9.467364311218262,0.0,13,high_missing; almost_all_zero; extreme_skew; zero_heavy; missing_indicator_candidate; rare_event_candidate; transform_review_candidate,No final drop decision from numeric EDA alone; validate with target analysis and CV model performance.
cc_recent_12m_has_dpd_count_sum,discrete_count_numeric,discrete_count,credit_card,high,6,keep_but_review_before_final_FE,count_activity_flag_or_binning_review,missing=missing_flag_review; zero=zero_flag_review; activity_flag_review; transform=log1p_review; binning=zero_vs_activity_split_review,"Review zero/non-zero activity signal, count bins, and count validity; do not treat skew as continuous-only problem.",71.73922233676193,5.90342716197118,96.08538058799839,0.0,3.914619412001611,9.46622085571289,0.0,13,high_missing; almost_all_zero; extreme_skew; zero_heavy; missing_indicator_candidate; rare_event_candidate; transform_review_candidate,No final drop decision from numeric EDA alone; validate with target analysis and CV model performance.
cc_recent_12m_has_dpd_def_count_max,discrete_count_numeric,discrete_count,credit_card,high,6,keep_but_review_before_final_FE,count_activity_flag_or_binning_review,missing=missing_flag_review; zero=zero_flag_review; activity_flag_review; transform=log1p_review; binning=zero_vs_activity_split_review,"Review zero/non-zero activity signal, count bins, and count validity; do not treat skew as continuous-only problem.",71.73922233676193,5.90342716197118,98.29123755825326,0.0,1.708762441746735,16.7850170135498,0.0,13,high_missing; almost_all_zero; extreme_skew; zero_heavy; missing_indicator_candidate; rare_event_candidate; transform_review_candidate,No final drop decision from numeric EDA alone; validate with target analysis and CV model performance.
cc_recent_12m_has_dpd_def_count_sum,discrete_count_numeric,discrete_count,credit_card,high,6,keep_but_review_before_final_FE,count_activity_flag_or_binning_review,missing=missing_flag_review; zero=zero_flag_review; activity_flag_review; transform=log1p_review; binning=zero_vs_activity_split_review,"Review zero/non-zero activity signal, count bins, and count validity; do not treat skew as continuous-only problem.",71.73922233676193,5.90342716197118,98.29123755825326,0.0,1.708762441746735,16.77176856994629,0.0,13,high_missing; almost_all_zero; extreme_skew; zero_heavy; missing_indicator_candidate; rare_event_candidate; transform_review_candidate,No final drop decision from numeric EDA alone; validate with target analysis and CV model performance.
cc_recent_24m_has_dpd_def_count_max,discrete_count_numeric,discrete_count,credit_card,high,6,keep_but_review_before_final_FE,count_activity_flag_or_binning_review,missing=missing_flag_review; zero=zero_flag_review; activity_flag_review; transform=log1p_review; binning=zero_vs_activity_split_review,"Review zero/non-zero activity signal, count bins, and count validity; do not treat skew as continuous-only problem.",71.73922233676193,5.90342716197118,96.70789943041251,0.0,3.292100569587481,15.39738941192627,0.0,24,high_missing; almost_all_zero; extreme_skew; zero_heavy; missing_indicator_candidate; rare_event_candidate; transform_review_candidate,No final drop decision from numeric EDA alone; validate with target analysis and CV model performance.
cc_recent_24m_has_dpd_def_count_sum,discrete_count_numeric,discrete_count,credit_card,high,6,keep_but_review_before_final_FE,count_activity_flag_or_binning_review,missing=missing_flag_review; zero=zero_flag_review; activity_flag_review; transform=log1p_review; binning=zero_vs_activity_split_review,"Review zero/non-zero activity signal, count bins, and count validity; do not treat skew as continuous-only problem.",71.73922233676193,5.90342716197118,96.70789943041251,0.0,3.292100569587481,15.3925895690918,0.0,24,high_missing; almost_all_zero; extreme_skew; zero_heavy; missing_indicator_candidate; rare_event_candidate; transform_review_candidate,No final drop decision from numeric EDA alone; validate with target analysis and CV model performance.
cc_recent_6m_has_dpd_count_max,discrete_count_numeric,discrete_count,credit_card,high,6,keep_but_review_before_final_FE,count_activity_flag_or_binning_review,missing=missing_flag_review; zero=zero_flag_review; activity_flag_review; transform=log1p_review; binning=zero_vs_activity_split_review; ordinal_count_bin_review,"Review zero/non-zero activity signal, count bins, and count validity; do not treat skew as continuous-only problem.",71.73922233676193,5.90342716197118,97.32581554571084,0.0,2.674184454289166,9.211907386779785,0.0,7,high_missing; almost_all_zero; extreme_skew; zero_heavy; missing_indicator_candidate; rare_event_candidate; transform_review_candidate,No final drop decision from numeric EDA alone; validate with target analysis and CV model performance.
cc_recent_6m_has_dpd_count_sum,discrete_count_numeric,discrete_count,credit_card,high,6,keep_but_review_before_final_FE,count_activity_flag_or_binning_review,missing=missing_flag_review; zero=zero_flag_review; activity_flag_review; transform=log1p_review; binning=zero_vs_activity_split_review; ordinal_count_bin_review,"Review zero/non-zero activity signal, count bins, and count validity; do not treat skew as continuous-only problem.",71.73922233676193,5.90342716197118,97.32581554571084,0.0,2.674184454289166,9.210530281066895,0.0,7,high_missing; almost_all_zero; extreme_skew; zero_heavy; missing_indicator_candidate; rare_event_candidate; transform_review_candidate,No final drop decision from numeric EDA alone; validate with target analysis and CV model performance.
cc_recent_6m_has_dpd_def_count_max,discrete_count_numeric,discrete_count,credit_card,high,6,keep_but_review_before_final_FE,count_activity_flag_or_binning_review,missing=missing_flag_review; zero=zero_flag_review; activity_flag_review; transform=log1p_review; binning=zero_vs_activity_split_review; ordinal_count_bin_review,"Review zero/non-zero activity signal, count bins, and count validity; do not treat skew as continuous-only problem.",71.73922233676193,5.90342716197118,99.00581094298371,0.0,0.9941890570162821,16.78761672973633,0.0,7,high_missing; almost_all_zero; extreme_skew; zero_heavy; missing_indicator_candidate; rare_event_candidate; transform_review_candidate,No final drop decision from numeric EDA alone; validate with target analysis and CV model performance.
cc_recent_6m_has_dpd_def_count_sum,discrete_count_numeric,discrete_count,credit_card,high,6,keep_but_review_before_final_FE,count_activity_flag_or_binning_review,missing=missing_flag_review; zero=zero_flag_review; activity_flag_review; transform=log1p_review; binning=zero_vs_activity_split_review; ordinal_count_bin_review,"Review zero/non-zero activity signal, count bins, and count validity; do not treat skew as continuous-only problem.",71.73922233676193,5.90342716197118,99.00581094298371,0.0,0.9941890570162821,16.77443504333496,0.0,7,high_missing; almost_all_zero; extreme_skew; zero_heavy; missing_indicator_candidate; rare_event_candidate; transform_review_candidate,No final drop decision from numeric EDA alone; validate with target analysis and CV model performance.
cc_status_demand_count_max,discrete_count_numeric,discrete_count,credit_card,high,6,keep_but_review_before_final_FE,count_activity_flag_or_binning_review,missing=missing_flag_review; zero=zero_flag_review; activity_flag_review; transform=log1p_review; binning=zero_vs_activity_split_review,"Review zero/non-zero activity signal, count bins, and count validity; do not treat skew as continuous-only problem.",71.73922233676193,5.90342716197118,99.98273977331569,0.0,0.01726022668431046,87.40148162841797,0.0,14,high_missing; almost_all_zero; extreme_skew; zero_heavy; missing_indicator_candidate; rare_event_candidate; transform_review_candidate,No final drop decision from numeric EDA alone; validate with target analysis and CV model performance.
cc_status_demand_count_sum,discrete_count_numeric,discrete_count,credit_card,high,6,keep_but_review_before_final_FE,count_activity_flag_or_binning_review,missing=missing_flag_review; zero=zero_flag_review; activity_flag_review; transform=log1p_review; binning=zero_vs_activity_split_review,"Review zero/non-zero activity signal, count bins, and count validity; do not treat skew as continuous-only problem.",71.73922233676193,5.90342716197118,99.98273977331569,0.0,0.01726022668431046,87.40148162841797,0.0,14,high_missing; almost_all_zero; extreme_skew; zero_heavy; missing_indicator_candidate; rare_event_candidate; transform_review_candidate,No final drop decision from numeric EDA alone; validate with target analysis and CV model performance.
cc_status_signed_count_max,discrete_count_numeric,discrete_count,credit_card,high,6,keep_but_review_before_final_FE,count_activity_flag_or_binning_review,missing=missing_flag_review; zero=zero_flag_review; activity_flag_review; transform=log1p_review; binning=zero_vs_activity_split_review,"Review zero/non-zero activity signal, count bins, and count validity; do not treat skew as continuous-only problem.",71.73922233676193,5.90342716197118,95.06242448650826,0.0,4.937575513491744,28.12520599365234,0.0,43,high_missing; almost_all_zero; extreme_skew; zero_heavy; missing_indicator_candidate; rare_event_candidate; transform_review_candidate,No final drop decision from numeric EDA alone; validate with target analysis and CV model performance.
cc_status_signed_count_sum,discrete_count_numeric,discrete_count,credit_card,high,6,keep_but_review_before_final_FE,count_activity_flag_or_binning_review,missing=missing_flag_review; zero=zero_flag_review; activity_flag_review; transform=log1p_review; binning=zero_vs_activity_split_review,"Review zero/non-zero activity signal, count bins, and count validity; do not treat skew as continuous-only problem.",71.73922233676193,5.90342716197118,95.06242448650826,0.0,4.937575513491744,28.12444305419922,0.0,43,high_missing; almost_all_zero; extreme_skew; zero_heavy; missing_indicator_candidate; rare_event_candidate; transform_review_candidate,No final drop decision from numeric EDA alone; validate with target analysis and CV model performance.
inst_late_15plus_count_mean,discrete_count_numeric,discrete_count,other,high,6,keep_but_review_before_final_FE,count_validity_review,zero=zero_flag_review; activity_flag_review; transform=log1p_review; binning=zero_vs_activity_split_review; special=count_integer_validity_review,"Review zero/non-zero activity signal, count bins, and count validity; do not treat skew as continuous-only problem.",5.160140612856125,3.518912974582697,82.19432662536046,0.0,17.80567337463954,10.32456016540527,0.0,269,zero_heavy; extreme_skew; not_integer_like_count; not_integer_like; zero_flag_candidate; transform_review_candidate; count_validity_review,No final drop decision from numeric EDA alone; validate with target analysis and CV model performance.
inst_late_30plus_count_mean,discrete_count_numeric,discrete_count,other,high,6,keep_but_review_before_final_FE,count_validity_review,zero=zero_flag_review; activity_flag_review; transform=log1p_review; binning=zero_vs_activity_split_review; special=count_integer_validity_review,"Review zero/non-zero activity signal, count bins, and count validity; do not treat skew as continuous-only problem.",5.160140612856125,3.518912974582697,92.81930305201908,0.0,7.180696947980922,23.56892204284668,0.0,145,zero_heavy; extreme_skew; not_integer_like_count; not_integer_like; zero_flag_candidate; transform_review_candidate; count_validity_review,No final drop decision from numeric EDA alone; validate with target analysis and CV model performance.
inst_num_version_mean_max,discrete_count_numeric,discrete_count,other,high,6,keep_but_review_before_final_FE,count_validity_review,zero=activity_flag_review; transform=log1p_review; scaling=robust_scaling_review; special=count_integer_validity_review,"Review zero/non-zero activity signal, count bins, and count validity; do not treat skew as continuous-only problem.",5.160140612856125,3.518912974582697,0.947048274774296,0.0,99.0529517252257,8.232715606689453,17.74429696581094,2361,extreme_skew; high_outlier_burden; not_integer_like_count; not_integer_like; transform_review_candidate; tail_review_candidate; count_validity_review,No final drop decision from numeric EDA alone; validate with target analysis and CV model performance.
inst_num_version_mean_mean,discrete_count_numeric,discrete_count,other,high,6,keep_but_review_before_final_FE,count_validity_review,zero=activity_flag_review; transform=log1p_review; scaling=robust_scaling_review; special=count_integer_validity_review,"Review zero/non-zero activity signal, count bins, and count validity; do not treat skew as continuous-only problem.",5.160140612856125,3.518912974582697,0.947048274774296,0.0,99.0529517252257,8.622112274169922,19.09526372997123,29629,extreme_skew; high_outlier_burden; not_integer_like_count; not_integer_like; transform_review_candidate; tail_review_candidate; count_validity_review,No final drop decision from numeric EDA alone; validate with target analysis and CV model performance.
inst_recent_24m_late_count_mean,discrete_count_numeric,discrete_count,other,high,6,keep_but_review_before_final_FE,count_validity_review,zero=activity_flag_review; transform=log1p_review; scaling=robust_scaling_review; special=count_integer_validity_review,"Review zero/non-zero activity signal, count bins, and count validity; do not treat skew as continuous-only problem.",5.160140612856125,3.518912974582697,68.6123102560322,0.0,31.38768974396779,5.356941223144531,16.22428791364785,355,high_zero; extreme_skew; high_outlier_burden; not_integer_like_count; not_integer_like; zero_pattern_review; transform_review_candidate; tail_review_candidate; count_validity_review,No final drop decision from numeric EDA alone; validate with target analysis and CV model performance.
inst_recent_6m_late_count_mean,discrete_count_numeric,discrete_count,other,high,6,keep_but_review_before_final_FE,count_validity_review,zero=zero_flag_review; activity_flag_review; transform=log1p_review; binning=zero_vs_activity_split_review; special=count_integer_validity_review,"Review zero/non-zero activity signal, count bins, and count validity; do not treat skew as continuous-only problem.",5.160140612856125,3.518912974582697,86.83390309385103,0.0,13.16609690614895,6.243923187255859,0.0,130,zero_heavy; extreme_skew; not_integer_like_count; not_integer_like; zero_flag_candidate; transform_review_candidate; count_validity_review,No final drop decision from numeric EDA alone; validate with target analysis and CV model performance.
pos_missing_cnt_instalment_count_mean,discrete_count_numeric,discrete_count,pos_cash,high,6,keep_but_review_before_final_FE,count_validity_review,zero=zero_flag_review; activity_flag_review; transform=log1p_review; binning=zero_vs_activity_split_review; special=count_integer_validity_review,"Review zero/non-zero activity signal, count bins, and count validity; do not treat skew as continuous-only problem.",5.875236983392464,3.955000646612553,93.58874255469107,0.0,6.411257445308937,29.82151412963867,0.0,81,zero_heavy; extreme_skew; not_integer_like_count; not_integer_like; zero_flag_candidate; transform_review_candidate; count_validity_review,No final drop decision from numeric EDA alone; validate with target analysis and CV model performance.
pos_missing_cnt_instalment_future_count_mean,discrete_count_numeric,discrete_count,pos_cash,high,6,keep_but_review_before_final_FE,count_validity_review,zero=zero_flag_review; activity_flag_review; transform=log1p_review; binning=zero_vs_activity_split_review; special=count_integer_validity_review,"Review zero/non-zero activity signal, count bins, and count validity; do not treat skew as continuous-only problem.",5.875236983392464,3.955000646612553,93.60705352330675,0.0,6.392946476693247,29.68050384521484,0.0,82,zero_heavy; extreme_skew; not_integer_like_count; not_integer_like; zero_flag_candidate; transform_review_candidate; count_validity_review,No final drop decision from numeric EDA alone; validate with target analysis and CV model performance.
prev_canceled_cnt_payment_mean,discrete_count_numeric,discrete_count,previous_application,high,6,keep_but_review_before_final_FE,count_validity_review,missing=missing_flag_review; zero=activity_flag_review; special=count_integer_validity_review,"Review zero/non-zero activity signal, count bins, and count validity; do not treat skew as continuous-only problem.",97.44139234043661,0.676662322383109,4.842399593289273,0.0,95.15760040671073,0.2961800694465637,0.0,44,extreme_missing; not_integer_like_count; high_missing; not_integer_like; missing_indicator_candidate; count_validity_review,No final drop decision from numeric EDA alone; validate with target analysis and CV model performance.
prev_unused_offer_cnt_payment_mean,discrete_count_numeric,discrete_count,previous_application,high,6,keep_but_review_before_final_FE,count_validity_review,missing=missing_flag_review; zero=activity_flag_review; special=count_integer_validity_review,"Review zero/non-zero activity signal, count bins, and count validity; do not treat skew as continuous-only problem.",99.7661872258228,0.006216767920292909,0.1390820584144645,0.0,99.86091794158554,0.9747397303581238,0.0,11,extreme_missing; not_integer_like_count; high_missing; not_integer_like; missing_indicator_candidate; count_validity_review,No final drop decision from numeric EDA alone; validate with target analysis and CV model performance.
cc_contract_with_dpd_30plus_ratio,ratio_rate_numeric,ratio_rate,credit_card,high,6,keep_but_review_before_final_FE,zero_ratio_flag_review,missing=missing_flag_review; zero=zero_flag_review; zero_ratio_flag_review; transform=log1p_review; special=bounded_0_1_ratio,Review boundedness and denominator-driven tail instability; keep bounded ratios carefully and review unbounded/signed ratios.,71.73922233676193,5.90342716197118,96.79304988205512,0.0,3.206950117944882,5.327206611633301,0.0,3,high_missing; almost_all_zero; extreme_skew; zero_heavy; missing_indicator_candidate; rare_event_candidate; transform_review_candidate,No final drop decision from numeric EDA alone; validate with target analysis and CV model performance.
cc_contract_with_dpd_60plus_ratio,ratio_rate_numeric,ratio_rate,credit_card,high,6,keep_but_review_before_final_FE,zero_ratio_flag_review,missing=missing_flag_review; zero=zero_flag_review; zero_ratio_flag_review; transform=log1p_review; special=bounded_0_1_ratio,Review boundedness and denominator-driven tail instability; keep bounded ratios carefully and review unbounded/signed ratios.,71.73922233676193,5.90342716197118,97.80795121109257,0.0,2.192048788907428,6.542118549346924,0.0,3,high_missing; almost_all_zero; extreme_skew; zero_heavy; missing_indicator_candidate; rare_event_candidate; transform_review_candidate,No final drop decision from numeric EDA alone; validate with target analysis and CV model performance.
cc_contract_with_dpd_90plus_ratio,ratio_rate_numeric,ratio_rate,credit_card,high,6,keep_but_review_before_final_FE,zero_ratio_flag_review,missing=missing_flag_review; zero=zero_flag_review; zero_ratio_flag_review; transform=log1p_review; special=bounded_0_1_ratio,Review boundedness and denominator-driven tail instability; keep bounded ratios carefully and review unbounded/signed ratios.,71.73922233676193,5.90342716197118,98.20838847016857,0.0,1.791611529831425,7.282403945922852,0.0,3,high_missing; almost_all_zero; extreme_skew; zero_heavy; missing_indicator_candidate; rare_event_candidate; transform_review_candidate,No final drop decision from numeric EDA alone; validate with target analysis and CV model performance.
cc_contract_with_dpd_def_30plus_ratio,ratio_rate_numeric,ratio_rate,credit_card,high,6,keep_but_review_before_final_FE,zero_ratio_flag_review,missing=missing_flag_review; zero=zero_flag_review; zero_ratio_flag_review; transform=log1p_review; special=bounded_0_1_ratio,Review boundedness and denominator-driven tail instability; keep bounded ratios carefully and review unbounded/signed ratios.,71.73922233676193,5.90342716197118,99.56849433289224,0.0,0.4315056671077614,15.15548992156982,0.0,3,high_missing; almost_all_zero; extreme_skew; zero_heavy; missing_indicator_candidate; rare_event_candidate; transform_review_candidate,No final drop decision from numeric EDA alone; validate with target analysis and CV model performance.
cc_contract_with_dpd_def_60plus_ratio,ratio_rate_numeric,ratio_rate,credit_card,high,6,keep_but_review_before_final_FE,zero_ratio_flag_review,missing=missing_flag_review; zero=zero_flag_review; zero_ratio_flag_review; transform=log1p_review; special=bounded_0_1_ratio,Review boundedness and denominator-driven tail instability; keep bounded ratios carefully and review unbounded/signed ratios.,71.73922233676193,5.90342716197118,99.88838386744146,0.0,0.1116161325585409,29.95992851257324,0.0,3,high_missing; almost_all_zero; extreme_skew; zero_heavy; missing_indicator_candidate; rare_event_candidate; transform_review_candidate,No final drop decision from numeric EDA alone; validate with target analysis and CV model performance.
cc_contract_with_dpd_def_90plus_ratio,ratio_rate_numeric,ratio_rate,credit_card,high,6,keep_but_review_before_final_FE,zero_ratio_flag_review,missing=missing_flag_review; zero=zero_flag_review; zero_ratio_flag_review; transform=log1p_review; special=bounded_0_1_ratio,Review boundedness and denominator-driven tail instability; keep bounded ratios carefully and review unbounded/signed ratios.,71.73922233676193,5.90342716197118,99.97353431908405,0.0,0.0264656809159427,62.12256622314453,0.0,3,high_missing; almost_all_zero; extreme_skew; zero_heavy; missing_indicator_candidate; rare_event_candidate; transform_review_candidate,No final drop decision from numeric EDA alone; validate with target analysis and CV model performance.
cc_credit_utilization_min_max,ratio_rate_numeric,ratio_rate,credit_card,high,6,keep_but_review_before_final_FE,signed_or_negative_ratio_review,missing=missing_flag_review; zero=zero_flag_review; zero_ratio_flag_review; transform=yeo_johnson_review,Review boundedness and denominator-driven tail instability; keep bounded ratios carefully and review unbounded/signed ratios.,72.02181385381336,5.685444249349217,84.87028685666466,0.6264819377934817,14.50323120554187,3.783906221389771,0.0,12412,high_missing; zero_heavy; negative_ratio_value; high_skew; missing_indicator_candidate; zero_flag_candidate; negative_ratio_review; transform_review_candidate,No final drop decision from numeric EDA alone; validate with target analysis and CV model performance.
cc_credit_utilization_min_mean,ratio_rate_numeric,ratio_rate,credit_card,high,6,keep_but_review_before_final_FE,signed_or_negative_ratio_review,missing=missing_flag_review; zero=zero_flag_review; zero_ratio_flag_review; transform=yeo_johnson_review,Review boundedness and denominator-driven tail instability; keep bounded ratios carefully and review unbounded/signed ratios.,72.02181385381336,5.685444249349217,84.8644753359059,0.632293458552234,14.50323120554187,3.792172908782959,0.0,12422,high_missing; zero_heavy; negative_ratio_value; high_skew; missing_indicator_candidate; zero_flag_candidate; negative_ratio_review; transform_review_candidate,No final drop decision from numeric EDA alone; validate with target analysis and CV model performance.
cc_credit_utilization_min_min,ratio_rate_numeric,ratio_rate,credit_card,high,6,keep_but_review_before_final_FE,signed_or_negative_ratio_review,missing=missing_flag_review; zero=zero_flag_review; zero_ratio_flag_review; transform=yeo_johnson_review,Review boundedness and denominator-driven tail instability; keep bounded ratios carefully and review unbounded/signed ratios.,72.02181385381336,5.685444249349217,84.97140731786695,0.6334557627039844,14.39513691942908,3.801273107528687,0.0,12331,high_missing; zero_heavy; negative_ratio_value; high_skew; missing_indicator_candidate; zero_flag_candidate; negative_ratio_review; transform_review_candidate,No final drop decision from numeric EDA alone; validate with target analysis and CV model performance.
cc_credit_utilization_min_sum,ratio_rate_numeric,ratio_rate,credit_card,high,6,keep_but_review_before_final_FE,signed_or_negative_ratio_review,missing=missing_flag_review; zero=zero_flag_review; zero_ratio_flag_review; transform=yeo_johnson_review,Review boundedness and denominator-driven tail instability; keep bounded ratios carefully and review unbounded/signed ratios.,71.73922233676193,5.90342716197118,85.01582187446061,0.6259708877509924,14.35820723778839,3.807717084884644,0.0,12415,high_missing; zero_heavy; negative_ratio_value; high_skew; missing_indicator_candidate; zero_flag_candidate; negative_ratio_review; transform_review_candidate,No final drop decision from numeric EDA alone; validate with target analysis and CV model performance.
cc_dpd_30plus_ratio_max,ratio_rate_numeric,ratio_rate,credit_card,high,6,keep_but_review_before_final_FE,zero_ratio_flag_review,missing=missing_flag_review; zero=zero_flag_review; zero_ratio_flag_review; transform=log1p_review; special=bounded_0_1_ratio,Review boundedness and denominator-driven tail instability; keep bounded ratios carefully and review unbounded/signed ratios.,71.73922233676193,5.90342716197118,96.79304988205512,0.0,3.206950117944882,9.9817533493042,0.0,909,high_missing; almost_all_zero; extreme_skew; zero_heavy; missing_indicator_candidate; rare_event_candidate; transform_review_candidate,No final drop decision from numeric EDA alone; validate with target analysis and CV model performance.
cc_dpd_30plus_ratio_mean,ratio_rate_numeric,ratio_rate,credit_card,high,6,keep_but_review_before_final_FE,zero_ratio_flag_review,missing=missing_flag_review; zero=zero_flag_review; zero_ratio_flag_review; transform=log1p_review; special=bounded_0_1_ratio,Review boundedness and denominator-driven tail instability; keep bounded ratios carefully and review unbounded/signed ratios.,71.73922233676193,5.90342716197118,96.79304988205512,0.0,3.206950117944882,9.985251426696777,0.0,918,high_missing; almost_all_zero; extreme_skew; zero_heavy; missing_indicator_candidate; rare_event_candidate; transform_review_candidate,No final drop decision from numeric EDA alone; validate with target analysis and CV model performance.
cc_dpd_30plus_ratio_min,ratio_rate_numeric,ratio_rate,credit_card,high,6,keep_but_review_before_final_FE,zero_ratio_flag_review,missing=missing_flag_review; zero=zero_flag_review; zero_ratio_flag_review; transform=log1p_review; special=bounded_0_1_ratio,Review boundedness and denominator-driven tail instability; keep bounded ratios carefully and review unbounded/signed ratios.,71.73922233676193,5.90342716197118,96.82641965364478,0.0,3.173580346355215,9.99359130859375,0.0,905,high_missing; almost_all_zero; extreme_skew; zero_heavy; missing_indicator_candidate; rare_event_candidate; transform_review_candidate,No final drop decision from numeric EDA alone; validate with target analysis and CV model performance.
cc_dpd_60plus_ratio_max,ratio_rate_numeric,ratio_rate,credit_card,high,6,keep_but_review_before_final_FE,zero_ratio_flag_review,missing=missing_flag_review; zero=zero_flag_review; zero_ratio_flag_review; transform=log1p_review; special=bounded_0_1_ratio,Review boundedness and denominator-driven tail instability; keep bounded ratios carefully and review unbounded/signed ratios.,71.73922233676193,5.90342716197118,97.80795121109257,0.0,2.192048788907428,10.23407173156738,0.0,857,high_missing; almost_all_zero; extreme_skew; zero_heavy; missing_indicator_candidate; rare_event_candidate; transform_review_candidate,No final drop decision from numeric EDA alone; validate with target analysis and CV model performance.
cc_dpd_60plus_ratio_mean,ratio_rate_numeric,ratio_rate,credit_card,high,6,keep_but_review_before_final_FE,zero_ratio_flag_review,missing=missing_flag_review; zero=zero_flag_review; zero_ratio_flag_review; transform=log1p_review; special=bounded_0_1_ratio,Review boundedness and denominator-driven tail instability; keep bounded ratios carefully and review unbounded/signed ratios.,71.73922233676193,5.90342716197118,97.80795121109257,0.0,2.192048788907428,10.23657131195068,0.0,859,high_missing; almost_all_zero; extreme_skew; zero_heavy; missing_indicator_candidate; rare_event_candidate; transform_review_candidate,No final drop decision from numeric EDA alone; validate with target analysis and CV model performance.
cc_dpd_60plus_ratio_min,ratio_rate_numeric,ratio_rate,credit_card,high,6,keep_but_review_before_final_FE,zero_ratio_flag_review,missing=missing_flag_review; zero=zero_flag_review; zero_ratio_flag_review; transform=log1p_review; special=bounded_0_1_ratio,Review boundedness and denominator-driven tail instability; keep bounded ratios carefully and review unbounded/signed ratios.,71.73922233676193,5.90342716197118,97.82291007421897,0.0,2.177089925781025,10.24517345428467,0.0,849,high_missing; almost_all_zero; extreme_skew; zero_heavy; missing_indicator_candidate; rare_event_candidate; transform_review_candidate,No final drop decision from numeric EDA alone; validate with target analysis and CV model performance.
cc_dpd_90plus_ratio_max,ratio_rate_numeric,ratio_rate,credit_card,high,6,keep_but_review_before_final_FE,zero_ratio_flag_review,missing=missing_flag_review; zero=zero_flag_review; zero_ratio_flag_review; transform=log1p_review; special=bounded_0_1_ratio,Review boundedness and denominator-driven tail instability; keep bounded ratios carefully and review unbounded/signed ratios.,71.73922233676193,5.90342716197118,98.20838847016857,0.0,1.791611529831425,10.41663646697998,0.0,839,high_missing; almost_all_zero; extreme_skew; zero_heavy; missing_indicator_candidate; rare_event_candidate; transform_review_candidate,No final drop decision from numeric EDA alone; validate with target analysis and CV model performance.
cc_dpd_90plus_ratio_mean,ratio_rate_numeric,ratio_rate,credit_card,high,6,keep_but_review_before_final_FE,zero_ratio_flag_review,missing=missing_flag_review; zero=zero_flag_review; zero_ratio_flag_review; transform=log1p_review; special=bounded_0_1_ratio,Review boundedness and denominator-driven tail instability; keep bounded ratios carefully and review unbounded/signed ratios.,71.73922233676193,5.90342716197118,98.20838847016857,0.0,1.791611529831425,10.41877937316895,0.0,840,high_missing; almost_all_zero; extreme_skew; zero_heavy; missing_indicator_candidate; rare_event_candidate; transform_review_candidate,No final drop decision from numeric EDA alone; validate with target analysis and CV model performance.
cc_dpd_90plus_ratio_min,ratio_rate_numeric,ratio_rate,credit_card,high,6,keep_but_review_before_final_FE,zero_ratio_flag_review,missing=missing_flag_review; zero=zero_flag_review; zero_ratio_flag_review; transform=log1p_review; special=bounded_0_1_ratio,Review boundedness and denominator-driven tail instability; keep bounded ratios carefully and review unbounded/signed ratios.,71.73922233676193,5.90342716197118,98.22104596973706,0.0,1.778954030262931,10.4274377822876,0.0,835,high_missing; almost_all_zero; extreme_skew; zero_heavy; missing_indicator_candidate; rare_event_candidate; transform_review_candidate,No final drop decision from numeric EDA alone; validate with target analysis and CV model performance.
cc_dpd_def_30plus_ratio_max,ratio_rate_numeric,ratio_rate,credit_card,high,6,keep_but_review_before_final_FE,zero_ratio_flag_review,missing=missing_flag_review; zero=zero_flag_review; zero_ratio_flag_review; transform=log1p_review; special=bounded_0_1_ratio,Review boundedness and denominator-driven tail instability; keep bounded ratios carefully and review unbounded/signed ratios.,71.73922233676193,5.90342716197118,99.56849433289224,0.0,0.4315056671077614,83.09867095947266,0.0,140,high_missing; almost_all_zero; extreme_skew; zero_heavy; missing_indicator_candidate; rare_event_candidate; transform_review_candidate,No final drop decision from numeric EDA alone; validate with target analysis and CV model performance.
cc_dpd_def_30plus_ratio_mean,ratio_rate_numeric,ratio_rate,credit_card,high,6,keep_but_review_before_final_FE,zero_ratio_flag_review,missing=missing_flag_review; zero=zero_flag_review; zero_ratio_flag_review; transform=log1p_review; special=bounded_0_1_ratio,Review boundedness and denominator-driven tail instability; keep bounded ratios carefully and review unbounded/signed ratios.,71.73922233676193,5.90342716197118,99.56849433289224,0.0,0.4315056671077614,84.33423614501953,0.0,141,high_missing; almost_all_zero; extreme_skew; zero_heavy; missing_indicator_candidate; rare_event_candidate; transform_review_candidate,No final drop decision from numeric EDA alone; validate with target analysis and CV model performance.
cc_dpd_def_30plus_ratio_min,ratio_rate_numeric,ratio_rate,credit_card,high,6,keep_but_review_before_final_FE,zero_ratio_flag_review,missing=missing_flag_review; zero=zero_flag_review; zero_ratio_flag_review; transform=log1p_review; special=bounded_0_1_ratio,Review boundedness and denominator-driven tail instability; keep bounded ratios carefully and review unbounded/signed ratios.,71.73922233676193,5.90342716197118,99.5719463782291,0.0,0.4280536217708993,86.48284149169922,0.0,139,high_missing; almost_all_zero; extreme_skew; zero_heavy; missing_indicator_candidate; rare_event_candidate; transform_review_candidate,No final drop decision from numeric EDA alone; validate with target analysis and CV model performance.
cc_dpd_def_60plus_ratio_max,ratio_rate_numeric,ratio_rate,credit_card,high,6,keep_but_review_before_final_FE,zero_ratio_flag_review,missing=missing_flag_review; zero=zero_flag_review; zero_ratio_flag_review; transform=log1p_review; special=bounded_0_1_ratio,Review boundedness and denominator-driven tail instability; keep bounded ratios carefully and review unbounded/signed ratios.,71.73922233676193,5.90342716197118,99.88838386744146,0.0,0.1116161325585409,94.36865997314453,0.0,61,high_missing; almost_all_zero; extreme_skew; zero_heavy; missing_indicator_candidate; rare_event_candidate; transform_review_candidate,No final drop decision from numeric EDA alone; validate with target analysis and CV model performance.
cc_dpd_def_60plus_ratio_mean,ratio_rate_numeric,ratio_rate,credit_card,high,6,keep_but_review_before_final_FE,zero_ratio_flag_review,missing=missing_flag_review; zero=zero_flag_review; zero_ratio_flag_review; transform=log1p_review; special=bounded_0_1_ratio,Review boundedness and denominator-driven tail instability; keep bounded ratios carefully and review unbounded/signed ratios.,71.73922233676193,5.90342716197118,99.88838386744146,0.0,0.1116161325585409,96.66832733154297,0.0,61,high_missing; almost_all_zero; extreme_skew; zero_heavy; missing_indicator_candidate; rare_event_candidate; transform_review_candidate,No final drop decision from numeric EDA alone; validate with target analysis and CV model performance.
cc_dpd_def_60plus_ratio_min,ratio_rate_numeric,ratio_rate,credit_card,high,6,keep_but_review_before_final_FE,zero_ratio_flag_review,missing=missing_flag_review; zero=zero_flag_review; zero_ratio_flag_review; transform=log1p_review; special=bounded_0_1_ratio,Review boundedness and denominator-driven tail instability; keep bounded ratios carefully and review unbounded/signed ratios.,71.73922233676193,5.90342716197118,99.88953454922041,0.0,0.1104654507795869,99.58697509765625,0.0,60,high_missing; almost_all_zero; extreme_skew; zero_heavy; missing_indicator_candidate; rare_event_candidate; transform_review_candidate,No final drop decision from numeric EDA alone; validate with target analysis and CV model performance.
cc_dpd_def_90plus_ratio_max,ratio_rate_numeric,ratio_rate,credit_card,high,6,keep_but_review_before_final_FE,zero_ratio_flag_review,missing=missing_flag_review; zero=zero_flag_review; zero_ratio_flag_review; transform=log1p_review; special=bounded_0_1_ratio,Review boundedness and denominator-driven tail instability; keep bounded ratios carefully and review unbounded/signed ratios.,71.73922233676193,5.90342716197118,99.97353431908405,0.0,0.0264656809159427,99.16696166992188,0.0,22,high_missing; almost_all_zero; extreme_skew; zero_heavy; missing_indicator_candidate; rare_event_candidate; transform_review_candidate,No final drop decision from numeric EDA alone; validate with target analysis and CV model performance.
cc_dpd_def_90plus_ratio_mean,ratio_rate_numeric,ratio_rate,credit_card,high,6,keep_but_review_before_final_FE,zero_ratio_flag_review,missing=missing_flag_review; zero=zero_flag_review; zero_ratio_flag_review; transform=log1p_review; special=bounded_0_1_ratio,Review boundedness and denominator-driven tail instability; keep bounded ratios carefully and review unbounded/signed ratios.,71.73922233676193,5.90342716197118,99.97353431908405,0.0,0.0264656809159427,102.0511779785156,0.0,22,high_missing; almost_all_zero; extreme_skew; zero_heavy; missing_indicator_candidate; rare_event_candidate; transform_review_candidate,No final drop decision from numeric EDA alone; validate with target analysis and CV model performance.
cc_dpd_def_90plus_ratio_min,ratio_rate_numeric,ratio_rate,credit_card,high,6,keep_but_review_before_final_FE,zero_ratio_flag_review,missing=missing_flag_review; zero=zero_flag_review; zero_ratio_flag_review; transform=log1p_review; special=bounded_0_1_ratio,Review boundedness and denominator-driven tail instability; keep bounded ratios carefully and review unbounded/signed ratios.,71.73922233676193,5.90342716197118,99.974685000863,0.0,0.02531499913698867,105.3073501586914,0.0,21,high_missing; almost_all_zero; extreme_skew; zero_heavy; missing_indicator_candidate; rare_event_candidate; transform_review_candidate,No final drop decision from numeric EDA alone; validate with target analysis and CV model performance.
cc_high_util_80_trend_6m_vs_old_max,ratio_rate_numeric,ratio_rate,credit_card,high,6,keep_but_review_before_final_FE,signed_or_negative_ratio_review,missing=missing_flag_review; scaling=robust_scaling_review,Review boundedness and denominator-driven tail instability; keep bounded ratios carefully and review unbounded/signed ratios.,74.38628211673729,7.317514678693641,42.92134831460675,34.95207262108805,22.12657906430521,0.5519759654998779,30.35358344442328,3999,high_missing; negative_ratio_value; extreme_outlier_burden; high_outlier_burden; missing_indicator_candidate; negative_ratio_review; tail_review_candidate,No final drop decision from numeric EDA alone; validate with target analysis and CV model performance.
cc_high_util_80_trend_6m_vs_old_mean,ratio_rate_numeric,ratio_rate,credit_card,high,6,keep_but_review_before_final_FE,signed_or_negative_ratio_review,missing=missing_flag_review; scaling=robust_scaling_review,Review boundedness and denominator-driven tail instability; keep bounded ratios carefully and review unbounded/signed ratios.,74.38628211673729,7.317514678693641,42.75122198946232,35.15901733003238,22.0897606805053,0.5506184101104736,30.29264267123722,4088,high_missing; negative_ratio_value; extreme_outlier_burden; high_outlier_burden; missing_indicator_candidate; negative_ratio_review; tail_review_candidate,No final drop decision from numeric EDA alone; validate with target analysis and CV model performance.
cc_high_util_80_trend_6m_vs_old_min,ratio_rate_numeric,ratio_rate,credit_card,high,6,keep_but_review_before_final_FE,signed_or_negative_ratio_review,missing=missing_flag_review; scaling=robust_scaling_review,Review boundedness and denominator-driven tail instability; keep bounded ratios carefully and review unbounded/signed ratios.,74.38628211673729,7.317514678693641,42.79184917158636,35.2326540976322,21.97549673078144,0.5514324307441711,30.20250111089951,4000,high_missing; negative_ratio_value; extreme_outlier_burden; high_outlier_burden; missing_indicator_candidate; negative_ratio_review; tail_review_candidate,No final drop decision from numeric EDA alone; validate with target analysis and CV model performance.
cc_high_util_80_trend_6m_vs_old_sum,ratio_rate_numeric,ratio_rate,credit_card,high,6,keep_but_review_before_final_FE,signed_or_negative_ratio_review,missing=missing_flag_review; scaling=robust_scaling_review,Review boundedness and denominator-driven tail instability; keep bounded ratios carefully and review unbounded/signed ratios.,71.73922233676193,5.90342716197118,48.11345722340486,31.86583050457396,20.02071227202117,0.5731640458106995,33.43651113284621,4058,high_missing; negative_ratio_value; extreme_outlier_burden; high_outlier_burden; missing_indicator_candidate; negative_ratio_review; tail_review_candidate,No final drop decision from numeric EDA alone; validate with target analysis and CV model performance.
cc_latest_has_dpd_def_mean,ratio_rate_numeric,ratio_rate,credit_card,high,6,keep_but_review_before_final_FE,zero_ratio_flag_review,missing=missing_flag_review; zero=zero_flag_review; zero_ratio_flag_review; transform=log1p_review; special=bounded_0_1_ratio,Review boundedness and denominator-driven tail instability; keep bounded ratios carefully and review unbounded/signed ratios.,71.73922233676193,5.90342716197118,99.67665842011392,0.0,0.3233415798860825,17.54828643798828,0.0,3,high_missing; almost_all_zero; extreme_skew; zero_heavy; missing_indicator_candidate; rare_event_candidate; transform_review_candidate,No final drop decision from numeric EDA alone; validate with target analysis and CV model performance.
cc_latest_has_dpd_mean,ratio_rate_numeric,ratio_rate,credit_card,high,6,keep_but_review_before_final_FE,zero_ratio_flag_review,missing=missing_flag_review; zero=zero_flag_review; zero_ratio_flag_review; transform=log1p_review; special=bounded_0_1_ratio,Review boundedness and denominator-driven tail instability; keep bounded ratios carefully and review unbounded/signed ratios.,71.73922233676193,5.90342716197118,98.66290777285542,0.0,1.337092227144583,8.483297348022461,0.0,3,high_missing; almost_all_zero; extreme_skew; zero_heavy; missing_indicator_candidate; rare_event_candidate; transform_review_candidate,No final drop decision from numeric EDA alone; validate with target analysis and CV model performance.
cc_latest_no_payment_with_balance_flag_mean,ratio_rate_numeric,ratio_rate,credit_card,high,6,keep_but_review_before_final_FE,zero_ratio_flag_review,missing=missing_flag_review; zero=zero_flag_review; zero_ratio_flag_review; transform=log1p_review; special=bounded_0_1_ratio,Review boundedness and denominator-driven tail instability; keep bounded ratios carefully and review unbounded/signed ratios.,71.73922233676193,5.90342716197118,96.7757896553708,0.0,3.224210344629193,5.308221340179443,0.0,3,high_missing; almost_all_zero; extreme_skew; zero_heavy; missing_indicator_candidate; rare_event_candidate; transform_review_candidate,No final drop decision from numeric EDA alone; validate with target analysis and CV model performance.
cc_latest_payment_less_than_min_flag_mean,ratio_rate_numeric,ratio_rate,credit_card,high,6,keep_but_review_before_final_FE,zero_ratio_flag_review,missing=missing_flag_review; zero=zero_flag_review; zero_ratio_flag_review; transform=log1p_review; special=bounded_0_1_ratio,Review boundedness and denominator-driven tail instability; keep bounded ratios carefully and review unbounded/signed ratios.,71.73922233676193,5.90342716197118,96.4731603475059,0.0,3.526839652494103,5.052778244018555,0.0,3,high_missing; almost_all_zero; extreme_skew; zero_heavy; missing_indicator_candidate; rare_event_candidate; transform_review_candidate,No final drop decision from numeric EDA alone; validate with target analysis and CV model performance.
cc_other_drawing_share_mean_max,ratio_rate_numeric,ratio_rate,credit_card,high,6,keep_but_review_before_final_FE,zero_ratio_flag_review,missing=missing_flag_review; zero=zero_flag_review; zero_ratio_flag_review; transform=log1p_review; special=bounded_0_1_ratio,Review boundedness and denominator-driven tail instability; keep bounded ratios carefully and review unbounded/signed ratios.,80.60687259967936,2.412633308689692,90.47219800120733,0.0,9.527801998792675,5.34034538269043,0.0,2386,extreme_missing; zero_heavy; extreme_skew; high_missing; missing_indicator_candidate; zero_flag_candidate; transform_review_candidate,No final drop decision from numeric EDA alone; validate with target analysis and CV model performance.
cc_other_drawing_share_mean_mean,ratio_rate_numeric,ratio_rate,credit_card,high,6,keep_but_review_before_final_FE,zero_ratio_flag_review,missing=missing_flag_review; zero=zero_flag_review; zero_ratio_flag_review; transform=log1p_review; special=bounded_0_1_ratio,Review boundedness and denominator-driven tail instability; keep bounded ratios carefully and review unbounded/signed ratios.,80.60687259967936,2.412633308689692,90.47219800120733,0.0,9.527801998792675,5.349406242370605,0.0,2386,extreme_missing; zero_heavy; extreme_skew; high_missing; missing_indicator_candidate; zero_flag_candidate; transform_review_candidate,No final drop decision from numeric EDA alone; validate with target analysis and CV model performance.
cc_other_drawing_share_mean_min,ratio_rate_numeric,ratio_rate,credit_card,high,6,keep_but_review_before_final_FE,zero_ratio_flag_review,missing=missing_flag_review; zero=zero_flag_review; zero_ratio_flag_review; transform=log1p_review; special=bounded_0_1_ratio,Review boundedness and denominator-driven tail instability; keep bounded ratios carefully and review unbounded/signed ratios.,80.60687259967936,2.412633308689692,90.53927158092428,0.0,9.460728419075725,5.355691909790039,0.0,2365,extreme_missing; zero_heavy; extreme_skew; high_missing; missing_indicator_candidate; zero_flag_candidate; transform_review_candidate,No final drop decision from numeric EDA alone; validate with target analysis and CV model performance.
cc_other_drawing_share_min_sum,ratio_rate_numeric,ratio_rate,credit_card,high,6,keep_but_review_before_final_FE,zero_ratio_flag_review,missing=missing_flag_review; zero=zero_flag_review; zero_ratio_flag_review; transform=log1p_review; special=bounded_0_1_ratio,Review boundedness and denominator-driven tail instability; keep bounded ratios carefully and review unbounded/signed ratios.,71.73922233676193,5.90342716197118,98.70548299867671,0.0,1.294517001323284,8.844789505004883,0.0,132,high_missing; almost_all_zero; extreme_skew; zero_heavy; missing_indicator_candidate; rare_event_candidate; transform_review_candidate,No final drop decision from numeric EDA alone; validate with target analysis and CV model performance.
cc_principal_receivable_to_limit_min_max,ratio_rate_numeric,ratio_rate,credit_card,high,6,keep_but_review_before_final_FE,signed_or_negative_ratio_review,missing=missing_flag_review; zero=zero_flag_review; zero_ratio_flag_review; transform=yeo_johnson_review,Review boundedness and denominator-driven tail instability; keep bounded ratios carefully and review unbounded/signed ratios.,72.02181385381336,5.685444249349217,87.20186898507602,0.6590264540424938,12.13910456088149,3.779232025146484,0.0,9068,high_missing; zero_heavy; negative_ratio_value; high_skew; missing_indicator_candidate; zero_flag_candidate; negative_ratio_review; transform_review_candidate,No final drop decision from numeric EDA alone; validate with target analysis and CV model performance.
cc_principal_receivable_to_limit_min_mean,ratio_rate_numeric,ratio_rate,credit_card,high,6,keep_but_review_before_final_FE,signed_or_negative_ratio_review,missing=missing_flag_review; zero=zero_flag_review; zero_ratio_flag_review; transform=yeo_johnson_review,Review boundedness and denominator-driven tail instability; keep bounded ratios carefully and review unbounded/signed ratios.,72.02181385381336,5.685444249349217,87.19605746431726,0.664837974801246,12.13910456088149,3.787211656570435,0.0,9075,high_missing; zero_heavy; negative_ratio_value; high_skew; missing_indicator_candidate; zero_flag_candidate; negative_ratio_review; transform_review_candidate,No final drop decision from numeric EDA alone; validate with target analysis and CV model performance.
cc_principal_receivable_to_limit_min_min,ratio_rate_numeric,ratio_rate,credit_card,high,6,keep_but_review_before_final_FE,signed_or_negative_ratio_review,missing=missing_flag_review; zero=zero_flag_review; zero_ratio_flag_review; transform=yeo_johnson_review,Review boundedness and denominator-driven tail instability; keep bounded ratios carefully and review unbounded/signed ratios.,72.02181385381336,5.685444249349217,87.2960156213678,0.6660002789529964,12.0379840996792,3.796339988708496,0.0,9008,high_missing; zero_heavy; negative_ratio_value; high_skew; missing_indicator_candidate; zero_flag_candidate; negative_ratio_review; transform_review_candidate,No final drop decision from numeric EDA alone; validate with target analysis and CV model performance.
cc_principal_receivable_to_limit_min_sum,ratio_rate_numeric,ratio_rate,credit_card,high,6,keep_but_review_before_final_FE,signed_or_negative_ratio_review,missing=missing_flag_review; zero=zero_flag_review; zero_ratio_flag_review; transform=yeo_johnson_review,Review boundedness and denominator-driven tail instability; keep bounded ratios carefully and review unbounded/signed ratios.,71.73922233676193,5.90342716197118,87.3240895230424,0.6581899775617053,12.01772049939589,3.803083181381226,0.0,9071,high_missing; zero_heavy; negative_ratio_value; high_skew; missing_indicator_candidate; zero_flag_candidate; negative_ratio_review; transform_review_candidate,No final drop decision from numeric EDA alone; validate with target analysis and CV model performance.
cc_recent_12m_has_dpd_count_mean,ratio_rate_numeric,ratio_rate,credit_card,high,6,keep_but_review_before_final_FE,zero_ratio_flag_review,missing=missing_flag_review; zero=zero_flag_review; zero_ratio_flag_review; transform=log1p_review; special=bounded_0_100_ratio,Review boundedness and denominator-driven tail instability; keep bounded ratios carefully and review unbounded/signed ratios.,71.73922233676193,5.90342716197118,96.08538058799839,0.0,3.914619412001611,9.473145484924316,0.0,16,high_missing; almost_all_zero; extreme_skew; zero_heavy; missing_indicator_candidate; rare_event_candidate; transform_review_candidate,No final drop decision from numeric EDA alone; validate with target analysis and CV model performance.
cc_recent_12m_has_dpd_def_count_mean,ratio_rate_numeric,ratio_rate,credit_card,high,6,keep_but_review_before_final_FE,zero_ratio_flag_review,missing=missing_flag_review; zero=zero_flag_review; zero_ratio_flag_review; transform=log1p_review; special=bounded_0_100_ratio,Review boundedness and denominator-driven tail instability; keep bounded ratios carefully and review unbounded/signed ratios.,71.73922233676193,5.90342716197118,98.29123755825326,0.0,1.708762441746735,16.54952621459961,0.0,14,high_missing; almost_all_zero; extreme_skew; zero_heavy; missing_indicator_candidate; rare_event_candidate; transform_review_candidate,No final drop decision from numeric EDA alone; validate with target analysis and CV model performance.
cc_recent_12m_has_dpd_def_ratio_max,ratio_rate_numeric,ratio_rate,credit_card,high,6,keep_but_review_before_final_FE,zero_ratio_flag_review,missing=missing_flag_review; zero=zero_flag_review; zero_ratio_flag_review; transform=log1p_review; special=bounded_0_1_ratio,Review boundedness and denominator-driven tail instability; keep bounded ratios carefully and review unbounded/signed ratios.,71.73922233676193,5.90342716197118,98.29123755825326,0.0,1.708762441746735,22.49052238464355,0.0,216,high_missing; almost_all_zero; extreme_skew; zero_heavy; missing_indicator_candidate; rare_event_candidate; transform_review_candidate,No final drop decision from numeric EDA alone; validate with target analysis and CV model performance.
cc_recent_12m_has_dpd_def_ratio_mean,ratio_rate_numeric,ratio_rate,credit_card,high,6,keep_but_review_before_final_FE,zero_ratio_flag_review,missing=missing_flag_review; zero=zero_flag_review; zero_ratio_flag_review; transform=log1p_review; special=bounded_0_1_ratio,Review boundedness and denominator-driven tail instability; keep bounded ratios carefully and review unbounded/signed ratios.,71.73922233676193,5.90342716197118,98.29123755825326,0.0,1.708762441746735,22.55814552307129,0.0,218,high_missing; almost_all_zero; extreme_skew; zero_heavy; missing_indicator_candidate; rare_event_candidate; transform_review_candidate,No final drop decision from numeric EDA alone; validate with target analysis and CV model performance.
cc_recent_12m_has_dpd_def_ratio_min,ratio_rate_numeric,ratio_rate,credit_card,high,6,keep_but_review_before_final_FE,zero_ratio_flag_review,missing=missing_flag_review; zero=zero_flag_review; zero_ratio_flag_review; transform=log1p_review; special=bounded_0_1_ratio,Review boundedness and denominator-driven tail instability; keep bounded ratios carefully and review unbounded/signed ratios.,71.73922233676193,5.90342716197118,98.29699096714803,0.0,1.703009032851965,22.59081649780273,0.0,217,high_missing; almost_all_zero; extreme_skew; zero_heavy; missing_indicator_candidate; rare_event_candidate; transform_review_candidate,No final drop decision from numeric EDA alone; validate with target analysis and CV model performance.
cc_recent_12m_has_dpd_ratio_max,ratio_rate_numeric,ratio_rate,credit_card,high,6,keep_but_review_before_final_FE,zero_ratio_flag_review,missing=missing_flag_review; zero=zero_flag_review; zero_ratio_flag_review; transform=log1p_review; special=bounded_0_1_ratio,Review boundedness and denominator-driven tail instability; keep bounded ratios carefully and review unbounded/signed ratios.,71.73922233676193,5.90342716197118,96.08538058799839,0.0,3.914619412001611,14.47460079193115,0.0,391,high_missing; almost_all_zero; extreme_skew; zero_heavy; missing_indicator_candidate; rare_event_candidate; transform_review_candidate,No final drop decision from numeric EDA alone; validate with target analysis and CV model performance.
cc_recent_12m_has_dpd_ratio_mean,ratio_rate_numeric,ratio_rate,credit_card,high,6,keep_but_review_before_final_FE,zero_ratio_flag_review,missing=missing_flag_review; zero=zero_flag_review; zero_ratio_flag_review; transform=log1p_review; special=bounded_0_1_ratio,Review boundedness and denominator-driven tail instability; keep bounded ratios carefully and review unbounded/signed ratios.,71.73922233676193,5.90342716197118,96.08538058799839,0.0,3.914619412001611,14.50233459472656,0.0,394,high_missing; almost_all_zero; extreme_skew; zero_heavy; missing_indicator_candidate; rare_event_candidate; transform_review_candidate,No final drop decision from numeric EDA alone; validate with target analysis and CV model performance.
cc_recent_12m_has_dpd_ratio_min,ratio_rate_numeric,ratio_rate,credit_card,high,6,keep_but_review_before_final_FE,zero_ratio_flag_review,missing=missing_flag_review; zero=zero_flag_review; zero_ratio_flag_review; transform=log1p_review; special=bounded_0_1_ratio,Review boundedness and denominator-driven tail instability; keep bounded ratios carefully and review unbounded/signed ratios.,71.73922233676193,5.90342716197118,96.09803808756688,0.0,3.901961912433117,14.51591110229492,0.0,392,high_missing; almost_all_zero; extreme_skew; zero_heavy; missing_indicator_candidate; rare_event_candidate; transform_review_candidate,No final drop decision from numeric EDA alone; validate with target analysis and CV model performance.
cc_recent_24m_has_dpd_def_count_mean,ratio_rate_numeric,ratio_rate,credit_card,high,6,keep_but_review_before_final_FE,zero_ratio_flag_review,missing=missing_flag_review; zero=zero_flag_review; zero_ratio_flag_review; transform=log1p_review; special=bounded_0_100_ratio,Review boundedness and denominator-driven tail instability; keep bounded ratios carefully and review unbounded/signed ratios.,71.73922233676193,5.90342716197118,96.70789943041251,0.0,3.292100569587481,15.19782161712646,0.0,27,high_missing; almost_all_zero; extreme_skew; zero_heavy; missing_indicator_candidate; rare_event_candidate; transform_review_candidate,No final drop decision from numeric EDA alone; validate with target analysis and CV model performance.
cc_recent_24m_has_dpd_def_ratio_max,ratio_rate_numeric,ratio_rate,credit_card,high,6,keep_but_review_before_final_FE,zero_ratio_flag_review,missing=missing_flag_review; zero=zero_flag_review; zero_ratio_flag_review; transform=log1p_review; special=bounded_0_1_ratio,Review boundedness and denominator-driven tail instability; keep bounded ratios carefully and review unbounded/signed ratios.,71.73922233676193,5.90342716197118,96.70789943041251,0.0,3.292100569587481,15.89210987091064,0.0,342,high_missing; almost_all_zero; extreme_skew; zero_heavy; missing_indicator_candidate; rare_event_candidate; transform_review_candidate,No final drop decision from numeric EDA alone; validate with target analysis and CV model performance.
cc_recent_24m_has_dpd_def_ratio_mean,ratio_rate_numeric,ratio_rate,credit_card,high,6,keep_but_review_before_final_FE,zero_ratio_flag_review,missing=missing_flag_review; zero=zero_flag_review; zero_ratio_flag_review; transform=log1p_review; special=bounded_0_1_ratio,Review boundedness and denominator-driven tail instability; keep bounded ratios carefully and review unbounded/signed ratios.,71.73922233676193,5.90342716197118,96.70789943041251,0.0,3.292100569587481,15.93196678161621,0.0,345,high_missing; almost_all_zero; extreme_skew; zero_heavy; missing_indicator_candidate; rare_event_candidate; transform_review_candidate,No final drop decision from numeric EDA alone; validate with target analysis and CV model performance.
cc_recent_24m_has_dpd_def_ratio_min,ratio_rate_numeric,ratio_rate,credit_card,high,6,keep_but_review_before_final_FE,zero_ratio_flag_review,missing=missing_flag_review; zero=zero_flag_review; zero_ratio_flag_review; transform=log1p_review; special=bounded_0_1_ratio,Review boundedness and denominator-driven tail instability; keep bounded ratios carefully and review unbounded/signed ratios.,71.73922233676193,5.90342716197118,96.71940624820206,0.0,3.28059375179794,15.95553207397461,0.0,342,high_missing; almost_all_zero; extreme_skew; zero_heavy; missing_indicator_candidate; rare_event_candidate; transform_review_candidate,No final drop decision from numeric EDA alone; validate with target analysis and CV model performance.
cc_recent_6m_has_dpd_count_mean,ratio_rate_numeric,ratio_rate,credit_card,high,6,keep_but_review_before_final_FE,zero_ratio_flag_review,missing=missing_flag_review; zero=zero_flag_review; zero_ratio_flag_review; transform=log1p_review; special=bounded_0_100_ratio,Review boundedness and denominator-driven tail instability; keep bounded ratios carefully and review unbounded/signed ratios.,71.73922233676193,5.90342716197118,97.32581554571084,0.0,2.674184454289166,9.214470863342285,0.0,8,high_missing; almost_all_zero; extreme_skew; zero_heavy; missing_indicator_candidate; rare_event_candidate; transform_review_candidate,No final drop decision from numeric EDA alone; validate with target analysis and CV model performance.
cc_recent_6m_has_dpd_def_count_mean,ratio_rate_numeric,ratio_rate,credit_card,high,6,keep_but_review_before_final_FE,zero_ratio_flag_review,missing=missing_flag_review; zero=zero_flag_review; zero_ratio_flag_review; transform=log1p_review; special=bounded_0_100_ratio,Review boundedness and denominator-driven tail instability; keep bounded ratios carefully and review unbounded/signed ratios.,71.73922233676193,5.90342716197118,99.00581094298371,0.0,0.9941890570162821,16.67147064208984,0.0,8,high_missing; almost_all_zero; extreme_skew; zero_heavy; missing_indicator_candidate; rare_event_candidate; transform_review_candidate,No final drop decision from numeric EDA alone; validate with target analysis and CV model performance.
cc_recent_6m_has_dpd_def_ratio_max,ratio_rate_numeric,ratio_rate,credit_card,high,6,keep_but_review_before_final_FE,zero_ratio_flag_review,missing=missing_flag_review; zero=zero_flag_review; zero_ratio_flag_review; transform=log1p_review; special=bounded_0_1_ratio,Review boundedness and denominator-driven tail instability; keep bounded ratios carefully and review unbounded/signed ratios.,71.73922233676193,5.90342716197118,99.00581094298371,0.0,0.9941890570162821,30.69122695922852,0.0,143,high_missing; almost_all_zero; extreme_skew; zero_heavy; missing_indicator_candidate; rare_event_candidate; transform_review_candidate,No final drop decision from numeric EDA alone; validate with target analysis and CV model performance.
cc_recent_6m_has_dpd_def_ratio_mean,ratio_rate_numeric,ratio_rate,credit_card,high,6,keep_but_review_before_final_FE,zero_ratio_flag_review,missing=missing_flag_review; zero=zero_flag_review; zero_ratio_flag_review; transform=log1p_review; special=bounded_0_1_ratio,Review boundedness and denominator-driven tail instability; keep bounded ratios carefully and review unbounded/signed ratios.,71.73922233676193,5.90342716197118,99.00581094298371,0.0,0.9941890570162821,30.74584579467773,0.0,145,high_missing; almost_all_zero; extreme_skew; zero_heavy; missing_indicator_candidate; rare_event_candidate; transform_review_candidate,No final drop decision from numeric EDA alone; validate with target analysis and CV model performance.
cc_recent_6m_has_dpd_def_ratio_min,ratio_rate_numeric,ratio_rate,credit_card,high,6,keep_but_review_before_final_FE,zero_ratio_flag_review,missing=missing_flag_review; zero=zero_flag_review; zero_ratio_flag_review; transform=log1p_review; special=bounded_0_1_ratio,Review boundedness and denominator-driven tail instability; keep bounded ratios carefully and review unbounded/signed ratios.,71.73922233676193,5.90342716197118,99.01041367009952,0.0,0.9895863299004661,30.76994132995605,0.0,142,high_missing; almost_all_zero; extreme_skew; zero_heavy; missing_indicator_candidate; rare_event_candidate; transform_review_candidate,No final drop decision from numeric EDA alone; validate with target analysis and CV model performance.
cc_recent_6m_has_dpd_ratio_max,ratio_rate_numeric,ratio_rate,credit_card,high,6,keep_but_review_before_final_FE,zero_ratio_flag_review,missing=missing_flag_review; zero=zero_flag_review; zero_ratio_flag_review; transform=log1p_review; special=bounded_0_1_ratio,Review boundedness and denominator-driven tail instability; keep bounded ratios carefully and review unbounded/signed ratios.,71.73922233676193,5.90342716197118,97.32581554571084,0.0,2.674184454289166,17.95003509521484,0.0,250,high_missing; almost_all_zero; extreme_skew; zero_heavy; missing_indicator_candidate; rare_event_candidate; transform_review_candidate,No final drop decision from numeric EDA alone; validate with target analysis and CV model performance.
cc_recent_6m_has_dpd_ratio_mean,ratio_rate_numeric,ratio_rate,credit_card,high,6,keep_but_review_before_final_FE,zero_ratio_flag_review,missing=missing_flag_review; zero=zero_flag_review; zero_ratio_flag_review; transform=log1p_review; special=bounded_0_1_ratio,Review boundedness and denominator-driven tail instability; keep bounded ratios carefully and review unbounded/signed ratios.,71.73922233676193,5.90342716197118,97.32581554571084,0.0,2.674184454289166,17.98449516296387,0.0,253,high_missing; almost_all_zero; extreme_skew; zero_heavy; missing_indicator_candidate; rare_event_candidate; transform_review_candidate,No final drop decision from numeric EDA alone; validate with target analysis and CV model performance.
cc_recent_6m_has_dpd_ratio_min,ratio_rate_numeric,ratio_rate,credit_card,high,6,keep_but_review_before_final_FE,zero_ratio_flag_review,missing=missing_flag_review; zero=zero_flag_review; zero_ratio_flag_review; transform=log1p_review; special=bounded_0_1_ratio,Review boundedness and denominator-driven tail instability; keep bounded ratios carefully and review unbounded/signed ratios.,71.73922233676193,5.90342716197118,97.33502099994247,0.0,2.664979000057534,17.99936103820801,0.0,250,high_missing; almost_all_zero; extreme_skew; zero_heavy; missing_indicator_candidate; rare_event_candidate; transform_review_candidate,No final drop decision from numeric EDA alone; validate with target analysis and CV model performance.
cc_status_approved_ratio_max,ratio_rate_numeric,ratio_rate,credit_card,high,6,keep_but_review_before_final_FE,zero_ratio_flag_review,missing=missing_flag_review; zero=zero_flag_review; zero_ratio_flag_review; transform=log1p_review; special=bounded_0_1_ratio,Review boundedness and denominator-driven tail instability; keep bounded ratios carefully and review unbounded/signed ratios.,71.73922233676193,5.90342716197118,99.99424659110522,0.0,0.005753408894770152,132.2577819824219,0.0,6,high_missing; almost_all_zero; extreme_skew; zero_heavy; missing_indicator_candidate; rare_event_candidate; transform_review_candidate,No final drop decision from numeric EDA alone; validate with target analysis and CV model performance.
cc_status_approved_ratio_mean,ratio_rate_numeric,ratio_rate,credit_card,high,6,keep_but_review_before_final_FE,zero_ratio_flag_review,missing=missing_flag_review; zero=zero_flag_review; zero_ratio_flag_review; transform=log1p_review; special=bounded_0_1_ratio,Review boundedness and denominator-driven tail instability; keep bounded ratios carefully and review unbounded/signed ratios.,71.73922233676193,5.90342716197118,99.99424659110522,0.0,0.005753408894770152,132.2577819824219,0.0,6,high_missing; almost_all_zero; extreme_skew; zero_heavy; missing_indicator_candidate; rare_event_candidate; transform_review_candidate,No final drop decision from numeric EDA alone; validate with target analysis and CV model performance.
cc_status_approved_ratio_min,ratio_rate_numeric,ratio_rate,credit_card,high,6,keep_but_review_before_final_FE,zero_ratio_flag_review,missing=missing_flag_review; zero=zero_flag_review; zero_ratio_flag_review; transform=log1p_review; special=bounded_0_1_ratio,Review boundedness and denominator-driven tail instability; keep bounded ratios carefully and review unbounded/signed ratios.,71.73922233676193,5.90342716197118,99.99424659110522,0.0,0.005753408894770152,132.2577819824219,0.0,6,high_missing; almost_all_zero; extreme_skew; zero_heavy; missing_indicator_candidate; rare_event_candidate; transform_review_candidate,No final drop decision from numeric EDA alone; validate with target analysis and CV model performance.
cc_status_demand_count_mean,ratio_rate_numeric,ratio_rate,credit_card,high,6,keep_but_review_before_final_FE,zero_ratio_flag_review,missing=missing_flag_review; zero=zero_flag_review; zero_ratio_flag_review; transform=log1p_review; special=bounded_0_100_ratio,Review boundedness and denominator-driven tail instability; keep bounded ratios carefully and review unbounded/signed ratios.,71.73922233676193,5.90342716197118,99.98273977331569,0.0,0.01726022668431046,88.56136322021484,0.0,14,high_missing; almost_all_zero; extreme_skew; zero_heavy; missing_indicator_candidate; rare_event_candidate; transform_review_candidate,No final drop decision from numeric EDA alone; validate with target analysis and CV model performance.
cc_status_demand_ratio_max,ratio_rate_numeric,ratio_rate,credit_card,high,6,keep_but_review_before_final_FE,zero_ratio_flag_review,missing=missing_flag_review; zero=zero_flag_review; zero_ratio_flag_review; transform=log1p_review; special=bounded_0_1_ratio,Review boundedness and denominator-driven tail instability; keep bounded ratios carefully and review unbounded/signed ratios.,71.73922233676193,5.90342716197118,99.98273977331569,0.0,0.01726022668431046,86.7828140258789,0.0,16,high_missing; almost_all_zero; extreme_skew; zero_heavy; missing_indicator_candidate; rare_event_candidate; transform_review_candidate,No final drop decision from numeric EDA alone; validate with target analysis and CV model performance.
cc_status_demand_ratio_mean,ratio_rate_numeric,ratio_rate,credit_card,high,6,keep_but_review_before_final_FE,zero_ratio_flag_review,missing=missing_flag_review; zero=zero_flag_review; zero_ratio_flag_review; transform=log1p_review; special=bounded_0_1_ratio,Review boundedness and denominator-driven tail instability; keep bounded ratios carefully and review unbounded/signed ratios.,71.73922233676193,5.90342716197118,99.98273977331569,0.0,0.01726022668431046,88.23728942871094,0.0,16,high_missing; almost_all_zero; extreme_skew; zero_heavy; missing_indicator_candidate; rare_event_candidate; transform_review_candidate,No final drop decision from numeric EDA alone; validate with target analysis and CV model performance.
cc_status_demand_ratio_min,ratio_rate_numeric,ratio_rate,credit_card,high,6,keep_but_review_before_final_FE,zero_ratio_flag_review,missing=missing_flag_review; zero=zero_flag_review; zero_ratio_flag_review; transform=log1p_review; special=bounded_0_1_ratio,Review boundedness and denominator-driven tail instability; keep bounded ratios carefully and review unbounded/signed ratios.,71.73922233676193,5.90342716197118,99.98389045509465,0.0,0.01610954490535642,90.65961456298828,0.0,15,high_missing; almost_all_zero; extreme_skew; zero_heavy; missing_indicator_candidate; rare_event_candidate; transform_review_candidate,No final drop decision from numeric EDA alone; validate with target analysis and CV model performance.
cc_status_refused_ratio_max,ratio_rate_numeric,ratio_rate,credit_card,high,6,keep_but_review_before_final_FE,zero_ratio_flag_review,missing=missing_flag_review; zero=zero_flag_review; zero_ratio_flag_review; transform=log1p_review; special=bounded_0_1_ratio,Review boundedness and denominator-driven tail instability; keep bounded ratios carefully and review unbounded/signed ratios.,71.73922233676193,5.90342716197118,99.98389045509465,0.0,0.01610954490535642,79.36430358886719,0.0,14,high_missing; almost_all_zero; extreme_skew; zero_heavy; missing_indicator_candidate; rare_event_candidate; transform_review_candidate,No final drop decision from numeric EDA alone; validate with target analysis and CV model performance.
cc_status_refused_ratio_mean,ratio_rate_numeric,ratio_rate,credit_card,high,6,keep_but_review_before_final_FE,zero_ratio_flag_review,missing=missing_flag_review; zero=zero_flag_review; zero_ratio_flag_review; transform=log1p_review; special=bounded_0_1_ratio,Review boundedness and denominator-driven tail instability; keep bounded ratios carefully and review unbounded/signed ratios.,71.73922233676193,5.90342716197118,99.98389045509465,0.0,0.01610954490535642,79.36430358886719,0.0,14,high_missing; almost_all_zero; extreme_skew; zero_heavy; missing_indicator_candidate; rare_event_candidate; transform_review_candidate,No final drop decision from numeric EDA alone; validate with target analysis and CV model performance.
cc_status_refused_ratio_min,ratio_rate_numeric,ratio_rate,credit_card,high,6,keep_but_review_before_final_FE,zero_ratio_flag_review,missing=missing_flag_review; zero=zero_flag_review; zero_ratio_flag_review; transform=log1p_review; special=bounded_0_1_ratio,Review boundedness and denominator-driven tail instability; keep bounded ratios carefully and review unbounded/signed ratios.,71.73922233676193,5.90342716197118,99.98389045509465,0.0,0.01610954490535642,79.36430358886719,0.0,14,high_missing; almost_all_zero; extreme_skew; zero_heavy; missing_indicator_candidate; rare_event_candidate; transform_review_candidate,No final drop decision from numeric EDA alone; validate with target analysis and CV model performance.
cc_status_sent_proposal_count_mean,ratio_rate_numeric,ratio_rate,pos_cash,high,6,keep_but_review_before_final_FE,zero_ratio_flag_review,missing=missing_flag_review; zero=zero_flag_review; zero_ratio_flag_review; transform=log1p_review; special=bounded_0_1_ratio,Review boundedness and denominator-driven tail instability; keep bounded ratios carefully and review unbounded/signed ratios.,71.73922233676193,5.90342716197118,99.47068638168115,0.0,0.5293136183188539,13.67358589172363,0.0,3,high_missing; almost_all_zero; extreme_skew; zero_heavy; missing_indicator_candidate; rare_event_candidate; transform_review_candidate,No final drop decision from numeric EDA alone; validate with target analysis and CV model performance.
cc_status_sent_proposal_ratio_max,ratio_rate_numeric,ratio_rate,pos_cash,high,6,keep_but_review_before_final_FE,zero_ratio_flag_review,missing=missing_flag_review; zero=zero_flag_review; zero_ratio_flag_review; transform=log1p_review; special=bounded_0_1_ratio,Review boundedness and denominator-driven tail instability; keep bounded ratios carefully and review unbounded/signed ratios.,71.73922233676193,5.90342716197118,99.47068638168115,0.0,0.5293136183188539,14.0299015045166,0.0,32,high_missing; almost_all_zero; extreme_skew; zero_heavy; missing_indicator_candidate; rare_event_candidate; transform_review_candidate,No final drop decision from numeric EDA alone; validate with target analysis and CV model performance.
cc_status_sent_proposal_ratio_mean,ratio_rate_numeric,ratio_rate,pos_cash,high,6,keep_but_review_before_final_FE,zero_ratio_flag_review,missing=missing_flag_review; zero=zero_flag_review; zero_ratio_flag_review; transform=log1p_review; special=bounded_0_1_ratio,Review boundedness and denominator-driven tail instability; keep bounded ratios carefully and review unbounded/signed ratios.,71.73922233676193,5.90342716197118,99.47068638168115,0.0,0.5293136183188539,14.07419967651367,0.0,36,high_missing; almost_all_zero; extreme_skew; zero_heavy; missing_indicator_candidate; rare_event_candidate; transform_review_candidate,No final drop decision from numeric EDA alone; validate with target analysis and CV model performance.
cc_status_sent_proposal_ratio_min,ratio_rate_numeric,ratio_rate,pos_cash,high,6,keep_but_review_before_final_FE,zero_ratio_flag_review,missing=missing_flag_review; zero=zero_flag_review; zero_ratio_flag_review; transform=log1p_review; special=bounded_0_1_ratio,Review boundedness and denominator-driven tail instability; keep bounded ratios carefully and review unbounded/signed ratios.,71.73922233676193,5.90342716197118,99.47643979057592,0.0,0.5235602094240838,14.11041927337646,0.0,32,high_missing; almost_all_zero; extreme_skew; zero_heavy; missing_indicator_candidate; rare_event_candidate; transform_review_candidate,No final drop decision from numeric EDA alone; validate with target analysis and CV model performance.
cc_status_signed_count_mean,ratio_rate_numeric,ratio_rate,credit_card,high,6,keep_but_review_before_final_FE,zero_ratio_flag_review,missing=missing_flag_review; zero=zero_flag_review; zero_ratio_flag_review; transform=log1p_review; special=bounded_0_100_ratio,Review boundedness and denominator-driven tail instability; keep bounded ratios carefully and review unbounded/signed ratios.,71.73922233676193,5.90342716197118,95.06242448650826,0.0,4.937575513491744,28.15609741210938,0.0,45,high_missing; almost_all_zero; extreme_skew; zero_heavy; missing_indicator_candidate; rare_event_candidate; transform_review_candidate,No final drop decision from numeric EDA alone; validate with target analysis and CV model performance.
cc_status_signed_ratio_max,ratio_rate_numeric,ratio_rate,credit_card,high,6,keep_but_review_before_final_FE,zero_ratio_flag_review,missing=missing_flag_review; zero=zero_flag_review; zero_ratio_flag_review; transform=log1p_review; special=bounded_0_1_ratio,Review boundedness and denominator-driven tail instability; keep bounded ratios carefully and review unbounded/signed ratios.,71.73922233676193,5.90342716197118,95.06242448650826,0.0,4.937575513491744,18.66549110412598,0.0,245,high_missing; almost_all_zero; extreme_skew; zero_heavy; missing_indicator_candidate; rare_event_candidate; transform_review_candidate,No final drop decision from numeric EDA alone; validate with target analysis and CV model performance.
cc_status_signed_ratio_mean,ratio_rate_numeric,ratio_rate,credit_card,high,6,keep_but_review_before_final_FE,zero_ratio_flag_review,missing=missing_flag_review; zero=zero_flag_review; zero_ratio_flag_review; transform=log1p_review; special=bounded_0_1_ratio,Review boundedness and denominator-driven tail instability; keep bounded ratios carefully and review unbounded/signed ratios.,71.73922233676193,5.90342716197118,95.06242448650826,0.0,4.937575513491744,18.5624942779541,0.0,257,high_missing; almost_all_zero; extreme_skew; zero_heavy; missing_indicator_candidate; rare_event_candidate; transform_review_candidate,No final drop decision from numeric EDA alone; validate with target analysis and CV model performance.
cc_status_signed_ratio_min,ratio_rate_numeric,ratio_rate,credit_card,high,6,keep_but_review_before_final_FE,zero_ratio_flag_review,missing=missing_flag_review; zero=zero_flag_review; zero_ratio_flag_review; transform=log1p_review; special=bounded_0_1_ratio,Review boundedness and denominator-driven tail instability; keep bounded ratios carefully and review unbounded/signed ratios.,71.73922233676193,5.90342716197118,95.11075312122432,0.0,4.889246878775674,18.7173023223877,0.0,243,high_missing; almost_all_zero; extreme_skew; zero_heavy; missing_indicator_candidate; rare_event_candidate; transform_review_candidate,No final drop decision from numeric EDA alone; validate with target analysis and CV model performance.
cc_utilization_trend_6m_vs_old_sum,ratio_rate_numeric,ratio_rate,credit_card,high,6,keep_but_review_before_final_FE,signed_or_negative_ratio_review,missing=missing_flag_review; scaling=robust_scaling_review,Review boundedness and denominator-driven tail instability; keep bounded ratios carefully and review unbounded/signed ratios.,71.73922233676193,5.90342716197118,50.52528623209251,23.29094988780853,26.18376388009896,0.2648321986198425,44.47615212013118,42963,high_missing; high_zero; negative_ratio_value; extreme_outlier_burden; high_outlier_burden; missing_indicator_candidate; zero_pattern_review; negative_ratio_review; tail_review_candidate,No final drop decision from numeric EDA alone; validate with target analysis and CV model performance.
bureau_days_enddate_min,date_duration_numeric,date_duration,bureau,high,6,keep_but_review_before_final_FE,duration_range_special_value_review,transform=yeo_johnson_review; binning=duration_bin_review; special=mostly_negative_review,"Review signed duration meaning, special placeholders, and days-to-period conversion or cyclical encoding.",15.04629102698765,1.177917483577181,0.026795078892368,86.69509496941534,13.2781099516923,6.382440090179443,1.252861331638863,6828,meaningful_signed_value_review; extreme_skew; large_abs_duration_gt_100_years; signed_value_review; transform_review_candidate; duration_range_review,No final drop decision from numeric EDA alone; validate with target analysis and CV model performance.
bureau_days_update_mean,date_duration_numeric,date_duration,bureau,high,6,keep_but_review_before_final_FE,duration_range_special_value_review,transform=yeo_johnson_review; binning=duration_bin_review; special=mostly_negative_review,"Review signed duration meaning, special placeholders, and days-to-period conversion or cyclical encoding.",14.31493507549323,1.135877140157604,0.005313274457192086,99.99430720593872,0.000379519604085149,5.339660167694092,2.29305744788247,55038,meaningful_signed_value_review; extreme_skew; large_abs_duration_gt_100_years; signed_value_review; transform_review_candidate; duration_range_review,No final drop decision from numeric EDA alone; validate with target analysis and CV model performance.
bureau_days_update_min,date_duration_numeric,date_duration,bureau,high,6,keep_but_review_before_final_FE,duration_range_special_value_review,transform=yeo_johnson_review; binning=duration_bin_review; special=mostly_negative_review,"Review signed duration meaning, special placeholders, and days-to-period conversion or cyclical encoding.",14.31493507549323,1.135877140157604,0.005313274457192086,99.99430720593872,0.000379519604085149,16.5743350982666,0.03415676436766341,2969,meaningful_signed_value_review; extreme_skew; large_abs_duration_gt_100_years; signed_value_review; transform_review_candidate; duration_range_review,No final drop decision from numeric EDA alone; validate with target analysis and CV model performance.
cc_dpd_trend_6m_vs_old_max,overdue_delay_numeric,overdue_delay,credit_card,high,6,keep_but_review_before_final_FE,delay_sign_behavior_flag_review,missing=missing_flag_review; zero=zero_vs_delay_split_review; binning=delay_severity_bin_review; special=credit_risk_delay_review,Preserve credit-risk signal; review late/early/severe delay flags and delay severity bins.,74.38628211673729,7.317514678693641,77.55094267758523,19.78924649273154,2.659810829683235,1.133589863777161,0.0,1682,high_missing; high_zero; meaningful_signed_value_review; has_late_delay_signal; has_early_payment_signal; missing_indicator_candidate; zero_pattern_review; signed_value_review; had_delay_flag_candidate; early_payment_flag_candidate,No final drop decision from numeric EDA alone; validate with target analysis and CV model performance.
cc_dpd_trend_6m_vs_old_mean,overdue_delay_numeric,overdue_delay,credit_card,high,6,keep_but_review_before_final_FE,delay_sign_behavior_flag_review,missing=missing_flag_review; zero=zero_vs_delay_split_review; binning=delay_severity_bin_review; special=credit_risk_delay_review,Preserve credit-risk signal; review late/early/severe delay flags and delay severity bins.,74.38628211673729,7.317514678693641,77.37192915635117,19.96952961340697,2.658541230241859,1.117082238197327,0.0,1709,high_missing; high_zero; meaningful_signed_value_review; has_late_delay_signal; has_early_payment_signal; missing_indicator_candidate; zero_pattern_review; signed_value_review; had_delay_flag_candidate; early_payment_flag_candidate,No final drop decision from numeric EDA alone; validate with target analysis and CV model performance.
cc_dpd_trend_6m_vs_old_min,overdue_delay_numeric,overdue_delay,credit_card,high,6,keep_but_review_before_final_FE,delay_sign_behavior_flag_review,missing=missing_flag_review; zero=zero_vs_delay_split_review; binning=delay_severity_bin_review; special=credit_risk_delay_review,Preserve credit-risk signal; review late/early/severe delay flags and delay severity bins.,74.38628211673729,7.317514678693641,77.37954675299943,19.96952961340697,2.650923633593601,1.108292818069458,0.0,1680,high_missing; high_zero; meaningful_signed_value_review; has_late_delay_signal; has_early_payment_signal; missing_indicator_candidate; zero_pattern_review; signed_value_review; had_delay_flag_candidate; early_payment_flag_candidate,No final drop decision from numeric EDA alone; validate with target analysis and CV model performance.
cc_dpd_trend_6m_vs_old_sum,overdue_delay_numeric,overdue_delay,credit_card,high,6,keep_but_review_before_final_FE,delay_sign_behavior_flag_review,missing=missing_flag_review; zero=zero_vs_delay_split_review; binning=delay_severity_bin_review; special=credit_risk_delay_review,Preserve credit-risk signal; review late/early/severe delay flags and delay severity bins.,71.73922233676193,5.90342716197118,79.49139865370232,18.09907370116794,2.40952764512974,1.147552251815796,0.0,1689,high_missing; high_zero; meaningful_signed_value_review; has_late_delay_signal; has_early_payment_signal; missing_indicator_candidate; zero_pattern_review; signed_value_review; had_delay_flag_candidate; early_payment_flag_candidate,No final drop decision from numeric EDA alone; validate with target analysis and CV model performance.
cc_old_dpd_mean_max,overdue_delay_numeric,overdue_delay,credit_card,high,6,keep_but_review_before_final_FE,delay_sign_behavior_flag_review,missing=missing_flag_review; zero=zero_vs_delay_split_review; transform=log1p_review; binning=delay_severity_bin_review; special=credit_risk_delay_review,Preserve credit-risk signal; review late/early/severe delay flags and delay severity bins.,74.38628211673729,7.321617747789318,78.44093188598997,0.0,21.55906811401003,5.97178840637207,0.0,1226,high_missing; high_zero; extreme_skew; has_late_delay_signal; missing_indicator_candidate; zero_pattern_review; transform_review_candidate; had_delay_flag_candidate,No final drop decision from numeric EDA alone; validate with target analysis and CV model performance.
cc_old_dpd_mean_mean,overdue_delay_numeric,overdue_delay,credit_card,high,6,keep_but_review_before_final_FE,delay_sign_behavior_flag_review,missing=missing_flag_review; zero=zero_vs_delay_split_review; transform=log1p_review; binning=delay_severity_bin_review; special=credit_risk_delay_review,Preserve credit-risk signal; review late/early/severe delay flags and delay severity bins.,74.38628211673729,7.321617747789318,78.44093188598997,0.0,21.55906811401003,5.979339122772217,0.0,1254,high_missing; high_zero; extreme_skew; has_late_delay_signal; missing_indicator_candidate; zero_pattern_review; transform_review_candidate; had_delay_flag_candidate,No final drop decision from numeric EDA alone; validate with target analysis and CV model performance.
cc_old_dpd_mean_min,overdue_delay_numeric,overdue_delay,credit_card,high,6,keep_but_review_before_final_FE,delay_sign_behavior_flag_review,missing=missing_flag_review; zero=zero_vs_delay_split_review; transform=log1p_review; binning=delay_severity_bin_review; special=credit_risk_delay_review,Preserve credit-risk signal; review late/early/severe delay flags and delay severity bins.,74.38628211673729,7.321617747789318,78.62375420554815,0.0,21.37624579445185,5.985466480255127,0.0,1225,high_missing; high_zero; extreme_skew; has_late_delay_signal; missing_indicator_candidate; zero_pattern_review; transform_review_candidate; had_delay_flag_candidate,No final drop decision from numeric EDA alone; validate with target analysis and CV model performance.
inst_first_delay_days_min_min,overdue_delay_numeric,overdue_delay,other,high,6,keep_but_review_before_final_FE,delay_sign_behavior_flag_review,zero=zero_vs_delay_split_review; transform=yeo_johnson_review; binning=delay_severity_bin_review; special=credit_risk_delay_review,Preserve credit-risk signal; review late/early/severe delay flags and delay severity bins.,5.162742145809418,3.519462972988147,0.2455123699144479,99.72499871414611,0.02948891593944485,10.32213115692139,7.453837845251771,438,meaningful_signed_value_review; extreme_skew; has_late_delay_signal; has_early_payment_signal; signed_value_review; transform_review_candidate; had_delay_flag_candidate; early_payment_flag_candidate,No final drop decision from numeric EDA alone; validate with target analysis and CV model performance.
bureau_active_limit_amount_max,continuous_amount_numeric,continuous,bureau,high,5,keep_but_review_before_final_FE,amount_value_validity_review,transform=yeo_johnson_review; scaling=standard_scaling_review,"Review missingness, skew/tail behavior, and scaling/transform need; keep raw until model pipeline comparison.",38.62723609887126,1.106885023728445,75.2326098936035,0.003179178500275528,24.76421092789623,9.293781280517578,0.0,33471,high_zero; suspicious_negative_amount; extreme_skew; negative_amount_value; zero_pattern_review; negative_value_review; transform_review_candidate,No final drop decision from numeric EDA alone; validate with target analysis and CV model performance.
bureau_active_limit_amount_mean,continuous_amount_numeric,continuous,bureau,high,5,keep_but_review_before_final_FE,amount_value_validity_review,transform=yeo_johnson_review; scaling=standard_scaling_review,"Review missingness, skew/tail behavior, and scaling/transform need; keep raw until model pipeline comparison.",38.62723609887126,1.106885023728445,75.20346742401763,0.0667627485057861,24.72976982747658,13.20821857452393,0.0,36899,high_zero; suspicious_negative_amount; extreme_skew; negative_amount_value; zero_pattern_review; negative_value_review; transform_review_candidate,No final drop decision from numeric EDA alone; validate with target analysis and CV model performance.
bureau_active_overdue_amount_max,continuous_amount_numeric,continuous,bureau,high,5,keep_but_review_before_final_FE,continuous_transform_review,zero=zero_flag_review; transform=log1p_review; scaling=standard_scaling_review,"Review missingness, skew/tail behavior, and scaling/transform need; keep raw until model pipeline comparison.",29.38463989906052,0.5010849999960207,98.53557448768132,0.0,1.464425512318674,181.2800445556641,0.0,1181,almost_all_zero; extreme_skew; high_coefficient_of_variation; zero_heavy; rare_event_candidate; transform_review_candidate; unstable_spread_review,No final drop decision from numeric EDA alone; validate with target analysis and CV model performance.
bureau_active_overdue_amount_mean,continuous_amount_numeric,continuous,bureau,high,5,keep_but_review_before_final_FE,continuous_transform_review,zero=zero_flag_review; transform=log1p_review; scaling=standard_scaling_review,"Review missingness, skew/tail behavior, and scaling/transform need; keep raw until model pipeline comparison.",29.38463989906052,0.5010849999960207,98.53557448768132,0.0,1.464425512318674,231.2984771728516,0.0,1556,almost_all_zero; extreme_skew; high_coefficient_of_variation; zero_heavy; rare_event_candidate; transform_review_candidate; unstable_spread_review,No final drop decision from numeric EDA alone; validate with target analysis and CV model performance.
bureau_active_overdue_amount_sum,continuous_amount_numeric,continuous,bureau,high,5,keep_but_review_before_final_FE,continuous_transform_review,zero=zero_flag_review; transform=log1p_review; scaling=standard_scaling_review,"Review missingness, skew/tail behavior, and scaling/transform need; keep raw until model pipeline comparison.",29.38463989906052,0.5010849999960207,98.53557448768132,0.0,1.464425512318674,152.8089294433594,0.0,1197,almost_all_zero; extreme_skew; high_coefficient_of_variation; zero_heavy; rare_event_candidate; transform_review_candidate; unstable_spread_review,No final drop decision from numeric EDA alone; validate with target analysis and CV model performance.
bureau_closed_annuity_amount_sum,continuous_amount_numeric,continuous,bureau,high,5,keep_but_review_before_final_FE,continuous_transform_review,zero=zero_flag_review; transform=log1p_review; scaling=standard_scaling_review; tail=extreme_tail_review,"Review missingness, skew/tail behavior, and scaling/transform need; keep raw until model pipeline comparison.",25.15227097567242,2.618215502178241,82.77540025633785,0.0,17.22459974366216,146.0723724365234,0.0,23121,zero_heavy; extreme_skew; top_5pct_tail_gap; high_coefficient_of_variation; zero_flag_candidate; transform_review_candidate; tail_review_candidate; unstable_spread_review,No final drop decision from numeric EDA alone; validate with target analysis and CV model performance.
bureau_closed_overdue_amount_max,continuous_amount_numeric,continuous,bureau,high,5,keep_but_review_before_final_FE,continuous_transform_review,zero=zero_flag_review; transform=log1p_review; scaling=standard_scaling_review,"Review missingness, skew/tail behavior, and scaling/transform need; keep raw until model pipeline comparison.",25.15227097567242,2.618215502178241,99.94004301262139,0.0,0.05995698737861968,406.6660766601562,0.0,71,almost_all_zero; extreme_skew; high_coefficient_of_variation; zero_heavy; rare_event_candidate; transform_review_candidate; unstable_spread_review,No final drop decision from numeric EDA alone; validate with target analysis and CV model performance.
bureau_closed_overdue_amount_mean,continuous_amount_numeric,continuous,bureau,high,5,keep_but_review_before_final_FE,continuous_transform_review,zero=zero_flag_review; transform=log1p_review; scaling=standard_scaling_review,"Review missingness, skew/tail behavior, and scaling/transform need; keep raw until model pipeline comparison.",25.15227097567242,2.618215502178241,99.94004301262139,0.0,0.05995698737861968,438.2318725585938,0.0,107,almost_all_zero; extreme_skew; high_coefficient_of_variation; zero_heavy; rare_event_candidate; transform_review_candidate; unstable_spread_review,No final drop decision from numeric EDA alone; validate with target analysis and CV model performance.
bureau_closed_overdue_amount_sum,continuous_amount_numeric,continuous,bureau,high,5,keep_but_review_before_final_FE,continuous_transform_review,zero=zero_flag_review; transform=log1p_review; scaling=standard_scaling_review,"Review missingness, skew/tail behavior, and scaling/transform need; keep raw until model pipeline comparison.",25.15227097567242,2.618215502178241,99.94004301262139,0.0,0.05995698737861968,406.6660766601562,0.0,71,almost_all_zero; extreme_skew; high_coefficient_of_variation; zero_heavy; rare_event_candidate; transform_review_candidate; unstable_spread_review,No final drop decision from numeric EDA alone; validate with target analysis and CV model performance.
bureau_latest_overdue_amount,continuous_amount_numeric,continuous,bureau,high,5,keep_but_review_before_final_FE,continuous_transform_review,zero=zero_flag_review; transform=log1p_review; scaling=standard_scaling_review,"Review missingness, skew/tail behavior, and scaling/transform need; keep raw until model pipeline comparison.",14.31493507549323,1.135877140157604,99.60416105293919,0.0,0.3958389470608104,199.2062377929688,0.0,511,almost_all_zero; extreme_skew; high_coefficient_of_variation; zero_heavy; rare_event_candidate; transform_review_candidate; unstable_spread_review,No final drop decision from numeric EDA alone; validate with target analysis and CV model performance.
bureau_limit_amount_max,continuous_amount_numeric,continuous,bureau,high,5,keep_but_review_before_final_FE,amount_value_validity_review,transform=yeo_johnson_review; scaling=standard_scaling_review,"Review missingness, skew/tail behavior, and scaling/transform need; keep raw until model pipeline comparison.",21.15989346722556,0.7566501073682339,79.87436170300526,0.0004124697865881324,20.12522582720816,9.532943725585938,0.0,34311,high_zero; suspicious_negative_amount; extreme_skew; negative_amount_value; zero_pattern_review; negative_value_review; transform_review_candidate,No final drop decision from numeric EDA alone; validate with target analysis and CV model performance.
bureau_max_overdue_amount_sum,continuous_amount_numeric,continuous,bureau,high,5,keep_but_review_before_final_FE,continuous_transform_review,transform=log1p_review; scaling=robust_scaling_review; tail=extreme_tail_review,"Review missingness, skew/tail behavior, and scaling/transform need; keep raw until model pipeline comparison.",14.31493507549323,1.135877140157604,73.2666390882421,0.0,26.7333609117579,314.5570678710938,24.41449613079764,50190,high_zero; extreme_skew; high_outlier_burden; top_5pct_tail_gap; high_coefficient_of_variation; zero_pattern_review; transform_review_candidate; tail_review_candidate; unstable_spread_review,No final drop decision from numeric EDA alone; validate with target analysis and CV model performance.
bureau_overdue_amount_max,continuous_amount_numeric,continuous,bureau,high,5,keep_but_review_before_final_FE,continuous_transform_review,zero=zero_flag_review; transform=log1p_review; scaling=standard_scaling_review,"Review missingness, skew/tail behavior, and scaling/transform need; keep raw until model pipeline comparison.",14.31493507549323,1.135877140157604,98.73468163998011,0.0,1.265318360019887,178.4195709228516,0.0,1203,almost_all_zero; extreme_skew; high_coefficient_of_variation; zero_heavy; rare_event_candidate; transform_review_candidate; unstable_spread_review,No final drop decision from numeric EDA alone; validate with target analysis and CV model performance.
bureau_overdue_amount_mean,continuous_amount_numeric,continuous,bureau,high,5,keep_but_review_before_final_FE,continuous_transform_review,zero=zero_flag_review; transform=log1p_review; scaling=standard_scaling_review,"Review missingness, skew/tail behavior, and scaling/transform need; keep raw until model pipeline comparison.",14.31493507549323,1.135877140157604,98.73468163998011,0.0,1.265318360019887,218.3508605957031,0.0,1871,almost_all_zero; extreme_skew; high_coefficient_of_variation; zero_heavy; rare_event_candidate; transform_review_candidate; unstable_spread_review,No final drop decision from numeric EDA alone; validate with target analysis and CV model performance.
bureau_overdue_amount_sum,continuous_amount_numeric,continuous,bureau,high,5,keep_but_review_before_final_FE,continuous_transform_review,zero=zero_flag_review; transform=log1p_review; scaling=standard_scaling_review,"Review missingness, skew/tail behavior, and scaling/transform need; keep raw until model pipeline comparison.",14.31493507549323,1.135877140157604,98.73468163998011,0.0,1.265318360019887,152.5797729492188,0.0,1218,almost_all_zero; extreme_skew; high_coefficient_of_variation; zero_heavy; rare_event_candidate; transform_review_candidate; unstable_spread_review,No final drop decision from numeric EDA alone; validate with target analysis and CV model performance.
bureau_recent_12m_credit_amount_max,continuous_amount_numeric,continuous,bureau,high,5,keep_but_review_before_final_FE,continuous_transform_review,missing=missing_flag_review; transform=log1p_review; scaling=standard_scaling_review; tail=extreme_tail_review,"Review missingness, skew/tail behavior, and scaling/transform need; keep raw until model pipeline comparison.",50.64891987603696,1.527758279223178,0.5976541908276225,0.0,99.40234580917237,8.738238334655762,9.466262519768055,43220,high_missing; extreme_skew; top_5pct_tail_gap; missing_indicator_candidate; transform_review_candidate; tail_review_candidate,No final drop decision from numeric EDA alone; validate with target analysis and CV model performance.
bureau_recent_12m_credit_amount_mean,continuous_amount_numeric,continuous,bureau,high,5,keep_but_review_before_final_FE,continuous_transform_review,missing=missing_flag_review; transform=log1p_review; scaling=standard_scaling_review; tail=extreme_tail_review,"Review missingness, skew/tail behavior, and scaling/transform need; keep raw until model pipeline comparison.",50.64891987603696,1.527758279223178,0.5976541908276225,0.0,99.40234580917237,11.76066589355469,10.57063784923564,73647,high_missing; extreme_skew; top_5pct_tail_gap; missing_indicator_candidate; transform_review_candidate; tail_review_candidate,No final drop decision from numeric EDA alone; validate with target analysis and CV model performance.
bureau_recent_12m_credit_amount_sum,continuous_amount_numeric,continuous,bureau,high,5,keep_but_review_before_final_FE,continuous_transform_review,missing=missing_flag_review; transform=log1p_review; scaling=standard_scaling_review; tail=extreme_tail_review,"Review missingness, skew/tail behavior, and scaling/transform need; keep raw until model pipeline comparison.",50.64826949279863,1.520202524270132,0.5989641675781816,0.0,99.40103583242181,8.280713081359863,9.159078030073404,72349,high_missing; extreme_skew; top_5pct_tail_gap; missing_indicator_candidate; transform_review_candidate; tail_review_candidate,No final drop decision from numeric EDA alone; validate with target analysis and CV model performance.
bureau_recent_24m_overdue_amount_max,continuous_amount_numeric,continuous,bureau,high,5,keep_but_review_before_final_FE,continuous_transform_review,zero=zero_flag_review; transform=log1p_review; scaling=standard_scaling_review,"Review missingness, skew/tail behavior, and scaling/transform need; keep raw until model pipeline comparison.",31.83528394106227,0.7791539558333156,99.10359040903757,0.0,0.8964095909624357,159.1957244873047,0.0,842,almost_all_zero; extreme_skew; high_coefficient_of_variation; zero_heavy; rare_event_candidate; transform_review_candidate; unstable_spread_review,No final drop decision from numeric EDA alone; validate with target analysis and CV model performance.
bureau_recent_24m_overdue_amount_mean,continuous_amount_numeric,continuous,bureau,high,5,keep_but_review_before_final_FE,continuous_transform_review,zero=zero_flag_review; transform=log1p_review; scaling=standard_scaling_review,"Review missingness, skew/tail behavior, and scaling/transform need; keep raw until model pipeline comparison.",31.83528394106227,0.7791539558333156,99.10359040903757,0.0,0.8964095909624357,200.9250183105469,0.0,1081,almost_all_zero; extreme_skew; high_coefficient_of_variation; zero_heavy; rare_event_candidate; transform_review_candidate; unstable_spread_review,No final drop decision from numeric EDA alone; validate with target analysis and CV model performance.
bureau_recent_24m_overdue_amount_sum,continuous_amount_numeric,continuous,bureau,high,5,keep_but_review_before_final_FE,continuous_transform_review,zero=zero_flag_review; transform=log1p_review; scaling=standard_scaling_review,"Review missingness, skew/tail behavior, and scaling/transform need; keep raw until model pipeline comparison.",31.83528394106227,0.7791539558333156,99.10359040903757,0.0,0.8964095909624357,241.2194061279297,0.0,845,almost_all_zero; extreme_skew; high_coefficient_of_variation; zero_heavy; rare_event_candidate; transform_review_candidate; unstable_spread_review,No final drop decision from numeric EDA alone; validate with target analysis and CV model performance.
cc_atm_drawing_amount_mean_max,continuous_amount_numeric,continuous,credit_card,high,5,keep_but_review_before_final_FE,continuous_transform_review,missing=missing_flag_review; transform=log1p_review; scaling=standard_scaling_review,"Review missingness, skew/tail behavior, and scaling/transform need; keep raw until model pipeline comparison.",80.11778440446032,2.795447296303422,16.11383709519136,0.0,83.88616290480864,7.891328811645508,7.824664703958129,22319,extreme_missing; extreme_skew; high_missing; missing_indicator_candidate; transform_review_candidate,No final drop decision from numeric EDA alone; validate with target analysis and CV model performance.
cc_atm_drawing_amount_mean_mean,continuous_amount_numeric,continuous,credit_card,high,5,keep_but_review_before_final_FE,continuous_transform_review,missing=missing_flag_review; transform=log1p_review; scaling=standard_scaling_review,"Review missingness, skew/tail behavior, and scaling/transform need; keep raw until model pipeline comparison.",80.11778440446032,2.795447296303422,16.11383709519136,0.0,83.88616290480864,7.914798736572266,7.837749427543343,22426,extreme_missing; extreme_skew; high_missing; missing_indicator_candidate; transform_review_candidate,No final drop decision from numeric EDA alone; validate with target analysis and CV model performance.
cc_atm_drawing_amount_mean_min,continuous_amount_numeric,continuous,credit_card,high,5,keep_but_review_before_final_FE,continuous_transform_review,missing=missing_flag_review; transform=log1p_review; scaling=standard_scaling_review,"Review missingness, skew/tail behavior, and scaling/transform need; keep raw until model pipeline comparison.",80.11778440446032,2.795447296303422,16.22342165521754,0.0,83.77657834478246,7.918971538543701,7.947333987569513,22322,extreme_missing; extreme_skew; high_missing; missing_indicator_candidate; transform_review_candidate,No final drop decision from numeric EDA alone; validate with target analysis and CV model performance.
cc_drawing_amount_sum_max,continuous_amount_numeric,continuous,credit_card,high,5,keep_but_review_before_final_FE,continuous_transform_review,missing=missing_flag_review; transform=log1p_review; scaling=standard_scaling_review; tail=extreme_tail_review,"Review missingness, skew/tail behavior, and scaling/transform need; keep raw until model pipeline comparison.",71.73922233676193,5.90342716197118,31.37794143029745,0.0,68.62205856970255,6.552817344665527,6.565790230711696,40329,high_missing; extreme_skew; top_5pct_tail_gap; missing_indicator_candidate; transform_review_candidate; tail_review_candidate,No final drop decision from numeric EDA alone; validate with target analysis and CV model performance.
cc_drawing_amount_sum_mean,continuous_amount_numeric,continuous,credit_card,high,5,keep_but_review_before_final_FE,continuous_transform_review,missing=missing_flag_review; transform=log1p_review; scaling=standard_scaling_review; tail=extreme_tail_review,"Review missingness, skew/tail behavior, and scaling/transform need; keep raw until model pipeline comparison.",71.73922233676193,5.90342716197118,31.37794143029745,0.0,68.62205856970255,6.553556442260742,6.635981819227893,40385,high_missing; extreme_skew; top_5pct_tail_gap; missing_indicator_candidate; transform_review_candidate; tail_review_candidate,No final drop decision from numeric EDA alone; validate with target analysis and CV model performance.
cc_drawing_amount_sum_min,continuous_amount_numeric,continuous,credit_card,high,5,keep_but_review_before_final_FE,continuous_transform_review,missing=missing_flag_review; transform=log1p_review; scaling=standard_scaling_review; tail=extreme_tail_review,"Review missingness, skew/tail behavior, and scaling/transform need; keep raw until model pipeline comparison.",71.73922233676193,5.90342716197118,31.66791323859387,0.0,68.33208676140613,6.555606365203857,6.648639318796387,40150,high_missing; extreme_skew; top_5pct_tail_gap; missing_indicator_candidate; transform_review_candidate; tail_review_candidate,No final drop decision from numeric EDA alone; validate with target analysis and CV model performance.
cc_drawing_amount_sum_sum,continuous_amount_numeric,continuous,credit_card,high,5,keep_but_review_before_final_FE,continuous_transform_review,missing=missing_flag_review; transform=log1p_review; scaling=standard_scaling_review; tail=extreme_tail_review,"Review missingness, skew/tail behavior, and scaling/transform need; keep raw until model pipeline comparison.",71.73922233676193,5.90342716197118,31.37794143029745,0.0,68.62205856970255,6.540253639221191,6.541625913353662,40372,high_missing; extreme_skew; top_5pct_tail_gap; missing_indicator_candidate; transform_review_candidate; tail_review_candidate,No final drop decision from numeric EDA alone; validate with target analysis and CV model performance.
cc_latest_payment_current,continuous_amount_numeric,continuous,credit_card,high,5,keep_but_review_before_final_FE,continuous_transform_review,missing=missing_flag_review; transform=log1p_review; scaling=standard_scaling_review,"Review missingness, skew/tail behavior, and scaling/transform need; keep raw until model pipeline comparison.",80.17827004562439,2.81285071196281,20.37274009909112,0.0,79.62725990090888,12.55747127532959,8.117596876332971,19429,extreme_missing; extreme_skew; high_missing; missing_indicator_candidate; transform_review_candidate,No final drop decision from numeric EDA alone; validate with target analysis and CV model performance.
cc_latest_payment_current_max,continuous_amount_numeric,continuous,credit_card,high,5,keep_but_review_before_final_FE,continuous_transform_review,missing=missing_flag_review; transform=log1p_review; scaling=standard_scaling_review,"Review missingness, skew/tail behavior, and scaling/transform need; keep raw until model pipeline comparison.",80.14379973399326,2.833771833123407,20.46511627906977,0.0,79.53488372093022,12.55830383300781,8.108417949557813,19442,extreme_missing; extreme_skew; high_missing; missing_indicator_candidate; transform_review_candidate,No final drop decision from numeric EDA alone; validate with target analysis and CV model performance.
cc_latest_payment_current_mean,continuous_amount_numeric,continuous,credit_card,high,5,keep_but_review_before_final_FE,continuous_transform_review,missing=missing_flag_review; transform=log1p_review; scaling=standard_scaling_review,"Review missingness, skew/tail behavior, and scaling/transform need; keep raw until model pipeline comparison.",80.14379973399326,2.833771833123407,20.46511627906977,0.0,79.53488372093022,12.59385681152344,8.173927284638062,19459,extreme_missing; extreme_skew; high_missing; missing_indicator_candidate; transform_review_candidate,No final drop decision from numeric EDA alone; validate with target analysis and CV model performance.
cc_latest_payment_current_min,continuous_amount_numeric,continuous,credit_card,high,5,keep_but_review_before_final_FE,continuous_transform_review,missing=missing_flag_review; transform=log1p_review; scaling=standard_scaling_review,"Review missingness, skew/tail behavior, and scaling/transform need; keep raw until model pipeline comparison.",80.14379973399326,2.833771833123407,20.76482148706191,0.0,79.23517851293809,12.60415458679199,8.159187684245005,19369,extreme_missing; extreme_skew; high_missing; missing_indicator_candidate; transform_review_candidate,No final drop decision from numeric EDA alone; validate with target analysis and CV model performance.
cc_payment_current_mean_max,continuous_amount_numeric,continuous,credit_card,high,5,keep_but_review_before_final_FE,continuous_transform_review,missing=missing_flag_review; transform=log1p_review; scaling=standard_scaling_review,"Review missingness, skew/tail behavior, and scaling/transform need; keep raw until model pipeline comparison.",80.14379973399326,2.833771833123407,0.2112676056338028,0.0,99.78873239436619,8.6836576461792,7.651490337373075,56705,extreme_missing; extreme_skew; high_missing; missing_indicator_candidate; transform_review_candidate,No final drop decision from numeric EDA alone; validate with target analysis and CV model performance.
cc_payment_current_mean_mean,continuous_amount_numeric,continuous,credit_card,high,5,keep_but_review_before_final_FE,continuous_transform_review,missing=missing_flag_review; transform=log1p_review; scaling=standard_scaling_review,"Review missingness, skew/tail behavior, and scaling/transform need; keep raw until model pipeline comparison.",80.14379973399326,2.833771833123407,0.2112676056338028,0.0,99.78873239436619,8.715679168701172,7.640026203734032,56737,extreme_missing; extreme_skew; high_missing; missing_indicator_candidate; transform_review_candidate,No final drop decision from numeric EDA alone; validate with target analysis and CV model performance.
cc_payment_current_mean_min,continuous_amount_numeric,continuous,credit_card,high,5,keep_but_review_before_final_FE,continuous_transform_review,missing=missing_flag_review; transform=log1p_review; scaling=standard_scaling_review,"Review missingness, skew/tail behavior, and scaling/transform need; keep raw until model pipeline comparison.",80.14379973399326,2.833771833123407,0.2112676056338028,0.0,99.78873239436619,8.726011276245117,7.643301670488045,56723,extreme_missing; extreme_skew; high_missing; missing_indicator_candidate; transform_review_candidate,No final drop decision from numeric EDA alone; validate with target analysis and CV model performance.
cc_payment_current_sum_max,continuous_amount_numeric,continuous,credit_card,high,5,keep_but_review_before_final_FE,continuous_transform_review,missing=missing_flag_review; transform=log1p_review; scaling=standard_scaling_review; tail=extreme_tail_review,"Review missingness, skew/tail behavior, and scaling/transform need; keep raw until model pipeline comparison.",71.73922233676193,5.90342716197118,29.88780852655199,0.0,70.11219147344802,5.682003498077393,5.16771186928255,54209,high_missing; extreme_skew; top_5pct_tail_gap; missing_indicator_candidate; transform_review_candidate; tail_review_candidate,No final drop decision from numeric EDA alone; validate with target analysis and CV model performance.
cc_payment_current_sum_mean,continuous_amount_numeric,continuous,credit_card,high,5,keep_but_review_before_final_FE,continuous_transform_review,missing=missing_flag_review; transform=log1p_review; scaling=standard_scaling_review; tail=extreme_tail_review,"Review missingness, skew/tail behavior, and scaling/transform need; keep raw until model pipeline comparison.",71.73922233676193,5.90342716197118,29.88780852655199,0.0,70.11219147344802,5.685266971588135,5.237903457798746,54233,high_missing; extreme_skew; top_5pct_tail_gap; missing_indicator_candidate; transform_review_candidate; tail_review_candidate,No final drop decision from numeric EDA alone; validate with target analysis and CV model performance.
cc_payment_current_sum_min,continuous_amount_numeric,continuous,credit_card,high,5,keep_but_review_before_final_FE,continuous_transform_review,missing=missing_flag_review; transform=log1p_review; scaling=standard_scaling_review; tail=extreme_tail_review,"Review missingness, skew/tail behavior, and scaling/transform need; keep raw until model pipeline comparison.",71.73922233676193,5.90342716197118,30.17432828951154,0.0,69.82567171048846,5.685950756072998,5.251711639146194,53970,high_missing; extreme_skew; top_5pct_tail_gap; missing_indicator_candidate; transform_review_candidate; tail_review_candidate,No final drop decision from numeric EDA alone; validate with target analysis and CV model performance.
cc_payment_current_sum_sum,continuous_amount_numeric,continuous,credit_card,high,5,keep_but_review_before_final_FE,continuous_transform_review,missing=missing_flag_review; transform=log1p_review; scaling=standard_scaling_review; tail=extreme_tail_review,"Review missingness, skew/tail behavior, and scaling/transform need; keep raw until model pipeline comparison.",71.73922233676193,5.90342716197118,29.88780852655199,0.0,70.11219147344802,5.671396732330322,5.159657096829872,54221,high_missing; extreme_skew; top_5pct_tail_gap; missing_indicator_candidate; transform_review_candidate; tail_review_candidate,No final drop decision from numeric EDA alone; validate with target analysis and CV model performance.
cc_payment_total_sum_max,continuous_amount_numeric,continuous,credit_card,high,5,keep_but_review_before_final_FE,continuous_transform_review,missing=missing_flag_review; transform=log1p_review; scaling=standard_scaling_review; tail=extreme_tail_review,"Review missingness, skew/tail behavior, and scaling/transform need; keep raw until model pipeline comparison.",71.73922233676193,5.90342716197118,30.16857488061677,0.0,69.83142511938324,5.981954097747803,5.86157298199183,52924,high_missing; extreme_skew; top_5pct_tail_gap; missing_indicator_candidate; transform_review_candidate; tail_review_candidate,No final drop decision from numeric EDA alone; validate with target analysis and CV model performance.
cc_payment_total_sum_mean,continuous_amount_numeric,continuous,credit_card,high,5,keep_but_review_before_final_FE,continuous_transform_review,missing=missing_flag_review; transform=log1p_review; scaling=standard_scaling_review; tail=extreme_tail_review,"Review missingness, skew/tail behavior, and scaling/transform need; keep raw until model pipeline comparison.",71.73922233676193,5.90342716197118,30.16857488061677,0.0,69.83142511938324,5.98521614074707,5.940970024739658,52945,high_missing; extreme_skew; top_5pct_tail_gap; missing_indicator_candidate; transform_review_candidate; tail_review_candidate,No final drop decision from numeric EDA alone; validate with target analysis and CV model performance.
cc_payment_total_sum_min,continuous_amount_numeric,continuous,credit_card,high,5,keep_but_review_before_final_FE,continuous_transform_review,missing=missing_flag_review; transform=log1p_review; scaling=standard_scaling_review; tail=extreme_tail_review,"Review missingness, skew/tail behavior, and scaling/transform need; keep raw until model pipeline comparison.",71.73922233676193,5.90342716197118,30.45509464357632,0.0,69.54490535642368,5.986404418945312,5.953627524308152,52689,high_missing; extreme_skew; top_5pct_tail_gap; missing_indicator_candidate; transform_review_candidate; tail_review_candidate,No final drop decision from numeric EDA alone; validate with target analysis and CV model performance.
cc_payment_total_sum_sum,continuous_amount_numeric,continuous,credit_card,high,5,keep_but_review_before_final_FE,continuous_transform_review,missing=missing_flag_review; transform=log1p_review; scaling=standard_scaling_review; tail=extreme_tail_review,"Review missingness, skew/tail behavior, and scaling/transform need; keep raw until model pipeline comparison.",71.73922233676193,5.90342716197118,30.16857488061677,0.0,69.83142511938324,5.970691204071045,5.838559346412749,52938,high_missing; extreme_skew; top_5pct_tail_gap; missing_indicator_candidate; transform_review_candidate; tail_review_candidate,No final drop decision from numeric EDA alone; validate with target analysis and CV model performance.
cc_pos_drawing_amount_mean_max,continuous_amount_numeric,continuous,pos_cash,high,5,keep_but_review_before_final_FE,continuous_transform_review,missing=missing_flag_review; transform=log1p_review; scaling=standard_scaling_review,"Review missingness, skew/tail behavior, and scaling/transform need; keep raw until model pipeline comparison.",80.11778440446032,2.795447296303422,44.06934903500164,0.0,55.93065096499836,10.78760814666748,11.91036964344128,33399,extreme_missing; extreme_skew; high_missing; missing_indicator_candidate; transform_review_candidate,No final drop decision from numeric EDA alone; validate with target analysis and CV model performance.
cc_pos_drawing_amount_mean_mean,continuous_amount_numeric,continuous,pos_cash,high,5,keep_but_review_before_final_FE,continuous_transform_review,missing=missing_flag_review; transform=log1p_review; scaling=standard_scaling_review,"Review missingness, skew/tail behavior, and scaling/transform need; keep raw until model pipeline comparison.",80.11778440446032,2.795447296303422,44.06934903500164,0.0,55.93065096499836,10.84610748291016,11.92181877657834,33398,extreme_missing; extreme_skew; high_missing; missing_indicator_candidate; transform_review_candidate,No final drop decision from numeric EDA alone; validate with target analysis and CV model performance.
cc_pos_drawing_amount_mean_min,continuous_amount_numeric,continuous,pos_cash,high,5,keep_but_review_before_final_FE,continuous_transform_review,missing=missing_flag_review; transform=log1p_review; scaling=standard_scaling_review,"Review missingness, skew/tail behavior, and scaling/transform need; keep raw until model pipeline comparison.",80.11778440446032,2.795447296303422,44.25580634609094,0.0,55.74419365390906,10.87933444976807,11.98560680405626,33284,extreme_missing; extreme_skew; high_missing; missing_indicator_candidate; transform_review_candidate,No final drop decision from numeric EDA alone; validate with target analysis and CV model performance.
cc_pos_drawing_amount_mean_sum,continuous_amount_numeric,continuous,pos_cash,high,5,keep_but_review_before_final_FE,continuous_transform_review,missing=missing_flag_review; transform=log1p_review; scaling=robust_scaling_review,"Review missingness, skew/tail behavior, and scaling/transform need; keep raw until model pipeline comparison.",71.73922233676193,5.90342716197118,60.65128588688798,0.0,39.34871411311202,12.46234893798828,17.71129394166043,33401,high_missing; high_zero; extreme_skew; high_outlier_burden; missing_indicator_candidate; zero_pattern_review; transform_review_candidate; tail_review_candidate,No final drop decision from numeric EDA alone; validate with target analysis and CV model performance.
prev_approved_down_payment_mean,continuous_amount_numeric,continuous,previous_application,high,5,keep_but_review_before_final_FE,amount_value_validity_review,transform=yeo_johnson_review; scaling=standard_scaling_review,"Review missingness, skew/tail behavior, and scaling/transform need; keep raw until model pipeline comparison.",11.77909082927115,3.611931794312998,28.78627589028675,0.0003686105960801949,71.21335549911718,30.70308685302734,6.939094471209669,48369,suspicious_negative_amount; extreme_skew; negative_amount_value; negative_value_review; transform_review_candidate,No final drop decision from numeric EDA alone; validate with target analysis and CV model performance.
prev_approved_down_payment_sum,continuous_amount_numeric,continuous,previous_application,high,5,keep_but_review_before_final_FE,amount_value_validity_review,transform=yeo_johnson_review; scaling=standard_scaling_review,"Review missingness, skew/tail behavior, and scaling/transform need; keep raw until model pipeline comparison.",5.673292987893116,3.394038105240892,33.39596297381621,0.0003447503145846621,66.6036922758692,29.11152076721191,7.692413769327564,34858,suspicious_negative_amount; extreme_skew; negative_amount_value; negative_value_review; transform_review_candidate,No final drop decision from numeric EDA alone; validate with target analysis and CV model performance.
prev_canceled_annuity_amount_sum,continuous_amount_numeric,continuous,previous_application,high,5,keep_but_review_before_final_FE,continuous_transform_review,missing=missing_flag_review; zero=zero_flag_review; transform=log1p_review; scaling=standard_scaling_review,"Review missingness, skew/tail behavior, and scaling/transform need; keep raw until model pipeline comparison.",63.99283277671368,9.060943723702032,92.89417119737008,0.0,7.105828802629915,7.622165203094482,0.0,4388,high_missing; zero_heavy; extreme_skew; missing_indicator_candidate; zero_flag_candidate; transform_review_candidate,No final drop decision from numeric EDA alone; validate with target analysis and CV model performance.
prev_canceled_application_amount_max,continuous_amount_numeric,continuous,previous_application,high,5,keep_but_review_before_final_FE,continuous_transform_review,missing=missing_flag_review; zero=zero_flag_review; transform=log1p_review; scaling=standard_scaling_review,"Review missingness, skew/tail behavior, and scaling/transform need; keep raw until model pipeline comparison.",63.99283277671368,9.060943723702032,92.73612340371729,0.0,7.263876596282716,6.011190414428711,0.0,554,high_missing; zero_heavy; extreme_skew; missing_indicator_candidate; zero_flag_candidate; transform_review_candidate,No final drop decision from numeric EDA alone; validate with target analysis and CV model performance.
prev_canceled_credit_amount_max,continuous_amount_numeric,continuous,previous_application,high,5,keep_but_review_before_final_FE,continuous_transform_review,missing=missing_flag_review; zero=zero_flag_review; transform=log1p_review; scaling=standard_scaling_review,"Review missingness, skew/tail behavior, and scaling/transform need; keep raw until model pipeline comparison.",63.99283277671368,9.060943723702032,92.72799523147228,0.0,7.272004768527716,5.965867519378662,0.0,1568,high_missing; zero_heavy; extreme_skew; missing_indicator_candidate; zero_flag_candidate; transform_review_candidate,No final drop decision from numeric EDA alone; validate with target analysis and CV model performance.
prev_canceled_down_payment_max,continuous_amount_numeric,continuous,previous_application,high,5,keep_but_review_before_final_FE,continuous_transform_review,missing=missing_flag_review; transform=log1p_review; scaling=standard_scaling_review,"Review missingness, skew/tail behavior, and scaling/transform need; keep raw until model pipeline comparison.",99.84228206470664,0.05153858858649585,77.5257731958763,0.0,22.47422680412371,6.759372711181641,0.0,90,extreme_missing; high_zero; extreme_skew; high_missing; missing_indicator_candidate; zero_pattern_review; transform_review_candidate,No final drop decision from numeric EDA alone; validate with target analysis and CV model performance.
prev_canceled_down_payment_mean,continuous_amount_numeric,continuous,previous_application,high,5,keep_but_review_before_final_FE,continuous_transform_review,missing=missing_flag_review; transform=log1p_review; scaling=standard_scaling_review,"Review missingness, skew/tail behavior, and scaling/transform need; keep raw until model pipeline comparison.",99.84228206470664,0.05153858858649585,77.5257731958763,0.0,22.47422680412371,6.759518623352051,0.0,92,extreme_missing; high_zero; extreme_skew; high_missing; missing_indicator_candidate; zero_pattern_review; transform_review_candidate,No final drop decision from numeric EDA alone; validate with target analysis and CV model performance.
prev_refused_application_amount_sum,continuous_amount_numeric,continuous,previous_application,high,5,keep_but_review_before_final_FE,continuous_transform_review,missing=missing_flag_review; transform=log1p_review; scaling=standard_scaling_review; tail=extreme_tail_review,"Review missingness, skew/tail behavior, and scaling/transform need; keep raw until model pipeline comparison.",67.3852317478074,4.277977521646228,8.130097513310867,0.0,91.86990248668914,5.496186256408691,9.911859134145612,30369,high_missing; extreme_skew; top_5pct_tail_gap; missing_indicator_candidate; transform_review_candidate; tail_review_candidate,No final drop decision from numeric EDA alone; validate with target analysis and CV model performance.
prev_refused_credit_amount_sum,continuous_amount_numeric,continuous,previous_application,high,5,keep_but_review_before_final_FE,continuous_transform_review,missing=missing_flag_review; transform=log1p_review; scaling=standard_scaling_review; tail=extreme_tail_review,"Review missingness, skew/tail behavior, and scaling/transform need; keep raw until model pipeline comparison.",67.3852317478074,4.277977521646228,4.915548288033182,0.0,95.08445171196682,5.376504898071289,9.922826888946497,52378,high_missing; extreme_skew; top_5pct_tail_gap; missing_indicator_candidate; transform_review_candidate; tail_review_candidate,No final drop decision from numeric EDA alone; validate with target analysis and CV model performance.
prev_refused_down_payment_max,continuous_amount_numeric,continuous,previous_application,high,5,keep_but_review_before_final_FE,continuous_transform_review,missing=missing_flag_review; transform=log1p_review; scaling=standard_scaling_review,"Review missingness, skew/tail behavior, and scaling/transform need; keep raw until model pipeline comparison.",85.31109456247094,0.5642539256746204,51.41022802745184,0.0,48.58977197254815,29.40200233459473,9.054682311268541,6494,extreme_missing; high_zero; extreme_skew; high_missing; missing_indicator_candidate; zero_pattern_review; transform_review_candidate,No final drop decision from numeric EDA alone; validate with target analysis and CV model performance.
prev_refused_down_payment_mean,continuous_amount_numeric,continuous,previous_application,high,5,keep_but_review_before_final_FE,continuous_transform_review,missing=missing_flag_review; transform=log1p_review; scaling=standard_scaling_review,"Review missingness, skew/tail behavior, and scaling/transform need; keep raw until model pipeline comparison.",85.31109456247094,0.5642539256746204,51.41022802745184,0.0,48.58977197254815,31.78400039672852,9.601505423953952,9009,extreme_missing; high_zero; extreme_skew; high_missing; missing_indicator_candidate; zero_pattern_review; transform_review_candidate,No final drop decision from numeric EDA alone; validate with target analysis and CV model performance.
prev_refused_down_payment_sum,continuous_amount_numeric,continuous,previous_application,high,5,keep_but_review_before_final_FE,continuous_transform_review,missing=missing_flag_review; transform=log1p_review; scaling=standard_scaling_review,"Review missingness, skew/tail behavior, and scaling/transform need; keep raw until model pipeline comparison.",67.3852317478074,4.277977521646228,78.11633796637885,0.0,21.88366203362115,31.15278053283691,0.0,7966,high_missing; high_zero; extreme_skew; high_coefficient_of_variation; missing_indicator_candidate; zero_pattern_review; transform_review_candidate; unstable_spread_review,No final drop decision from numeric EDA alone; validate with target analysis and CV model performance.
prev_refused_goods_price_sum,continuous_amount_numeric,continuous,previous_application,high,5,keep_but_review_before_final_FE,continuous_transform_review,missing=missing_flag_review; transform=log1p_review; scaling=standard_scaling_review; tail=extreme_tail_review,"Review missingness, skew/tail behavior, and scaling/transform need; keep raw until model pipeline comparison.",67.3852317478074,4.277977521646228,8.126109238837817,0.0,91.87389076116219,5.494743824005127,9.913853271382136,30375,high_missing; extreme_skew; top_5pct_tail_gap; missing_indicator_candidate; transform_review_candidate; tail_review_candidate,No final drop decision from numeric EDA alone; validate with target analysis and CV model performance.
prev_unused_offer_application_amount_max,continuous_amount_numeric,continuous,previous_application,high,5,keep_but_review_before_final_FE,continuous_transform_review,missing=missing_flag_review; transform=log1p_review; scaling=standard_scaling_review,"Review missingness, skew/tail behavior, and scaling/transform need; keep raw until model pipeline comparison.",93.81062791249744,0.05960214522352203,1.681290390374612,0.0,98.31870960962539,14.57932662963867,2.406346871223664,9361,extreme_missing; extreme_skew; high_missing; missing_indicator_candidate; transform_review_candidate,No final drop decision from numeric EDA alone; validate with target analysis and CV model performance.
prev_unused_offer_application_amount_mean,continuous_amount_numeric,continuous,previous_application,high,5,keep_but_review_before_final_FE,continuous_transform_review,missing=missing_flag_review; transform=log1p_review; scaling=standard_scaling_review,"Review missingness, skew/tail behavior, and scaling/transform need; keep raw until model pipeline comparison.",93.81062791249744,0.05960214522352203,1.681290390374612,0.0,98.31870960962539,15.38148498535156,2.537697682971681,10355,extreme_missing; extreme_skew; high_missing; missing_indicator_candidate; transform_review_candidate,No final drop decision from numeric EDA alone; validate with target analysis and CV model performance.
prev_unused_offer_application_amount_sum,continuous_amount_numeric,continuous,previous_application,high,5,keep_but_review_before_final_FE,continuous_transform_review,missing=missing_flag_review; transform=log1p_review; scaling=standard_scaling_review,"Review missingness, skew/tail behavior, and scaling/transform need; keep raw until model pipeline comparison.",93.81062791249744,0.05960214522352203,1.681290390374612,0.0,98.31870960962539,9.814476013183594,4.90201229443598,10401,extreme_missing; extreme_skew; high_missing; missing_indicator_candidate; transform_review_candidate,No final drop decision from numeric EDA alone; validate with target analysis and CV model performance.
prev_unused_offer_credit_amount_max,continuous_amount_numeric,continuous,previous_application,high,5,keep_but_review_before_final_FE,continuous_transform_review,missing=missing_flag_review; transform=log1p_review; scaling=standard_scaling_review,"Review missingness, skew/tail behavior, and scaling/transform need; keep raw until model pipeline comparison.",93.81062791249744,0.05960214522352203,1.676036357904692,0.0,98.32396364209531,14.5694580078125,2.416854936163506,9368,extreme_missing; extreme_skew; high_missing; missing_indicator_candidate; transform_review_candidate,No final drop decision from numeric EDA alone; validate with target analysis and CV model performance.
prev_unused_offer_credit_amount_mean,continuous_amount_numeric,continuous,previous_application,high,5,keep_but_review_before_final_FE,continuous_transform_review,missing=missing_flag_review; transform=log1p_review; scaling=standard_scaling_review,"Review missingness, skew/tail behavior, and scaling/transform need; keep raw until model pipeline comparison.",93.81062791249744,0.05960214522352203,1.676036357904692,0.0,98.32396364209531,15.37114524841309,2.548205747911522,10361,extreme_missing; extreme_skew; high_missing; missing_indicator_candidate; transform_review_candidate,No final drop decision from numeric EDA alone; validate with target analysis and CV model performance.
prev_unused_offer_credit_amount_sum,continuous_amount_numeric,continuous,previous_application,high,5,keep_but_review_before_final_FE,continuous_transform_review,missing=missing_flag_review; transform=log1p_review; scaling=standard_scaling_review,"Review missingness, skew/tail behavior, and scaling/transform need; keep raw until model pipeline comparison.",93.81062791249744,0.05960214522352203,1.676036357904692,0.0,98.32396364209531,9.810133934020996,4.917774391845741,10407,extreme_missing; extreme_skew; high_missing; missing_indicator_candidate; transform_review_candidate,No final drop decision from numeric EDA alone; validate with target analysis and CV model performance.
prev_unused_offer_goods_price_max,continuous_amount_numeric,continuous,previous_application,high,5,keep_but_review_before_final_FE,continuous_transform_review,missing=missing_flag_review; transform=log1p_review; scaling=standard_scaling_review,"Review missingness, skew/tail behavior, and scaling/transform need; keep raw until model pipeline comparison.",93.81192867897408,0.05885137715232247,1.660623259235903,0.0,98.3393767407641,14.58248996734619,2.406852698512796,9361,extreme_missing; extreme_skew; high_missing; missing_indicator_candidate; transform_review_candidate,No final drop decision from numeric EDA alone; validate with target analysis and CV model performance.
prev_unused_offer_goods_price_mean,continuous_amount_numeric,continuous,previous_application,high,5,keep_but_review_before_final_FE,continuous_transform_review,missing=missing_flag_review; transform=log1p_review; scaling=standard_scaling_review,"Review missingness, skew/tail behavior, and scaling/transform need; keep raw until model pipeline comparison.",93.81192867897408,0.05885137715232247,1.660623259235903,0.0,98.3393767407641,15.38472270965576,2.5382311209207,10355,extreme_missing; extreme_skew; high_missing; missing_indicator_candidate; transform_review_candidate,No final drop decision from numeric EDA alone; validate with target analysis and CV model performance.
prev_unused_offer_goods_price_sum,continuous_amount_numeric,continuous,previous_application,high,5,keep_but_review_before_final_FE,continuous_transform_review,missing=missing_flag_review; transform=log1p_review; scaling=standard_scaling_review,"Review missingness, skew/tail behavior, and scaling/transform need; keep raw until model pipeline comparison.",93.81062791249744,0.05960214522352203,1.681290390374612,0.0,98.31870960962539,9.814476013183594,4.90201229443598,10401,extreme_missing; extreme_skew; high_missing; missing_indicator_candidate; transform_review_candidate,No final drop decision from numeric EDA alone; validate with target analysis and CV model performance.
cc_payment_less_min_trend_6m_vs_old_min,continuous_stat_numeric,continuous,credit_card,high,5,keep_but_review_before_final_FE,continuous_tail_scaling_review,missing=missing_flag_review; scaling=robust_scaling_review,"Review missingness, skew/tail behavior, and scaling/transform need; keep raw until model pipeline comparison.",74.38628211673729,7.317514678693641,57.21322922617914,30.63162572208468,12.15514505173618,1.501332402229309,29.11699358852282,1461,high_missing; high_zero; has_negative_values; high_outlier_burden; high_coefficient_of_variation; missing_indicator_candidate; zero_pattern_review; negative_value_review; tail_review_candidate; unstable_spread_review,No final drop decision from numeric EDA alone; validate with target analysis and CV model performance.
cc_payment_less_min_trend_6m_vs_old_sum,continuous_stat_numeric,continuous,credit_card,high,5,keep_but_review_before_final_FE,continuous_tail_scaling_review,missing=missing_flag_review; scaling=robust_scaling_review,"Review missingness, skew/tail behavior, and scaling/transform need; keep raw until model pipeline comparison.",71.73922233676193,5.90342716197118,61.18750359588056,27.72912950923422,11.08336689488522,1.579009294509888,29.97410965997354,1485,high_missing; high_zero; has_negative_values; high_outlier_burden; high_coefficient_of_variation; missing_indicator_candidate; zero_pattern_review; negative_value_review; tail_review_candidate; unstable_spread_review,No final drop decision from numeric EDA alone; validate with target analysis and CV model performance.
inst_due_day_shift_max_max,continuous_stat_numeric,continuous,other,high,5,keep_but_review_before_final_FE,continuous_transform_review,zero=zero_flag_review; transform=log1p_review; scaling=standard_scaling_review,"Review missingness, skew/tail behavior, and scaling/transform need; keep raw until model pipeline comparison.",5.160140612856125,3.518912974582697,99.93690916634378,0.0,0.06309083365621668,53.27042007446289,0.0,29,almost_all_zero; extreme_skew; high_coefficient_of_variation; zero_heavy; rare_event_candidate; transform_review_candidate; unstable_spread_review,No final drop decision from numeric EDA alone; validate with target analysis and CV model performance.
inst_due_day_shift_max_mean,continuous_stat_numeric,continuous,other,high,5,keep_but_review_before_final_FE,continuous_transform_review,zero=zero_flag_review; transform=log1p_review; scaling=standard_scaling_review,"Review missingness, skew/tail behavior, and scaling/transform need; keep raw until model pipeline comparison.",5.160140612856125,3.518912974582697,99.93690916634378,0.0,0.06309083365621668,73.4332275390625,0.0,78,almost_all_zero; extreme_skew; high_coefficient_of_variation; zero_heavy; rare_event_candidate; transform_review_candidate; unstable_spread_review,No final drop decision from numeric EDA alone; validate with target analysis and CV model performance.
inst_due_day_shift_max_min,continuous_stat_numeric,continuous,other,high,5,keep_but_review_before_final_FE,continuous_transform_review,zero=zero_flag_review; transform=log1p_review; scaling=standard_scaling_review,"Review missingness, skew/tail behavior, and scaling/transform need; keep raw until model pipeline comparison.",5.160140612856125,3.518912974582697,99.99554249544819,0.0,0.004457504551797917,212.5404205322266,0.0,12,almost_all_zero; extreme_skew; high_coefficient_of_variation; zero_heavy; rare_event_candidate; transform_review_candidate; unstable_spread_review,No final drop decision from numeric EDA alone; validate with target analysis and CV model performance.
inst_due_day_shift_max_sum,continuous_stat_numeric,continuous,other,high,5,keep_but_review_before_final_FE,continuous_transform_review,zero=zero_flag_review; transform=log1p_review; scaling=standard_scaling_review,"Review missingness, skew/tail behavior, and scaling/transform need; keep raw until model pipeline comparison.",5.160140612856125,3.518912974582697,99.93690916634378,0.0,0.06309083365621668,53.27042007446289,0.0,29,almost_all_zero; extreme_skew; high_coefficient_of_variation; zero_heavy; rare_event_candidate; transform_review_candidate; unstable_spread_review,No final drop decision from numeric EDA alone; validate with target analysis and CV model performance.
inst_due_day_shift_mean_max,continuous_stat_numeric,continuous,other,high,5,keep_but_review_before_final_FE,continuous_transform_review,zero=zero_flag_review; transform=log1p_review; scaling=standard_scaling_review,"Review missingness, skew/tail behavior, and scaling/transform need; keep raw until model pipeline comparison.",5.160140612856125,3.518912974582697,99.93690916634378,0.0,0.06309083365621668,68.80841064453125,0.0,73,almost_all_zero; extreme_skew; high_coefficient_of_variation; zero_heavy; rare_event_candidate; transform_review_candidate; unstable_spread_review,No final drop decision from numeric EDA alone; validate with target analysis and CV model performance.
inst_due_day_shift_mean_mean,continuous_stat_numeric,continuous,other,high,5,keep_but_review_before_final_FE,continuous_transform_review,zero=zero_flag_review; transform=log1p_review; scaling=standard_scaling_review,"Review missingness, skew/tail behavior, and scaling/transform need; keep raw until model pipeline comparison.",5.160140612856125,3.518912974582697,99.93690916634378,0.0,0.06309083365621668,81.89067077636719,0.0,100,almost_all_zero; extreme_skew; high_coefficient_of_variation; zero_heavy; rare_event_candidate; transform_review_candidate; unstable_spread_review,No final drop decision from numeric EDA alone; validate with target analysis and CV model performance.
inst_due_day_shift_mean_min,continuous_stat_numeric,continuous,other,high,5,keep_but_review_before_final_FE,continuous_transform_review,zero=zero_flag_review; transform=log1p_review; scaling=standard_scaling_review,"Review missingness, skew/tail behavior, and scaling/transform need; keep raw until model pipeline comparison.",5.160140612856125,3.518912974582697,99.99554249544819,0.0,0.004457504551797917,257.1801147460938,0.0,12,almost_all_zero; extreme_skew; high_coefficient_of_variation; zero_heavy; rare_event_candidate; transform_review_candidate; unstable_spread_review,No final drop decision from numeric EDA alone; validate with target analysis and CV model performance.
inst_due_day_shift_mean_sum,continuous_stat_numeric,continuous,other,high,5,keep_but_review_before_final_FE,continuous_transform_review,zero=zero_flag_review; transform=log1p_review; scaling=standard_scaling_review,"Review missingness, skew/tail behavior, and scaling/transform need; keep raw until model pipeline comparison.",5.160140612856125,3.518912974582697,99.93690916634378,0.0,0.06309083365621668,68.80841064453125,0.0,73,almost_all_zero; extreme_skew; high_coefficient_of_variation; zero_heavy; rare_event_candidate; transform_review_candidate; unstable_spread_review,No final drop decision from numeric EDA alone; validate with target analysis and CV model performance.
inst_expected_amount_shift_max_min,continuous_stat_numeric,continuous,other,high,5,keep_but_review_before_final_FE,continuous_transform_review,zero=zero_flag_review; transform=log1p_review; scaling=standard_scaling_review,"Review missingness, skew/tail behavior, and scaling/transform need; keep raw until model pipeline comparison.",5.160140612856125,3.518912974582697,98.51667963914787,0.0,1.483320360852138,44.97995758056641,0.0,4259,almost_all_zero; extreme_skew; high_coefficient_of_variation; zero_heavy; rare_event_candidate; transform_review_candidate; unstable_spread_review,No final drop decision from numeric EDA alone; validate with target analysis and CV model performance.
inst_expected_amount_shift_mean_min,continuous_stat_numeric,continuous,other,high,5,keep_but_review_before_final_FE,continuous_transform_review,zero=zero_flag_review; transform=log1p_review; scaling=standard_scaling_review,"Review missingness, skew/tail behavior, and scaling/transform need; keep raw until model pipeline comparison.",5.160140612856125,3.518912974582697,98.51667963914787,0.0,1.483320360852138,70.61737823486328,0.0,4275,almost_all_zero; extreme_skew; high_coefficient_of_variation; zero_heavy; rare_event_candidate; transform_review_candidate; unstable_spread_review,No final drop decision from numeric EDA alone; validate with target analysis and CV model performance.
inst_latest_payment_diff_mean,continuous_stat_numeric,continuous,other,high,5,keep_but_review_before_final_FE,signed_continuous_transform_review,zero=zero_flag_review; transform=yeo_johnson_review; scaling=standard_scaling_review,"Review missingness, skew/tail behavior, and scaling/transform need; keep raw until model pipeline comparison.",5.160140612856125,3.518912974582697,94.48298090473627,2.592553224318773,2.924465870944957,44.67591094970703,0.0,6446,zero_heavy; has_negative_values; extreme_skew; high_coefficient_of_variation; zero_flag_candidate; negative_value_review; transform_review_candidate; unstable_spread_review,No final drop decision from numeric EDA alone; validate with target analysis and CV model performance.
inst_latest_payment_diff_sum,continuous_stat_numeric,continuous,other,high,5,keep_but_review_before_final_FE,signed_continuous_transform_review,zero=zero_flag_review; transform=yeo_johnson_review; scaling=standard_scaling_review,"Review missingness, skew/tail behavior, and scaling/transform need; keep raw until model pipeline comparison.",5.160140612856125,3.518912974582697,94.48298090473627,2.592553224318773,2.924465870944957,27.38223838806152,0.0,6210,zero_heavy; has_negative_values; extreme_skew; high_coefficient_of_variation; zero_flag_candidate; negative_value_review; transform_review_candidate; unstable_spread_review,No final drop decision from numeric EDA alone; validate with target analysis and CV model performance.
inst_payment_diff_mean_min,continuous_stat_numeric,continuous,other,high,5,keep_but_review_before_final_FE,signed_continuous_transform_review,zero=zero_flag_review; transform=yeo_johnson_review; scaling=standard_scaling_review,"Review missingness, skew/tail behavior, and scaling/transform need; keep raw until model pipeline comparison.",5.160140612856125,3.518912974582697,86.71183604612489,10.65103568403836,2.637128269836753,15.31228446960449,0.0,8196,zero_heavy; has_negative_values; extreme_skew; high_coefficient_of_variation; zero_flag_candidate; negative_value_review; transform_review_candidate; unstable_spread_review,No final drop decision from numeric EDA alone; validate with target analysis and CV model performance.
inst_payment_diff_min_mean,continuous_stat_numeric,continuous,other,high,5,keep_but_review_before_final_FE,signed_continuous_transform_review,zero=zero_flag_review; transform=yeo_johnson_review; scaling=standard_scaling_review,"Review missingness, skew/tail behavior, and scaling/transform need; keep raw until model pipeline comparison.",5.160140612856125,3.518912974582697,88.36797042960058,11.39406740432652,0.2379621660729042,29.28808975219727,0.0,3501,zero_heavy; has_negative_values; extreme_skew; high_coefficient_of_variation; zero_flag_candidate; negative_value_review; transform_review_candidate; unstable_spread_review,No final drop decision from numeric EDA alone; validate with target analysis and CV model performance.
inst_payment_diff_min_min,continuous_stat_numeric,continuous,other,high,5,keep_but_review_before_final_FE,signed_continuous_transform_review,zero=zero_flag_review; transform=yeo_johnson_review; scaling=standard_scaling_review,"Review missingness, skew/tail behavior, and scaling/transform need; keep raw until model pipeline comparison.",5.160140612856125,3.518912974582697,88.57747314353507,11.41429761729237,0.008229239172550001,115.1420440673828,0.0,2499,zero_heavy; has_negative_values; extreme_skew; high_coefficient_of_variation; zero_flag_candidate; negative_value_review; transform_review_candidate; unstable_spread_review,No final drop decision from numeric EDA alone; validate with target analysis and CV model performance.
inst_payment_diff_min_sum,continuous_stat_numeric,continuous,other,high,5,keep_but_review_before_final_FE,signed_continuous_transform_review,zero=zero_flag_review; transform=yeo_johnson_review; scaling=standard_scaling_review,"Review missingness, skew/tail behavior, and scaling/transform need; keep raw until model pipeline comparison.",5.160140612856125,3.518912974582697,88.36797042960058,11.39406740432652,0.2379621660729042,15.51331520080566,0.0,3197,zero_heavy; has_negative_values; extreme_skew; high_coefficient_of_variation; zero_flag_candidate; negative_value_review; transform_review_candidate; unstable_spread_review,No final drop decision from numeric EDA alone; validate with target analysis and CV model performance.
inst_payment_diff_std_min,continuous_stat_numeric,continuous,other,high,5,keep_but_review_before_final_FE,continuous_transform_review,zero=zero_flag_review; transform=log1p_review; scaling=standard_scaling_review,"Review missingness, skew/tail behavior, and scaling/transform need; keep raw until model pipeline comparison.",5.404034327227318,3.161707066436247,95.54200341706401,0.0,4.457996582935993,35.12171173095703,0.0,5896,almost_all_zero; extreme_skew; high_coefficient_of_variation; zero_heavy; rare_event_candidate; transform_review_candidate; unstable_spread_review,No final drop decision from numeric EDA alone; validate with target analysis and CV model performance.
inst_payment_diff_sum_min,continuous_stat_numeric,continuous,other,high,5,keep_but_review_before_final_FE,signed_continuous_transform_review,zero=zero_flag_review; transform=yeo_johnson_review; scaling=standard_scaling_review,"Review missingness, skew/tail behavior, and scaling/transform need; keep raw until model pipeline comparison.",5.160140612856125,3.518912974582697,86.71183604612489,10.65103568403836,2.637128269836753,33.46308135986328,0.0,6905,zero_heavy; has_negative_values; extreme_skew; high_coefficient_of_variation; zero_flag_candidate; negative_value_review; transform_review_candidate; unstable_spread_review,No final drop decision from numeric EDA alone; validate with target analysis and CV model performance.
prev_approved_application_credit_diff_max,continuous_stat_numeric,continuous,previous_application,high,5,keep_but_review_before_final_FE,signed_continuous_transform_review,transform=yeo_johnson_review; scaling=robust_scaling_review,"Review missingness, skew/tail behavior, and scaling/transform need; keep raw until model pipeline comparison.",5.673292987893116,3.394038105240892,19.14157171668419,19.79487356282213,61.06355472049368,13.26817893981934,15.90712426525089,33014,has_negative_values; extreme_skew; high_outlier_burden; high_coefficient_of_variation; negative_value_review; transform_review_candidate; tail_review_candidate; unstable_spread_review,No final drop decision from numeric EDA alone; validate with target analysis and CV model performance.
prev_refused_application_credit_diff_max,continuous_stat_numeric,continuous,previous_application,high,5,keep_but_review_before_final_FE,signed_continuous_transform_review,missing=missing_flag_review; transform=yeo_johnson_review; scaling=robust_scaling_review,"Review missingness, skew/tail behavior, and scaling/transform need; keep raw until model pipeline comparison.",67.3852317478074,4.277977521646228,48.2621093983688,31.21921550641115,20.51867509522005,2.203216552734375,24.79111412447405,13166,high_missing; has_negative_values; high_skew; high_outlier_burden; missing_indicator_candidate; negative_value_review; transform_review_candidate; tail_review_candidate,No final drop decision from numeric EDA alone; validate with target analysis and CV model performance.
prev_refused_application_credit_diff_sum,continuous_stat_numeric,continuous,previous_application,high,5,keep_but_review_before_final_FE,signed_continuous_transform_review,missing=missing_flag_review; transform=yeo_johnson_review; scaling=standard_scaling_review,"Review missingness, skew/tail behavior, and scaling/transform need; keep raw until model pipeline comparison.",67.3852317478074,4.277977521646228,30.43252836660219,54.02018066883363,15.54729096456418,5.682880878448486,11.31473468004068,30781,high_missing; has_negative_values; extreme_skew; missing_indicator_candidate; negative_value_review; transform_review_candidate,No final drop decision from numeric EDA alone; validate with target analysis and CV model performance.
cc_credit_limit_unique_count_mean,discrete_count_numeric,discrete_count,credit_card,high,5,keep_but_review_before_final_FE,count_validity_review,missing=missing_flag_review; zero=activity_flag_review; special=count_integer_validity_review,"Review zero/non-zero activity signal, count bins, and count validity; do not treat skew as continuous-only problem.",71.73922233676193,5.90342716197118,0.0,0.0,100.0,0.979766845703125,1.408434497439733,13,high_missing; not_integer_like_count; not_integer_like; missing_indicator_candidate; count_validity_review,No final drop decision from numeric EDA alone; validate with target analysis and CV model performance.
cc_has_dpd_def_count_max,discrete_count_numeric,discrete_count,credit_card,high,5,keep_but_review_before_final_FE,count_activity_flag_or_binning_review,missing=missing_flag_review; zero=zero_flag_review; activity_flag_review; transform=log1p_review; binning=zero_vs_activity_split_review,"Review zero/non-zero activity signal, count bins, and count validity; do not treat skew as continuous-only problem.",71.73922233676193,5.90342716197118,82.92158103676428,0.0,17.07841896323572,7.266073226928711,0.0,64,high_missing; zero_heavy; extreme_skew; missing_indicator_candidate; zero_flag_candidate; transform_review_candidate,No final drop decision from numeric EDA alone; validate with target analysis and CV model performance.
cc_has_dpd_def_count_sum,discrete_count_numeric,discrete_count,credit_card,high,5,keep_but_review_before_final_FE,count_activity_flag_or_binning_review,missing=missing_flag_review; zero=zero_flag_review; activity_flag_review; transform=log1p_review; binning=zero_vs_activity_split_review,"Review zero/non-zero activity signal, count bins, and count validity; do not treat skew as continuous-only problem.",71.73922233676193,5.90342716197118,82.92158103676428,0.0,17.07841896323572,7.264214992523193,0.0,64,high_missing; zero_heavy; extreme_skew; missing_indicator_candidate; zero_flag_candidate; transform_review_candidate,No final drop decision from numeric EDA alone; validate with target analysis and CV model performance.
cc_has_other_drawing_count_count_max,discrete_count_numeric,discrete_count,credit_card,high,5,keep_but_review_before_final_FE,count_activity_flag_or_binning_review,missing=missing_flag_review; zero=zero_flag_review; activity_flag_review; transform=log1p_review; binning=zero_vs_activity_split_review,"Review zero/non-zero activity signal, count bins, and count validity; do not treat skew as continuous-only problem.",71.73922233676193,5.90342716197118,93.44111385996203,0.0,6.558886140037973,12.02272796630859,0.0,25,high_missing; zero_heavy; extreme_skew; missing_indicator_candidate; zero_flag_candidate; transform_review_candidate,No final drop decision from numeric EDA alone; validate with target analysis and CV model performance.
cc_has_other_drawing_count_count_sum,discrete_count_numeric,discrete_count,credit_card,high,5,keep_but_review_before_final_FE,count_activity_flag_or_binning_review,missing=missing_flag_review; zero=zero_flag_review; activity_flag_review; transform=log1p_review; binning=zero_vs_activity_split_review,"Review zero/non-zero activity signal, count bins, and count validity; do not treat skew as continuous-only problem.",71.73922233676193,5.90342716197118,93.44111385996203,0.0,6.558886140037973,12.0190486907959,0.0,25,high_missing; zero_heavy; extreme_skew; missing_indicator_candidate; zero_flag_candidate; transform_review_candidate,No final drop decision from numeric EDA alone; validate with target analysis and CV model performance.
cc_has_other_drawing_count_max,discrete_count_numeric,discrete_count,credit_card,high,5,keep_but_review_before_final_FE,count_activity_flag_or_binning_review,missing=missing_flag_review; zero=zero_flag_review; activity_flag_review; transform=log1p_review; binning=zero_vs_activity_split_review,"Review zero/non-zero activity signal, count bins, and count validity; do not treat skew as continuous-only problem.",71.73922233676193,5.90342716197118,93.4618261319832,0.0,6.5381738680168,12.67429065704346,0.0,25,high_missing; zero_heavy; extreme_skew; missing_indicator_candidate; zero_flag_candidate; transform_review_candidate,No final drop decision from numeric EDA alone; validate with target analysis and CV model performance.
cc_has_other_drawing_count_sum,discrete_count_numeric,discrete_count,credit_card,high,5,keep_but_review_before_final_FE,count_activity_flag_or_binning_review,missing=missing_flag_review; zero=zero_flag_review; activity_flag_review; transform=log1p_review; binning=zero_vs_activity_split_review,"Review zero/non-zero activity signal, count bins, and count validity; do not treat skew as continuous-only problem.",71.73922233676193,5.90342716197118,93.4618261319832,0.0,6.5381738680168,12.66994762420654,0.0,25,high_missing; zero_heavy; extreme_skew; missing_indicator_candidate; zero_flag_candidate; transform_review_candidate,No final drop decision from numeric EDA alone; validate with target analysis and CV model performance.
cc_month_count_mean,discrete_count_numeric,discrete_count,credit_card,high,5,keep_but_review_before_final_FE,count_validity_review,missing=missing_flag_review; zero=activity_flag_review; special=count_integer_validity_review,"Review zero/non-zero activity signal, count bins, and count validity; do not treat skew as continuous-only problem.",71.73922233676193,5.90342716197118,0.0,0.0,100.0,0.7783784866333008,0.0,149,high_missing; not_integer_like_count; not_integer_like; missing_indicator_candidate; count_validity_review,No final drop decision from numeric EDA alone; validate with target analysis and CV model performance.
cc_month_record_count_mean,discrete_count_numeric,discrete_count,credit_card,high,5,keep_but_review_before_final_FE,count_validity_review,missing=missing_flag_review; zero=activity_flag_review; special=count_integer_validity_review,"Review zero/non-zero activity signal, count bins, and count validity; do not treat skew as continuous-only problem.",71.73922233676193,5.90342716197118,0.0,0.0,100.0,0.7783784866333008,0.0,149,high_missing; not_integer_like_count; not_integer_like; missing_indicator_candidate; count_validity_review,No final drop decision from numeric EDA alone; validate with target analysis and CV model performance.
cc_other_drawing_count_max_sum,discrete_count_numeric,discrete_count,credit_card,high,5,keep_but_review_before_final_FE,count_activity_flag_or_binning_review,missing=missing_flag_review; zero=zero_flag_review; activity_flag_review; transform=log1p_review; binning=zero_vs_activity_split_review,"Review zero/non-zero activity signal, count bins, and count validity; do not treat skew as continuous-only problem.",71.73922233676193,5.90342716197118,93.44111385996203,0.0,6.558886140037973,7.078983783721924,0.0,11,high_missing; zero_heavy; extreme_skew; missing_indicator_candidate; zero_flag_candidate; transform_review_candidate,No final drop decision from numeric EDA alone; validate with target analysis and CV model performance.
cc_other_drawing_count_sum_max,discrete_count_numeric,discrete_count,credit_card,high,5,keep_but_review_before_final_FE,count_activity_flag_or_binning_review,missing=missing_flag_review; zero=zero_flag_review; activity_flag_review; transform=log1p_review; binning=zero_vs_activity_split_review,"Review zero/non-zero activity signal, count bins, and count validity; do not treat skew as continuous-only problem.",71.73922233676193,5.90342716197118,93.44111385996203,0.0,6.558886140037973,13.34754657745361,0.0,31,high_missing; zero_heavy; extreme_skew; missing_indicator_candidate; zero_flag_candidate; transform_review_candidate,No final drop decision from numeric EDA alone; validate with target analysis and CV model performance.
cc_other_drawing_count_sum_min,discrete_count_numeric,discrete_count,credit_card,high,5,keep_but_review_before_final_FE,count_activity_flag_or_binning_review,missing=missing_flag_review; zero=zero_flag_review; activity_flag_review; transform=log1p_review; binning=zero_vs_activity_split_review,"Review zero/non-zero activity signal, count bins, and count validity; do not treat skew as continuous-only problem.",71.73922233676193,5.90342716197118,93.52741499338359,0.0,6.47258500661642,13.47879600524902,0.0,31,high_missing; zero_heavy; extreme_skew; missing_indicator_candidate; zero_flag_candidate; transform_review_candidate,No final drop decision from numeric EDA alone; validate with target analysis and CV model performance.
cc_other_drawing_count_sum_sum,discrete_count_numeric,discrete_count,credit_card,high,5,keep_but_review_before_final_FE,count_activity_flag_or_binning_review,missing=missing_flag_review; zero=zero_flag_review; activity_flag_review; transform=log1p_review; binning=zero_vs_activity_split_review,"Review zero/non-zero activity signal, count bins, and count validity; do not treat skew as continuous-only problem.",71.73922233676193,5.90342716197118,93.44111385996203,0.0,6.558886140037973,13.34329891204834,0.0,31,high_missing; zero_heavy; extreme_skew; missing_indicator_candidate; zero_flag_candidate; transform_review_candidate,No final drop decision from numeric EDA alone; validate with target analysis and CV model performance.
cc_pos_drawing_count_sum_max,discrete_count_numeric,discrete_count,pos_cash,high,5,keep_but_review_before_final_FE,count_activity_flag_or_binning_review,missing=missing_flag_review; zero=activity_flag_review; transform=log1p_review; scaling=robust_scaling_review,"Review zero/non-zero activity signal, count bins, and count validity; do not treat skew as continuous-only problem.",71.73922233676193,5.90342716197118,60.65128588688798,0.0,39.34871411311202,8.472715377807617,17.33847304527933,532,high_missing; high_zero; extreme_skew; high_outlier_burden; extreme_count_tail; missing_indicator_candidate; zero_pattern_review; transform_review_candidate; tail_review_candidate,No final drop decision from numeric EDA alone; validate with target analysis and CV model performance.
cc_pos_drawing_count_sum_min,discrete_count_numeric,discrete_count,pos_cash,high,5,keep_but_review_before_final_FE,count_activity_flag_or_binning_review,missing=missing_flag_review; zero=activity_flag_review; transform=log1p_review; scaling=robust_scaling_review,"Review zero/non-zero activity signal, count bins, and count validity; do not treat skew as continuous-only problem.",71.73922233676193,5.90342716197118,60.89983315114205,0.0,39.10016684885795,8.496484756469727,18.08641620159945,531,high_missing; high_zero; extreme_skew; high_outlier_burden; extreme_count_tail; missing_indicator_candidate; zero_pattern_review; transform_review_candidate; tail_review_candidate,No final drop decision from numeric EDA alone; validate with target analysis and CV model performance.
cc_pos_drawing_count_sum_sum,discrete_count_numeric,discrete_count,pos_cash,high,5,keep_but_review_before_final_FE,count_activity_flag_or_binning_review,missing=missing_flag_review; zero=activity_flag_review; transform=log1p_review; scaling=robust_scaling_review,"Review zero/non-zero activity signal, count bins, and count validity; do not treat skew as continuous-only problem.",71.73922233676193,5.90342716197118,60.65128588688798,0.0,39.34871411311202,8.464197158813477,17.34307577239515,532,high_missing; high_zero; extreme_skew; high_outlier_burden; extreme_count_tail; missing_indicator_candidate; zero_pattern_review; transform_review_candidate; tail_review_candidate,No final drop decision from numeric EDA alone; validate with target analysis and CV model performance.
cc_recent_24m_has_dpd_count_max,discrete_count_numeric,discrete_count,credit_card,high,5,keep_but_review_before_final_FE,count_activity_flag_or_binning_review,missing=missing_flag_review; zero=zero_flag_review; activity_flag_review; transform=log1p_review; binning=zero_vs_activity_split_review,"Review zero/non-zero activity signal, count bins, and count validity; do not treat skew as continuous-only problem.",71.73922233676193,5.90342716197118,93.68390771532133,0.0,6.316092284678672,9.23051643371582,0.0,25,high_missing; zero_heavy; extreme_skew; missing_indicator_candidate; zero_flag_candidate; transform_review_candidate,No final drop decision from numeric EDA alone; validate with target analysis and CV model performance.
cc_recent_24m_has_dpd_count_sum,discrete_count_numeric,discrete_count,credit_card,high,5,keep_but_review_before_final_FE,count_activity_flag_or_binning_review,missing=missing_flag_review; zero=zero_flag_review; activity_flag_review; transform=log1p_review; binning=zero_vs_activity_split_review,"Review zero/non-zero activity signal, count bins, and count validity; do not treat skew as continuous-only problem.",71.73922233676193,5.90342716197118,93.68390771532133,0.0,6.316092284678672,9.229970932006836,0.0,25,high_missing; zero_heavy; extreme_skew; missing_indicator_candidate; zero_flag_candidate; transform_review_candidate,No final drop decision from numeric EDA alone; validate with target analysis and CV model performance.
inst_installment_number_min_mean,discrete_count_numeric,discrete_count,installments,high,5,keep_but_review_before_final_FE,count_validity_review,zero=activity_flag_review; transform=log1p_review; special=count_integer_validity_review,"Review zero/non-zero activity signal, count bins, and count validity; do not treat skew as continuous-only problem.",5.160140612856125,3.518912974582697,0.0,0.0,100.0,12.88667392730713,0.0,359,extreme_skew; not_integer_like_count; not_integer_like; transform_review_candidate; count_validity_review,No final drop decision from numeric EDA alone; validate with target analysis and CV model performance.
inst_late_5plus_count_mean,discrete_count_numeric,discrete_count,other,high,5,keep_but_review_before_final_FE,count_validity_review,zero=activity_flag_review; transform=log1p_review; special=count_integer_validity_review,"Review zero/non-zero activity signal, count bins, and count validity; do not treat skew as continuous-only problem.",5.160140612856125,3.518912974582697,64.02005191278379,0.0,35.97994808721621,6.185801982879639,11.65980325260678,417,high_zero; extreme_skew; not_integer_like_count; not_integer_like; zero_pattern_review; transform_review_candidate; count_validity_review,No final drop decision from numeric EDA alone; validate with target analysis and CV model performance.
inst_latest_num_version_mean,discrete_count_numeric,discrete_count,other,high,5,keep_but_review_before_final_FE,count_validity_review,zero=activity_flag_review; transform=log1p_review; special=count_integer_validity_review,"Review zero/non-zero activity signal, count bins, and count validity; do not treat skew as continuous-only problem.",5.160140612856125,3.518912974582697,0.947048274774296,0.0,99.0529517252257,7.854113101959229,4.510308836488446,399,extreme_skew; not_integer_like_count; not_integer_like; transform_review_candidate; count_validity_review,No final drop decision from numeric EDA alone; validate with target analysis and CV model performance.
inst_num_version_max_mean,discrete_count_numeric,discrete_count,other,high,5,keep_but_review_before_final_FE,count_validity_review,zero=activity_flag_review; transform=log1p_review; special=count_integer_validity_review,"Review zero/non-zero activity signal, count bins, and count validity; do not treat skew as continuous-only problem.",5.160140612856125,3.518912974582697,0.947048274774296,0.0,99.0529517252257,7.696430206298828,3.079449875361315,398,extreme_skew; not_integer_like_count; not_integer_like; transform_review_candidate; count_validity_review,No final drop decision from numeric EDA alone; validate with target analysis and CV model performance.
inst_num_version_min_mean,discrete_count_numeric,discrete_count,other,high,5,keep_but_review_before_final_FE,count_validity_review,zero=activity_flag_review; transform=log1p_review; special=count_integer_validity_review,"Review zero/non-zero activity signal, count bins, and count validity; do not treat skew as continuous-only problem.",5.160140612856125,3.518912974582697,0.947048274774296,0.0,99.0529517252257,17.61496734619141,0.0,109,extreme_skew; not_integer_like_count; not_integer_like; transform_review_candidate; count_validity_review,No final drop decision from numeric EDA alone; validate with target analysis and CV model performance.
inst_num_version_unique_mean_max,discrete_count_numeric,discrete_count,other,high,5,keep_but_review_before_final_FE,count_validity_review,zero=activity_flag_review; transform=log1p_review; special=count_integer_validity_review,"Review zero/non-zero activity signal, count bins, and count validity; do not treat skew as continuous-only problem.",5.160140612856125,3.518912974582697,0.0,0.0,100.0,5.306223392486572,0.0,284,extreme_skew; not_integer_like_count; not_integer_like; transform_review_candidate; count_validity_review,No final drop decision from numeric EDA alone; validate with target analysis and CV model performance.
inst_num_version_unique_mean_mean,discrete_count_numeric,discrete_count,other,high,5,keep_but_review_before_final_FE,count_validity_review,zero=activity_flag_review; transform=log1p_review; special=count_integer_validity_review,"Review zero/non-zero activity signal, count bins, and count validity; do not treat skew as continuous-only problem.",5.160140612856125,3.518912974582697,0.0,0.0,100.0,7.862534046173096,0.0,2527,extreme_skew; not_integer_like_count; not_integer_like; transform_review_candidate; count_validity_review,No final drop decision from numeric EDA alone; validate with target analysis and CV model performance.
inst_num_version_unique_mean_min,discrete_count_numeric,discrete_count,other,high,5,keep_but_review_before_final_FE,count_validity_review,zero=activity_flag_review; transform=log1p_review; special=count_integer_validity_review,"Review zero/non-zero activity signal, count bins, and count validity; do not treat skew as continuous-only problem.",5.160140612856125,3.518912974582697,0.0,0.0,100.0,15.2591724395752,0.0,164,extreme_skew; not_integer_like_count; not_integer_like; transform_review_candidate; count_validity_review,No final drop decision from numeric EDA alone; validate with target analysis and CV model performance.
inst_payment_row_count_mean_min,discrete_count_numeric,discrete_count,other,high,5,keep_but_review_before_final_FE,count_validity_review,zero=activity_flag_review; transform=log1p_review; special=count_integer_validity_review,"Review zero/non-zero activity signal, count bins, and count validity; do not treat skew as continuous-only problem.",5.160140612856125,3.518912974582697,0.0,0.0,100.0,5.74147367477417,0.0,794,extreme_skew; not_integer_like_count; not_integer_like; transform_review_candidate; count_validity_review,No final drop decision from numeric EDA alone; validate with target analysis and CV model performance.
inst_recent_12m_late_count_mean,discrete_count_numeric,discrete_count,other,high,5,keep_but_review_before_final_FE,count_validity_review,zero=activity_flag_review; transform=log1p_review; special=count_integer_validity_review,"Review zero/non-zero activity signal, count bins, and count validity; do not treat skew as continuous-only problem.",5.160140612856125,3.518912974582697,78.67975572875056,0.0,21.32024427124944,5.643536567687988,0.0,223,high_zero; extreme_skew; not_integer_like_count; not_integer_like; zero_pattern_review; transform_review_candidate; count_validity_review,No final drop decision from numeric EDA alone; validate with target analysis and CV model performance.
pos_month_count_mean,discrete_count_numeric,discrete_count,pos_cash,high,5,keep_but_review_before_final_FE,count_validity_review,zero=activity_flag_review; transform=log1p_review; special=count_integer_validity_review,"Review zero/non-zero activity signal, count bins, and count validity; do not treat skew as continuous-only problem.",5.875236983392464,3.955000646612553,0.0,0.0,100.0,5.260532379150391,3.840466549660729,1193,extreme_skew; not_integer_like_count; not_integer_like; transform_review_candidate; count_validity_review,No final drop decision from numeric EDA alone; validate with target analysis and CV model performance.
pos_month_record_count_mean,discrete_count_numeric,discrete_count,pos_cash,high,5,keep_but_review_before_final_FE,count_validity_review,zero=activity_flag_review; transform=log1p_review; special=count_integer_validity_review,"Review zero/non-zero activity signal, count bins, and count validity; do not treat skew as continuous-only problem.",5.875236983392464,3.955000646612553,0.0,0.0,100.0,5.260532379150391,3.840466549660729,1193,extreme_skew; not_integer_like_count; not_integer_like; transform_review_candidate; count_validity_review,No final drop decision from numeric EDA alone; validate with target analysis and CV model performance.
prev_canceled_cnt_payment_sum,discrete_count_numeric,discrete_count,previous_application,high,5,keep_but_review_before_final_FE,count_activity_flag_or_binning_review,missing=missing_flag_review; zero=zero_flag_review; activity_flag_review; transform=log1p_review; binning=zero_vs_activity_split_review,"Review zero/non-zero activity signal, count bins, and count validity; do not treat skew as continuous-only problem.",63.99283277671368,9.060943723702032,93.23826382240846,0.0,6.761736177591532,6.124416351318359,0.0,46,high_missing; zero_heavy; extreme_skew; extreme_count_tail; missing_indicator_candidate; zero_flag_candidate; transform_review_candidate,No final drop decision from numeric EDA alone; validate with target analysis and CV model performance.
prev_refused_cnt_payment_mean,discrete_count_numeric,discrete_count,previous_application,high,5,keep_but_review_before_final_FE,count_validity_review,missing=missing_flag_review; zero=activity_flag_review; special=count_integer_validity_review,"Review zero/non-zero activity signal, count bins, and count validity; do not treat skew as continuous-only problem.",70.22220343337312,4.125863371006474,15.22987878126024,0.0,84.77012121873976,0.8525427579879761,0.02948563940155072,1091,high_missing; not_integer_like_count; not_integer_like; missing_indicator_candidate; count_validity_review,No final drop decision from numeric EDA alone; validate with target analysis and CV model performance.
bureau_debt_to_credit_min,ratio_rate_numeric,ratio_rate,bureau,high,5,keep_but_review_before_final_FE,signed_or_negative_ratio_review,zero=zero_flag_review; zero_ratio_flag_review; transform=yeo_johnson_review,Review boundedness and denominator-driven tail instability; keep bounded ratios carefully and review unbounded/signed ratios.,17.11613568295118,1.4259994610572,86.73242387504561,1.607442021053292,11.6601341039011,229.3378295898438,0.0,31232,zero_heavy; negative_ratio_value; extreme_skew; zero_flag_candidate; negative_ratio_review; transform_review_candidate,No final drop decision from numeric EDA alone; validate with target analysis and CV model performance.
cc_has_dpd_def_count_mean,ratio_rate_numeric,ratio_rate,credit_card,high,5,keep_but_review_before_final_FE,zero_ratio_flag_review,missing=missing_flag_review; zero=zero_flag_review; zero_ratio_flag_review; transform=log1p_review; special=bounded_0_100_ratio,Review boundedness and denominator-driven tail instability; keep bounded ratios carefully and review unbounded/signed ratios.,71.73922233676193,5.90342716197118,82.92158103676428,0.0,17.07841896323572,7.179728984832764,0.0,75,high_missing; zero_heavy; extreme_skew; missing_indicator_candidate; zero_flag_candidate; transform_review_candidate,No final drop decision from numeric EDA alone; validate with target analysis and CV model performance.
cc_has_dpd_def_ratio_max,ratio_rate_numeric,ratio_rate,credit_card,high,5,keep_but_review_before_final_FE,zero_ratio_flag_review,missing=missing_flag_review; zero=zero_flag_review; zero_ratio_flag_review; transform=log1p_review; special=bounded_0_1_ratio,Review boundedness and denominator-driven tail instability; keep bounded ratios carefully and review unbounded/signed ratios.,71.73922233676193,5.90342716197118,82.92158103676428,0.0,17.07841896323572,6.74889087677002,0.0,870,high_missing; zero_heavy; extreme_skew; missing_indicator_candidate; zero_flag_candidate; transform_review_candidate,No final drop decision from numeric EDA alone; validate with target analysis and CV model performance.
cc_has_dpd_def_ratio_mean,ratio_rate_numeric,ratio_rate,credit_card,high,5,keep_but_review_before_final_FE,zero_ratio_flag_review,missing=missing_flag_review; zero=zero_flag_review; zero_ratio_flag_review; transform=log1p_review; special=bounded_0_1_ratio,Review boundedness and denominator-driven tail instability; keep bounded ratios carefully and review unbounded/signed ratios.,71.73922233676193,5.90342716197118,82.92158103676428,0.0,17.07841896323572,6.707692623138428,0.0,907,high_missing; zero_heavy; extreme_skew; missing_indicator_candidate; zero_flag_candidate; transform_review_candidate,No final drop decision from numeric EDA alone; validate with target analysis and CV model performance.
cc_has_dpd_def_ratio_min,ratio_rate_numeric,ratio_rate,credit_card,high,5,keep_but_review_before_final_FE,zero_ratio_flag_review,missing=missing_flag_review; zero=zero_flag_review; zero_ratio_flag_review; transform=log1p_review; special=bounded_0_1_ratio,Review boundedness and denominator-driven tail instability; keep bounded ratios carefully and review unbounded/signed ratios.,71.73922233676193,5.90342716197118,83.12870375697601,0.0,16.87129624302399,6.719720840454102,0.0,867,high_missing; zero_heavy; extreme_skew; missing_indicator_candidate; zero_flag_candidate; transform_review_candidate,No final drop decision from numeric EDA alone; validate with target analysis and CV model performance.
cc_has_other_drawing_count_count_mean,ratio_rate_numeric,ratio_rate,credit_card,high,5,keep_but_review_before_final_FE,zero_ratio_flag_review,missing=missing_flag_review; zero=zero_flag_review; zero_ratio_flag_review; transform=log1p_review; special=bounded_0_100_ratio,Review boundedness and denominator-driven tail instability; keep bounded ratios carefully and review unbounded/signed ratios.,71.73922233676193,5.90342716197118,93.44111385996203,0.0,6.558886140037973,12.10599613189697,0.0,29,high_missing; zero_heavy; extreme_skew; missing_indicator_candidate; zero_flag_candidate; transform_review_candidate,No final drop decision from numeric EDA alone; validate with target analysis and CV model performance.
cc_has_other_drawing_count_mean,ratio_rate_numeric,ratio_rate,credit_card,high,5,keep_but_review_before_final_FE,zero_ratio_flag_review,missing=missing_flag_review; zero=zero_flag_review; zero_ratio_flag_review; transform=log1p_review; special=bounded_0_100_ratio,Review boundedness and denominator-driven tail instability; keep bounded ratios carefully and review unbounded/signed ratios.,71.73922233676193,5.90342716197118,93.4618261319832,0.0,6.5381738680168,12.77040863037109,0.0,29,high_missing; zero_heavy; extreme_skew; missing_indicator_candidate; zero_flag_candidate; transform_review_candidate,No final drop decision from numeric EDA alone; validate with target analysis and CV model performance.
cc_has_other_drawing_count_ratio_max,ratio_rate_numeric,ratio_rate,credit_card,high,5,keep_but_review_before_final_FE,zero_ratio_flag_review,missing=missing_flag_review; zero=zero_flag_review; zero_ratio_flag_review; transform=log1p_review; special=bounded_0_1_ratio,Review boundedness and denominator-driven tail instability; keep bounded ratios carefully and review unbounded/signed ratios.,71.73922233676193,5.90342716197118,93.44111385996203,0.0,6.558886140037973,13.47688293457031,0.0,368,high_missing; zero_heavy; extreme_skew; missing_indicator_candidate; zero_flag_candidate; transform_review_candidate,No final drop decision from numeric EDA alone; validate with target analysis and CV model performance.
cc_has_other_drawing_count_ratio_mean,ratio_rate_numeric,ratio_rate,credit_card,high,5,keep_but_review_before_final_FE,zero_ratio_flag_review,missing=missing_flag_review; zero=zero_flag_review; zero_ratio_flag_review; transform=log1p_review; special=bounded_0_1_ratio,Review boundedness and denominator-driven tail instability; keep bounded ratios carefully and review unbounded/signed ratios.,71.73922233676193,5.90342716197118,93.44111385996203,0.0,6.558886140037973,13.53345775604248,0.0,386,high_missing; zero_heavy; extreme_skew; missing_indicator_candidate; zero_flag_candidate; transform_review_candidate,No final drop decision from numeric EDA alone; validate with target analysis and CV model performance.
cc_has_other_drawing_count_ratio_min,ratio_rate_numeric,ratio_rate,credit_card,high,5,keep_but_review_before_final_FE,zero_ratio_flag_review,missing=missing_flag_review; zero=zero_flag_review; zero_ratio_flag_review; transform=log1p_review; special=bounded_0_1_ratio,Review boundedness and denominator-driven tail instability; keep bounded ratios carefully and review unbounded/signed ratios.,71.73922233676193,5.90342716197118,93.52741499338359,0.0,6.47258500661642,13.55921173095703,0.0,368,high_missing; zero_heavy; extreme_skew; missing_indicator_candidate; zero_flag_candidate; transform_review_candidate,No final drop decision from numeric EDA alone; validate with target analysis and CV model performance.
cc_has_other_drawing_ratio_max,ratio_rate_numeric,ratio_rate,credit_card,high,5,keep_but_review_before_final_FE,zero_ratio_flag_review,missing=missing_flag_review; zero=zero_flag_review; zero_ratio_flag_review; transform=log1p_review; special=bounded_0_1_ratio,Review boundedness and denominator-driven tail instability; keep bounded ratios carefully and review unbounded/signed ratios.,71.73922233676193,5.90342716197118,93.4618261319832,0.0,6.5381738680168,13.61886978149414,0.0,368,high_missing; zero_heavy; extreme_skew; missing_indicator_candidate; zero_flag_candidate; transform_review_candidate,No final drop decision from numeric EDA alone; validate with target analysis and CV model performance.
cc_has_other_drawing_ratio_mean,ratio_rate_numeric,ratio_rate,credit_card,high,5,keep_but_review_before_final_FE,zero_ratio_flag_review,missing=missing_flag_review; zero=zero_flag_review; zero_ratio_flag_review; transform=log1p_review; special=bounded_0_1_ratio,Review boundedness and denominator-driven tail instability; keep bounded ratios carefully and review unbounded/signed ratios.,71.73922233676193,5.90342716197118,93.4618261319832,0.0,6.5381738680168,13.67671298980713,0.0,386,high_missing; zero_heavy; extreme_skew; missing_indicator_candidate; zero_flag_candidate; transform_review_candidate,No final drop decision from numeric EDA alone; validate with target analysis and CV model performance.
cc_has_other_drawing_ratio_min,ratio_rate_numeric,ratio_rate,credit_card,high,5,keep_but_review_before_final_FE,zero_ratio_flag_review,missing=missing_flag_review; zero=zero_flag_review; zero_ratio_flag_review; transform=log1p_review; special=bounded_0_1_ratio,Review boundedness and denominator-driven tail instability; keep bounded ratios carefully and review unbounded/signed ratios.,71.73922233676193,5.90342716197118,93.54582590184684,0.0,6.454174098153155,13.70300388336182,0.0,368,high_missing; zero_heavy; extreme_skew; missing_indicator_candidate; zero_flag_candidate; transform_review_candidate,No final drop decision from numeric EDA alone; validate with target analysis and CV model performance.
cc_latest_payment_to_min_inst_ratio,ratio_rate_numeric,ratio_rate,credit_card,high,5,keep_but_review_before_final_FE,ratio_stability_tail_review,missing=missing_flag_review; transform=log1p_review; special=ratio_stability_review,Review boundedness and denominator-driven tail instability; keep bounded ratios carefully and review unbounded/signed ratios.,90.06344488489843,1.231998963349113,5.609372954575206,0.0,94.3906270454248,79.92445373535156,14.09543133918052,24585,extreme_missing; extreme_skew; high_missing; missing_indicator_candidate; transform_review_candidate,No final drop decision from numeric EDA alone; validate with target analysis and CV model performance.
cc_latest_payment_to_min_inst_ratio_max,ratio_rate_numeric,ratio_rate,credit_card,high,5,keep_but_review_before_final_FE,ratio_stability_tail_review,missing=missing_flag_review; transform=log1p_review; special=ratio_stability_review,Review boundedness and denominator-driven tail instability; keep bounded ratios carefully and review unbounded/signed ratios.,90.06116854356429,1.231774156562807,5.611360141347381,0.0,94.38863985865262,79.93354797363281,14.0954749206557,24591,extreme_missing; extreme_skew; high_missing; missing_indicator_candidate; transform_review_candidate,No final drop decision from numeric EDA alone; validate with target analysis and CV model performance.
cc_latest_payment_to_min_inst_ratio_mean,ratio_rate_numeric,ratio_rate,credit_card,high,5,keep_but_review_before_final_FE,ratio_stability_tail_review,missing=missing_flag_review; transform=log1p_review; special=ratio_stability_review,Review boundedness and denominator-driven tail instability; keep bounded ratios carefully and review unbounded/signed ratios.,90.06116854356429,1.231774156562807,5.611360141347381,0.0,94.38863985865262,79.93354797363281,14.0954749206557,24592,extreme_missing; extreme_skew; high_missing; missing_indicator_candidate; transform_review_candidate,No final drop decision from numeric EDA alone; validate with target analysis and CV model performance.
cc_latest_payment_to_min_inst_ratio_min,ratio_rate_numeric,ratio_rate,credit_card,high,5,keep_but_review_before_final_FE,ratio_stability_tail_review,missing=missing_flag_review; transform=log1p_review; special=ratio_stability_review,Review boundedness and denominator-driven tail instability; keep bounded ratios carefully and review unbounded/signed ratios.,90.06116854356429,1.231774156562807,5.611360141347381,0.0,94.38863985865262,79.93354797363281,14.0954749206557,24591,extreme_missing; extreme_skew; high_missing; missing_indicator_candidate; transform_review_candidate,No final drop decision from numeric EDA alone; validate with target analysis and CV model performance.
cc_missing_credit_limit_ratio_max,ratio_rate_numeric,ratio_rate,credit_card,high,5,keep_but_review_before_final_FE,zero_ratio_flag_review,missing=missing_flag_review; zero=zero_flag_review; zero_ratio_flag_review; special=bounded_0_1_ratio,Review boundedness and denominator-driven tail instability; keep bounded ratios carefully and review unbounded/signed ratios.,71.73922233676193,5.90342716197118,100.0,0.0,0.0,0.0,0.0,1,high_missing; almost_all_zero; binary_like_numeric; zero_heavy; missing_indicator_candidate; rare_event_candidate; binary_like_numeric_review,No final drop decision from numeric EDA alone; validate with target analysis and CV model performance.
cc_missing_credit_limit_ratio_mean,ratio_rate_numeric,ratio_rate,credit_card,high,5,keep_but_review_before_final_FE,zero_ratio_flag_review,missing=missing_flag_review; zero=zero_flag_review; zero_ratio_flag_review; special=bounded_0_1_ratio,Review boundedness and denominator-driven tail instability; keep bounded ratios carefully and review unbounded/signed ratios.,71.73922233676193,5.90342716197118,100.0,0.0,0.0,0.0,0.0,1,high_missing; almost_all_zero; binary_like_numeric; zero_heavy; missing_indicator_candidate; rare_event_candidate; binary_like_numeric_review,No final drop decision from numeric EDA alone; validate with target analysis and CV model performance.
cc_missing_credit_limit_ratio_min,ratio_rate_numeric,ratio_rate,credit_card,high,5,keep_but_review_before_final_FE,zero_ratio_flag_review,missing=missing_flag_review; zero=zero_flag_review; zero_ratio_flag_review; special=bounded_0_1_ratio,Review boundedness and denominator-driven tail instability; keep bounded ratios carefully and review unbounded/signed ratios.,71.73922233676193,5.90342716197118,100.0,0.0,0.0,0.0,0.0,1,high_missing; almost_all_zero; binary_like_numeric; zero_heavy; missing_indicator_candidate; rare_event_candidate; binary_like_numeric_review,No final drop decision from numeric EDA alone; validate with target analysis and CV model performance.
cc_other_drawing_share_max_max,ratio_rate_numeric,ratio_rate,credit_card,high,5,keep_but_review_before_final_FE,zero_ratio_flag_review,missing=missing_flag_review; zero=zero_flag_review; zero_ratio_flag_review; transform=log1p_review; special=bounded_0_1_ratio,Review boundedness and denominator-driven tail instability; keep bounded ratios carefully and review unbounded/signed ratios.,80.60687259967936,2.412633308689692,90.47219800120733,0.0,9.527801998792675,3.009629011154175,0.0,1358,extreme_missing; zero_heavy; high_skew; high_missing; missing_indicator_candidate; zero_flag_candidate; transform_review_candidate,No final drop decision from numeric EDA alone; validate with target analysis and CV model performance.
cc_other_drawing_share_max_mean,ratio_rate_numeric,ratio_rate,credit_card,high,5,keep_but_review_before_final_FE,zero_ratio_flag_review,missing=missing_flag_review; zero=zero_flag_review; zero_ratio_flag_review; transform=log1p_review; special=bounded_0_1_ratio,Review boundedness and denominator-driven tail instability; keep bounded ratios carefully and review unbounded/signed ratios.,80.60687259967936,2.412633308689692,90.47219800120733,0.0,9.527801998792675,3.016981840133667,0.0,1359,extreme_missing; zero_heavy; high_skew; high_missing; missing_indicator_candidate; zero_flag_candidate; transform_review_candidate,No final drop decision from numeric EDA alone; validate with target analysis and CV model performance.
cc_other_drawing_share_max_min,ratio_rate_numeric,ratio_rate,credit_card,high,5,keep_but_review_before_final_FE,zero_ratio_flag_review,missing=missing_flag_review; zero=zero_flag_review; zero_ratio_flag_review; transform=log1p_review; special=bounded_0_1_ratio,Review boundedness and denominator-driven tail instability; keep bounded ratios carefully and review unbounded/signed ratios.,80.60687259967936,2.412633308689692,90.53927158092428,0.0,9.460728419075725,3.024427652359009,0.0,1347,extreme_missing; zero_heavy; high_skew; high_missing; missing_indicator_candidate; zero_flag_candidate; transform_review_candidate,No final drop decision from numeric EDA alone; validate with target analysis and CV model performance.
cc_other_drawing_share_mean_sum,ratio_rate_numeric,ratio_rate,credit_card,high,5,keep_but_review_before_final_FE,zero_ratio_flag_review,missing=missing_flag_review; zero=zero_flag_review; zero_ratio_flag_review; transform=log1p_review; special=bounded_0_1_ratio,Review boundedness and denominator-driven tail instability; keep bounded ratios carefully and review unbounded/signed ratios.,71.73922233676193,5.90342716197118,93.4618261319832,0.0,6.5381738680168,6.543083190917969,0.0,2387,high_missing; zero_heavy; extreme_skew; missing_indicator_candidate; zero_flag_candidate; transform_review_candidate,No final drop decision from numeric EDA alone; validate with target analysis and CV model performance.
cc_payment_less_min_trend_6m_vs_old_mean,ratio_rate_numeric,ratio_rate,credit_card,high,5,keep_but_review_before_final_FE,signed_or_negative_ratio_review,missing=missing_flag_review; scaling=robust_scaling_review,Review boundedness and denominator-driven tail instability; keep bounded ratios carefully and review unbounded/signed ratios.,74.38628211673729,7.317514678693641,57.17641084237923,30.59480733828477,12.228781819336,1.502312302589417,29.66292134831461,1513,high_missing; high_zero; negative_ratio_value; high_outlier_burden; missing_indicator_candidate; zero_pattern_review; negative_ratio_review; tail_review_candidate,No final drop decision from numeric EDA alone; validate with target analysis and CV model performance.
cc_payment_to_min_inst_ratio_max_max,ratio_rate_numeric,ratio_rate,credit_card,high,5,keep_but_review_before_final_FE,ratio_stability_tail_review,missing=missing_flag_review; transform=log1p_review; special=ratio_stability_review,Review boundedness and denominator-driven tail instability; keep bounded ratios carefully and review unbounded/signed ratios.,80.72621792391168,2.503257149252235,0.2041539421957516,0.0,99.79584605780425,189.4533386230469,12.1884965158852,47090,extreme_missing; extreme_skew; high_missing; extreme_ratio_tail; unbounded_extreme_ratio; missing_indicator_candidate; transform_review_candidate,No final drop decision from numeric EDA alone; validate with target analysis and CV model performance.
cc_payment_to_min_inst_ratio_max_mean,ratio_rate_numeric,ratio_rate,credit_card,high,5,keep_but_review_before_final_FE,ratio_stability_tail_review,missing=missing_flag_review; transform=log1p_review; special=ratio_stability_review,Review boundedness and denominator-driven tail instability; keep bounded ratios carefully and review unbounded/signed ratios.,80.72621792391168,2.503257149252235,0.2041539421957516,0.0,99.79584605780425,189.4738159179688,12.18006040257133,47147,extreme_missing; extreme_skew; high_missing; extreme_ratio_tail; unbounded_extreme_ratio; missing_indicator_candidate; transform_review_candidate,No final drop decision from numeric EDA alone; validate with target analysis and CV model performance.
cc_payment_to_min_inst_ratio_max_min,ratio_rate_numeric,ratio_rate,credit_card,high,5,keep_but_review_before_final_FE,ratio_stability_tail_review,missing=missing_flag_review; transform=log1p_review; special=ratio_stability_review,Review boundedness and denominator-driven tail instability; keep bounded ratios carefully and review unbounded/signed ratios.,80.72621792391168,2.503257149252235,0.2075283875213012,0.0,99.79247161247869,189.4805908203125,12.14294150399028,47095,extreme_missing; extreme_skew; high_missing; extreme_ratio_tail; unbounded_extreme_ratio; missing_indicator_candidate; transform_review_candidate,No final drop decision from numeric EDA alone; validate with target analysis and CV model performance.
cc_payment_to_min_inst_ratio_mean_max,ratio_rate_numeric,ratio_rate,credit_card,high,5,keep_but_review_before_final_FE,ratio_stability_tail_review,missing=missing_flag_review; transform=log1p_review; special=ratio_stability_review,Review boundedness and denominator-driven tail instability; keep bounded ratios carefully and review unbounded/signed ratios.,80.72621792391168,2.503257149252235,0.2041539421957516,0.0,99.79584605780425,240.0555877685547,11.72957195161045,58213,extreme_missing; extreme_skew; high_unique_numeric; high_missing; extreme_ratio_tail; unbounded_extreme_ratio; missing_indicator_candidate; transform_review_candidate,No final drop decision from numeric EDA alone; validate with target analysis and CV model performance.
cc_payment_to_min_inst_ratio_mean_mean,ratio_rate_numeric,ratio_rate,credit_card,high,5,keep_but_review_before_final_FE,ratio_stability_tail_review,missing=missing_flag_review; transform=log1p_review; special=ratio_stability_review,Review boundedness and denominator-driven tail instability; keep bounded ratios carefully and review unbounded/signed ratios.,80.72621792391168,2.503257149252235,0.2041539421957516,0.0,99.79584605780425,240.0570373535156,11.73800806492433,58217,extreme_missing; extreme_skew; high_unique_numeric; high_missing; extreme_ratio_tail; unbounded_extreme_ratio; missing_indicator_candidate; transform_review_candidate,No final drop decision from numeric EDA alone; validate with target analysis and CV model performance.
cc_payment_to_min_inst_ratio_mean_min,ratio_rate_numeric,ratio_rate,credit_card,high,5,keep_but_review_before_final_FE,ratio_stability_tail_review,missing=missing_flag_review; transform=log1p_review; special=ratio_stability_review,Review boundedness and denominator-driven tail instability; keep bounded ratios carefully and review unbounded/signed ratios.,80.72621792391168,2.503257149252235,0.2075283875213012,0.0,99.79247161247869,240.0574951171875,11.7396952875871,58209,extreme_missing; extreme_skew; high_unique_numeric; high_missing; extreme_ratio_tail; unbounded_extreme_ratio; missing_indicator_candidate; transform_review_candidate,No final drop decision from numeric EDA alone; validate with target analysis and CV model performance.
cc_payment_to_min_inst_ratio_min_max,ratio_rate_numeric,ratio_rate,credit_card,high,5,keep_but_review_before_final_FE,ratio_stability_tail_review,missing=missing_flag_review; transform=log1p_review; special=ratio_stability_review,Review boundedness and denominator-driven tail instability; keep bounded ratios carefully and review unbounded/signed ratios.,80.72621792391168,2.503257149252235,42.99549511549039,0.0,57.00450488450961,220.043212890625,3.428436450758406,22771,extreme_missing; extreme_skew; high_missing; missing_indicator_candidate; transform_review_candidate,No final drop decision from numeric EDA alone; validate with target analysis and CV model performance.
cc_payment_to_min_inst_ratio_min_mean,ratio_rate_numeric,ratio_rate,credit_card,high,5,keep_but_review_before_final_FE,ratio_stability_tail_review,missing=missing_flag_review; transform=log1p_review; special=ratio_stability_review,Review boundedness and denominator-driven tail instability; keep bounded ratios carefully and review unbounded/signed ratios.,80.72621792391168,2.503257149252235,42.99549511549039,0.0,57.00450488450961,220.0701293945312,3.420000337444533,22800,extreme_missing; extreme_skew; high_missing; missing_indicator_candidate; transform_review_candidate,No final drop decision from numeric EDA alone; validate with target analysis and CV model performance.
cc_payment_to_min_inst_ratio_std_max,ratio_rate_numeric,ratio_rate,credit_card,high,5,keep_but_review_before_final_FE,ratio_stability_tail_review,missing=missing_flag_review; transform=log1p_review; special=ratio_stability_review,Review boundedness and denominator-driven tail instability; keep bounded ratios carefully and review unbounded/signed ratios.,81.12880514843371,2.245250249369207,0.1292412675983526,0.0,99.87075873240164,231.6956787109375,9.734452275507918,57383,extreme_missing; extreme_skew; high_unique_numeric; high_missing; extreme_ratio_tail; unbounded_extreme_ratio; missing_indicator_candidate; transform_review_candidate,No final drop decision from numeric EDA alone; validate with target analysis and CV model performance.
cc_payment_to_min_inst_ratio_std_mean,ratio_rate_numeric,ratio_rate,credit_card,high,5,keep_but_review_before_final_FE,ratio_stability_tail_review,missing=missing_flag_review; transform=log1p_review; special=ratio_stability_review,Review boundedness and denominator-driven tail instability; keep bounded ratios carefully and review unbounded/signed ratios.,81.12880514843371,2.245250249369207,0.1292412675983526,0.0,99.87075873240164,231.7013244628906,9.739621926211854,57386,extreme_missing; extreme_skew; high_unique_numeric; high_missing; extreme_ratio_tail; unbounded_extreme_ratio; missing_indicator_candidate; transform_review_candidate,No final drop decision from numeric EDA alone; validate with target analysis and CV model performance.
cc_payment_to_min_inst_ratio_std_min,ratio_rate_numeric,ratio_rate,credit_card,high,5,keep_but_review_before_final_FE,ratio_stability_tail_review,missing=missing_flag_review; transform=log1p_review; special=ratio_stability_review,Review boundedness and denominator-driven tail instability; keep bounded ratios carefully and review unbounded/signed ratios.,81.12880514843371,2.245250249369207,0.1292412675983526,0.0,99.87075873240164,231.7031860351562,9.729282624803984,57384,extreme_missing; extreme_skew; high_unique_numeric; high_missing; extreme_ratio_tail; unbounded_extreme_ratio; missing_indicator_candidate; transform_review_candidate,No final drop decision from numeric EDA alone; validate with target analysis and CV model performance.
cc_recent_24m_has_dpd_count_mean,ratio_rate_numeric,ratio_rate,credit_card,high,5,keep_but_review_before_final_FE,zero_ratio_flag_review,missing=missing_flag_review; zero=zero_flag_review; zero_ratio_flag_review; transform=log1p_review; special=bounded_0_100_ratio,Review boundedness and denominator-driven tail instability; keep bounded ratios carefully and review unbounded/signed ratios.,71.73922233676193,5.90342716197118,93.68390771532133,0.0,6.316092284678672,9.236254692077637,0.0,29,high_missing; zero_heavy; extreme_skew; missing_indicator_candidate; zero_flag_candidate; transform_review_candidate,No final drop decision from numeric EDA alone; validate with target analysis and CV model performance.
cc_recent_24m_has_dpd_ratio_max,ratio_rate_numeric,ratio_rate,credit_card,high,5,keep_but_review_before_final_FE,zero_ratio_flag_review,missing=missing_flag_review; zero=zero_flag_review; zero_ratio_flag_review; transform=log1p_review; special=bounded_0_1_ratio,Review boundedness and denominator-driven tail instability; keep bounded ratios carefully and review unbounded/signed ratios.,71.73922233676193,5.90342716197118,93.68390771532133,0.0,6.316092284678672,9.90204906463623,0.0,596,high_missing; zero_heavy; extreme_skew; missing_indicator_candidate; zero_flag_candidate; transform_review_candidate,No final drop decision from numeric EDA alone; validate with target analysis and CV model performance.
cc_recent_24m_has_dpd_ratio_mean,ratio_rate_numeric,ratio_rate,credit_card,high,5,keep_but_review_before_final_FE,zero_ratio_flag_review,missing=missing_flag_review; zero=zero_flag_review; zero_ratio_flag_review; transform=log1p_review; special=bounded_0_1_ratio,Review boundedness and denominator-driven tail instability; keep bounded ratios carefully and review unbounded/signed ratios.,71.73922233676193,5.90342716197118,93.68390771532133,0.0,6.316092284678672,9.91606616973877,0.0,600,high_missing; zero_heavy; extreme_skew; missing_indicator_candidate; zero_flag_candidate; transform_review_candidate,No final drop decision from numeric EDA alone; validate with target analysis and CV model performance.
cc_recent_24m_has_dpd_ratio_min,ratio_rate_numeric,ratio_rate,credit_card,high,5,keep_but_review_before_final_FE,zero_ratio_flag_review,missing=missing_flag_review; zero=zero_flag_review; zero_ratio_flag_review; transform=log1p_review; special=bounded_0_1_ratio,Review boundedness and denominator-driven tail instability; keep bounded ratios carefully and review unbounded/signed ratios.,71.73922233676193,5.90342716197118,93.70922271445832,0.0,6.290777285541684,9.922773361206055,0.0,596,high_missing; zero_heavy; extreme_skew; missing_indicator_candidate; zero_flag_candidate; transform_review_candidate,No final drop decision from numeric EDA alone; validate with target analysis and CV model performance.
cc_recent_6m_utilization_mean_max,ratio_rate_numeric,ratio_rate,credit_card,high,5,keep_but_review_before_final_FE,ratio_stability_tail_review,missing=missing_flag_review; special=bounded_0_100_ratio,Review boundedness and denominator-driven tail instability; keep bounded ratios carefully and review unbounded/signed ratios.,77.90030275339744,5.005177199483114,49.67848261451758,0.0,50.32151738548243,0.7035875916481018,0.005885901793728571,33996,high_missing; unstable_sparse_ratio; missing_indicator_candidate; unstable_ratio_candidate,No final drop decision from numeric EDA alone; validate with target analysis and CV model performance.
cc_recent_6m_utilization_mean_mean,ratio_rate_numeric,ratio_rate,credit_card,high,5,keep_but_review_before_final_FE,ratio_stability_tail_review,missing=missing_flag_review; special=bounded_0_100_ratio,Review boundedness and denominator-driven tail instability; keep bounded ratios carefully and review unbounded/signed ratios.,77.90030275339744,5.005177199483114,49.67848261451758,0.0,50.32151738548243,0.7067772150039673,0.005885901793728571,33996,high_missing; unstable_sparse_ratio; missing_indicator_candidate; unstable_ratio_candidate,No final drop decision from numeric EDA alone; validate with target analysis and CV model performance.
cc_recent_6m_utilization_mean_min,ratio_rate_numeric,ratio_rate,credit_card,high,5,keep_but_review_before_final_FE,ratio_stability_tail_review,missing=missing_flag_review; special=bounded_0_100_ratio,Review boundedness and denominator-driven tail instability; keep bounded ratios carefully and review unbounded/signed ratios.,77.90030275339744,5.005177199483114,49.87566032460749,0.0,50.12433967539251,0.7092384099960327,0.005885901793728571,33862,high_missing; unstable_sparse_ratio; missing_indicator_candidate; unstable_ratio_candidate,No final drop decision from numeric EDA alone; validate with target analysis and CV model performance.
cc_recivable_to_limit_min_max,ratio_rate_numeric,ratio_rate,credit_card,high,5,keep_but_review_before_final_FE,signed_or_negative_ratio_review,missing=missing_flag_review; transform=yeo_johnson_review,Review boundedness and denominator-driven tail instability; keep bounded ratios carefully and review unbounded/signed ratios.,72.02181385381336,5.685444249349217,77.26068157515459,9.963271188804686,12.77604723604073,3.759547472000122,0.0,18066,high_missing; high_zero; negative_ratio_value; high_skew; missing_indicator_candidate; zero_pattern_review; negative_ratio_review; transform_review_candidate,No final drop decision from numeric EDA alone; validate with target analysis and CV model performance.
cc_recivable_to_limit_min_mean,ratio_rate_numeric,ratio_rate,credit_card,high,5,keep_but_review_before_final_FE,signed_or_negative_ratio_review,missing=missing_flag_review; transform=yeo_johnson_review,Review boundedness and denominator-driven tail instability; keep bounded ratios carefully and review unbounded/signed ratios.,72.02181385381336,5.685444249349217,77.08982286484726,10.134129899112,12.77604723604073,3.767462015151978,0.0,18196,high_missing; high_zero; negative_ratio_value; high_skew; missing_indicator_candidate; zero_pattern_review; negative_ratio_review; transform_review_candidate,No final drop decision from numeric EDA alone; validate with target analysis and CV model performance.
cc_recivable_to_limit_min_min,ratio_rate_numeric,ratio_rate,credit_card,high,5,keep_but_review_before_final_FE,signed_or_negative_ratio_review,missing=missing_flag_review; transform=yeo_johnson_review,Review boundedness and denominator-driven tail instability; keep bounded ratios carefully and review unbounded/signed ratios.,72.02181385381336,5.685444249349217,77.16304802640755,10.16318750290576,12.67376447068669,3.77632999420166,0.0,18135,high_missing; high_zero; negative_ratio_value; high_skew; missing_indicator_candidate; zero_pattern_review; negative_ratio_review; transform_review_candidate,No final drop decision from numeric EDA alone; validate with target analysis and CV model performance.
cc_recivable_to_limit_min_sum,ratio_rate_numeric,ratio_rate,credit_card,high,5,keep_but_review_before_final_FE,signed_or_negative_ratio_review,missing=missing_flag_review; transform=yeo_johnson_review,Review boundedness and denominator-driven tail instability; keep bounded ratios carefully and review unbounded/signed ratios.,71.73922233676193,5.90342716197118,77.31891145503711,10.03279443070019,12.6482941142627,3.783308982849121,0.0,18196,high_missing; high_zero; negative_ratio_value; high_skew; missing_indicator_candidate; zero_pattern_review; negative_ratio_review; transform_review_candidate,No final drop decision from numeric EDA alone; validate with target analysis and CV model performance.
cc_total_payment_to_min_inst_ratio_max_max,ratio_rate_numeric,ratio_rate,credit_card,high,5,keep_but_review_before_final_FE,ratio_stability_tail_review,missing=missing_flag_review; transform=log1p_review; special=ratio_stability_review,Review boundedness and denominator-driven tail instability; keep bounded ratios carefully and review unbounded/signed ratios.,80.72296600772006,2.504108302156297,0.3947435010712056,0.0,99.6052564989288,186.6673583984375,9.74375411191147,44303,extreme_missing; extreme_skew; high_missing; extreme_ratio_tail; unbounded_extreme_ratio; missing_indicator_candidate; transform_review_candidate,No final drop decision from numeric EDA alone; validate with target analysis and CV model performance.
cc_total_payment_to_min_inst_ratio_max_mean,ratio_rate_numeric,ratio_rate,credit_card,high,5,keep_but_review_before_final_FE,ratio_stability_tail_review,missing=missing_flag_review; transform=log1p_review; special=ratio_stability_review,Review boundedness and denominator-driven tail instability; keep bounded ratios carefully and review unbounded/signed ratios.,80.72296600772006,2.504108302156297,0.3947435010712056,0.0,99.6052564989288,186.6892242431641,9.730258607601343,44371,extreme_missing; extreme_skew; high_missing; extreme_ratio_tail; unbounded_extreme_ratio; missing_indicator_candidate; transform_review_candidate,No final drop decision from numeric EDA alone; validate with target analysis and CV model performance.
cc_total_payment_to_min_inst_ratio_max_min,ratio_rate_numeric,ratio_rate,credit_card,high,5,keep_but_review_before_final_FE,ratio_stability_tail_review,missing=missing_flag_review; transform=log1p_review; special=ratio_stability_review,Review boundedness and denominator-driven tail instability; keep bounded ratios carefully and review unbounded/signed ratios.,80.72296600772006,2.504108302156297,0.4014912532262691,0.0,99.59850874677373,186.6964874267578,9.701580660942323,44315,extreme_missing; extreme_skew; high_missing; extreme_ratio_tail; unbounded_extreme_ratio; missing_indicator_candidate; transform_review_candidate,No final drop decision from numeric EDA alone; validate with target analysis and CV model performance.
cc_total_payment_to_min_inst_ratio_mean_max,ratio_rate_numeric,ratio_rate,credit_card,high,5,keep_but_review_before_final_FE,ratio_stability_tail_review,missing=missing_flag_review; transform=log1p_review; special=ratio_stability_review,Review boundedness and denominator-driven tail instability; keep bounded ratios carefully and review unbounded/signed ratios.,80.72296600772006,2.504108302156297,0.3947435010712056,0.0,99.6052564989288,239.9984588623047,12.02955515443918,57490,extreme_missing; extreme_skew; high_unique_numeric; high_missing; extreme_ratio_tail; unbounded_extreme_ratio; missing_indicator_candidate; transform_review_candidate,No final drop decision from numeric EDA alone; validate with target analysis and CV model performance.
cc_total_payment_to_min_inst_ratio_mean_mean,ratio_rate_numeric,ratio_rate,credit_card,high,5,keep_but_review_before_final_FE,ratio_stability_tail_review,missing=missing_flag_review; transform=log1p_review; special=ratio_stability_review,Review boundedness and denominator-driven tail instability; keep bounded ratios carefully and review unbounded/signed ratios.,80.72296600772006,2.504108302156297,0.3947435010712056,0.0,99.6052564989288,240.0000610351562,12.05148534894313,57497,extreme_missing; extreme_skew; high_unique_numeric; high_missing; extreme_ratio_tail; unbounded_extreme_ratio; missing_indicator_candidate; transform_review_candidate,No final drop decision from numeric EDA alone; validate with target analysis and CV model performance.
cc_total_payment_to_min_inst_ratio_mean_min,ratio_rate_numeric,ratio_rate,credit_card,high,5,keep_but_review_before_final_FE,ratio_stability_tail_review,missing=missing_flag_review; transform=log1p_review; special=ratio_stability_review,Review boundedness and denominator-driven tail instability; keep bounded ratios carefully and review unbounded/signed ratios.,80.72296600772006,2.504108302156297,0.4014912532262691,0.0,99.59850874677373,240.0005798339844,12.04473759678807,57486,extreme_missing; extreme_skew; high_unique_numeric; high_missing; extreme_ratio_tail; unbounded_extreme_ratio; missing_indicator_candidate; transform_review_candidate,No final drop decision from numeric EDA alone; validate with target analysis and CV model performance.
cc_total_payment_to_min_inst_ratio_min_max,ratio_rate_numeric,ratio_rate,credit_card,high,5,keep_but_review_before_final_FE,ratio_stability_tail_review,missing=missing_flag_review; transform=log1p_review; special=ratio_stability_review,Review boundedness and denominator-driven tail instability; keep bounded ratios carefully and review unbounded/signed ratios.,80.72296600772006,2.504108302156297,56.23914033637545,0.0,43.76085966362456,237.7217102050781,2.967324010189106,20651,extreme_missing; high_zero; extreme_skew; high_missing; missing_indicator_candidate; zero_pattern_review; transform_review_candidate,No final drop decision from numeric EDA alone; validate with target analysis and CV model performance.
cc_total_payment_to_min_inst_ratio_min_mean,ratio_rate_numeric,ratio_rate,credit_card,high,5,keep_but_review_before_final_FE,ratio_stability_tail_review,missing=missing_flag_review; transform=log1p_review; special=ratio_stability_review,Review boundedness and denominator-driven tail instability; keep bounded ratios carefully and review unbounded/signed ratios.,80.72296600772006,2.504108302156297,56.23914033637545,0.0,43.76085966362456,237.7526550292969,2.962263196072808,20667,extreme_missing; high_zero; extreme_skew; high_missing; missing_indicator_candidate; zero_pattern_review; transform_review_candidate,No final drop decision from numeric EDA alone; validate with target analysis and CV model performance.
cc_total_payment_to_min_inst_ratio_min_min,ratio_rate_numeric,ratio_rate,credit_card,high,5,keep_but_review_before_final_FE,ratio_stability_tail_review,missing=missing_flag_review; transform=log1p_review; special=ratio_stability_review,Review boundedness and denominator-driven tail instability; keep bounded ratios carefully and review unbounded/signed ratios.,80.72296600772006,2.504108302156297,56.47193778572513,0.0,43.52806221427487,237.7628021240234,2.943706877646384,20535,extreme_missing; high_zero; extreme_skew; high_missing; missing_indicator_candidate; zero_pattern_review; transform_review_candidate,No final drop decision from numeric EDA alone; validate with target analysis and CV model performance.
cc_total_payment_to_min_inst_ratio_min_sum,ratio_rate_numeric,ratio_rate,credit_card,high,5,keep_but_review_before_final_FE,ratio_stability_tail_review,missing=missing_flag_review; transform=log1p_review; scaling=robust_scaling_review; special=ratio_stability_review,Review boundedness and denominator-driven tail instability; keep bounded ratios carefully and review unbounded/signed ratios.,71.73922233676193,5.90342716197118,70.1501639721535,0.0,29.8498360278465,287.8177795410156,23.52914101605201,20658,high_missing; high_zero; extreme_skew; high_outlier_burden; missing_indicator_candidate; zero_pattern_review; transform_review_candidate; tail_review_candidate,No final drop decision from numeric EDA alone; validate with target analysis and CV model performance.
cc_total_payment_to_min_inst_ratio_std_max,ratio_rate_numeric,ratio_rate,credit_card,high,5,keep_but_review_before_final_FE,ratio_stability_tail_review,missing=missing_flag_review; transform=log1p_review; special=ratio_stability_review,Review boundedness and denominator-driven tail instability; keep bounded ratios carefully and review unbounded/signed ratios.,81.12782957357622,2.246326209059561,0.1636971430540718,0.0,99.83630285694592,231.1590118408203,8.496743288417134,57330,extreme_missing; extreme_skew; high_unique_numeric; high_missing; extreme_ratio_tail; unbounded_extreme_ratio; missing_indicator_candidate; transform_review_candidate,No final drop decision from numeric EDA alone; validate with target analysis and CV model performance.
cc_total_payment_to_min_inst_ratio_std_mean,ratio_rate_numeric,ratio_rate,credit_card,high,5,keep_but_review_before_final_FE,ratio_stability_tail_review,missing=missing_flag_review; transform=log1p_review; special=ratio_stability_review,Review boundedness and denominator-driven tail instability; keep bounded ratios carefully and review unbounded/signed ratios.,81.12782957357622,2.246326209059561,0.1636971430540718,0.0,99.83630285694592,231.1652374267578,8.505358927525245,57334,extreme_missing; extreme_skew; high_unique_numeric; high_missing; extreme_ratio_tail; unbounded_extreme_ratio; missing_indicator_candidate; transform_review_candidate,No final drop decision from numeric EDA alone; validate with target analysis and CV model performance.
cc_total_payment_to_min_inst_ratio_std_min,ratio_rate_numeric,ratio_rate,credit_card,high,5,keep_but_review_before_final_FE,ratio_stability_tail_review,missing=missing_flag_review; transform=log1p_review; special=ratio_stability_review,Review boundedness and denominator-driven tail instability; keep bounded ratios carefully and review unbounded/signed ratios.,81.12782957357622,2.246326209059561,0.1654202708756936,0.0,99.8345797291243,231.1672821044922,8.484681393665783,57330,extreme_missing; extreme_skew; high_unique_numeric; high_missing; extreme_ratio_tail; unbounded_extreme_ratio; missing_indicator_candidate; transform_review_candidate,No final drop decision from numeric EDA alone; validate with target analysis and CV model performance.
cc_total_receivable_to_limit_min_max,ratio_rate_numeric,ratio_rate,credit_card,high,5,keep_but_review_before_final_FE,signed_or_negative_ratio_review,missing=missing_flag_review; transform=yeo_johnson_review,Review boundedness and denominator-driven tail instability; keep bounded ratios carefully and review unbounded/signed ratios.,72.02181385381336,5.685444249349217,77.26184387930634,9.962108884652936,12.77604723604073,3.759713411331177,0.0,18065,high_missing; high_zero; negative_ratio_value; high_skew; missing_indicator_candidate; zero_pattern_review; negative_ratio_review; transform_review_candidate,No final drop decision from numeric EDA alone; validate with target analysis and CV model performance.
cc_total_receivable_to_limit_min_mean,ratio_rate_numeric,ratio_rate,credit_card,high,5,keep_but_review_before_final_FE,signed_or_negative_ratio_review,missing=missing_flag_review; transform=yeo_johnson_review,Review boundedness and denominator-driven tail instability; keep bounded ratios carefully and review unbounded/signed ratios.,72.02181385381336,5.685444249349217,77.09098516899903,10.13296759496025,12.77604723604073,3.767609596252441,0.0,18195,high_missing; high_zero; negative_ratio_value; high_skew; missing_indicator_candidate; zero_pattern_review; negative_ratio_review; transform_review_candidate,No final drop decision from numeric EDA alone; validate with target analysis and CV model performance.
cc_total_receivable_to_limit_min_min,ratio_rate_numeric,ratio_rate,credit_card,high,5,keep_but_review_before_final_FE,signed_or_negative_ratio_review,missing=missing_flag_review; transform=yeo_johnson_review,Review boundedness and denominator-driven tail instability; keep bounded ratios carefully and review unbounded/signed ratios.,72.02181385381336,5.685444249349217,77.1642103305593,10.16202519875401,12.67376447068669,3.776482105255127,0.0,18134,high_missing; high_zero; negative_ratio_value; high_skew; missing_indicator_candidate; zero_pattern_review; negative_ratio_review; transform_review_candidate,No final drop decision from numeric EDA alone; validate with target analysis and CV model performance.
cc_total_receivable_to_limit_min_sum,ratio_rate_numeric,ratio_rate,credit_card,high,5,keep_but_review_before_final_FE,signed_or_negative_ratio_review,missing=missing_flag_review; transform=yeo_johnson_review,Review boundedness and denominator-driven tail instability; keep bounded ratios carefully and review unbounded/signed ratios.,71.73922233676193,5.90342716197118,77.32006213681606,10.03164374892124,12.6482941142627,3.783486127853394,0.0,18195,high_missing; high_zero; negative_ratio_value; high_skew; missing_indicator_candidate; zero_pattern_review; negative_ratio_review; transform_review_candidate,No final drop decision from numeric EDA alone; validate with target analysis and CV model performance.
cc_utilization_trend_6m_vs_old_max,ratio_rate_numeric,ratio_rate,credit_card,high,5,keep_but_review_before_final_FE,signed_or_negative_ratio_review,missing=missing_flag_review,Review boundedness and denominator-driven tail instability; keep bounded ratios carefully and review unbounded/signed ratios.,80.4576096464842,6.409521676682786,28.55312421998502,33.51526749313587,37.93160828687911,0.1602733880281448,13.07762709044014,42903,extreme_missing; negative_ratio_value; high_missing; missing_indicator_candidate; negative_ratio_review,No final drop decision from numeric EDA alone; validate with target analysis and CV model performance.
cc_utilization_trend_6m_vs_old_mean,ratio_rate_numeric,ratio_rate,credit_card,high,5,keep_but_review_before_final_FE,signed_or_negative_ratio_review,missing=missing_flag_review,Review boundedness and denominator-driven tail instability; keep bounded ratios carefully and review unbounded/signed ratios.,80.4576096464842,6.409521676682786,28.45328230302022,33.68167068807721,37.86504700890257,0.1606636345386505,12.98111323737416,42963,extreme_missing; negative_ratio_value; high_missing; missing_indicator_candidate; negative_ratio_review,No final drop decision from numeric EDA alone; validate with target analysis and CV model performance.
cc_utilization_trend_6m_vs_old_min,ratio_rate_numeric,ratio_rate,credit_card,high,5,keep_but_review_before_final_FE,signed_or_negative_ratio_review,missing=missing_flag_review,Review boundedness and denominator-driven tail instability; keep bounded ratios carefully and review unbounded/signed ratios.,80.4576096464842,6.409521676682786,28.47158665446376,33.75322406190199,37.77518928363425,0.1610359251499176,12.84133455362343,42952,extreme_missing; negative_ratio_value; high_missing; missing_indicator_candidate; negative_ratio_review,No final drop decision from numeric EDA alone; validate with target analysis and CV model performance.
prev_canceled_annuity_to_credit_ratio_sum,ratio_rate_numeric,ratio_rate,previous_application,high,5,keep_but_review_before_final_FE,zero_ratio_flag_review,missing=missing_flag_review; zero=zero_flag_review; zero_ratio_flag_review; transform=log1p_review; special=bounded_0_1_ratio,Review boundedness and denominator-driven tail instability; keep bounded ratios carefully and review unbounded/signed ratios.,63.99283277671368,9.060943723702032,92.89417119737008,0.0,7.105828802629915,6.390835285186768,0.0,2579,high_missing; zero_heavy; extreme_skew; missing_indicator_candidate; zero_flag_candidate; transform_review_candidate,No final drop decision from numeric EDA alone; validate with target analysis and CV model performance.
prev_latest_down_payment_ratio,ratio_rate_numeric,ratio_rate,previous_application,high,5,keep_but_review_before_final_FE,signed_or_negative_ratio_review,missing=missing_flag_review; transform=yeo_johnson_review,Review boundedness and denominator-driven tail instability; keep bounded ratios carefully and review unbounded/signed ratios.,57.47404157900042,0.5788339637041844,57.58495702443949,0.0007646896889242345,42.4142782858716,2.182904243469238,5.2694766463769,24370,high_missing; high_zero; negative_ratio_value; high_skew; missing_indicator_candidate; zero_pattern_review; negative_ratio_review; transform_review_candidate,No final drop decision from numeric EDA alone; validate with target analysis and CV model performance.
prev_unused_offer_annuity_to_credit_ratio_max,ratio_rate_numeric,ratio_rate,previous_application,high,5,keep_but_review_before_final_FE,bounded_ratio_keep_review,missing=missing_flag_review; transform=log1p_review; scaling=robust_scaling_review; special=bounded_0_1_ratio,Review boundedness and denominator-driven tail instability; keep bounded ratios carefully and review unbounded/signed ratios.,99.7661872258228,0.006216767920292909,0.0,0.0,100.0,3.182263135910034,27.39916550764951,311,extreme_missing; high_skew; high_outlier_burden; high_missing; missing_indicator_candidate; transform_review_candidate; tail_review_candidate,No final drop decision from numeric EDA alone; validate with target analysis and CV model performance.
prev_unused_offer_annuity_to_credit_ratio_mean,ratio_rate_numeric,ratio_rate,previous_application,high,5,keep_but_review_before_final_FE,bounded_ratio_keep_review,missing=missing_flag_review; transform=log1p_review; scaling=robust_scaling_review; special=bounded_0_1_ratio,Review boundedness and denominator-driven tail instability; keep bounded ratios carefully and review unbounded/signed ratios.,99.7661872258228,0.006216767920292909,0.0,0.0,100.0,3.182324647903442,27.12100139082058,318,extreme_missing; high_skew; high_outlier_burden; high_missing; missing_indicator_candidate; transform_review_candidate; tail_review_candidate,No final drop decision from numeric EDA alone; validate with target analysis and CV model performance.
prev_unused_offer_credit_to_application_ratio_max,ratio_rate_numeric,ratio_rate,previous_application,high,5,keep_but_review_before_final_FE,bounded_ratio_keep_review,missing=missing_flag_review; transform=log1p_review; special=bounded_0_100_ratio,Review boundedness and denominator-driven tail instability; keep bounded ratios carefully and review unbounded/signed ratios.,93.91468923062915,0.05288059777177523,0.0,0.0,100.0,51.69713973999023,0.0,9,extreme_missing; extreme_skew; high_missing; missing_indicator_candidate; transform_review_candidate,No final drop decision from numeric EDA alone; validate with target analysis and CV model performance.
prev_unused_offer_credit_to_application_ratio_mean,ratio_rate_numeric,ratio_rate,previous_application,high,5,keep_but_review_before_final_FE,bounded_ratio_keep_review,missing=missing_flag_review; transform=log1p_review; special=bounded_0_100_ratio,Review boundedness and denominator-driven tail instability; keep bounded ratios carefully and review unbounded/signed ratios.,93.91468923062915,0.05288059777177523,0.0,0.0,100.0,54.57390975952148,0.0,9,extreme_missing; extreme_skew; high_missing; missing_indicator_candidate; transform_review_candidate,No final drop decision from numeric EDA alone; validate with target analysis and CV model performance.
inst_latest_due_day_sum,date_duration_numeric,date_duration,other,high,5,keep_but_review_before_final_FE,duration_range_special_value_review,transform=yeo_johnson_review; binning=duration_bin_review; special=mostly_negative_review,"Review signed duration meaning, special placeholders, and days-to-period conversion or cyclical encoding.",5.160140612856125,3.518912974582697,0.0,100.0,0.0,2.010710477828979,4.428359329728469,13937,meaningful_signed_value_review; high_skew; large_abs_duration_gt_100_years; signed_value_review; transform_review_candidate; duration_range_review,No final drop decision from numeric EDA alone; validate with target analysis and CV model performance.
inst_latest_first_payment_day_sum,date_duration_numeric,date_duration,other,high,5,keep_but_review_before_final_FE,duration_range_special_value_review,transform=yeo_johnson_review; binning=duration_bin_review; special=mostly_negative_review,"Review signed duration meaning, special placeholders, and days-to-period conversion or cyclical encoding.",5.160140612856125,3.518912974582697,0.03943177103513542,99.96056822896486,0.0,2.013454675674438,4.433502604211313,13937,meaningful_signed_value_review; high_skew; large_abs_duration_gt_100_years; signed_value_review; transform_review_candidate; duration_range_review,No final drop decision from numeric EDA alone; validate with target analysis and CV model performance.
inst_latest_last_payment_day_sum,date_duration_numeric,date_duration,other,high,5,keep_but_review_before_final_FE,duration_range_special_value_review,transform=yeo_johnson_review; binning=duration_bin_review; special=mostly_negative_review,"Review signed duration meaning, special placeholders, and days-to-period conversion or cyclical encoding.",5.160140612856125,3.518912974582697,0.03943177103513542,99.96056822896486,0.0,2.023394107818604,4.480477844487953,13926,meaningful_signed_value_review; high_skew; large_abs_duration_gt_100_years; signed_value_review; transform_review_candidate; duration_range_review,No final drop decision from numeric EDA alone; validate with target analysis and CV model performance.
