feature,feature_category,model_feature_role,univariate_status,drop_now,next_stage,special_case_type,special_case_reason,special_next_action,special_validation_stage,numeric_section_review_flag,numeric_section_review_reason,universal_basic_review_flag,universal_basic_review_reason
AMT_ANNUITY,continuous_amount_numeric,candidate_predictor,standard_univariate_profile,no,relationship_analysis,,,,,False,,False,
AMT_CREDIT,continuous_amount_numeric,candidate_predictor,standard_univariate_profile,no,relationship_analysis,,,,,False,,False,
AMT_GOODS_PRICE,continuous_amount_numeric,candidate_predictor,standard_univariate_profile,no,relationship_analysis,,,,,False,,False,
AMT_INCOME_TOTAL,continuous_amount_numeric,candidate_predictor,numeric_review_candidate,no,relationship_analysis,,,,,True,extreme_skew;,False,
AMT_REQ_CREDIT_BUREAU_DAY,discrete_count_numeric,candidate_predictor,special_case_review,no,relationship_analysis,structured_missing_or_history_availability,possible_absence_of_history_or_unknown_record,structured_missing_handling_candidate_later,feature_engineering_and_modeling,True,zero_heavy;,False,
AMT_REQ_CREDIT_BUREAU_HOUR,discrete_count_numeric,candidate_predictor,special_case_review,no,relationship_analysis,cyclical_or_calendar_time | structured_missing_or_history_availability, | possible_absence_of_history_or_unknown_record,cyclical_or_calendar_encoding_candidate_later | structured_missing_handling_candidate_later,feature_engineering_and_modeling,True,zero_heavy;,False,
AMT_REQ_CREDIT_BUREAU_MON,discrete_count_numeric,candidate_predictor,special_case_review,no,relationship_analysis,structured_missing_or_history_availability,possible_absence_of_history_or_unknown_record,structured_missing_handling_candidate_later,feature_engineering_and_modeling,True,zero_heavy;,False,
AMT_REQ_CREDIT_BUREAU_QRT,discrete_count_numeric,candidate_predictor,special_case_review,no,relationship_analysis,structured_missing_or_history_availability,possible_absence_of_history_or_unknown_record,structured_missing_handling_candidate_later,feature_engineering_and_modeling,True,zero_heavy;,False,
AMT_REQ_CREDIT_BUREAU_WEEK,discrete_count_numeric,candidate_predictor,special_case_review,no,relationship_analysis,structured_missing_or_history_availability,possible_absence_of_history_or_unknown_record,structured_missing_handling_candidate_later,feature_engineering_and_modeling,True,zero_heavy;,False,
AMT_REQ_CREDIT_BUREAU_YEAR,discrete_count_numeric,candidate_predictor,special_case_review,no,relationship_analysis,structured_missing_or_history_availability,possible_absence_of_history_or_unknown_record,structured_missing_handling_candidate_later,feature_engineering_and_modeling,False,,False,
APARTMENTS_AVG,property_normalized_numeric,candidate_predictor,numeric_review_candidate,no,relationship_analysis,,,,,True,high_missing;,False,
APARTMENTS_MEDI,property_normalized_numeric,candidate_predictor,numeric_review_candidate,no,relationship_analysis,,,,,True,high_missing;,False,
APARTMENTS_MODE,property_normalized_numeric,candidate_predictor,numeric_review_candidate,no,relationship_analysis,,,,,True,high_missing;,False,
BASEMENTAREA_AVG,property_normalized_numeric,candidate_predictor,numeric_review_candidate,no,relationship_analysis,,,,,True,high_missing;,False,
BASEMENTAREA_MEDI,property_normalized_numeric,candidate_predictor,numeric_review_candidate,no,relationship_analysis,,,,,True,high_missing;,False,
BASEMENTAREA_MODE,property_normalized_numeric,candidate_predictor,numeric_review_candidate,no,relationship_analysis,,,,,True,high_missing;,False,
CNT_CHILDREN,discrete_count_numeric,candidate_predictor,standard_univariate_profile,no,relationship_analysis,,,,,False,,False,
CNT_FAM_MEMBERS,discrete_count_numeric,candidate_predictor,standard_univariate_profile,no,relationship_analysis,,,,,False,,False,
CODE_GENDER,categorical_nominal,candidate_predictor,special_case_review,no,relationship_analysis,sentinel_or_special_label | special_categorical_label,placeholder_or_special_value_candidate | unknown_or_special_category_candidate,handle_as_special_value_candidate_later | unknown_safe_or_special_label_encoding_candidate_later,feature_engineering,,,False,
COMMONAREA_AVG,property_normalized_numeric,candidate_predictor,numeric_review_candidate,no,relationship_analysis,,,,,True,high_missing; extreme_skew;,False,
COMMONAREA_MEDI,property_normalized_numeric,candidate_predictor,numeric_review_candidate,no,relationship_analysis,,,,,True,high_missing; extreme_skew;,False,
COMMONAREA_MODE,property_normalized_numeric,candidate_predictor,numeric_review_candidate,no,relationship_analysis,,,,,True,high_missing; extreme_skew;,False,
DAYS_BIRTH,date_duration_numeric,candidate_predictor,standard_univariate_profile,no,relationship_analysis,,,,,False,,False,
DAYS_EMPLOYED,date_duration_numeric,candidate_predictor,special_case_review,no,relationship_analysis,sentinel_or_special_label,placeholder_or_special_value_candidate,handle_as_special_value_candidate_later,feature_engineering,True,large_abs_duration_gt_100_years; marker_365243_review;,False,
DAYS_ID_PUBLISH,date_duration_numeric,candidate_predictor,standard_univariate_profile,no,relationship_analysis,,,,,False,,False,
DAYS_LAST_PHONE_CHANGE,date_duration_numeric,candidate_predictor,numeric_review_candidate,no,relationship_analysis,,,,,True,zero_special_value_review;,False,
DAYS_REGISTRATION,ratio_rate_numeric,candidate_predictor,numeric_review_candidate,no,relationship_analysis,,,,,True,negative_ratio_value;,False,
DEF_30_CNT_SOCIAL_CIRCLE,discrete_count_numeric,candidate_predictor,numeric_review_candidate,no,relationship_analysis,,,,,True,zero_heavy;,False,
DEF_60_CNT_SOCIAL_CIRCLE,discrete_count_numeric,candidate_predictor,numeric_review_candidate,no,relationship_analysis,,,,,True,zero_heavy;,False,
ELEVATORS_AVG,property_normalized_numeric,candidate_predictor,numeric_review_candidate,no,relationship_analysis,,,,,True,high_missing;,False,
ELEVATORS_MEDI,property_normalized_numeric,candidate_predictor,numeric_review_candidate,no,relationship_analysis,,,,,True,high_missing;,False,
ELEVATORS_MODE,property_normalized_numeric,candidate_predictor,numeric_review_candidate,no,relationship_analysis,,,,,True,high_missing;,False,
EMERGENCYSTATE_MODE,categorical_binary,candidate_predictor,standard_univariate_profile,no,relationship_analysis,,,,,,,False,
ENTRANCES_AVG,property_normalized_numeric,candidate_predictor,numeric_review_candidate,no,relationship_analysis,,,,,True,high_missing;,False,
ENTRANCES_MEDI,property_normalized_numeric,candidate_predictor,numeric_review_candidate,no,relationship_analysis,,,,,True,high_missing;,False,
ENTRANCES_MODE,property_normalized_numeric,candidate_predictor,numeric_review_candidate,no,relationship_analysis,,,,,True,high_missing;,False,
EXT_SOURCE_1,score_index_numeric,candidate_predictor,special_case_review,no,relationship_analysis,external_score,external_credit_score_style_feature,keep_as_strong_candidate_and_validate_missingness_signal,bivariate_and_modeling,True,high_missing;,False,
EXT_SOURCE_2,score_index_numeric,candidate_predictor,special_case_review,no,relationship_analysis,external_score,external_credit_score_style_feature,keep_as_strong_candidate_and_validate_missingness_signal,bivariate_and_modeling,False,,False,
EXT_SOURCE_3,score_index_numeric,candidate_predictor,special_case_review,no,relationship_analysis,external_score,external_credit_score_style_feature,keep_as_strong_candidate_and_validate_missingness_signal,bivariate_and_modeling,False,,False,
FLAG_CONT_MOBILE,binary_flag,candidate_predictor,special_case_review,no,relationship_analysis,rare_or_near_constant_binary_flag,near_constant_binary_flag,keep_as_binary_candidate_and_validate_predictive_value_later,bivariate_multivariate_and_modeling,,,False,
FLAG_DOCUMENT_10,binary_flag,candidate_predictor,special_case_review,no,relationship_analysis,rare_or_near_constant_binary_flag,test_constant_flag,keep_as_binary_candidate_and_validate_predictive_value_later,bivariate_multivariate_and_modeling,,,True,constant;
FLAG_DOCUMENT_11,binary_flag,candidate_predictor,special_case_review,no,relationship_analysis,rare_or_near_constant_binary_flag,near_constant_binary_flag,keep_as_binary_candidate_and_validate_predictive_value_later,bivariate_multivariate_and_modeling,,,False,
FLAG_DOCUMENT_12,binary_flag,candidate_predictor,special_case_review,no,relationship_analysis,rare_or_near_constant_binary_flag,test_constant_flag,keep_as_binary_candidate_and_validate_predictive_value_later,bivariate_multivariate_and_modeling,,,True,constant;
FLAG_DOCUMENT_13,binary_flag,candidate_predictor,special_case_review,no,relationship_analysis,rare_or_near_constant_binary_flag,test_constant_flag,keep_as_binary_candidate_and_validate_predictive_value_later,bivariate_multivariate_and_modeling,,,True,constant;
FLAG_DOCUMENT_14,binary_flag,candidate_predictor,special_case_review,no,relationship_analysis,rare_or_near_constant_binary_flag,test_constant_flag,keep_as_binary_candidate_and_validate_predictive_value_later,bivariate_multivariate_and_modeling,,,True,constant;
FLAG_DOCUMENT_15,binary_flag,candidate_predictor,special_case_review,no,relationship_analysis,rare_or_near_constant_binary_flag,test_constant_flag,keep_as_binary_candidate_and_validate_predictive_value_later,bivariate_multivariate_and_modeling,,,True,constant;
FLAG_DOCUMENT_16,binary_flag,candidate_predictor,special_case_review,no,relationship_analysis,rare_or_near_constant_binary_flag,test_constant_flag,keep_as_binary_candidate_and_validate_predictive_value_later,bivariate_multivariate_and_modeling,,,True,constant;
FLAG_DOCUMENT_17,binary_flag,candidate_predictor,special_case_review,no,relationship_analysis,rare_or_near_constant_binary_flag,test_constant_flag,keep_as_binary_candidate_and_validate_predictive_value_later,bivariate_multivariate_and_modeling,,,True,constant;
FLAG_DOCUMENT_18,binary_flag,candidate_predictor,special_case_review,no,relationship_analysis,rare_or_near_constant_binary_flag,near_constant_binary_flag,keep_as_binary_candidate_and_validate_predictive_value_later,bivariate_multivariate_and_modeling,,,False,
FLAG_DOCUMENT_19,binary_flag,candidate_predictor,special_case_review,no,relationship_analysis,rare_or_near_constant_binary_flag,test_constant_flag,keep_as_binary_candidate_and_validate_predictive_value_later,bivariate_multivariate_and_modeling,,,True,constant;
FLAG_DOCUMENT_2,binary_flag,candidate_predictor,special_case_review,no,relationship_analysis,rare_or_near_constant_binary_flag,test_constant_flag,keep_as_binary_candidate_and_validate_predictive_value_later,bivariate_multivariate_and_modeling,,,True,constant;
FLAG_DOCUMENT_20,binary_flag,candidate_predictor,special_case_review,no,relationship_analysis,rare_or_near_constant_binary_flag,test_constant_flag,keep_as_binary_candidate_and_validate_predictive_value_later,bivariate_multivariate_and_modeling,,,True,constant;
FLAG_DOCUMENT_21,binary_flag,candidate_predictor,special_case_review,no,relationship_analysis,rare_or_near_constant_binary_flag,test_constant_flag,keep_as_binary_candidate_and_validate_predictive_value_later,bivariate_multivariate_and_modeling,,,True,constant;
FLAG_DOCUMENT_3,binary_flag,candidate_predictor,special_case_review,no,relationship_analysis,rare_or_near_constant_binary_flag,rare_binary_flag,keep_as_binary_candidate_and_validate_predictive_value_later,bivariate_multivariate_and_modeling,,,False,
FLAG_DOCUMENT_4,binary_flag,candidate_predictor,special_case_review,no,relationship_analysis,rare_or_near_constant_binary_flag,almost_constant_binary_flag,keep_as_binary_candidate_and_validate_predictive_value_later,bivariate_multivariate_and_modeling,,,False,
FLAG_DOCUMENT_5,binary_flag,candidate_predictor,special_case_review,no,relationship_analysis,rare_or_near_constant_binary_flag,rare_binary_flag,keep_as_binary_candidate_and_validate_predictive_value_later,bivariate_multivariate_and_modeling,,,False,
FLAG_DOCUMENT_6,binary_flag,candidate_predictor,special_case_review,no,relationship_analysis,rare_or_near_constant_binary_flag,rare_binary_flag,keep_as_binary_candidate_and_validate_predictive_value_later,bivariate_multivariate_and_modeling,,,False,
FLAG_DOCUMENT_7,binary_flag,candidate_predictor,special_case_review,no,relationship_analysis,rare_or_near_constant_binary_flag,almost_constant_binary_flag,keep_as_binary_candidate_and_validate_predictive_value_later,bivariate_multivariate_and_modeling,,,False,
FLAG_DOCUMENT_8,binary_flag,candidate_predictor,special_case_review,no,relationship_analysis,rare_or_near_constant_binary_flag,rare_binary_flag,keep_as_binary_candidate_and_validate_predictive_value_later,bivariate_multivariate_and_modeling,,,False,
FLAG_DOCUMENT_9,binary_flag,candidate_predictor,special_case_review,no,relationship_analysis,rare_or_near_constant_binary_flag,near_constant_binary_flag,keep_as_binary_candidate_and_validate_predictive_value_later,bivariate_multivariate_and_modeling,,,False,
FLAG_EMAIL,binary_flag,candidate_predictor,standard_univariate_profile,no,relationship_analysis,,,,,,,False,
FLAG_EMP_PHONE,binary_flag,candidate_predictor,standard_univariate_profile,no,relationship_analysis,,,,,,,False,
FLAG_MOBIL,binary_flag,candidate_predictor,special_case_review,no,relationship_analysis,rare_or_near_constant_binary_flag,almost_constant_binary_flag,keep_as_binary_candidate_and_validate_predictive_value_later,bivariate_multivariate_and_modeling,,,False,
FLAG_OWN_CAR,categorical_binary,candidate_predictor,standard_univariate_profile,no,relationship_analysis,,,,,,,False,
FLAG_OWN_REALTY,categorical_binary,candidate_predictor,standard_univariate_profile,no,relationship_analysis,,,,,,,False,
FLAG_PHONE,binary_flag,candidate_predictor,standard_univariate_profile,no,relationship_analysis,,,,,,,False,
FLAG_WORK_PHONE,binary_flag,candidate_predictor,standard_univariate_profile,no,relationship_analysis,,,,,,,False,
FLOORSMAX_AVG,property_normalized_numeric,candidate_predictor,standard_univariate_profile,no,relationship_analysis,,,,,False,,False,
FLOORSMAX_MEDI,property_normalized_numeric,candidate_predictor,standard_univariate_profile,no,relationship_analysis,,,,,False,,False,
FLOORSMAX_MODE,property_normalized_numeric,candidate_predictor,standard_univariate_profile,no,relationship_analysis,,,,,False,,False,
FLOORSMIN_AVG,property_normalized_numeric,candidate_predictor,numeric_review_candidate,no,relationship_analysis,,,,,True,high_missing;,False,
FLOORSMIN_MEDI,property_normalized_numeric,candidate_predictor,numeric_review_candidate,no,relationship_analysis,,,,,True,high_missing;,False,
FLOORSMIN_MODE,property_normalized_numeric,candidate_predictor,numeric_review_candidate,no,relationship_analysis,,,,,True,high_missing;,False,
FONDKAPREMONT_MODE,categorical_nominal,candidate_predictor,standard_univariate_profile,no,relationship_analysis,,,,,,,False,
HOUR_APPR_PROCESS_START,cyclical_time,candidate_predictor,special_case_review,no,relationship_analysis,cyclical_or_calendar_time,,cyclical_or_calendar_encoding_candidate_later,feature_engineering_and_modeling,False,,False,
HOUSETYPE_MODE,categorical_nominal,candidate_predictor,standard_univariate_profile,no,relationship_analysis,,,,,,,False,
LANDAREA_AVG,property_normalized_numeric,candidate_predictor,numeric_review_candidate,no,relationship_analysis,,,,,True,high_missing;,False,
LANDAREA_MEDI,property_normalized_numeric,candidate_predictor,numeric_review_candidate,no,relationship_analysis,,,,,True,high_missing;,False,
LANDAREA_MODE,property_normalized_numeric,candidate_predictor,numeric_review_candidate,no,relationship_analysis,,,,,True,high_missing;,False,
LIVE_CITY_NOT_WORK_CITY,binary_flag,candidate_predictor,standard_univariate_profile,no,relationship_analysis,,,,,,,False,
LIVE_REGION_NOT_WORK_REGION,binary_flag,candidate_predictor,standard_univariate_profile,no,relationship_analysis,,,,,,,False,
LIVINGAPARTMENTS_AVG,property_normalized_numeric,candidate_predictor,numeric_review_candidate,no,relationship_analysis,,,,,True,high_missing;,False,
LIVINGAPARTMENTS_MEDI,property_normalized_numeric,candidate_predictor,numeric_review_candidate,no,relationship_analysis,,,,,True,high_missing;,False,
LIVINGAPARTMENTS_MODE,property_normalized_numeric,candidate_predictor,numeric_review_candidate,no,relationship_analysis,,,,,True,high_missing;,False,
LIVINGAREA_AVG,property_normalized_numeric,candidate_predictor,numeric_review_candidate,no,relationship_analysis,,,,,True,high_missing;,False,
LIVINGAREA_MEDI,property_normalized_numeric,candidate_predictor,numeric_review_candidate,no,relationship_analysis,,,,,True,high_missing;,False,
LIVINGAREA_MODE,property_normalized_numeric,candidate_predictor,numeric_review_candidate,no,relationship_analysis,,,,,True,high_missing;,False,
NAME_CONTRACT_TYPE,categorical_binary,candidate_predictor,standard_univariate_profile,no,relationship_analysis,,,,,,,False,
NAME_EDUCATION_TYPE,categorical_ordinal,candidate_predictor,standard_univariate_profile,no,relationship_analysis,,,,,,,False,
NAME_FAMILY_STATUS,categorical_nominal,candidate_predictor,special_case_review,no,relationship_analysis,sentinel_or_special_label | special_categorical_label,placeholder_or_special_value_candidate | unknown_or_special_category_candidate,handle_as_special_value_candidate_later | unknown_safe_or_special_label_encoding_candidate_later,feature_engineering,,,False,
NAME_HOUSING_TYPE,categorical_nominal,candidate_predictor,standard_univariate_profile,no,relationship_analysis,,,,,,,False,
NAME_INCOME_TYPE,categorical_nominal,candidate_predictor,standard_univariate_profile,no,relationship_analysis,,,,,,,False,
NAME_TYPE_SUITE,categorical_nominal,candidate_predictor,standard_univariate_profile,no,relationship_analysis,,,,,,,False,
NONLIVINGAPARTMENTS_AVG,property_normalized_numeric,candidate_predictor,numeric_review_candidate,no,relationship_analysis,,,,,True,high_missing; extreme_skew; high_outlier_burden;,False,
NONLIVINGAPARTMENTS_MEDI,property_normalized_numeric,candidate_predictor,numeric_review_candidate,no,relationship_analysis,,,,,True,high_missing; extreme_skew; high_outlier_burden;,False,
NONLIVINGAPARTMENTS_MODE,property_normalized_numeric,candidate_predictor,numeric_review_candidate,no,relationship_analysis,,,,,True,high_missing; extreme_skew; high_outlier_burden;,False,
NONLIVINGAREA_AVG,property_normalized_numeric,candidate_predictor,numeric_review_candidate,no,relationship_analysis,,,,,True,high_missing; extreme_skew;,False,
NONLIVINGAREA_MEDI,property_normalized_numeric,candidate_predictor,numeric_review_candidate,no,relationship_analysis,,,,,True,high_missing; extreme_skew;,False,
NONLIVINGAREA_MODE,property_normalized_numeric,candidate_predictor,numeric_review_candidate,no,relationship_analysis,,,,,True,high_missing; extreme_skew;,False,
OBS_30_CNT_SOCIAL_CIRCLE,discrete_count_numeric,candidate_predictor,numeric_review_candidate,no,relationship_analysis,,,,,True,extreme_count_tail;,False,
OBS_60_CNT_SOCIAL_CIRCLE,discrete_count_numeric,candidate_predictor,numeric_review_candidate,no,relationship_analysis,,,,,True,extreme_count_tail;,False,
OCCUPATION_TYPE,categorical_nominal,candidate_predictor,standard_univariate_profile,no,relationship_analysis,,,,,,,False,
ORGANIZATION_TYPE,categorical_nominal,candidate_predictor,special_case_review,no,relationship_analysis,sentinel_or_special_label | special_categorical_label,placeholder_or_special_value_candidate | unknown_or_special_category_candidate,handle_as_special_value_candidate_later | unknown_safe_or_special_label_encoding_candidate_later,feature_engineering,,,False,
OWN_CAR_AGE,date_duration_numeric,candidate_predictor,numeric_review_candidate,no,relationship_analysis,,,,,True,high_missing;,False,
REGION_POPULATION_RELATIVE,ratio_rate_numeric,candidate_predictor,standard_univariate_profile,no,relationship_analysis,,,,,False,,False,
REGION_RATING_CLIENT,categorical_ordinal,candidate_predictor,standard_univariate_profile,no,relationship_analysis,,,,,,,False,
REGION_RATING_CLIENT_W_CITY,categorical_ordinal,candidate_predictor,special_case_review,no,relationship_analysis,sentinel_or_special_label | special_categorical_label,placeholder_or_special_value_candidate | unknown_or_special_category_candidate,handle_as_special_value_candidate_later | unknown_safe_or_special_label_encoding_candidate_later,feature_engineering,,,False,
REG_CITY_NOT_LIVE_CITY,binary_flag,candidate_predictor,standard_univariate_profile,no,relationship_analysis,,,,,,,False,
REG_CITY_NOT_WORK_CITY,binary_flag,candidate_predictor,standard_univariate_profile,no,relationship_analysis,,,,,,,False,
REG_REGION_NOT_LIVE_REGION,binary_flag,candidate_predictor,standard_univariate_profile,no,relationship_analysis,,,,,,,False,
REG_REGION_NOT_WORK_REGION,binary_flag,candidate_predictor,standard_univariate_profile,no,relationship_analysis,,,,,,,False,
SK_ID_CURR,id,identifier,technical_role,exclude_from_model_input,not_applicable_as_predictor,technical_identifier,"unique row identifier, not a model predictor",exclude_from_model_input,feature_engineering,,,False,
TARGET,target,target,technical_role,exclude_from_model_input,not_applicable_as_predictor,target_column,"supervised learning label, not an input feature",use_only_for_target_analysis,bivariate_and_modeling,,,True,dtype_mismatch;
TOTALAREA_MODE,property_normalized_numeric,candidate_predictor,standard_univariate_profile,no,relationship_analysis,,,,,False,,False,
WALLSMATERIAL_MODE,categorical_nominal,candidate_predictor,standard_univariate_profile,no,relationship_analysis,,,,,,,False,
WEEKDAY_APPR_PROCESS_START,cyclical_time,candidate_predictor,special_case_review,no,relationship_analysis,cyclical_or_calendar_time,,cyclical_or_calendar_encoding_candidate_later,feature_engineering_and_modeling,,,False,
YEARS_BEGINEXPLUATATION_AVG,property_normalized_numeric,candidate_predictor,numeric_review_candidate,no,relationship_analysis,,,,,True,extreme_skew;,False,
YEARS_BEGINEXPLUATATION_MEDI,property_normalized_numeric,candidate_predictor,numeric_review_candidate,no,relationship_analysis,,,,,True,extreme_skew;,False,
YEARS_BEGINEXPLUATATION_MODE,property_normalized_numeric,candidate_predictor,numeric_review_candidate,no,relationship_analysis,,,,,True,extreme_skew;,False,
YEARS_BUILD_AVG,property_normalized_numeric,candidate_predictor,numeric_review_candidate,no,relationship_analysis,,,,,True,high_missing;,False,
YEARS_BUILD_MEDI,property_normalized_numeric,candidate_predictor,numeric_review_candidate,no,relationship_analysis,,,,,True,high_missing;,False,
YEARS_BUILD_MODE,property_normalized_numeric,candidate_predictor,numeric_review_candidate,no,relationship_analysis,,,,,True,high_missing;,False,
bureau_active_annuity_amount_max,continuous_amount_numeric,candidate_predictor,special_case_review,no,relationship_analysis,structured_missing_or_history_availability,possible_absence_of_history_or_unknown_record,structured_missing_handling_candidate_later,feature_engineering_and_modeling,True,high_missing; missing_gap_gt_20; extreme_skew;,True,missing_gap_gt_20; extreme_missing;
bureau_active_annuity_amount_mean,continuous_amount_numeric,candidate_predictor,special_case_review,no,relationship_analysis,structured_missing_or_history_availability,possible_absence_of_history_or_unknown_record,structured_missing_handling_candidate_later,feature_engineering_and_modeling,True,high_missing; missing_gap_gt_20; extreme_skew;,True,missing_gap_gt_20; extreme_missing;
bureau_active_annuity_amount_sum,continuous_amount_numeric,candidate_predictor,special_case_review,no,relationship_analysis,structured_missing_or_history_availability,possible_absence_of_history_or_unknown_record,structured_missing_handling_candidate_later,feature_engineering_and_modeling,True,extreme_skew;,False,
bureau_active_count,discrete_count_numeric,candidate_predictor,special_case_review,no,relationship_analysis,structured_missing_or_history_availability,possible_absence_of_history_or_unknown_record,structured_missing_handling_candidate_later,feature_engineering_and_modeling,False,,False,
bureau_active_credit_amount_max,continuous_amount_numeric,candidate_predictor,special_case_review,no,relationship_analysis,structured_missing_or_history_availability,possible_absence_of_history_or_unknown_record,structured_missing_handling_candidate_later,feature_engineering_and_modeling,True,extreme_skew;,False,
bureau_active_credit_amount_mean,continuous_amount_numeric,candidate_predictor,special_case_review,no,relationship_analysis,structured_missing_or_history_availability,possible_absence_of_history_or_unknown_record,structured_missing_handling_candidate_later,feature_engineering_and_modeling,True,extreme_skew;,False,
bureau_active_credit_amount_sum,continuous_amount_numeric,candidate_predictor,special_case_review,no,relationship_analysis,structured_missing_or_history_availability,possible_absence_of_history_or_unknown_record,structured_missing_handling_candidate_later,feature_engineering_and_modeling,True,extreme_skew;,False,
bureau_active_debt_amount_max,continuous_amount_numeric,candidate_predictor,special_case_review,no,relationship_analysis,structured_missing_or_history_availability,possible_absence_of_history_or_unknown_record,structured_missing_handling_candidate_later,feature_engineering_and_modeling,True,extreme_skew; negative_amount_value;,False,
bureau_active_debt_amount_mean,continuous_amount_numeric,candidate_predictor,special_case_review,no,relationship_analysis,structured_missing_or_history_availability,possible_absence_of_history_or_unknown_record,structured_missing_handling_candidate_later,feature_engineering_and_modeling,True,extreme_skew; negative_amount_value;,False,
bureau_active_debt_amount_sum,continuous_amount_numeric,candidate_predictor,special_case_review,no,relationship_analysis,structured_missing_or_history_availability,possible_absence_of_history_or_unknown_record,structured_missing_handling_candidate_later,feature_engineering_and_modeling,True,extreme_skew; negative_amount_value;,False,
bureau_active_debt_share,ratio_rate_numeric,candidate_predictor,special_case_review,no,relationship_analysis,structured_missing_or_history_availability,possible_absence_of_history_or_unknown_record,structured_missing_handling_candidate_later,feature_engineering_and_modeling,True,negative_ratio_value;,False,
bureau_active_debt_to_credit_ratio,ratio_rate_numeric,candidate_predictor,special_case_review,no,relationship_analysis,structured_missing_or_history_availability,possible_absence_of_history_or_unknown_record,structured_missing_handling_candidate_later,feature_engineering_and_modeling,True,negative_ratio_value; extreme_skew;,False,
bureau_active_limit_amount_max,continuous_amount_numeric,candidate_predictor,special_case_review,no,relationship_analysis,structured_missing_or_history_availability,possible_absence_of_history_or_unknown_record,structured_missing_handling_candidate_later,feature_engineering_and_modeling,True,extreme_skew; negative_amount_value;,False,
bureau_active_limit_amount_mean,continuous_amount_numeric,candidate_predictor,special_case_review,no,relationship_analysis,structured_missing_or_history_availability,possible_absence_of_history_or_unknown_record,structured_missing_handling_candidate_later,feature_engineering_and_modeling,True,extreme_skew; negative_amount_value;,False,
bureau_active_limit_amount_sum,continuous_amount_numeric,candidate_predictor,special_case_review,no,relationship_analysis,structured_missing_or_history_availability,possible_absence_of_history_or_unknown_record,structured_missing_handling_candidate_later,feature_engineering_and_modeling,True,extreme_skew; negative_amount_value;,False,
bureau_active_overdue_amount_max,continuous_amount_numeric,candidate_predictor,special_case_review,no,relationship_analysis,structured_missing_or_history_availability,possible_absence_of_history_or_unknown_record,structured_missing_handling_candidate_later,feature_engineering_and_modeling,True,extreme_skew; zero_heavy;,False,
bureau_active_overdue_amount_mean,continuous_amount_numeric,candidate_predictor,special_case_review,no,relationship_analysis,structured_missing_or_history_availability,possible_absence_of_history_or_unknown_record,structured_missing_handling_candidate_later,feature_engineering_and_modeling,True,extreme_skew; zero_heavy;,False,
bureau_active_overdue_amount_sum,continuous_amount_numeric,candidate_predictor,special_case_review,no,relationship_analysis,structured_missing_or_history_availability,possible_absence_of_history_or_unknown_record,structured_missing_handling_candidate_later,feature_engineering_and_modeling,True,extreme_skew; zero_heavy;,False,
bureau_active_overdue_days_max,overdue_delay_numeric,candidate_predictor,special_case_review,no,relationship_analysis,structured_missing_or_history_availability,possible_absence_of_history_or_unknown_record,structured_missing_handling_candidate_later,feature_engineering_and_modeling,True,has_late_delay_signal; severe_delay_signal; extreme_delay_signal; rare_severe_delay_signal;,False,
bureau_active_overdue_days_mean,overdue_delay_numeric,candidate_predictor,special_case_review,no,relationship_analysis,structured_missing_or_history_availability,possible_absence_of_history_or_unknown_record,structured_missing_handling_candidate_later,feature_engineering_and_modeling,True,has_late_delay_signal; severe_delay_signal; extreme_delay_signal; rare_severe_delay_signal;,False,
bureau_active_overdue_days_sum,overdue_delay_numeric,candidate_predictor,special_case_review,no,relationship_analysis,structured_missing_or_history_availability,possible_absence_of_history_or_unknown_record,structured_missing_handling_candidate_later,feature_engineering_and_modeling,True,has_late_delay_signal; severe_delay_signal; extreme_delay_signal; rare_severe_delay_signal;,False,
bureau_active_ratio,ratio_rate_numeric,candidate_predictor,special_case_review,no,relationship_analysis,structured_missing_or_history_availability,possible_absence_of_history_or_unknown_record,structured_missing_handling_candidate_later,feature_engineering_and_modeling,False,,False,
bureau_annuity_amount_max,continuous_amount_numeric,candidate_predictor,special_case_review,no,relationship_analysis,structured_missing_or_history_availability,possible_absence_of_history_or_unknown_record,structured_missing_handling_candidate_later,feature_engineering_and_modeling,True,high_missing; missing_gap_gt_20; extreme_skew;,True,missing_gap_gt_20;
bureau_annuity_amount_mean,continuous_amount_numeric,candidate_predictor,special_case_review,no,relationship_analysis,structured_missing_or_history_availability,possible_absence_of_history_or_unknown_record,structured_missing_handling_candidate_later,feature_engineering_and_modeling,True,high_missing; missing_gap_gt_20; extreme_skew;,True,missing_gap_gt_20;
bureau_annuity_amount_sum,continuous_amount_numeric,candidate_predictor,special_case_review,no,relationship_analysis,structured_missing_or_history_availability,possible_absence_of_history_or_unknown_record,structured_missing_handling_candidate_later,feature_engineering_and_modeling,True,extreme_skew;,False,
bureau_annuity_to_credit_max,ratio_rate_numeric,candidate_predictor,special_case_review,no,relationship_analysis,structured_missing_or_history_availability,possible_absence_of_history_or_unknown_record,structured_missing_handling_candidate_later,feature_engineering_and_modeling,True,high_missing; missing_gap_gt_20; extreme_skew;,True,missing_gap_gt_20;
bureau_annuity_to_credit_mean,ratio_rate_numeric,candidate_predictor,special_case_review,no,relationship_analysis,structured_missing_or_history_availability,possible_absence_of_history_or_unknown_record,structured_missing_handling_candidate_later,feature_engineering_and_modeling,True,high_missing; missing_gap_gt_20; extreme_skew;,True,missing_gap_gt_20;
bureau_bad_debt_count,binary_flag,candidate_predictor,special_case_review,no,relationship_analysis,rare_or_near_constant_binary_flag | structured_missing_or_history_availability,almost_constant_binary_flag | possible_absence_of_history_or_unknown_record,keep_as_binary_candidate_and_validate_predictive_value_later | structured_missing_handling_candidate_later,bivariate_multivariate_and_modeling | feature_engineering_and_modeling,,,False,
bureau_bad_debt_ratio,ratio_rate_numeric,candidate_predictor,special_case_review,no,relationship_analysis,structured_missing_or_history_availability,possible_absence_of_history_or_unknown_record,structured_missing_handling_candidate_later,feature_engineering_and_modeling,True,zero_heavy; extreme_skew;,False,
bureau_bal_late_count_max,discrete_count_numeric,candidate_predictor,special_case_review,no,relationship_analysis,structured_missing_or_history_availability,possible_absence_of_history_or_unknown_record,structured_missing_handling_candidate_later,feature_engineering_and_modeling,True,high_missing; missing_gap_gt_20;,True,missing_gap_gt_20;
bureau_bal_late_count_mean,discrete_count_numeric,candidate_predictor,special_case_review,no,relationship_analysis,structured_missing_or_history_availability,possible_absence_of_history_or_unknown_record,structured_missing_handling_candidate_later,feature_engineering_and_modeling,True,high_missing; missing_gap_gt_20; not_integer_like;,True,missing_gap_gt_20;
bureau_bal_late_count_sum,discrete_count_numeric,candidate_predictor,special_case_review,no,relationship_analysis,structured_missing_or_history_availability,possible_absence_of_history_or_unknown_record,structured_missing_handling_candidate_later,feature_engineering_and_modeling,True,zero_heavy; extreme_count_tail;,False,
bureau_bal_late_ratio_max,ratio_rate_numeric,candidate_predictor,special_case_review,no,relationship_analysis,structured_missing_or_history_availability,possible_absence_of_history_or_unknown_record,structured_missing_handling_candidate_later,feature_engineering_and_modeling,True,high_missing; missing_gap_gt_20;,True,missing_gap_gt_20;
bureau_bal_late_ratio_mean,ratio_rate_numeric,candidate_predictor,special_case_review,no,relationship_analysis,structured_missing_or_history_availability,possible_absence_of_history_or_unknown_record,structured_missing_handling_candidate_later,feature_engineering_and_modeling,True,high_missing; missing_gap_gt_20; extreme_skew; high_outlier_burden;,True,missing_gap_gt_20;
bureau_bal_late_ratio_min,ratio_rate_numeric,candidate_predictor,special_case_review,no,relationship_analysis,structured_missing_or_history_availability,possible_absence_of_history_or_unknown_record,structured_missing_handling_candidate_later,feature_engineering_and_modeling,True,high_missing; missing_gap_gt_20; zero_heavy; extreme_skew;,True,missing_gap_gt_20;
bureau_bal_late_trend_12m_vs_old_max,continuous_stat_numeric,candidate_predictor,special_case_review,no,relationship_analysis,structured_missing_or_history_availability,possible_absence_of_history_or_unknown_record,structured_missing_handling_candidate_later,feature_engineering_and_modeling,True,high_missing; missing_gap_gt_20; extreme_skew; zero_heavy;,True,missing_gap_gt_20;
bureau_bal_late_trend_12m_vs_old_mean,continuous_stat_numeric,candidate_predictor,special_case_review,no,relationship_analysis,structured_missing_or_history_availability,possible_absence_of_history_or_unknown_record,structured_missing_handling_candidate_later,feature_engineering_and_modeling,True,high_missing; missing_gap_gt_20;,True,missing_gap_gt_20;
bureau_bal_late_trend_12m_vs_old_min,continuous_stat_numeric,candidate_predictor,special_case_review,no,relationship_analysis,structured_missing_or_history_availability,possible_absence_of_history_or_unknown_record,structured_missing_handling_candidate_later,feature_engineering_and_modeling,True,high_missing; missing_gap_gt_20;,True,missing_gap_gt_20;
bureau_bal_max_late_status_max,overdue_delay_numeric,candidate_predictor,special_case_review,no,relationship_analysis,structured_missing_or_history_availability,possible_absence_of_history_or_unknown_record,structured_missing_handling_candidate_later,feature_engineering_and_modeling,True,high_missing; missing_gap_gt_20; has_late_delay_signal;,True,missing_gap_gt_20;
bureau_bal_max_late_status_mean,ratio_rate_numeric,candidate_predictor,special_case_review,no,relationship_analysis,structured_missing_or_history_availability,possible_absence_of_history_or_unknown_record,structured_missing_handling_candidate_later,feature_engineering_and_modeling,True,high_missing; missing_gap_gt_20; extreme_skew;,True,missing_gap_gt_20;
bureau_bal_max_late_status_min,overdue_delay_numeric,candidate_predictor,special_case_review,no,relationship_analysis,structured_missing_or_history_availability,possible_absence_of_history_or_unknown_record,structured_missing_handling_candidate_later,feature_engineering_and_modeling,True,high_missing; missing_gap_gt_20; has_late_delay_signal;,True,missing_gap_gt_20;
bureau_bal_month_count_max,discrete_count_numeric,candidate_predictor,special_case_review,no,relationship_analysis,cyclical_or_calendar_time | structured_missing_or_history_availability, | possible_absence_of_history_or_unknown_record,cyclical_or_calendar_encoding_candidate_later | structured_missing_handling_candidate_later,feature_engineering_and_modeling,True,high_missing; missing_gap_gt_20;,True,missing_gap_gt_20;
bureau_bal_month_count_mean,discrete_count_numeric,candidate_predictor,special_case_review,no,relationship_analysis,cyclical_or_calendar_time | structured_missing_or_history_availability, | possible_absence_of_history_or_unknown_record,cyclical_or_calendar_encoding_candidate_later | structured_missing_handling_candidate_later,feature_engineering_and_modeling,True,high_missing; missing_gap_gt_20; not_integer_like;,True,missing_gap_gt_20;
bureau_bal_month_count_sum,discrete_count_numeric,candidate_predictor,special_case_review,no,relationship_analysis,cyclical_or_calendar_time | structured_missing_or_history_availability, | possible_absence_of_history_or_unknown_record,cyclical_or_calendar_encoding_candidate_later | structured_missing_handling_candidate_later,feature_engineering_and_modeling,True,extreme_count_tail;,False,
bureau_bal_month_max_max,date_duration_numeric,candidate_predictor,special_case_review,no,relationship_analysis,cyclical_or_calendar_time | structured_missing_or_history_availability, | possible_absence_of_history_or_unknown_record,cyclical_or_calendar_encoding_candidate_later | structured_missing_handling_candidate_later,feature_engineering_and_modeling,True,high_missing; missing_gap_gt_20; zero_special_value_review;,True,missing_gap_gt_20;
bureau_bal_month_max_mean,date_duration_numeric,candidate_predictor,special_case_review,no,relationship_analysis,cyclical_or_calendar_time | structured_missing_or_history_availability, | possible_absence_of_history_or_unknown_record,cyclical_or_calendar_encoding_candidate_later | structured_missing_handling_candidate_later,feature_engineering_and_modeling,True,high_missing; missing_gap_gt_20; zero_special_value_review;,True,missing_gap_gt_20;
bureau_bal_month_max_min,date_duration_numeric,candidate_predictor,special_case_review,no,relationship_analysis,cyclical_or_calendar_time | structured_missing_or_history_availability, | possible_absence_of_history_or_unknown_record,cyclical_or_calendar_encoding_candidate_later | structured_missing_handling_candidate_later,feature_engineering_and_modeling,True,high_missing; missing_gap_gt_20; zero_special_value_review;,True,missing_gap_gt_20;
bureau_bal_month_mean_max,date_duration_numeric,candidate_predictor,special_case_review,no,relationship_analysis,cyclical_or_calendar_time | structured_missing_or_history_availability, | possible_absence_of_history_or_unknown_record,cyclical_or_calendar_encoding_candidate_later | structured_missing_handling_candidate_later,feature_engineering_and_modeling,True,high_missing; missing_gap_gt_20;,True,missing_gap_gt_20;
bureau_bal_month_mean_mean,date_duration_numeric,candidate_predictor,special_case_review,no,relationship_analysis,cyclical_or_calendar_time | structured_missing_or_history_availability, | possible_absence_of_history_or_unknown_record,cyclical_or_calendar_encoding_candidate_later | structured_missing_handling_candidate_later,feature_engineering_and_modeling,True,high_missing; missing_gap_gt_20;,True,missing_gap_gt_20;
bureau_bal_month_mean_min,date_duration_numeric,candidate_predictor,special_case_review,no,relationship_analysis,cyclical_or_calendar_time | structured_missing_or_history_availability, | possible_absence_of_history_or_unknown_record,cyclical_or_calendar_encoding_candidate_later | structured_missing_handling_candidate_later,feature_engineering_and_modeling,True,high_missing; missing_gap_gt_20;,True,missing_gap_gt_20;
bureau_bal_month_min_max,date_duration_numeric,candidate_predictor,special_case_review,no,relationship_analysis,cyclical_or_calendar_time | structured_missing_or_history_availability, | possible_absence_of_history_or_unknown_record,cyclical_or_calendar_encoding_candidate_later | structured_missing_handling_candidate_later,feature_engineering_and_modeling,True,high_missing; missing_gap_gt_20;,True,missing_gap_gt_20;
bureau_bal_month_min_mean,date_duration_numeric,candidate_predictor,special_case_review,no,relationship_analysis,cyclical_or_calendar_time | structured_missing_or_history_availability, | possible_absence_of_history_or_unknown_record,cyclical_or_calendar_encoding_candidate_later | structured_missing_handling_candidate_later,feature_engineering_and_modeling,True,high_missing; missing_gap_gt_20;,True,missing_gap_gt_20;
bureau_bal_month_min_min,date_duration_numeric,candidate_predictor,special_case_review,no,relationship_analysis,cyclical_or_calendar_time | structured_missing_or_history_availability, | possible_absence_of_history_or_unknown_record,cyclical_or_calendar_encoding_candidate_later | structured_missing_handling_candidate_later,feature_engineering_and_modeling,True,high_missing; missing_gap_gt_20;,True,missing_gap_gt_20;
bureau_bal_month_span_max,date_duration_numeric,candidate_predictor,special_case_review,no,relationship_analysis,cyclical_or_calendar_time | structured_missing_or_history_availability, | possible_absence_of_history_or_unknown_record,cyclical_or_calendar_encoding_candidate_later | structured_missing_handling_candidate_later,feature_engineering_and_modeling,True,high_missing; missing_gap_gt_20;,True,missing_gap_gt_20;
bureau_bal_month_span_mean,date_duration_numeric,candidate_predictor,special_case_review,no,relationship_analysis,cyclical_or_calendar_time | structured_missing_or_history_availability, | possible_absence_of_history_or_unknown_record,cyclical_or_calendar_encoding_candidate_later | structured_missing_handling_candidate_later,feature_engineering_and_modeling,True,high_missing; missing_gap_gt_20;,True,missing_gap_gt_20;
bureau_bal_month_span_min,date_duration_numeric,candidate_predictor,special_case_review,no,relationship_analysis,cyclical_or_calendar_time | structured_missing_or_history_availability, | possible_absence_of_history_or_unknown_record,cyclical_or_calendar_encoding_candidate_later | structured_missing_handling_candidate_later,feature_engineering_and_modeling,True,high_missing; missing_gap_gt_20;,True,missing_gap_gt_20;
bureau_bal_old_count_max,discrete_count_numeric,candidate_predictor,special_case_review,no,relationship_analysis,structured_missing_or_history_availability,possible_absence_of_history_or_unknown_record,structured_missing_handling_candidate_later,feature_engineering_and_modeling,True,high_missing; missing_gap_gt_20;,True,missing_gap_gt_20;
bureau_bal_old_count_mean,discrete_count_numeric,candidate_predictor,special_case_review,no,relationship_analysis,structured_missing_or_history_availability,possible_absence_of_history_or_unknown_record,structured_missing_handling_candidate_later,feature_engineering_and_modeling,True,high_missing; missing_gap_gt_20; not_integer_like;,True,missing_gap_gt_20;
bureau_bal_old_count_sum,discrete_count_numeric,candidate_predictor,special_case_review,no,relationship_analysis,structured_missing_or_history_availability,possible_absence_of_history_or_unknown_record,structured_missing_handling_candidate_later,feature_engineering_and_modeling,True,extreme_count_tail;,False,
bureau_bal_old_late_count_max,discrete_count_numeric,candidate_predictor,special_case_review,no,relationship_analysis,structured_missing_or_history_availability,possible_absence_of_history_or_unknown_record,structured_missing_handling_candidate_later,feature_engineering_and_modeling,True,high_missing; missing_gap_gt_20;,True,missing_gap_gt_20;
bureau_bal_old_late_count_mean,discrete_count_numeric,candidate_predictor,special_case_review,no,relationship_analysis,structured_missing_or_history_availability,possible_absence_of_history_or_unknown_record,structured_missing_handling_candidate_later,feature_engineering_and_modeling,True,high_missing; missing_gap_gt_20; not_integer_like;,True,missing_gap_gt_20;
bureau_bal_old_late_count_sum,discrete_count_numeric,candidate_predictor,special_case_review,no,relationship_analysis,structured_missing_or_history_availability,possible_absence_of_history_or_unknown_record,structured_missing_handling_candidate_later,feature_engineering_and_modeling,True,zero_heavy;,False,
bureau_bal_old_late_ratio_max,ratio_rate_numeric,candidate_predictor,special_case_review,no,relationship_analysis,structured_missing_or_history_availability,possible_absence_of_history_or_unknown_record,structured_missing_handling_candidate_later,feature_engineering_and_modeling,True,high_missing; missing_gap_gt_20; high_outlier_burden;,True,missing_gap_gt_20;
bureau_bal_old_late_ratio_mean,ratio_rate_numeric,candidate_predictor,special_case_review,no,relationship_analysis,structured_missing_or_history_availability,possible_absence_of_history_or_unknown_record,structured_missing_handling_candidate_later,feature_engineering_and_modeling,True,high_missing; missing_gap_gt_20; extreme_skew; high_outlier_burden;,True,missing_gap_gt_20;
bureau_bal_old_late_ratio_min,ratio_rate_numeric,candidate_predictor,special_case_review,no,relationship_analysis,structured_missing_or_history_availability,possible_absence_of_history_or_unknown_record,structured_missing_handling_candidate_later,feature_engineering_and_modeling,True,high_missing; missing_gap_gt_20; zero_heavy; extreme_skew;,True,missing_gap_gt_20;
bureau_bal_recent_12m_count_max,discrete_count_numeric,candidate_predictor,special_case_review,no,relationship_analysis,structured_missing_or_history_availability,possible_absence_of_history_or_unknown_record,structured_missing_handling_candidate_later,feature_engineering_and_modeling,True,high_missing; missing_gap_gt_20;,True,missing_gap_gt_20;
bureau_bal_recent_12m_count_mean,discrete_count_numeric,candidate_predictor,special_case_review,no,relationship_analysis,structured_missing_or_history_availability,possible_absence_of_history_or_unknown_record,structured_missing_handling_candidate_later,feature_engineering_and_modeling,True,high_missing; missing_gap_gt_20; not_integer_like;,True,missing_gap_gt_20;
bureau_bal_recent_12m_count_sum,discrete_count_numeric,candidate_predictor,special_case_review,no,relationship_analysis,structured_missing_or_history_availability,possible_absence_of_history_or_unknown_record,structured_missing_handling_candidate_later,feature_engineering_and_modeling,True,extreme_count_tail;,False,
bureau_bal_recent_12m_late_count_max,discrete_count_numeric,candidate_predictor,special_case_review,no,relationship_analysis,structured_missing_or_history_availability,possible_absence_of_history_or_unknown_record,structured_missing_handling_candidate_later,feature_engineering_and_modeling,True,high_missing; missing_gap_gt_20; zero_heavy;,True,missing_gap_gt_20;
bureau_bal_recent_12m_late_count_mean,discrete_count_numeric,candidate_predictor,special_case_review,no,relationship_analysis,structured_missing_or_history_availability,possible_absence_of_history_or_unknown_record,structured_missing_handling_candidate_later,feature_engineering_and_modeling,True,high_missing; missing_gap_gt_20; not_integer_like; zero_heavy;,True,missing_gap_gt_20;
bureau_bal_recent_12m_late_count_sum,discrete_count_numeric,candidate_predictor,special_case_review,no,relationship_analysis,structured_missing_or_history_availability,possible_absence_of_history_or_unknown_record,structured_missing_handling_candidate_later,feature_engineering_and_modeling,True,zero_heavy;,False,
bureau_bal_recent_12m_late_ratio_max,ratio_rate_numeric,candidate_predictor,special_case_review,no,relationship_analysis,structured_missing_or_history_availability,possible_absence_of_history_or_unknown_record,structured_missing_handling_candidate_later,feature_engineering_and_modeling,True,high_missing; missing_gap_gt_20; zero_heavy;,True,missing_gap_gt_20;
bureau_bal_recent_12m_late_ratio_mean,ratio_rate_numeric,candidate_predictor,special_case_review,no,relationship_analysis,structured_missing_or_history_availability,possible_absence_of_history_or_unknown_record,structured_missing_handling_candidate_later,feature_engineering_and_modeling,True,high_missing; missing_gap_gt_20; zero_heavy; extreme_skew;,True,missing_gap_gt_20;
bureau_bal_recent_12m_late_ratio_min,ratio_rate_numeric,candidate_predictor,special_case_review,no,relationship_analysis,structured_missing_or_history_availability,possible_absence_of_history_or_unknown_record,structured_missing_handling_candidate_later,feature_engineering_and_modeling,True,high_missing; missing_gap_gt_20; zero_heavy; extreme_skew;,True,missing_gap_gt_20;
bureau_bal_recent_12m_severe_late_count_max,discrete_count_numeric,candidate_predictor,special_case_review,no,relationship_analysis,structured_missing_or_history_availability,possible_absence_of_history_or_unknown_record,structured_missing_handling_candidate_later,feature_engineering_and_modeling,True,high_missing; missing_gap_gt_20; zero_heavy;,True,missing_gap_gt_20;
bureau_bal_recent_12m_severe_late_count_mean,discrete_count_numeric,candidate_predictor,special_case_review,no,relationship_analysis,structured_missing_or_history_availability,possible_absence_of_history_or_unknown_record,structured_missing_handling_candidate_later,feature_engineering_and_modeling,True,high_missing; missing_gap_gt_20; not_integer_like; zero_heavy;,True,missing_gap_gt_20;
bureau_bal_recent_12m_severe_late_count_sum,discrete_count_numeric,candidate_predictor,special_case_review,no,relationship_analysis,structured_missing_or_history_availability,possible_absence_of_history_or_unknown_record,structured_missing_handling_candidate_later,feature_engineering_and_modeling,True,zero_heavy;,False,
bureau_bal_recent_12m_severe_late_ratio_max,ratio_rate_numeric,candidate_predictor,special_case_review,no,relationship_analysis,structured_missing_or_history_availability,possible_absence_of_history_or_unknown_record,structured_missing_handling_candidate_later,feature_engineering_and_modeling,True,high_missing; missing_gap_gt_20; zero_heavy; extreme_skew;,True,missing_gap_gt_20;
bureau_bal_recent_12m_severe_late_ratio_mean,ratio_rate_numeric,candidate_predictor,special_case_review,no,relationship_analysis,structured_missing_or_history_availability,possible_absence_of_history_or_unknown_record,structured_missing_handling_candidate_later,feature_engineering_and_modeling,True,high_missing; missing_gap_gt_20; zero_heavy; extreme_skew;,True,missing_gap_gt_20;
bureau_bal_recent_12m_severe_late_ratio_min,ratio_rate_numeric,candidate_predictor,special_case_review,no,relationship_analysis,structured_missing_or_history_availability,possible_absence_of_history_or_unknown_record,structured_missing_handling_candidate_later,feature_engineering_and_modeling,True,high_missing; missing_gap_gt_20; zero_heavy; extreme_skew;,True,missing_gap_gt_20;
bureau_bal_recent_6m_count_max,discrete_count_numeric,candidate_predictor,special_case_review,no,relationship_analysis,structured_missing_or_history_availability,possible_absence_of_history_or_unknown_record,structured_missing_handling_candidate_later,feature_engineering_and_modeling,True,high_missing; missing_gap_gt_20;,True,missing_gap_gt_20;
bureau_bal_recent_6m_count_mean,discrete_count_numeric,candidate_predictor,special_case_review,no,relationship_analysis,structured_missing_or_history_availability,possible_absence_of_history_or_unknown_record,structured_missing_handling_candidate_later,feature_engineering_and_modeling,True,high_missing; missing_gap_gt_20; not_integer_like;,True,missing_gap_gt_20;
bureau_bal_recent_6m_count_sum,discrete_count_numeric,candidate_predictor,special_case_review,no,relationship_analysis,structured_missing_or_history_availability,possible_absence_of_history_or_unknown_record,structured_missing_handling_candidate_later,feature_engineering_and_modeling,True,extreme_count_tail;,False,
bureau_bal_recent_6m_late_count_max,discrete_count_numeric,candidate_predictor,special_case_review,no,relationship_analysis,structured_missing_or_history_availability,possible_absence_of_history_or_unknown_record,structured_missing_handling_candidate_later,feature_engineering_and_modeling,True,high_missing; missing_gap_gt_20; zero_heavy;,True,missing_gap_gt_20;
bureau_bal_recent_6m_late_count_mean,discrete_count_numeric,candidate_predictor,special_case_review,no,relationship_analysis,structured_missing_or_history_availability,possible_absence_of_history_or_unknown_record,structured_missing_handling_candidate_later,feature_engineering_and_modeling,True,high_missing; missing_gap_gt_20; not_integer_like; zero_heavy;,True,missing_gap_gt_20;
bureau_bal_recent_6m_late_count_sum,discrete_count_numeric,candidate_predictor,special_case_review,no,relationship_analysis,structured_missing_or_history_availability,possible_absence_of_history_or_unknown_record,structured_missing_handling_candidate_later,feature_engineering_and_modeling,True,zero_heavy;,False,
bureau_bal_recent_6m_late_ratio_max,ratio_rate_numeric,candidate_predictor,special_case_review,no,relationship_analysis,structured_missing_or_history_availability,possible_absence_of_history_or_unknown_record,structured_missing_handling_candidate_later,feature_engineering_and_modeling,True,high_missing; missing_gap_gt_20; zero_heavy;,True,missing_gap_gt_20;
bureau_bal_recent_6m_late_ratio_mean,ratio_rate_numeric,candidate_predictor,special_case_review,no,relationship_analysis,structured_missing_or_history_availability,possible_absence_of_history_or_unknown_record,structured_missing_handling_candidate_later,feature_engineering_and_modeling,True,high_missing; missing_gap_gt_20; zero_heavy; extreme_skew;,True,missing_gap_gt_20;
bureau_bal_recent_6m_late_ratio_min,ratio_rate_numeric,candidate_predictor,special_case_review,no,relationship_analysis,structured_missing_or_history_availability,possible_absence_of_history_or_unknown_record,structured_missing_handling_candidate_later,feature_engineering_and_modeling,True,high_missing; missing_gap_gt_20; zero_heavy; extreme_skew;,True,missing_gap_gt_20;
bureau_bal_recent_6m_severe_late_count_max,discrete_count_numeric,candidate_predictor,special_case_review,no,relationship_analysis,structured_missing_or_history_availability,possible_absence_of_history_or_unknown_record,structured_missing_handling_candidate_later,feature_engineering_and_modeling,True,high_missing; missing_gap_gt_20; zero_heavy;,True,missing_gap_gt_20;
bureau_bal_recent_6m_severe_late_count_mean,discrete_count_numeric,candidate_predictor,special_case_review,no,relationship_analysis,structured_missing_or_history_availability,possible_absence_of_history_or_unknown_record,structured_missing_handling_candidate_later,feature_engineering_and_modeling,True,high_missing; missing_gap_gt_20; not_integer_like; zero_heavy;,True,missing_gap_gt_20;
bureau_bal_recent_6m_severe_late_count_sum,discrete_count_numeric,candidate_predictor,special_case_review,no,relationship_analysis,structured_missing_or_history_availability,possible_absence_of_history_or_unknown_record,structured_missing_handling_candidate_later,feature_engineering_and_modeling,True,zero_heavy;,False,
bureau_bal_severe_late_count_max,discrete_count_numeric,candidate_predictor,special_case_review,no,relationship_analysis,structured_missing_or_history_availability,possible_absence_of_history_or_unknown_record,structured_missing_handling_candidate_later,feature_engineering_and_modeling,True,high_missing; missing_gap_gt_20; zero_heavy;,True,missing_gap_gt_20;
bureau_bal_severe_late_count_mean,discrete_count_numeric,candidate_predictor,special_case_review,no,relationship_analysis,structured_missing_or_history_availability,possible_absence_of_history_or_unknown_record,structured_missing_handling_candidate_later,feature_engineering_and_modeling,True,high_missing; missing_gap_gt_20; not_integer_like; zero_heavy;,True,missing_gap_gt_20;
bureau_bal_severe_late_count_sum,discrete_count_numeric,candidate_predictor,special_case_review,no,relationship_analysis,structured_missing_or_history_availability,possible_absence_of_history_or_unknown_record,structured_missing_handling_candidate_later,feature_engineering_and_modeling,True,zero_heavy; extreme_count_tail;,False,
bureau_bal_severe_late_ratio_max,ratio_rate_numeric,candidate_predictor,special_case_review,no,relationship_analysis,structured_missing_or_history_availability,possible_absence_of_history_or_unknown_record,structured_missing_handling_candidate_later,feature_engineering_and_modeling,True,high_missing; missing_gap_gt_20; zero_heavy; extreme_skew;,True,missing_gap_gt_20;
bureau_bal_severe_late_ratio_mean,ratio_rate_numeric,candidate_predictor,special_case_review,no,relationship_analysis,structured_missing_or_history_availability,possible_absence_of_history_or_unknown_record,structured_missing_handling_candidate_later,feature_engineering_and_modeling,True,high_missing; missing_gap_gt_20; zero_heavy; extreme_skew;,True,missing_gap_gt_20;
bureau_bal_severe_late_ratio_min,ratio_rate_numeric,candidate_predictor,special_case_review,no,relationship_analysis,structured_missing_or_history_availability,possible_absence_of_history_or_unknown_record,structured_missing_handling_candidate_later,feature_engineering_and_modeling,True,high_missing; missing_gap_gt_20; zero_heavy; extreme_skew;,True,missing_gap_gt_20;
bureau_bal_status_0_count_max,discrete_count_numeric,candidate_predictor,special_case_review,no,relationship_analysis,structured_missing_or_history_availability,possible_absence_of_history_or_unknown_record,structured_missing_handling_candidate_later,feature_engineering_and_modeling,True,high_missing; missing_gap_gt_20;,True,missing_gap_gt_20;
bureau_bal_status_0_count_mean,ratio_rate_numeric,candidate_predictor,special_case_review,no,relationship_analysis,structured_missing_or_history_availability,possible_absence_of_history_or_unknown_record,structured_missing_handling_candidate_later,feature_engineering_and_modeling,True,high_missing; missing_gap_gt_20;,True,missing_gap_gt_20;
bureau_bal_status_0_count_sum,discrete_count_numeric,candidate_predictor,special_case_review,no,relationship_analysis,structured_missing_or_history_availability,possible_absence_of_history_or_unknown_record,structured_missing_handling_candidate_later,feature_engineering_and_modeling,True,extreme_count_tail;,False,
bureau_bal_status_0_ratio_max,ratio_rate_numeric,candidate_predictor,special_case_review,no,relationship_analysis,structured_missing_or_history_availability,possible_absence_of_history_or_unknown_record,structured_missing_handling_candidate_later,feature_engineering_and_modeling,True,high_missing; missing_gap_gt_20;,True,missing_gap_gt_20;
bureau_bal_status_0_ratio_mean,ratio_rate_numeric,candidate_predictor,special_case_review,no,relationship_analysis,structured_missing_or_history_availability,possible_absence_of_history_or_unknown_record,structured_missing_handling_candidate_later,feature_engineering_and_modeling,True,high_missing; missing_gap_gt_20;,True,missing_gap_gt_20;
bureau_bal_status_0_ratio_min,ratio_rate_numeric,candidate_predictor,special_case_review,no,relationship_analysis,structured_missing_or_history_availability,possible_absence_of_history_or_unknown_record,structured_missing_handling_candidate_later,feature_engineering_and_modeling,True,high_missing; missing_gap_gt_20;,True,missing_gap_gt_20;
bureau_bal_status_1_count_max,discrete_count_numeric,candidate_predictor,special_case_review,no,relationship_analysis,structured_missing_or_history_availability,possible_absence_of_history_or_unknown_record,structured_missing_handling_candidate_later,feature_engineering_and_modeling,True,high_missing; missing_gap_gt_20;,True,missing_gap_gt_20;
bureau_bal_status_1_count_mean,ratio_rate_numeric,candidate_predictor,special_case_review,no,relationship_analysis,structured_missing_or_history_availability,possible_absence_of_history_or_unknown_record,structured_missing_handling_candidate_later,feature_engineering_and_modeling,True,high_missing; missing_gap_gt_20; extreme_skew;,True,missing_gap_gt_20;
bureau_bal_status_1_count_sum,discrete_count_numeric,candidate_predictor,special_case_review,no,relationship_analysis,structured_missing_or_history_availability,possible_absence_of_history_or_unknown_record,structured_missing_handling_candidate_later,feature_engineering_and_modeling,True,zero_heavy;,False,
bureau_bal_status_1_ratio_max,ratio_rate_numeric,candidate_predictor,special_case_review,no,relationship_analysis,structured_missing_or_history_availability,possible_absence_of_history_or_unknown_record,structured_missing_handling_candidate_later,feature_engineering_and_modeling,True,high_missing; missing_gap_gt_20;,True,missing_gap_gt_20;
bureau_bal_status_1_ratio_mean,ratio_rate_numeric,candidate_predictor,special_case_review,no,relationship_analysis,structured_missing_or_history_availability,possible_absence_of_history_or_unknown_record,structured_missing_handling_candidate_later,feature_engineering_and_modeling,True,high_missing; missing_gap_gt_20; extreme_skew; high_outlier_burden;,True,missing_gap_gt_20;
bureau_bal_status_1_ratio_min,ratio_rate_numeric,candidate_predictor,special_case_review,no,relationship_analysis,structured_missing_or_history_availability,possible_absence_of_history_or_unknown_record,structured_missing_handling_candidate_later,feature_engineering_and_modeling,True,high_missing; missing_gap_gt_20; zero_heavy; extreme_skew;,True,missing_gap_gt_20;
bureau_bal_status_2_count_max,discrete_count_numeric,candidate_predictor,special_case_review,no,relationship_analysis,structured_missing_or_history_availability,possible_absence_of_history_or_unknown_record,structured_missing_handling_candidate_later,feature_engineering_and_modeling,True,high_missing; missing_gap_gt_20; zero_heavy;,True,missing_gap_gt_20;
bureau_bal_status_2_count_mean,ratio_rate_numeric,candidate_predictor,special_case_review,no,relationship_analysis,structured_missing_or_history_availability,possible_absence_of_history_or_unknown_record,structured_missing_handling_candidate_later,feature_engineering_and_modeling,True,high_missing; missing_gap_gt_20; zero_heavy; extreme_skew;,True,missing_gap_gt_20;
bureau_bal_status_2_count_sum,discrete_count_numeric,candidate_predictor,special_case_review,no,relationship_analysis,structured_missing_or_history_availability,possible_absence_of_history_or_unknown_record,structured_missing_handling_candidate_later,feature_engineering_and_modeling,True,zero_heavy;,False,
bureau_bal_status_2_ratio_max,ratio_rate_numeric,candidate_predictor,special_case_review,no,relationship_analysis,structured_missing_or_history_availability,possible_absence_of_history_or_unknown_record,structured_missing_handling_candidate_later,feature_engineering_and_modeling,True,high_missing; missing_gap_gt_20; zero_heavy; extreme_skew;,True,missing_gap_gt_20;
bureau_bal_status_2_ratio_mean,ratio_rate_numeric,candidate_predictor,special_case_review,no,relationship_analysis,structured_missing_or_history_availability,possible_absence_of_history_or_unknown_record,structured_missing_handling_candidate_later,feature_engineering_and_modeling,True,high_missing; missing_gap_gt_20; zero_heavy; extreme_skew;,True,missing_gap_gt_20;
bureau_bal_status_2_ratio_min,ratio_rate_numeric,candidate_predictor,special_case_review,no,relationship_analysis,structured_missing_or_history_availability,possible_absence_of_history_or_unknown_record,structured_missing_handling_candidate_later,feature_engineering_and_modeling,True,high_missing; missing_gap_gt_20; zero_heavy; extreme_skew;,True,missing_gap_gt_20;
bureau_bal_status_3_count_max,discrete_count_numeric,candidate_predictor,special_case_review,no,relationship_analysis,structured_missing_or_history_availability,possible_absence_of_history_or_unknown_record,structured_missing_handling_candidate_later,feature_engineering_and_modeling,True,high_missing; missing_gap_gt_20; zero_heavy;,True,missing_gap_gt_20;
bureau_bal_status_3_count_mean,ratio_rate_numeric,candidate_predictor,special_case_review,no,relationship_analysis,structured_missing_or_history_availability,possible_absence_of_history_or_unknown_record,structured_missing_handling_candidate_later,feature_engineering_and_modeling,True,high_missing; missing_gap_gt_20; zero_heavy; extreme_skew;,True,missing_gap_gt_20;
bureau_bal_status_3_count_sum,discrete_count_numeric,candidate_predictor,special_case_review,no,relationship_analysis,structured_missing_or_history_availability,possible_absence_of_history_or_unknown_record,structured_missing_handling_candidate_later,feature_engineering_and_modeling,True,zero_heavy;,False,
bureau_bal_status_3_ratio_max,ratio_rate_numeric,candidate_predictor,special_case_review,no,relationship_analysis,structured_missing_or_history_availability,possible_absence_of_history_or_unknown_record,structured_missing_handling_candidate_later,feature_engineering_and_modeling,True,high_missing; missing_gap_gt_20; zero_heavy; extreme_skew;,True,missing_gap_gt_20;
bureau_bal_status_3_ratio_mean,ratio_rate_numeric,candidate_predictor,special_case_review,no,relationship_analysis,structured_missing_or_history_availability,possible_absence_of_history_or_unknown_record,structured_missing_handling_candidate_later,feature_engineering_and_modeling,True,high_missing; missing_gap_gt_20; zero_heavy; extreme_skew;,True,missing_gap_gt_20;
bureau_bal_status_3_ratio_min,ratio_rate_numeric,candidate_predictor,special_case_review,no,relationship_analysis,structured_missing_or_history_availability,possible_absence_of_history_or_unknown_record,structured_missing_handling_candidate_later,feature_engineering_and_modeling,True,high_missing; missing_gap_gt_20; zero_heavy; extreme_skew;,True,missing_gap_gt_20;
bureau_bal_status_4_count_max,discrete_count_numeric,candidate_predictor,special_case_review,no,relationship_analysis,structured_missing_or_history_availability,possible_absence_of_history_or_unknown_record,structured_missing_handling_candidate_later,feature_engineering_and_modeling,True,high_missing; missing_gap_gt_20; zero_heavy;,True,missing_gap_gt_20;
bureau_bal_status_4_count_mean,ratio_rate_numeric,candidate_predictor,special_case_review,no,relationship_analysis,structured_missing_or_history_availability,possible_absence_of_history_or_unknown_record,structured_missing_handling_candidate_later,feature_engineering_and_modeling,True,high_missing; missing_gap_gt_20; zero_heavy; extreme_skew;,True,missing_gap_gt_20;
bureau_bal_status_4_count_sum,discrete_count_numeric,candidate_predictor,special_case_review,no,relationship_analysis,structured_missing_or_history_availability,possible_absence_of_history_or_unknown_record,structured_missing_handling_candidate_later,feature_engineering_and_modeling,True,zero_heavy;,False,
bureau_bal_status_4_ratio_max,ratio_rate_numeric,candidate_predictor,special_case_review,no,relationship_analysis,structured_missing_or_history_availability,possible_absence_of_history_or_unknown_record,structured_missing_handling_candidate_later,feature_engineering_and_modeling,True,high_missing; missing_gap_gt_20; zero_heavy; extreme_skew;,True,missing_gap_gt_20;
bureau_bal_status_4_ratio_mean,ratio_rate_numeric,candidate_predictor,special_case_review,no,relationship_analysis,structured_missing_or_history_availability,possible_absence_of_history_or_unknown_record,structured_missing_handling_candidate_later,feature_engineering_and_modeling,True,high_missing; missing_gap_gt_20; zero_heavy; extreme_skew;,True,missing_gap_gt_20;
bureau_bal_status_4_ratio_min,ratio_rate_numeric,candidate_predictor,special_case_review,no,relationship_analysis,structured_missing_or_history_availability,possible_absence_of_history_or_unknown_record,structured_missing_handling_candidate_later,feature_engineering_and_modeling,True,high_missing; missing_gap_gt_20; zero_heavy; extreme_skew;,True,missing_gap_gt_20;
bureau_bal_status_5_count_max,discrete_count_numeric,candidate_predictor,special_case_review,no,relationship_analysis,structured_missing_or_history_availability,possible_absence_of_history_or_unknown_record,structured_missing_handling_candidate_later,feature_engineering_and_modeling,True,high_missing; missing_gap_gt_20; zero_heavy;,True,missing_gap_gt_20;
bureau_bal_status_5_count_mean,ratio_rate_numeric,candidate_predictor,special_case_review,no,relationship_analysis,structured_missing_or_history_availability,possible_absence_of_history_or_unknown_record,structured_missing_handling_candidate_later,feature_engineering_and_modeling,True,high_missing; missing_gap_gt_20; zero_heavy; extreme_skew;,True,missing_gap_gt_20;
bureau_bal_status_5_count_sum,discrete_count_numeric,candidate_predictor,special_case_review,no,relationship_analysis,structured_missing_or_history_availability,possible_absence_of_history_or_unknown_record,structured_missing_handling_candidate_later,feature_engineering_and_modeling,True,zero_heavy; extreme_count_tail;,False,
bureau_bal_status_5_ratio_max,ratio_rate_numeric,candidate_predictor,special_case_review,no,relationship_analysis,structured_missing_or_history_availability,possible_absence_of_history_or_unknown_record,structured_missing_handling_candidate_later,feature_engineering_and_modeling,True,high_missing; missing_gap_gt_20; zero_heavy; extreme_skew;,True,missing_gap_gt_20;
bureau_bal_status_5_ratio_mean,ratio_rate_numeric,candidate_predictor,special_case_review,no,relationship_analysis,structured_missing_or_history_availability,possible_absence_of_history_or_unknown_record,structured_missing_handling_candidate_later,feature_engineering_and_modeling,True,high_missing; missing_gap_gt_20; zero_heavy; extreme_skew;,True,missing_gap_gt_20;
bureau_bal_status_5_ratio_min,ratio_rate_numeric,candidate_predictor,special_case_review,no,relationship_analysis,structured_missing_or_history_availability,possible_absence_of_history_or_unknown_record,structured_missing_handling_candidate_later,feature_engineering_and_modeling,True,high_missing; missing_gap_gt_20; zero_heavy; extreme_skew;,True,missing_gap_gt_20;
bureau_bal_status_C_count_max,discrete_count_numeric,candidate_predictor,special_case_review,no,relationship_analysis,structured_missing_or_history_availability,possible_absence_of_history_or_unknown_record,structured_missing_handling_candidate_later,feature_engineering_and_modeling,True,high_missing; missing_gap_gt_20;,True,missing_gap_gt_20;
bureau_bal_status_C_count_mean,ratio_rate_numeric,candidate_predictor,special_case_review,no,relationship_analysis,structured_missing_or_history_availability,possible_absence_of_history_or_unknown_record,structured_missing_handling_candidate_later,feature_engineering_and_modeling,True,high_missing; missing_gap_gt_20;,True,missing_gap_gt_20;
bureau_bal_status_C_count_sum,discrete_count_numeric,candidate_predictor,special_case_review,no,relationship_analysis,structured_missing_or_history_availability,possible_absence_of_history_or_unknown_record,structured_missing_handling_candidate_later,feature_engineering_and_modeling,True,extreme_count_tail;,False,
bureau_bal_status_C_ratio_max,ratio_rate_numeric,candidate_predictor,special_case_review,no,relationship_analysis,structured_missing_or_history_availability,possible_absence_of_history_or_unknown_record,structured_missing_handling_candidate_later,feature_engineering_and_modeling,True,high_missing; missing_gap_gt_20;,True,missing_gap_gt_20;
bureau_bal_status_C_ratio_mean,ratio_rate_numeric,candidate_predictor,special_case_review,no,relationship_analysis,structured_missing_or_history_availability,possible_absence_of_history_or_unknown_record,structured_missing_handling_candidate_later,feature_engineering_and_modeling,True,high_missing; missing_gap_gt_20;,True,missing_gap_gt_20;
bureau_bal_status_C_ratio_min,ratio_rate_numeric,candidate_predictor,special_case_review,no,relationship_analysis,structured_missing_or_history_availability,possible_absence_of_history_or_unknown_record,structured_missing_handling_candidate_later,feature_engineering_and_modeling,True,high_missing; missing_gap_gt_20;,True,missing_gap_gt_20;
bureau_bal_status_X_count_max,discrete_count_numeric,candidate_predictor,special_case_review,no,relationship_analysis,structured_missing_or_history_availability,possible_absence_of_history_or_unknown_record,structured_missing_handling_candidate_later,feature_engineering_and_modeling,True,high_missing; missing_gap_gt_20;,True,missing_gap_gt_20;
bureau_bal_status_X_count_mean,ratio_rate_numeric,candidate_predictor,special_case_review,no,relationship_analysis,structured_missing_or_history_availability,possible_absence_of_history_or_unknown_record,structured_missing_handling_candidate_later,feature_engineering_and_modeling,True,high_missing; missing_gap_gt_20;,True,missing_gap_gt_20;
bureau_bal_status_X_count_sum,discrete_count_numeric,candidate_predictor,special_case_review,no,relationship_analysis,structured_missing_or_history_availability,possible_absence_of_history_or_unknown_record,structured_missing_handling_candidate_later,feature_engineering_and_modeling,True,extreme_count_tail;,False,
bureau_bal_status_X_ratio_max,ratio_rate_numeric,candidate_predictor,special_case_review,no,relationship_analysis,structured_missing_or_history_availability,possible_absence_of_history_or_unknown_record,structured_missing_handling_candidate_later,feature_engineering_and_modeling,True,high_missing; missing_gap_gt_20;,True,missing_gap_gt_20;
bureau_bal_status_X_ratio_mean,ratio_rate_numeric,candidate_predictor,special_case_review,no,relationship_analysis,structured_missing_or_history_availability,possible_absence_of_history_or_unknown_record,structured_missing_handling_candidate_later,feature_engineering_and_modeling,True,high_missing; missing_gap_gt_20;,True,missing_gap_gt_20;
bureau_bal_status_X_ratio_min,ratio_rate_numeric,candidate_predictor,special_case_review,no,relationship_analysis,structured_missing_or_history_availability,possible_absence_of_history_or_unknown_record,structured_missing_handling_candidate_later,feature_engineering_and_modeling,True,high_missing; missing_gap_gt_20;,True,missing_gap_gt_20;
bureau_bal_unique_status_count_max,discrete_count_numeric,candidate_predictor,special_case_review,no,relationship_analysis,structured_missing_or_history_availability,possible_absence_of_history_or_unknown_record,structured_missing_handling_candidate_later,feature_engineering_and_modeling,True,high_missing; missing_gap_gt_20;,True,missing_gap_gt_20;
bureau_bal_unique_status_count_mean,ratio_rate_numeric,candidate_predictor,special_case_review,no,relationship_analysis,structured_missing_or_history_availability,possible_absence_of_history_or_unknown_record,structured_missing_handling_candidate_later,feature_engineering_and_modeling,True,high_missing; missing_gap_gt_20;,True,missing_gap_gt_20;
bureau_bal_unique_status_count_sum,discrete_count_numeric,candidate_predictor,special_case_review,no,relationship_analysis,structured_missing_or_history_availability,possible_absence_of_history_or_unknown_record,structured_missing_handling_candidate_later,feature_engineering_and_modeling,False,,False,
bureau_closed_annuity_amount_max,continuous_amount_numeric,candidate_predictor,special_case_review,no,relationship_analysis,structured_missing_or_history_availability,possible_absence_of_history_or_unknown_record,structured_missing_handling_candidate_later,feature_engineering_and_modeling,True,high_missing; missing_gap_gt_20; extreme_skew;,True,missing_gap_gt_20;
bureau_closed_annuity_amount_mean,continuous_amount_numeric,candidate_predictor,special_case_review,no,relationship_analysis,structured_missing_or_history_availability,possible_absence_of_history_or_unknown_record,structured_missing_handling_candidate_later,feature_engineering_and_modeling,True,high_missing; missing_gap_gt_20; extreme_skew;,True,missing_gap_gt_20;
bureau_closed_annuity_amount_sum,continuous_amount_numeric,candidate_predictor,special_case_review,no,relationship_analysis,structured_missing_or_history_availability,possible_absence_of_history_or_unknown_record,structured_missing_handling_candidate_later,feature_engineering_and_modeling,True,extreme_skew; zero_heavy;,False,
bureau_closed_count,discrete_count_numeric,candidate_predictor,special_case_review,no,relationship_analysis,structured_missing_or_history_availability,possible_absence_of_history_or_unknown_record,structured_missing_handling_candidate_later,feature_engineering_and_modeling,False,,False,
bureau_closed_credit_amount_max,continuous_amount_numeric,candidate_predictor,special_case_review,no,relationship_analysis,structured_missing_or_history_availability,possible_absence_of_history_or_unknown_record,structured_missing_handling_candidate_later,feature_engineering_and_modeling,True,extreme_skew;,False,
bureau_closed_credit_amount_mean,continuous_amount_numeric,candidate_predictor,special_case_review,no,relationship_analysis,structured_missing_or_history_availability,possible_absence_of_history_or_unknown_record,structured_missing_handling_candidate_later,feature_engineering_and_modeling,True,extreme_skew;,False,
bureau_closed_credit_amount_sum,continuous_amount_numeric,candidate_predictor,special_case_review,no,relationship_analysis,structured_missing_or_history_availability,possible_absence_of_history_or_unknown_record,structured_missing_handling_candidate_later,feature_engineering_and_modeling,True,extreme_skew;,False,
bureau_closed_debt_amount_max,continuous_amount_numeric,candidate_predictor,special_case_review,no,relationship_analysis,structured_missing_or_history_availability,possible_absence_of_history_or_unknown_record,structured_missing_handling_candidate_later,feature_engineering_and_modeling,True,extreme_skew; zero_heavy; negative_amount_value;,False,
bureau_closed_debt_amount_mean,continuous_amount_numeric,candidate_predictor,special_case_review,no,relationship_analysis,structured_missing_or_history_availability,possible_absence_of_history_or_unknown_record,structured_missing_handling_candidate_later,feature_engineering_and_modeling,True,extreme_skew; zero_heavy; negative_amount_value;,False,
bureau_closed_debt_amount_sum,continuous_amount_numeric,candidate_predictor,special_case_review,no,relationship_analysis,structured_missing_or_history_availability,possible_absence_of_history_or_unknown_record,structured_missing_handling_candidate_later,feature_engineering_and_modeling,True,extreme_skew; zero_heavy; negative_amount_value;,False,
bureau_closed_limit_amount_max,continuous_amount_numeric,candidate_predictor,special_case_review,no,relationship_analysis,structured_missing_or_history_availability,possible_absence_of_history_or_unknown_record,structured_missing_handling_candidate_later,feature_engineering_and_modeling,True,extreme_skew; zero_heavy; negative_amount_value;,False,
bureau_closed_limit_amount_mean,continuous_amount_numeric,candidate_predictor,special_case_review,no,relationship_analysis,structured_missing_or_history_availability,possible_absence_of_history_or_unknown_record,structured_missing_handling_candidate_later,feature_engineering_and_modeling,True,extreme_skew; zero_heavy; negative_amount_value;,False,
bureau_closed_limit_amount_sum,continuous_amount_numeric,candidate_predictor,special_case_review,no,relationship_analysis,structured_missing_or_history_availability,possible_absence_of_history_or_unknown_record,structured_missing_handling_candidate_later,feature_engineering_and_modeling,True,extreme_skew; zero_heavy; negative_amount_value;,False,
bureau_closed_overdue_amount_max,continuous_amount_numeric,candidate_predictor,special_case_review,no,relationship_analysis,structured_missing_or_history_availability,possible_absence_of_history_or_unknown_record,structured_missing_handling_candidate_later,feature_engineering_and_modeling,True,extreme_skew; zero_heavy;,False,
bureau_closed_overdue_amount_mean,continuous_amount_numeric,candidate_predictor,special_case_review,no,relationship_analysis,structured_missing_or_history_availability,possible_absence_of_history_or_unknown_record,structured_missing_handling_candidate_later,feature_engineering_and_modeling,True,extreme_skew; zero_heavy;,False,
bureau_closed_overdue_amount_sum,continuous_amount_numeric,candidate_predictor,special_case_review,no,relationship_analysis,structured_missing_or_history_availability,possible_absence_of_history_or_unknown_record,structured_missing_handling_candidate_later,feature_engineering_and_modeling,True,extreme_skew; zero_heavy;,False,
bureau_closed_overdue_days_max,overdue_delay_numeric,candidate_predictor,special_case_review,no,relationship_analysis,structured_missing_or_history_availability,possible_absence_of_history_or_unknown_record,structured_missing_handling_candidate_later,feature_engineering_and_modeling,True,has_late_delay_signal; extreme_delay_signal; rare_severe_delay_signal;,False,
bureau_closed_overdue_days_mean,overdue_delay_numeric,candidate_predictor,special_case_review,no,relationship_analysis,structured_missing_or_history_availability,possible_absence_of_history_or_unknown_record,structured_missing_handling_candidate_later,feature_engineering_and_modeling,True,has_late_delay_signal; severe_delay_signal; extreme_delay_signal; rare_severe_delay_signal;,False,
bureau_closed_overdue_days_sum,overdue_delay_numeric,candidate_predictor,special_case_review,no,relationship_analysis,structured_missing_or_history_availability,possible_absence_of_history_or_unknown_record,structured_missing_handling_candidate_later,feature_engineering_and_modeling,True,has_late_delay_signal; extreme_delay_signal; rare_severe_delay_signal;,False,
bureau_closed_ratio,ratio_rate_numeric,candidate_predictor,special_case_review,no,relationship_analysis,structured_missing_or_history_availability,possible_absence_of_history_or_unknown_record,structured_missing_handling_candidate_later,feature_engineering_and_modeling,False,,False,
bureau_credit_amount_max,continuous_amount_numeric,candidate_predictor,special_case_review,no,relationship_analysis,structured_missing_or_history_availability,possible_absence_of_history_or_unknown_record,structured_missing_handling_candidate_later,feature_engineering_and_modeling,True,extreme_skew;,False,
bureau_credit_amount_mean,continuous_amount_numeric,candidate_predictor,special_case_review,no,relationship_analysis,structured_missing_or_history_availability,possible_absence_of_history_or_unknown_record,structured_missing_handling_candidate_later,feature_engineering_and_modeling,True,extreme_skew;,False,
bureau_credit_amount_min,continuous_amount_numeric,candidate_predictor,special_case_review,no,relationship_analysis,structured_missing_or_history_availability,possible_absence_of_history_or_unknown_record,structured_missing_handling_candidate_later,feature_engineering_and_modeling,True,extreme_skew;,False,
bureau_credit_amount_std,continuous_stat_numeric,candidate_predictor,special_case_review,no,relationship_analysis,structured_missing_or_history_availability,possible_absence_of_history_or_unknown_record,structured_missing_handling_candidate_later,feature_engineering_and_modeling,True,extreme_skew;,False,
bureau_credit_amount_sum,continuous_amount_numeric,candidate_predictor,special_case_review,no,relationship_analysis,structured_missing_or_history_availability,possible_absence_of_history_or_unknown_record,structured_missing_handling_candidate_later,feature_engineering_and_modeling,True,extreme_skew;,False,
bureau_credit_history_span,date_duration_numeric,candidate_predictor,special_case_review,no,relationship_analysis,structured_missing_or_history_availability,possible_absence_of_history_or_unknown_record,structured_missing_handling_candidate_later,feature_engineering_and_modeling,True,zero_special_value_review;,False,
bureau_days_credit_max,date_duration_numeric,candidate_predictor,special_case_review,no,relationship_analysis,structured_missing_or_history_availability,possible_absence_of_history_or_unknown_record,structured_missing_handling_candidate_later,feature_engineering_and_modeling,False,,False,
bureau_days_credit_mean,date_duration_numeric,candidate_predictor,special_case_review,no,relationship_analysis,structured_missing_or_history_availability,possible_absence_of_history_or_unknown_record,structured_missing_handling_candidate_later,feature_engineering_and_modeling,False,,False,
bureau_days_credit_min,date_duration_numeric,candidate_predictor,special_case_review,no,relationship_analysis,structured_missing_or_history_availability,possible_absence_of_history_or_unknown_record,structured_missing_handling_candidate_later,feature_engineering_and_modeling,False,,False,
bureau_days_credit_std,continuous_stat_numeric,candidate_predictor,special_case_review,no,relationship_analysis,structured_missing_or_history_availability,possible_absence_of_history_or_unknown_record,structured_missing_handling_candidate_later,feature_engineering_and_modeling,False,,False,
bureau_days_enddate_fact_max,date_duration_numeric,candidate_predictor,special_case_review,no,relationship_analysis,structured_missing_or_history_availability,possible_absence_of_history_or_unknown_record,structured_missing_handling_candidate_later,feature_engineering_and_modeling,False,,False,
bureau_days_enddate_fact_mean,date_duration_numeric,candidate_predictor,special_case_review,no,relationship_analysis,structured_missing_or_history_availability,possible_absence_of_history_or_unknown_record,structured_missing_handling_candidate_later,feature_engineering_and_modeling,False,,False,
bureau_days_enddate_fact_min,date_duration_numeric,candidate_predictor,special_case_review,no,relationship_analysis,structured_missing_or_history_availability,possible_absence_of_history_or_unknown_record,structured_missing_handling_candidate_later,feature_engineering_and_modeling,True,large_abs_duration_gt_100_years;,False,
bureau_days_enddate_max,date_duration_numeric,candidate_predictor,special_case_review,no,relationship_analysis,structured_missing_or_history_availability,possible_absence_of_history_or_unknown_record,structured_missing_handling_candidate_later,feature_engineering_and_modeling,True,large_abs_duration_gt_100_years; mixed_signed_duration;,False,
bureau_days_enddate_mean,date_duration_numeric,candidate_predictor,special_case_review,no,relationship_analysis,structured_missing_or_history_availability,possible_absence_of_history_or_unknown_record,structured_missing_handling_candidate_later,feature_engineering_and_modeling,True,large_abs_duration_gt_100_years; mixed_signed_duration;,False,
bureau_days_enddate_min,date_duration_numeric,candidate_predictor,special_case_review,no,relationship_analysis,structured_missing_or_history_availability,possible_absence_of_history_or_unknown_record,structured_missing_handling_candidate_later,feature_engineering_and_modeling,True,large_abs_duration_gt_100_years;,False,
bureau_days_update_max,date_duration_numeric,candidate_predictor,special_case_review,no,relationship_analysis,structured_missing_or_history_availability,possible_absence_of_history_or_unknown_record,structured_missing_handling_candidate_later,feature_engineering_and_modeling,True,large_abs_duration_gt_100_years;,False,
bureau_days_update_mean,date_duration_numeric,candidate_predictor,special_case_review,no,relationship_analysis,structured_missing_or_history_availability,possible_absence_of_history_or_unknown_record,structured_missing_handling_candidate_later,feature_engineering_and_modeling,True,large_abs_duration_gt_100_years;,False,
bureau_days_update_min,date_duration_numeric,candidate_predictor,special_case_review,no,relationship_analysis,structured_missing_or_history_availability,possible_absence_of_history_or_unknown_record,structured_missing_handling_candidate_later,feature_engineering_and_modeling,True,large_abs_duration_gt_100_years;,False,
bureau_days_update_std,continuous_stat_numeric,candidate_predictor,special_case_review,no,relationship_analysis,structured_missing_or_history_availability,possible_absence_of_history_or_unknown_record,structured_missing_handling_candidate_later,feature_engineering_and_modeling,True,extreme_skew;,False,
bureau_debt_amount_max,continuous_amount_numeric,candidate_predictor,special_case_review,no,relationship_analysis,structured_missing_or_history_availability,possible_absence_of_history_or_unknown_record,structured_missing_handling_candidate_later,feature_engineering_and_modeling,True,extreme_skew; negative_amount_value;,False,
bureau_debt_amount_mean,continuous_amount_numeric,candidate_predictor,special_case_review,no,relationship_analysis,structured_missing_or_history_availability,possible_absence_of_history_or_unknown_record,structured_missing_handling_candidate_later,feature_engineering_and_modeling,True,extreme_skew; negative_amount_value;,False,
bureau_debt_amount_min,continuous_amount_numeric,candidate_predictor,special_case_review,no,relationship_analysis,structured_missing_or_history_availability,possible_absence_of_history_or_unknown_record,structured_missing_handling_candidate_later,feature_engineering_and_modeling,True,extreme_skew; zero_heavy; negative_amount_value;,False,
bureau_debt_amount_std,continuous_stat_numeric,candidate_predictor,special_case_review,no,relationship_analysis,structured_missing_or_history_availability,possible_absence_of_history_or_unknown_record,structured_missing_handling_candidate_later,feature_engineering_and_modeling,True,extreme_skew;,False,
bureau_debt_amount_sum,continuous_amount_numeric,candidate_predictor,special_case_review,no,relationship_analysis,structured_missing_or_history_availability,possible_absence_of_history_or_unknown_record,structured_missing_handling_candidate_later,feature_engineering_and_modeling,True,extreme_skew; negative_amount_value;,False,
bureau_debt_record_count,discrete_count_numeric,candidate_predictor,special_case_review,no,relationship_analysis,structured_missing_or_history_availability,possible_absence_of_history_or_unknown_record,structured_missing_handling_candidate_later,feature_engineering_and_modeling,False,,False,
bureau_debt_record_ratio,ratio_rate_numeric,candidate_predictor,special_case_review,no,relationship_analysis,structured_missing_or_history_availability,possible_absence_of_history_or_unknown_record,structured_missing_handling_candidate_later,feature_engineering_and_modeling,False,,False,
bureau_debt_to_credit_max,ratio_rate_numeric,candidate_predictor,special_case_review,no,relationship_analysis,structured_missing_or_history_availability,possible_absence_of_history_or_unknown_record,structured_missing_handling_candidate_later,feature_engineering_and_modeling,True,negative_ratio_value; extreme_skew;,False,
bureau_debt_to_credit_mean,ratio_rate_numeric,candidate_predictor,special_case_review,no,relationship_analysis,structured_missing_or_history_availability,possible_absence_of_history_or_unknown_record,structured_missing_handling_candidate_later,feature_engineering_and_modeling,True,negative_ratio_value; extreme_skew;,False,
bureau_debt_to_credit_min,ratio_rate_numeric,candidate_predictor,special_case_review,no,relationship_analysis,structured_missing_or_history_availability,possible_absence_of_history_or_unknown_record,structured_missing_handling_candidate_later,feature_engineering_and_modeling,True,negative_ratio_value; zero_heavy; extreme_skew;,False,
bureau_debt_to_limit_max,ratio_rate_numeric,candidate_predictor,special_case_review,no,relationship_analysis,structured_missing_or_history_availability,possible_absence_of_history_or_unknown_record,structured_missing_handling_candidate_later,feature_engineering_and_modeling,True,high_missing; negative_ratio_value; extreme_skew; high_outlier_burden; extreme_ratio_tail;,True,extreme_missing;
bureau_debt_to_limit_mean,ratio_rate_numeric,candidate_predictor,special_case_review,no,relationship_analysis,structured_missing_or_history_availability,possible_absence_of_history_or_unknown_record,structured_missing_handling_candidate_later,feature_engineering_and_modeling,True,high_missing; negative_ratio_value; extreme_skew; high_outlier_burden; extreme_ratio_tail;,True,extreme_missing;
bureau_enddate_gap_max,continuous_stat_numeric,candidate_predictor,special_case_review,no,relationship_analysis,structured_missing_or_history_availability,possible_absence_of_history_or_unknown_record,structured_missing_handling_candidate_later,feature_engineering_and_modeling,True,high_outlier_burden;,False,
bureau_enddate_gap_mean,continuous_stat_numeric,candidate_predictor,special_case_review,no,relationship_analysis,structured_missing_or_history_availability,possible_absence_of_history_or_unknown_record,structured_missing_handling_candidate_later,feature_engineering_and_modeling,True,extreme_skew;,False,
bureau_enddate_gap_min,continuous_stat_numeric,candidate_predictor,special_case_review,no,relationship_analysis,structured_missing_or_history_availability,possible_absence_of_history_or_unknown_record,structured_missing_handling_candidate_later,feature_engineering_and_modeling,True,extreme_skew;,False,
bureau_future_enddate_count,discrete_count_numeric,candidate_predictor,special_case_review,no,relationship_analysis,structured_missing_or_history_availability,possible_absence_of_history_or_unknown_record,structured_missing_handling_candidate_later,feature_engineering_and_modeling,False,,False,
bureau_future_enddate_ratio,ratio_rate_numeric,candidate_predictor,special_case_review,no,relationship_analysis,structured_missing_or_history_availability,possible_absence_of_history_or_unknown_record,structured_missing_handling_candidate_later,feature_engineering_and_modeling,False,,False,
bureau_latest_annuity_amount,continuous_amount_numeric,candidate_predictor,special_case_review,no,relationship_analysis,structured_missing_or_history_availability,possible_absence_of_history_or_unknown_record,structured_missing_handling_candidate_later,feature_engineering_and_modeling,True,high_missing; missing_gap_gt_20; extreme_skew;,True,missing_gap_gt_20; extreme_missing;
bureau_latest_bal_late_ratio,ratio_rate_numeric,candidate_predictor,special_case_review,no,relationship_analysis,structured_missing_or_history_availability,possible_absence_of_history_or_unknown_record,structured_missing_handling_candidate_later,feature_engineering_and_modeling,True,high_missing; missing_gap_gt_20; zero_heavy; extreme_skew;,True,missing_gap_gt_20;
bureau_latest_bal_max_late_status,overdue_delay_numeric,candidate_predictor,special_case_review,no,relationship_analysis,structured_missing_or_history_availability,possible_absence_of_history_or_unknown_record,structured_missing_handling_candidate_later,feature_engineering_and_modeling,True,high_missing; missing_gap_gt_20; has_late_delay_signal;,True,missing_gap_gt_20;
bureau_latest_bal_severe_late_ratio,ratio_rate_numeric,candidate_predictor,special_case_review,no,relationship_analysis,structured_missing_or_history_availability,possible_absence_of_history_or_unknown_record,structured_missing_handling_candidate_later,feature_engineering_and_modeling,True,high_missing; missing_gap_gt_20; zero_heavy; extreme_skew;,True,missing_gap_gt_20;
bureau_latest_credit_active_flag,binary_flag,candidate_predictor,special_case_review,no,relationship_analysis,structured_missing_or_history_availability,possible_absence_of_history_or_unknown_record,structured_missing_handling_candidate_later,feature_engineering_and_modeling,,,False,
bureau_latest_credit_amount,continuous_amount_numeric,candidate_predictor,special_case_review,no,relationship_analysis,structured_missing_or_history_availability,possible_absence_of_history_or_unknown_record,structured_missing_handling_candidate_later,feature_engineering_and_modeling,True,extreme_skew;,False,
bureau_latest_credit_closed_flag,binary_flag,candidate_predictor,special_case_review,no,relationship_analysis,structured_missing_or_history_availability,possible_absence_of_history_or_unknown_record,structured_missing_handling_candidate_later,feature_engineering_and_modeling,,,False,
bureau_latest_days_credit,date_duration_numeric,candidate_predictor,special_case_review,no,relationship_analysis,structured_missing_or_history_availability,possible_absence_of_history_or_unknown_record,structured_missing_handling_candidate_later,feature_engineering_and_modeling,False,,False,
bureau_latest_days_enddate,date_duration_numeric,candidate_predictor,special_case_review,no,relationship_analysis,structured_missing_or_history_availability,possible_absence_of_history_or_unknown_record,structured_missing_handling_candidate_later,feature_engineering_and_modeling,True,large_abs_duration_gt_100_years; mixed_signed_duration;,False,
bureau_latest_days_update,date_duration_numeric,candidate_predictor,special_case_review,no,relationship_analysis,structured_missing_or_history_availability,possible_absence_of_history_or_unknown_record,structured_missing_handling_candidate_later,feature_engineering_and_modeling,True,large_abs_duration_gt_100_years;,False,
bureau_latest_debt_amount,continuous_amount_numeric,candidate_predictor,special_case_review,no,relationship_analysis,structured_missing_or_history_availability,possible_absence_of_history_or_unknown_record,structured_missing_handling_candidate_later,feature_engineering_and_modeling,True,extreme_skew; negative_amount_value;,False,
bureau_latest_debt_to_credit,ratio_rate_numeric,candidate_predictor,special_case_review,no,relationship_analysis,structured_missing_or_history_availability,possible_absence_of_history_or_unknown_record,structured_missing_handling_candidate_later,feature_engineering_and_modeling,True,negative_ratio_value; extreme_skew;,False,
bureau_latest_limit_amount,continuous_amount_numeric,candidate_predictor,special_case_review,no,relationship_analysis,structured_missing_or_history_availability,possible_absence_of_history_or_unknown_record,structured_missing_handling_candidate_later,feature_engineering_and_modeling,True,extreme_skew; zero_heavy; negative_amount_value;,False,
bureau_latest_overdue_amount,continuous_amount_numeric,candidate_predictor,special_case_review,no,relationship_analysis,structured_missing_or_history_availability,possible_absence_of_history_or_unknown_record,structured_missing_handling_candidate_later,feature_engineering_and_modeling,True,extreme_skew; zero_heavy;,False,
bureau_latest_overdue_days,overdue_delay_numeric,candidate_predictor,special_case_review,no,relationship_analysis,structured_missing_or_history_availability,possible_absence_of_history_or_unknown_record,structured_missing_handling_candidate_later,feature_engineering_and_modeling,True,zero_heavy_delay; has_late_delay_signal; severe_delay_signal; extreme_delay_signal; rare_severe_delay_signal;,False,
bureau_latest_overdue_to_credit,ratio_rate_numeric,candidate_predictor,special_case_review,no,relationship_analysis,structured_missing_or_history_availability,possible_absence_of_history_or_unknown_record,structured_missing_handling_candidate_later,feature_engineering_and_modeling,True,zero_heavy; extreme_skew;,False,
bureau_latest_type_business_loan_flag,binary_flag,candidate_predictor,special_case_review,no,relationship_analysis,rare_or_near_constant_binary_flag | structured_missing_or_history_availability,almost_constant_binary_flag | possible_absence_of_history_or_unknown_record,keep_as_binary_candidate_and_validate_predictive_value_later | structured_missing_handling_candidate_later,bivariate_multivariate_and_modeling | feature_engineering_and_modeling,,,False,
bureau_latest_type_car_loan_flag,binary_flag,candidate_predictor,special_case_review,no,relationship_analysis,structured_missing_or_history_availability,possible_absence_of_history_or_unknown_record,structured_missing_handling_candidate_later,feature_engineering_and_modeling,,,False,
bureau_latest_type_consumer_credit_flag,binary_flag,candidate_predictor,special_case_review,no,relationship_analysis,structured_missing_or_history_availability,possible_absence_of_history_or_unknown_record,structured_missing_handling_candidate_later,feature_engineering_and_modeling,,,False,
bureau_latest_type_credit_card_flag,binary_flag,candidate_predictor,special_case_review,no,relationship_analysis,structured_missing_or_history_availability,possible_absence_of_history_or_unknown_record,structured_missing_handling_candidate_later,feature_engineering_and_modeling,,,False,
bureau_latest_type_microloan_flag,binary_flag,candidate_predictor,special_case_review,no,relationship_analysis,rare_or_near_constant_binary_flag | structured_missing_or_history_availability,near_constant_binary_flag | possible_absence_of_history_or_unknown_record,keep_as_binary_candidate_and_validate_predictive_value_later | structured_missing_handling_candidate_later,bivariate_multivariate_and_modeling | feature_engineering_and_modeling,,,False,
bureau_latest_type_mortgage_flag,binary_flag,candidate_predictor,special_case_review,no,relationship_analysis,structured_missing_or_history_availability,possible_absence_of_history_or_unknown_record,structured_missing_handling_candidate_later,feature_engineering_and_modeling,,,False,
bureau_latest_type_working_capital_loan_flag,binary_flag,candidate_predictor,special_case_review,no,relationship_analysis,rare_or_near_constant_binary_flag | structured_missing_or_history_availability,almost_constant_binary_flag | possible_absence_of_history_or_unknown_record,keep_as_binary_candidate_and_validate_predictive_value_later | structured_missing_handling_candidate_later,bivariate_multivariate_and_modeling | feature_engineering_and_modeling,,,False,
bureau_limit_amount_max,continuous_amount_numeric,candidate_predictor,special_case_review,no,relationship_analysis,structured_missing_or_history_availability,possible_absence_of_history_or_unknown_record,structured_missing_handling_candidate_later,feature_engineering_and_modeling,True,extreme_skew; negative_amount_value;,False,
bureau_limit_amount_mean,continuous_amount_numeric,candidate_predictor,special_case_review,no,relationship_analysis,structured_missing_or_history_availability,possible_absence_of_history_or_unknown_record,structured_missing_handling_candidate_later,feature_engineering_and_modeling,True,extreme_skew; negative_amount_value;,False,
bureau_limit_amount_sum,continuous_amount_numeric,candidate_predictor,special_case_review,no,relationship_analysis,structured_missing_or_history_availability,possible_absence_of_history_or_unknown_record,structured_missing_handling_candidate_later,feature_engineering_and_modeling,True,extreme_skew; zero_heavy; negative_amount_value;,False,
bureau_max_overdue_amount_max,continuous_amount_numeric,candidate_predictor,special_case_review,no,relationship_analysis,structured_missing_or_history_availability,possible_absence_of_history_or_unknown_record,structured_missing_handling_candidate_later,feature_engineering_and_modeling,True,extreme_skew;,False,
bureau_max_overdue_amount_mean,continuous_amount_numeric,candidate_predictor,special_case_review,no,relationship_analysis,structured_missing_or_history_availability,possible_absence_of_history_or_unknown_record,structured_missing_handling_candidate_later,feature_engineering_and_modeling,True,extreme_skew;,False,
bureau_max_overdue_amount_sum,continuous_amount_numeric,candidate_predictor,special_case_review,no,relationship_analysis,structured_missing_or_history_availability,possible_absence_of_history_or_unknown_record,structured_missing_handling_candidate_later,feature_engineering_and_modeling,True,extreme_skew; high_outlier_burden;,False,
bureau_overdue_amount_max,continuous_amount_numeric,candidate_predictor,special_case_review,no,relationship_analysis,structured_missing_or_history_availability,possible_absence_of_history_or_unknown_record,structured_missing_handling_candidate_later,feature_engineering_and_modeling,True,extreme_skew; zero_heavy;,False,
bureau_overdue_amount_mean,continuous_amount_numeric,candidate_predictor,special_case_review,no,relationship_analysis,structured_missing_or_history_availability,possible_absence_of_history_or_unknown_record,structured_missing_handling_candidate_later,feature_engineering_and_modeling,True,extreme_skew; zero_heavy;,False,
bureau_overdue_amount_record_count,discrete_count_numeric,candidate_predictor,special_case_review,no,relationship_analysis,structured_missing_or_history_availability,possible_absence_of_history_or_unknown_record,structured_missing_handling_candidate_later,feature_engineering_and_modeling,True,zero_heavy;,False,
bureau_overdue_amount_record_ratio,ratio_rate_numeric,candidate_predictor,special_case_review,no,relationship_analysis,structured_missing_or_history_availability,possible_absence_of_history_or_unknown_record,structured_missing_handling_candidate_later,feature_engineering_and_modeling,True,zero_heavy; extreme_skew;,False,
bureau_overdue_amount_sum,continuous_amount_numeric,candidate_predictor,special_case_review,no,relationship_analysis,structured_missing_or_history_availability,possible_absence_of_history_or_unknown_record,structured_missing_handling_candidate_later,feature_engineering_and_modeling,True,extreme_skew; zero_heavy;,False,
bureau_overdue_annuity_amount_max,continuous_amount_numeric,candidate_predictor,special_case_review,no,relationship_analysis,structured_missing_or_history_availability,possible_absence_of_history_or_unknown_record,structured_missing_handling_candidate_later,feature_engineering_and_modeling,True,high_missing;,True,extreme_missing;
bureau_overdue_annuity_amount_mean,continuous_amount_numeric,candidate_predictor,special_case_review,no,relationship_analysis,structured_missing_or_history_availability,possible_absence_of_history_or_unknown_record,structured_missing_handling_candidate_later,feature_engineering_and_modeling,True,high_missing;,True,extreme_missing;
bureau_overdue_annuity_amount_sum,continuous_amount_numeric,candidate_predictor,special_case_review,no,relationship_analysis,structured_missing_or_history_availability,possible_absence_of_history_or_unknown_record,structured_missing_handling_candidate_later,feature_engineering_and_modeling,True,high_missing; extreme_skew; zero_heavy;,True,extreme_missing;
bureau_overdue_credit_amount_max,continuous_amount_numeric,candidate_predictor,special_case_review,no,relationship_analysis,structured_missing_or_history_availability,possible_absence_of_history_or_unknown_record,structured_missing_handling_candidate_later,feature_engineering_and_modeling,True,high_missing; extreme_skew;,True,extreme_missing;
bureau_overdue_credit_amount_mean,continuous_amount_numeric,candidate_predictor,special_case_review,no,relationship_analysis,structured_missing_or_history_availability,possible_absence_of_history_or_unknown_record,structured_missing_handling_candidate_later,feature_engineering_and_modeling,True,high_missing; extreme_skew;,True,extreme_missing;
bureau_overdue_credit_amount_sum,continuous_amount_numeric,candidate_predictor,special_case_review,no,relationship_analysis,structured_missing_or_history_availability,possible_absence_of_history_or_unknown_record,structured_missing_handling_candidate_later,feature_engineering_and_modeling,True,high_missing; extreme_skew;,True,extreme_missing;
bureau_overdue_days_max,overdue_delay_numeric,candidate_predictor,special_case_review,no,relationship_analysis,structured_missing_or_history_availability,possible_absence_of_history_or_unknown_record,structured_missing_handling_candidate_later,feature_engineering_and_modeling,True,zero_heavy_delay; has_late_delay_signal; severe_delay_signal; extreme_delay_signal; rare_severe_delay_signal;,False,
bureau_overdue_days_mean,overdue_delay_numeric,candidate_predictor,special_case_review,no,relationship_analysis,structured_missing_or_history_availability,possible_absence_of_history_or_unknown_record,structured_missing_handling_candidate_later,feature_engineering_and_modeling,True,zero_heavy_delay; has_late_delay_signal; severe_delay_signal; extreme_delay_signal; rare_severe_delay_signal;,False,
bureau_overdue_days_record_count,discrete_count_numeric,candidate_predictor,special_case_review,no,relationship_analysis,structured_missing_or_history_availability,possible_absence_of_history_or_unknown_record,structured_missing_handling_candidate_later,feature_engineering_and_modeling,True,zero_heavy;,False,
bureau_overdue_days_record_ratio,ratio_rate_numeric,candidate_predictor,special_case_review,no,relationship_analysis,structured_missing_or_history_availability,possible_absence_of_history_or_unknown_record,structured_missing_handling_candidate_later,feature_engineering_and_modeling,True,zero_heavy; extreme_skew;,False,
bureau_overdue_days_sum,overdue_delay_numeric,candidate_predictor,special_case_review,no,relationship_analysis,structured_missing_or_history_availability,possible_absence_of_history_or_unknown_record,structured_missing_handling_candidate_later,feature_engineering_and_modeling,True,zero_heavy_delay; has_late_delay_signal; severe_delay_signal; extreme_delay_signal; rare_severe_delay_signal;,False,
bureau_overdue_debt_amount_max,continuous_amount_numeric,candidate_predictor,special_case_review,no,relationship_analysis,structured_missing_or_history_availability,possible_absence_of_history_or_unknown_record,structured_missing_handling_candidate_later,feature_engineering_and_modeling,True,high_missing; extreme_skew;,True,extreme_missing;
bureau_overdue_debt_amount_mean,continuous_amount_numeric,candidate_predictor,special_case_review,no,relationship_analysis,structured_missing_or_history_availability,possible_absence_of_history_or_unknown_record,structured_missing_handling_candidate_later,feature_engineering_and_modeling,True,high_missing; extreme_skew;,True,extreme_missing;
bureau_overdue_debt_amount_sum,continuous_amount_numeric,candidate_predictor,special_case_review,no,relationship_analysis,structured_missing_or_history_availability,possible_absence_of_history_or_unknown_record,structured_missing_handling_candidate_later,feature_engineering_and_modeling,True,high_missing; extreme_skew;,True,extreme_missing;
bureau_overdue_limit_amount_max,continuous_amount_numeric,candidate_predictor,special_case_review,no,relationship_analysis,structured_missing_or_history_availability,possible_absence_of_history_or_unknown_record,structured_missing_handling_candidate_later,feature_engineering_and_modeling,True,high_missing; extreme_skew; zero_heavy; negative_amount_value;,True,extreme_missing;
bureau_overdue_limit_amount_mean,continuous_amount_numeric,candidate_predictor,special_case_review,no,relationship_analysis,structured_missing_or_history_availability,possible_absence_of_history_or_unknown_record,structured_missing_handling_candidate_later,feature_engineering_and_modeling,True,high_missing; extreme_skew; zero_heavy; negative_amount_value;,True,extreme_missing;
bureau_overdue_limit_amount_sum,continuous_amount_numeric,candidate_predictor,special_case_review,no,relationship_analysis,structured_missing_or_history_availability,possible_absence_of_history_or_unknown_record,structured_missing_handling_candidate_later,feature_engineering_and_modeling,True,high_missing; extreme_skew; zero_heavy; negative_amount_value;,True,extreme_missing;
bureau_overdue_overdue_amount_max,continuous_amount_numeric,candidate_predictor,special_case_review,no,relationship_analysis,structured_missing_or_history_availability,possible_absence_of_history_or_unknown_record,structured_missing_handling_candidate_later,feature_engineering_and_modeling,True,high_missing; extreme_skew; high_outlier_burden;,True,extreme_missing;
bureau_overdue_overdue_amount_mean,continuous_amount_numeric,candidate_predictor,special_case_review,no,relationship_analysis,structured_missing_or_history_availability,possible_absence_of_history_or_unknown_record,structured_missing_handling_candidate_later,feature_engineering_and_modeling,True,high_missing; extreme_skew; high_outlier_burden;,True,extreme_missing;
bureau_overdue_overdue_amount_sum,continuous_amount_numeric,candidate_predictor,special_case_review,no,relationship_analysis,structured_missing_or_history_availability,possible_absence_of_history_or_unknown_record,structured_missing_handling_candidate_later,feature_engineering_and_modeling,True,high_missing; extreme_skew; high_outlier_burden;,True,extreme_missing;
bureau_overdue_overdue_days_max,overdue_delay_numeric,candidate_predictor,special_case_review,no,relationship_analysis,structured_missing_or_history_availability,possible_absence_of_history_or_unknown_record,structured_missing_handling_candidate_later,feature_engineering_and_modeling,True,high_missing; has_late_delay_signal; severe_delay_signal; extreme_delay_signal; rare_severe_delay_signal;,True,extreme_missing;
bureau_overdue_overdue_days_mean,overdue_delay_numeric,candidate_predictor,special_case_review,no,relationship_analysis,structured_missing_or_history_availability,possible_absence_of_history_or_unknown_record,structured_missing_handling_candidate_later,feature_engineering_and_modeling,True,high_missing; has_late_delay_signal; severe_delay_signal; extreme_delay_signal; rare_severe_delay_signal;,True,extreme_missing;
bureau_overdue_overdue_days_sum,overdue_delay_numeric,candidate_predictor,special_case_review,no,relationship_analysis,structured_missing_or_history_availability,possible_absence_of_history_or_unknown_record,structured_missing_handling_candidate_later,feature_engineering_and_modeling,True,high_missing; has_late_delay_signal; severe_delay_signal; extreme_delay_signal; rare_severe_delay_signal;,True,extreme_missing;
bureau_overdue_to_credit_max,ratio_rate_numeric,candidate_predictor,special_case_review,no,relationship_analysis,structured_missing_or_history_availability,possible_absence_of_history_or_unknown_record,structured_missing_handling_candidate_later,feature_engineering_and_modeling,True,zero_heavy; extreme_skew;,False,
bureau_overdue_to_credit_mean,ratio_rate_numeric,candidate_predictor,special_case_review,no,relationship_analysis,structured_missing_or_history_availability,possible_absence_of_history_or_unknown_record,structured_missing_handling_candidate_later,feature_engineering_and_modeling,True,zero_heavy; extreme_skew;,False,
bureau_prolong_max,discrete_count_numeric,candidate_predictor,special_case_review,no,relationship_analysis,structured_missing_or_history_availability,possible_absence_of_history_or_unknown_record,structured_missing_handling_candidate_later,feature_engineering_and_modeling,True,zero_heavy;,False,
bureau_prolong_mean,discrete_count_numeric,candidate_predictor,special_case_review,no,relationship_analysis,structured_missing_or_history_availability,possible_absence_of_history_or_unknown_record,structured_missing_handling_candidate_later,feature_engineering_and_modeling,True,not_integer_like; zero_heavy;,False,
bureau_prolong_sum,discrete_count_numeric,candidate_predictor,special_case_review,no,relationship_analysis,structured_missing_or_history_availability,possible_absence_of_history_or_unknown_record,structured_missing_handling_candidate_later,feature_engineering_and_modeling,True,zero_heavy;,False,
bureau_recent_12m_annuity_amount_max,continuous_amount_numeric,candidate_predictor,special_case_review,no,relationship_analysis,structured_missing_or_history_availability,possible_absence_of_history_or_unknown_record,structured_missing_handling_candidate_later,feature_engineering_and_modeling,True,high_missing; missing_gap_gt_20; extreme_skew;,True,missing_gap_gt_20; extreme_missing;
bureau_recent_12m_annuity_amount_mean,continuous_amount_numeric,candidate_predictor,special_case_review,no,relationship_analysis,structured_missing_or_history_availability,possible_absence_of_history_or_unknown_record,structured_missing_handling_candidate_later,feature_engineering_and_modeling,True,high_missing; missing_gap_gt_20; extreme_skew;,True,missing_gap_gt_20; extreme_missing;
bureau_recent_12m_annuity_amount_sum,continuous_amount_numeric,candidate_predictor,special_case_review,no,relationship_analysis,structured_missing_or_history_availability,possible_absence_of_history_or_unknown_record,structured_missing_handling_candidate_later,feature_engineering_and_modeling,True,high_missing; extreme_skew; zero_heavy;,False,
bureau_recent_12m_count,discrete_count_numeric,candidate_predictor,special_case_review,no,relationship_analysis,structured_missing_or_history_availability,possible_absence_of_history_or_unknown_record,structured_missing_handling_candidate_later,feature_engineering_and_modeling,False,,False,
bureau_recent_12m_credit_amount_max,continuous_amount_numeric,candidate_predictor,special_case_review,no,relationship_analysis,structured_missing_or_history_availability,possible_absence_of_history_or_unknown_record,structured_missing_handling_candidate_later,feature_engineering_and_modeling,True,high_missing; extreme_skew;,False,
bureau_recent_12m_credit_amount_mean,continuous_amount_numeric,candidate_predictor,special_case_review,no,relationship_analysis,structured_missing_or_history_availability,possible_absence_of_history_or_unknown_record,structured_missing_handling_candidate_later,feature_engineering_and_modeling,True,high_missing; extreme_skew;,False,
bureau_recent_12m_credit_amount_sum,continuous_amount_numeric,candidate_predictor,special_case_review,no,relationship_analysis,structured_missing_or_history_availability,possible_absence_of_history_or_unknown_record,structured_missing_handling_candidate_later,feature_engineering_and_modeling,True,high_missing; extreme_skew;,False,
bureau_recent_12m_debt_amount_max,continuous_amount_numeric,candidate_predictor,special_case_review,no,relationship_analysis,structured_missing_or_history_availability,possible_absence_of_history_or_unknown_record,structured_missing_handling_candidate_later,feature_engineering_and_modeling,True,high_missing; extreme_skew; negative_amount_value;,False,
bureau_recent_12m_debt_amount_mean,continuous_amount_numeric,candidate_predictor,special_case_review,no,relationship_analysis,structured_missing_or_history_availability,possible_absence_of_history_or_unknown_record,structured_missing_handling_candidate_later,feature_engineering_and_modeling,True,high_missing; extreme_skew; negative_amount_value;,False,
bureau_recent_12m_debt_amount_sum,continuous_amount_numeric,candidate_predictor,special_case_review,no,relationship_analysis,structured_missing_or_history_availability,possible_absence_of_history_or_unknown_record,structured_missing_handling_candidate_later,feature_engineering_and_modeling,True,high_missing; extreme_skew; negative_amount_value;,False,
bureau_recent_12m_limit_amount_max,continuous_amount_numeric,candidate_predictor,special_case_review,no,relationship_analysis,structured_missing_or_history_availability,possible_absence_of_history_or_unknown_record,structured_missing_handling_candidate_later,feature_engineering_and_modeling,True,high_missing; extreme_skew; zero_heavy; negative_amount_value;,False,
bureau_recent_12m_limit_amount_mean,continuous_amount_numeric,candidate_predictor,special_case_review,no,relationship_analysis,structured_missing_or_history_availability,possible_absence_of_history_or_unknown_record,structured_missing_handling_candidate_later,feature_engineering_and_modeling,True,high_missing; extreme_skew; zero_heavy; negative_amount_value;,False,
bureau_recent_12m_limit_amount_sum,continuous_amount_numeric,candidate_predictor,special_case_review,no,relationship_analysis,structured_missing_or_history_availability,possible_absence_of_history_or_unknown_record,structured_missing_handling_candidate_later,feature_engineering_and_modeling,True,high_missing; extreme_skew; zero_heavy; negative_amount_value;,False,
bureau_recent_12m_overdue_amount_max,continuous_amount_numeric,candidate_predictor,special_case_review,no,relationship_analysis,structured_missing_or_history_availability,possible_absence_of_history_or_unknown_record,structured_missing_handling_candidate_later,feature_engineering_and_modeling,True,high_missing; extreme_skew; zero_heavy;,False,
bureau_recent_12m_overdue_amount_mean,continuous_amount_numeric,candidate_predictor,special_case_review,no,relationship_analysis,structured_missing_or_history_availability,possible_absence_of_history_or_unknown_record,structured_missing_handling_candidate_later,feature_engineering_and_modeling,True,high_missing; extreme_skew; zero_heavy;,False,
bureau_recent_12m_overdue_amount_sum,continuous_amount_numeric,candidate_predictor,special_case_review,no,relationship_analysis,structured_missing_or_history_availability,possible_absence_of_history_or_unknown_record,structured_missing_handling_candidate_later,feature_engineering_and_modeling,True,high_missing; extreme_skew; zero_heavy;,False,
bureau_recent_12m_overdue_days_max,overdue_delay_numeric,candidate_predictor,special_case_review,no,relationship_analysis,structured_missing_or_history_availability,possible_absence_of_history_or_unknown_record,structured_missing_handling_candidate_later,feature_engineering_and_modeling,True,high_missing; has_late_delay_signal; severe_delay_signal; extreme_delay_signal; rare_severe_delay_signal;,False,
bureau_recent_12m_overdue_days_mean,overdue_delay_numeric,candidate_predictor,special_case_review,no,relationship_analysis,structured_missing_or_history_availability,possible_absence_of_history_or_unknown_record,structured_missing_handling_candidate_later,feature_engineering_and_modeling,True,high_missing; has_late_delay_signal; severe_delay_signal; extreme_delay_signal; rare_severe_delay_signal;,False,
bureau_recent_12m_overdue_days_sum,overdue_delay_numeric,candidate_predictor,special_case_review,no,relationship_analysis,structured_missing_or_history_availability,possible_absence_of_history_or_unknown_record,structured_missing_handling_candidate_later,feature_engineering_and_modeling,True,high_missing; has_late_delay_signal; severe_delay_signal; extreme_delay_signal; rare_severe_delay_signal;,False,
bureau_recent_12m_ratio,ratio_rate_numeric,candidate_predictor,special_case_review,no,relationship_analysis,structured_missing_or_history_availability,possible_absence_of_history_or_unknown_record,structured_missing_handling_candidate_later,feature_engineering_and_modeling,False,,False,
bureau_recent_24m_annuity_amount_max,continuous_amount_numeric,candidate_predictor,special_case_review,no,relationship_analysis,structured_missing_or_history_availability,possible_absence_of_history_or_unknown_record,structured_missing_handling_candidate_later,feature_engineering_and_modeling,True,high_missing; missing_gap_gt_20; extreme_skew;,True,missing_gap_gt_20; extreme_missing;
bureau_recent_24m_annuity_amount_mean,continuous_amount_numeric,candidate_predictor,special_case_review,no,relationship_analysis,structured_missing_or_history_availability,possible_absence_of_history_or_unknown_record,structured_missing_handling_candidate_later,feature_engineering_and_modeling,True,high_missing; missing_gap_gt_20; extreme_skew;,True,missing_gap_gt_20; extreme_missing;
bureau_recent_24m_annuity_amount_sum,continuous_amount_numeric,candidate_predictor,special_case_review,no,relationship_analysis,structured_missing_or_history_availability,possible_absence_of_history_or_unknown_record,structured_missing_handling_candidate_later,feature_engineering_and_modeling,True,extreme_skew;,False,
bureau_recent_24m_count,discrete_count_numeric,candidate_predictor,special_case_review,no,relationship_analysis,structured_missing_or_history_availability,possible_absence_of_history_or_unknown_record,structured_missing_handling_candidate_later,feature_engineering_and_modeling,False,,False,
bureau_recent_24m_credit_amount_max,continuous_amount_numeric,candidate_predictor,special_case_review,no,relationship_analysis,structured_missing_or_history_availability,possible_absence_of_history_or_unknown_record,structured_missing_handling_candidate_later,feature_engineering_and_modeling,True,extreme_skew;,False,
bureau_recent_24m_credit_amount_mean,continuous_amount_numeric,candidate_predictor,special_case_review,no,relationship_analysis,structured_missing_or_history_availability,possible_absence_of_history_or_unknown_record,structured_missing_handling_candidate_later,feature_engineering_and_modeling,True,extreme_skew;,False,
bureau_recent_24m_credit_amount_sum,continuous_amount_numeric,candidate_predictor,special_case_review,no,relationship_analysis,structured_missing_or_history_availability,possible_absence_of_history_or_unknown_record,structured_missing_handling_candidate_later,feature_engineering_and_modeling,True,extreme_skew;,False,
bureau_recent_24m_debt_amount_max,continuous_amount_numeric,candidate_predictor,special_case_review,no,relationship_analysis,structured_missing_or_history_availability,possible_absence_of_history_or_unknown_record,structured_missing_handling_candidate_later,feature_engineering_and_modeling,True,extreme_skew; negative_amount_value;,False,
bureau_recent_24m_debt_amount_mean,continuous_amount_numeric,candidate_predictor,special_case_review,no,relationship_analysis,structured_missing_or_history_availability,possible_absence_of_history_or_unknown_record,structured_missing_handling_candidate_later,feature_engineering_and_modeling,True,extreme_skew; negative_amount_value;,False,
bureau_recent_24m_debt_amount_sum,continuous_amount_numeric,candidate_predictor,special_case_review,no,relationship_analysis,structured_missing_or_history_availability,possible_absence_of_history_or_unknown_record,structured_missing_handling_candidate_later,feature_engineering_and_modeling,True,extreme_skew; negative_amount_value;,False,
bureau_recent_24m_limit_amount_max,continuous_amount_numeric,candidate_predictor,special_case_review,no,relationship_analysis,structured_missing_or_history_availability,possible_absence_of_history_or_unknown_record,structured_missing_handling_candidate_later,feature_engineering_and_modeling,True,extreme_skew; zero_heavy; negative_amount_value;,False,
bureau_recent_24m_limit_amount_mean,continuous_amount_numeric,candidate_predictor,special_case_review,no,relationship_analysis,structured_missing_or_history_availability,possible_absence_of_history_or_unknown_record,structured_missing_handling_candidate_later,feature_engineering_and_modeling,True,extreme_skew; zero_heavy; negative_amount_value;,False,
bureau_recent_24m_limit_amount_sum,continuous_amount_numeric,candidate_predictor,special_case_review,no,relationship_analysis,structured_missing_or_history_availability,possible_absence_of_history_or_unknown_record,structured_missing_handling_candidate_later,feature_engineering_and_modeling,True,extreme_skew; zero_heavy; negative_amount_value;,False,
bureau_recent_24m_overdue_amount_max,continuous_amount_numeric,candidate_predictor,special_case_review,no,relationship_analysis,structured_missing_or_history_availability,possible_absence_of_history_or_unknown_record,structured_missing_handling_candidate_later,feature_engineering_and_modeling,True,extreme_skew; zero_heavy;,False,
bureau_recent_24m_overdue_amount_mean,continuous_amount_numeric,candidate_predictor,special_case_review,no,relationship_analysis,structured_missing_or_history_availability,possible_absence_of_history_or_unknown_record,structured_missing_handling_candidate_later,feature_engineering_and_modeling,True,extreme_skew; zero_heavy;,False,
bureau_recent_24m_overdue_amount_sum,continuous_amount_numeric,candidate_predictor,special_case_review,no,relationship_analysis,structured_missing_or_history_availability,possible_absence_of_history_or_unknown_record,structured_missing_handling_candidate_later,feature_engineering_and_modeling,True,extreme_skew; zero_heavy;,False,
bureau_recent_24m_overdue_days_max,overdue_delay_numeric,candidate_predictor,special_case_review,no,relationship_analysis,structured_missing_or_history_availability,possible_absence_of_history_or_unknown_record,structured_missing_handling_candidate_later,feature_engineering_and_modeling,True,has_late_delay_signal; severe_delay_signal; extreme_delay_signal; rare_severe_delay_signal;,False,
bureau_recent_24m_overdue_days_mean,overdue_delay_numeric,candidate_predictor,special_case_review,no,relationship_analysis,structured_missing_or_history_availability,possible_absence_of_history_or_unknown_record,structured_missing_handling_candidate_later,feature_engineering_and_modeling,True,has_late_delay_signal; severe_delay_signal; extreme_delay_signal; rare_severe_delay_signal;,False,
bureau_recent_24m_overdue_days_sum,overdue_delay_numeric,candidate_predictor,special_case_review,no,relationship_analysis,structured_missing_or_history_availability,possible_absence_of_history_or_unknown_record,structured_missing_handling_candidate_later,feature_engineering_and_modeling,True,has_late_delay_signal; severe_delay_signal; extreme_delay_signal; rare_severe_delay_signal;,False,
bureau_recent_24m_ratio,ratio_rate_numeric,candidate_predictor,special_case_review,no,relationship_analysis,structured_missing_or_history_availability,possible_absence_of_history_or_unknown_record,structured_missing_handling_candidate_later,feature_engineering_and_modeling,False,,False,
bureau_recent_6m_count,discrete_count_numeric,candidate_predictor,special_case_review,no,relationship_analysis,structured_missing_or_history_availability,possible_absence_of_history_or_unknown_record,structured_missing_handling_candidate_later,feature_engineering_and_modeling,False,,False,
bureau_recent_6m_ratio,ratio_rate_numeric,candidate_predictor,special_case_review,no,relationship_analysis,structured_missing_or_history_availability,possible_absence_of_history_or_unknown_record,structured_missing_handling_candidate_later,feature_engineering_and_modeling,False,,False,
bureau_recent_update_12m_count,discrete_count_numeric,candidate_predictor,special_case_review,no,relationship_analysis,structured_missing_or_history_availability,possible_absence_of_history_or_unknown_record,structured_missing_handling_candidate_later,feature_engineering_and_modeling,False,,False,
bureau_recent_update_12m_ratio,ratio_rate_numeric,candidate_predictor,special_case_review,no,relationship_analysis,structured_missing_or_history_availability,possible_absence_of_history_or_unknown_record,structured_missing_handling_candidate_later,feature_engineering_and_modeling,False,,False,
bureau_recent_update_6m_count,discrete_count_numeric,candidate_predictor,special_case_review,no,relationship_analysis,structured_missing_or_history_availability,possible_absence_of_history_or_unknown_record,structured_missing_handling_candidate_later,feature_engineering_and_modeling,False,,False,
bureau_recent_update_6m_ratio,ratio_rate_numeric,candidate_predictor,special_case_review,no,relationship_analysis,structured_missing_or_history_availability,possible_absence_of_history_or_unknown_record,structured_missing_handling_candidate_later,feature_engineering_and_modeling,False,,False,
bureau_record_count,discrete_count_numeric,candidate_predictor,special_case_review,no,relationship_analysis,structured_missing_or_history_availability,possible_absence_of_history_or_unknown_record,structured_missing_handling_candidate_later,feature_engineering_and_modeling,False,,False,
bureau_record_per_credit_type_avg,continuous_amount_numeric,candidate_predictor,special_case_review,no,relationship_analysis,structured_missing_or_history_availability,possible_absence_of_history_or_unknown_record,structured_missing_handling_candidate_later,feature_engineering_and_modeling,False,,False,
bureau_sold_count,discrete_count_numeric,candidate_predictor,special_case_review,no,relationship_analysis,structured_missing_or_history_availability,possible_absence_of_history_or_unknown_record,structured_missing_handling_candidate_later,feature_engineering_and_modeling,True,zero_heavy;,False,
bureau_sold_ratio,ratio_rate_numeric,candidate_predictor,special_case_review,no,relationship_analysis,structured_missing_or_history_availability,possible_absence_of_history_or_unknown_record,structured_missing_handling_candidate_later,feature_engineering_and_modeling,True,zero_heavy; extreme_skew;,False,
bureau_total_annuity_to_credit_ratio,ratio_rate_numeric,candidate_predictor,special_case_review,no,relationship_analysis,structured_missing_or_history_availability,possible_absence_of_history_or_unknown_record,structured_missing_handling_candidate_later,feature_engineering_and_modeling,True,extreme_skew;,False,
bureau_total_debt_to_credit_ratio,ratio_rate_numeric,candidate_predictor,special_case_review,no,relationship_analysis,structured_missing_or_history_availability,possible_absence_of_history_or_unknown_record,structured_missing_handling_candidate_later,feature_engineering_and_modeling,True,negative_ratio_value; extreme_skew;,False,
bureau_total_overdue_to_credit_ratio,ratio_rate_numeric,candidate_predictor,special_case_review,no,relationship_analysis,structured_missing_or_history_availability,possible_absence_of_history_or_unknown_record,structured_missing_handling_candidate_later,feature_engineering_and_modeling,True,zero_heavy; extreme_skew;,False,
bureau_type_business_loan_count,discrete_count_numeric,candidate_predictor,special_case_review,no,relationship_analysis,structured_missing_or_history_availability,possible_absence_of_history_or_unknown_record,structured_missing_handling_candidate_later,feature_engineering_and_modeling,True,zero_heavy;,False,
bureau_type_business_loan_ratio,ratio_rate_numeric,candidate_predictor,special_case_review,no,relationship_analysis,structured_missing_or_history_availability,possible_absence_of_history_or_unknown_record,structured_missing_handling_candidate_later,feature_engineering_and_modeling,True,zero_heavy; extreme_skew;,False,
bureau_type_car_loan_count,discrete_count_numeric,candidate_predictor,special_case_review,no,relationship_analysis,structured_missing_or_history_availability,possible_absence_of_history_or_unknown_record,structured_missing_handling_candidate_later,feature_engineering_and_modeling,True,zero_heavy;,False,
bureau_type_car_loan_ratio,ratio_rate_numeric,candidate_predictor,special_case_review,no,relationship_analysis,structured_missing_or_history_availability,possible_absence_of_history_or_unknown_record,structured_missing_handling_candidate_later,feature_engineering_and_modeling,True,zero_heavy; extreme_skew;,False,
bureau_type_consumer_credit_count,discrete_count_numeric,candidate_predictor,special_case_review,no,relationship_analysis,structured_missing_or_history_availability,possible_absence_of_history_or_unknown_record,structured_missing_handling_candidate_later,feature_engineering_and_modeling,False,,False,
bureau_type_consumer_credit_ratio,ratio_rate_numeric,candidate_predictor,special_case_review,no,relationship_analysis,structured_missing_or_history_availability,possible_absence_of_history_or_unknown_record,structured_missing_handling_candidate_later,feature_engineering_and_modeling,False,,False,
bureau_type_credit_card_count,discrete_count_numeric,candidate_predictor,special_case_review,no,relationship_analysis,structured_missing_or_history_availability,possible_absence_of_history_or_unknown_record,structured_missing_handling_candidate_later,feature_engineering_and_modeling,False,,False,
bureau_type_credit_card_ratio,ratio_rate_numeric,candidate_predictor,special_case_review,no,relationship_analysis,structured_missing_or_history_availability,possible_absence_of_history_or_unknown_record,structured_missing_handling_candidate_later,feature_engineering_and_modeling,False,,False,
bureau_type_microloan_count,discrete_count_numeric,candidate_predictor,special_case_review,no,relationship_analysis,structured_missing_or_history_availability,possible_absence_of_history_or_unknown_record,structured_missing_handling_candidate_later,feature_engineering_and_modeling,True,zero_heavy;,False,
bureau_type_microloan_ratio,ratio_rate_numeric,candidate_predictor,special_case_review,no,relationship_analysis,structured_missing_or_history_availability,possible_absence_of_history_or_unknown_record,structured_missing_handling_candidate_later,feature_engineering_and_modeling,True,zero_heavy; extreme_skew;,False,
bureau_type_mortgage_count,discrete_count_numeric,candidate_predictor,special_case_review,no,relationship_analysis,structured_missing_or_history_availability,possible_absence_of_history_or_unknown_record,structured_missing_handling_candidate_later,feature_engineering_and_modeling,True,zero_heavy;,False,
bureau_type_mortgage_ratio,ratio_rate_numeric,candidate_predictor,special_case_review,no,relationship_analysis,structured_missing_or_history_availability,possible_absence_of_history_or_unknown_record,structured_missing_handling_candidate_later,feature_engineering_and_modeling,True,zero_heavy; extreme_skew;,False,
bureau_type_other_count,discrete_count_numeric,candidate_predictor,special_case_review,no,relationship_analysis,structured_missing_or_history_availability,possible_absence_of_history_or_unknown_record,structured_missing_handling_candidate_later,feature_engineering_and_modeling,True,zero_heavy;,False,
bureau_type_other_ratio,ratio_rate_numeric,candidate_predictor,special_case_review,no,relationship_analysis,structured_missing_or_history_availability,possible_absence_of_history_or_unknown_record,structured_missing_handling_candidate_later,feature_engineering_and_modeling,True,zero_heavy; extreme_skew;,False,
bureau_type_working_capital_loan_count,discrete_count_numeric,candidate_predictor,special_case_review,no,relationship_analysis,structured_missing_or_history_availability,possible_absence_of_history_or_unknown_record,structured_missing_handling_candidate_later,feature_engineering_and_modeling,True,zero_heavy;,False,
bureau_type_working_capital_loan_ratio,ratio_rate_numeric,candidate_predictor,special_case_review,no,relationship_analysis,structured_missing_or_history_availability,possible_absence_of_history_or_unknown_record,structured_missing_handling_candidate_later,feature_engineering_and_modeling,True,zero_heavy; extreme_skew;,False,
bureau_unique_credit_type_count,discrete_count_numeric,candidate_predictor,special_case_review,no,relationship_analysis,structured_missing_or_history_availability,possible_absence_of_history_or_unknown_record,structured_missing_handling_candidate_later,feature_engineering_and_modeling,False,,False,
bureau_unique_currency_count,discrete_count_numeric,candidate_predictor,special_case_review,no,relationship_analysis,structured_missing_or_history_availability,possible_absence_of_history_or_unknown_record,structured_missing_handling_candidate_later,feature_engineering_and_modeling,False,,False,
bureau_with_balance_count,discrete_count_numeric,candidate_predictor,special_case_review,no,relationship_analysis,structured_missing_or_history_availability,possible_absence_of_history_or_unknown_record,structured_missing_handling_candidate_later,feature_engineering_and_modeling,False,,False,
bureau_with_balance_ratio,ratio_rate_numeric,candidate_predictor,special_case_review,no,relationship_analysis,structured_missing_or_history_availability,possible_absence_of_history_or_unknown_record,structured_missing_handling_candidate_later,feature_engineering_and_modeling,False,,False,
bureau_without_balance_count,discrete_count_numeric,candidate_predictor,special_case_review,no,relationship_analysis,structured_missing_or_history_availability,possible_absence_of_history_or_unknown_record,structured_missing_handling_candidate_later,feature_engineering_and_modeling,False,,False,
bureau_without_balance_ratio,ratio_rate_numeric,candidate_predictor,special_case_review,no,relationship_analysis,structured_missing_or_history_availability,possible_absence_of_history_or_unknown_record,structured_missing_handling_candidate_later,feature_engineering_and_modeling,False,,False,
cc_atm_drawing_amount_max_max,continuous_amount_numeric,candidate_predictor,special_case_review,no,relationship_analysis,structured_missing_or_history_availability,possible_absence_of_history_or_unknown_record,structured_missing_handling_candidate_later,feature_engineering_and_modeling,True,high_missing;,True,extreme_missing;
cc_atm_drawing_amount_max_mean,continuous_amount_numeric,candidate_predictor,special_case_review,no,relationship_analysis,structured_missing_or_history_availability,possible_absence_of_history_or_unknown_record,structured_missing_handling_candidate_later,feature_engineering_and_modeling,True,high_missing;,True,extreme_missing;
cc_atm_drawing_amount_max_min,continuous_amount_numeric,candidate_predictor,special_case_review,no,relationship_analysis,structured_missing_or_history_availability,possible_absence_of_history_or_unknown_record,structured_missing_handling_candidate_later,feature_engineering_and_modeling,True,high_missing;,True,extreme_missing;
cc_atm_drawing_amount_max_sum,continuous_amount_numeric,candidate_predictor,special_case_review,no,relationship_analysis,structured_missing_or_history_availability,possible_absence_of_history_or_unknown_record,structured_missing_handling_candidate_later,feature_engineering_and_modeling,True,high_missing;,False,
cc_atm_drawing_amount_mean_max,continuous_amount_numeric,candidate_predictor,special_case_review,no,relationship_analysis,structured_missing_or_history_availability,possible_absence_of_history_or_unknown_record,structured_missing_handling_candidate_later,feature_engineering_and_modeling,True,high_missing; extreme_skew;,True,extreme_missing;
cc_atm_drawing_amount_mean_mean,continuous_amount_numeric,candidate_predictor,special_case_review,no,relationship_analysis,structured_missing_or_history_availability,possible_absence_of_history_or_unknown_record,structured_missing_handling_candidate_later,feature_engineering_and_modeling,True,high_missing; extreme_skew;,True,extreme_missing;
cc_atm_drawing_amount_mean_min,continuous_amount_numeric,candidate_predictor,special_case_review,no,relationship_analysis,structured_missing_or_history_availability,possible_absence_of_history_or_unknown_record,structured_missing_handling_candidate_later,feature_engineering_and_modeling,True,high_missing; extreme_skew;,True,extreme_missing;
cc_atm_drawing_amount_mean_sum,continuous_amount_numeric,candidate_predictor,special_case_review,no,relationship_analysis,structured_missing_or_history_availability,possible_absence_of_history_or_unknown_record,structured_missing_handling_candidate_later,feature_engineering_and_modeling,True,high_missing; extreme_skew;,False,
cc_atm_drawing_amount_sum_max,continuous_amount_numeric,candidate_predictor,special_case_review,no,relationship_analysis,structured_missing_or_history_availability,possible_absence_of_history_or_unknown_record,structured_missing_handling_candidate_later,feature_engineering_and_modeling,True,high_missing;,False,
cc_atm_drawing_amount_sum_mean,continuous_amount_numeric,candidate_predictor,special_case_review,no,relationship_analysis,structured_missing_or_history_availability,possible_absence_of_history_or_unknown_record,structured_missing_handling_candidate_later,feature_engineering_and_modeling,True,high_missing;,False,
cc_atm_drawing_amount_sum_min,continuous_amount_numeric,candidate_predictor,special_case_review,no,relationship_analysis,structured_missing_or_history_availability,possible_absence_of_history_or_unknown_record,structured_missing_handling_candidate_later,feature_engineering_and_modeling,True,high_missing;,False,
cc_atm_drawing_amount_sum_sum,continuous_amount_numeric,candidate_predictor,special_case_review,no,relationship_analysis,structured_missing_or_history_availability,possible_absence_of_history_or_unknown_record,structured_missing_handling_candidate_later,feature_engineering_and_modeling,True,high_missing;,False,
cc_atm_drawing_count_max_max,discrete_count_numeric,candidate_predictor,special_case_review,no,relationship_analysis,structured_missing_or_history_availability,possible_absence_of_history_or_unknown_record,structured_missing_handling_candidate_later,feature_engineering_and_modeling,True,high_missing;,True,extreme_missing;
cc_atm_drawing_count_max_mean,discrete_count_numeric,candidate_predictor,special_case_review,no,relationship_analysis,structured_missing_or_history_availability,possible_absence_of_history_or_unknown_record,structured_missing_handling_candidate_later,feature_engineering_and_modeling,True,high_missing; not_integer_like;,True,extreme_missing;
cc_atm_drawing_count_max_min,discrete_count_numeric,candidate_predictor,special_case_review,no,relationship_analysis,structured_missing_or_history_availability,possible_absence_of_history_or_unknown_record,structured_missing_handling_candidate_later,feature_engineering_and_modeling,True,high_missing;,True,extreme_missing;
cc_atm_drawing_count_max_sum,discrete_count_numeric,candidate_predictor,special_case_review,no,relationship_analysis,structured_missing_or_history_availability,possible_absence_of_history_or_unknown_record,structured_missing_handling_candidate_later,feature_engineering_and_modeling,True,high_missing;,False,
cc_atm_drawing_count_mean_max,discrete_count_numeric,candidate_predictor,special_case_review,no,relationship_analysis,structured_missing_or_history_availability,possible_absence_of_history_or_unknown_record,structured_missing_handling_candidate_later,feature_engineering_and_modeling,True,high_missing; not_integer_like;,True,extreme_missing;
cc_atm_drawing_count_mean_mean,discrete_count_numeric,candidate_predictor,special_case_review,no,relationship_analysis,structured_missing_or_history_availability,possible_absence_of_history_or_unknown_record,structured_missing_handling_candidate_later,feature_engineering_and_modeling,True,high_missing; not_integer_like;,True,extreme_missing;
cc_atm_drawing_count_mean_min,discrete_count_numeric,candidate_predictor,special_case_review,no,relationship_analysis,structured_missing_or_history_availability,possible_absence_of_history_or_unknown_record,structured_missing_handling_candidate_later,feature_engineering_and_modeling,True,high_missing; not_integer_like;,True,extreme_missing;
cc_atm_drawing_count_mean_sum,discrete_count_numeric,candidate_predictor,special_case_review,no,relationship_analysis,structured_missing_or_history_availability,possible_absence_of_history_or_unknown_record,structured_missing_handling_candidate_later,feature_engineering_and_modeling,True,high_missing; not_integer_like;,False,
cc_atm_drawing_count_sum_max,discrete_count_numeric,candidate_predictor,special_case_review,no,relationship_analysis,structured_missing_or_history_availability,possible_absence_of_history_or_unknown_record,structured_missing_handling_candidate_later,feature_engineering_and_modeling,True,high_missing; extreme_count_tail;,False,
cc_atm_drawing_count_sum_mean,discrete_count_numeric,candidate_predictor,special_case_review,no,relationship_analysis,structured_missing_or_history_availability,possible_absence_of_history_or_unknown_record,structured_missing_handling_candidate_later,feature_engineering_and_modeling,True,high_missing; not_integer_like; extreme_count_tail;,False,
cc_atm_drawing_count_sum_min,discrete_count_numeric,candidate_predictor,special_case_review,no,relationship_analysis,structured_missing_or_history_availability,possible_absence_of_history_or_unknown_record,structured_missing_handling_candidate_later,feature_engineering_and_modeling,True,high_missing; extreme_count_tail;,False,
cc_atm_drawing_count_sum_sum,discrete_count_numeric,candidate_predictor,special_case_review,no,relationship_analysis,structured_missing_or_history_availability,possible_absence_of_history_or_unknown_record,structured_missing_handling_candidate_later,feature_engineering_and_modeling,True,high_missing; extreme_count_tail;,False,
cc_atm_drawing_share_max_max,ratio_rate_numeric,candidate_predictor,special_case_review,no,relationship_analysis,structured_missing_or_history_availability,possible_absence_of_history_or_unknown_record,structured_missing_handling_candidate_later,feature_engineering_and_modeling,True,high_missing; high_outlier_burden;,True,extreme_missing;
cc_atm_drawing_share_max_mean,ratio_rate_numeric,candidate_predictor,special_case_review,no,relationship_analysis,structured_missing_or_history_availability,possible_absence_of_history_or_unknown_record,structured_missing_handling_candidate_later,feature_engineering_and_modeling,True,high_missing; high_outlier_burden;,True,extreme_missing;
cc_atm_drawing_share_max_min,ratio_rate_numeric,candidate_predictor,special_case_review,no,relationship_analysis,structured_missing_or_history_availability,possible_absence_of_history_or_unknown_record,structured_missing_handling_candidate_later,feature_engineering_and_modeling,True,high_missing; high_outlier_burden;,True,extreme_missing;
cc_atm_drawing_share_max_sum,ratio_rate_numeric,candidate_predictor,special_case_review,no,relationship_analysis,structured_missing_or_history_availability,possible_absence_of_history_or_unknown_record,structured_missing_handling_candidate_later,feature_engineering_and_modeling,True,high_missing;,False,
cc_atm_drawing_share_mean_max,ratio_rate_numeric,candidate_predictor,special_case_review,no,relationship_analysis,structured_missing_or_history_availability,possible_absence_of_history_or_unknown_record,structured_missing_handling_candidate_later,feature_engineering_and_modeling,True,high_missing;,True,extreme_missing;
cc_atm_drawing_share_mean_mean,ratio_rate_numeric,candidate_predictor,special_case_review,no,relationship_analysis,structured_missing_or_history_availability,possible_absence_of_history_or_unknown_record,structured_missing_handling_candidate_later,feature_engineering_and_modeling,True,high_missing;,True,extreme_missing;
cc_atm_drawing_share_mean_min,ratio_rate_numeric,candidate_predictor,special_case_review,no,relationship_analysis,structured_missing_or_history_availability,possible_absence_of_history_or_unknown_record,structured_missing_handling_candidate_later,feature_engineering_and_modeling,True,high_missing;,True,extreme_missing;
cc_atm_drawing_share_mean_sum,ratio_rate_numeric,candidate_predictor,special_case_review,no,relationship_analysis,structured_missing_or_history_availability,possible_absence_of_history_or_unknown_record,structured_missing_handling_candidate_later,feature_engineering_and_modeling,True,high_missing;,False,
cc_atm_drawing_share_min_max,ratio_rate_numeric,candidate_predictor,special_case_review,no,relationship_analysis,structured_missing_or_history_availability,possible_absence_of_history_or_unknown_record,structured_missing_handling_candidate_later,feature_engineering_and_modeling,True,high_missing;,True,extreme_missing;
cc_atm_drawing_share_min_mean,ratio_rate_numeric,candidate_predictor,special_case_review,no,relationship_analysis,structured_missing_or_history_availability,possible_absence_of_history_or_unknown_record,structured_missing_handling_candidate_later,feature_engineering_and_modeling,True,high_missing;,True,extreme_missing;
cc_atm_drawing_share_min_min,ratio_rate_numeric,candidate_predictor,special_case_review,no,relationship_analysis,structured_missing_or_history_availability,possible_absence_of_history_or_unknown_record,structured_missing_handling_candidate_later,feature_engineering_and_modeling,True,high_missing;,True,extreme_missing;
cc_atm_drawing_share_min_sum,ratio_rate_numeric,candidate_predictor,special_case_review,no,relationship_analysis,structured_missing_or_history_availability,possible_absence_of_history_or_unknown_record,structured_missing_handling_candidate_later,feature_engineering_and_modeling,True,high_missing;,False,
cc_balance_max_max,continuous_amount_numeric,candidate_predictor,special_case_review,no,relationship_analysis,structured_missing_or_history_availability,possible_absence_of_history_or_unknown_record,structured_missing_handling_candidate_later,feature_engineering_and_modeling,True,high_missing;,False,
cc_balance_max_mean,continuous_amount_numeric,candidate_predictor,special_case_review,no,relationship_analysis,structured_missing_or_history_availability,possible_absence_of_history_or_unknown_record,structured_missing_handling_candidate_later,feature_engineering_and_modeling,True,high_missing;,False,
cc_balance_max_min,continuous_amount_numeric,candidate_predictor,special_case_review,no,relationship_analysis,structured_missing_or_history_availability,possible_absence_of_history_or_unknown_record,structured_missing_handling_candidate_later,feature_engineering_and_modeling,True,high_missing;,False,
cc_balance_max_sum,continuous_amount_numeric,candidate_predictor,special_case_review,no,relationship_analysis,structured_missing_or_history_availability,possible_absence_of_history_or_unknown_record,structured_missing_handling_candidate_later,feature_engineering_and_modeling,True,high_missing;,False,
cc_balance_mean_max,continuous_amount_numeric,candidate_predictor,special_case_review,no,relationship_analysis,structured_missing_or_history_availability,possible_absence_of_history_or_unknown_record,structured_missing_handling_candidate_later,feature_engineering_and_modeling,True,high_missing; negative_amount_value;,False,
cc_balance_mean_mean,continuous_amount_numeric,candidate_predictor,special_case_review,no,relationship_analysis,structured_missing_or_history_availability,possible_absence_of_history_or_unknown_record,structured_missing_handling_candidate_later,feature_engineering_and_modeling,True,high_missing; negative_amount_value;,False,
cc_balance_mean_min,continuous_amount_numeric,candidate_predictor,special_case_review,no,relationship_analysis,structured_missing_or_history_availability,possible_absence_of_history_or_unknown_record,structured_missing_handling_candidate_later,feature_engineering_and_modeling,True,high_missing; negative_amount_value;,False,
cc_balance_mean_sum,continuous_amount_numeric,candidate_predictor,special_case_review,no,relationship_analysis,structured_missing_or_history_availability,possible_absence_of_history_or_unknown_record,structured_missing_handling_candidate_later,feature_engineering_and_modeling,True,high_missing; negative_amount_value;,False,
cc_balance_min_max,continuous_amount_numeric,candidate_predictor,special_case_review,no,relationship_analysis,structured_missing_or_history_availability,possible_absence_of_history_or_unknown_record,structured_missing_handling_candidate_later,feature_engineering_and_modeling,True,high_missing; extreme_skew; zero_heavy; negative_amount_value;,False,
cc_balance_min_mean,continuous_amount_numeric,candidate_predictor,special_case_review,no,relationship_analysis,structured_missing_or_history_availability,possible_absence_of_history_or_unknown_record,structured_missing_handling_candidate_later,feature_engineering_and_modeling,True,high_missing; extreme_skew; zero_heavy; negative_amount_value;,False,
cc_balance_min_min,continuous_amount_numeric,candidate_predictor,special_case_review,no,relationship_analysis,structured_missing_or_history_availability,possible_absence_of_history_or_unknown_record,structured_missing_handling_candidate_later,feature_engineering_and_modeling,True,high_missing; extreme_skew; zero_heavy; negative_amount_value;,False,
cc_balance_min_sum,continuous_amount_numeric,candidate_predictor,special_case_review,no,relationship_analysis,structured_missing_or_history_availability,possible_absence_of_history_or_unknown_record,structured_missing_handling_candidate_later,feature_engineering_and_modeling,True,high_missing; extreme_skew; zero_heavy; negative_amount_value;,False,
cc_balance_range_max,continuous_stat_numeric,candidate_predictor,special_case_review,no,relationship_analysis,structured_missing_or_history_availability,possible_absence_of_history_or_unknown_record,structured_missing_handling_candidate_later,feature_engineering_and_modeling,True,high_missing;,False,
cc_balance_range_mean,continuous_stat_numeric,candidate_predictor,special_case_review,no,relationship_analysis,structured_missing_or_history_availability,possible_absence_of_history_or_unknown_record,structured_missing_handling_candidate_later,feature_engineering_and_modeling,True,high_missing;,False,
cc_balance_range_min,continuous_stat_numeric,candidate_predictor,special_case_review,no,relationship_analysis,structured_missing_or_history_availability,possible_absence_of_history_or_unknown_record,structured_missing_handling_candidate_later,feature_engineering_and_modeling,True,high_missing;,False,
cc_balance_range_sum,continuous_stat_numeric,candidate_predictor,special_case_review,no,relationship_analysis,structured_missing_or_history_availability,possible_absence_of_history_or_unknown_record,structured_missing_handling_candidate_later,feature_engineering_and_modeling,True,high_missing;,False,
cc_balance_std_max,continuous_stat_numeric,candidate_predictor,special_case_review,no,relationship_analysis,structured_missing_or_history_availability,possible_absence_of_history_or_unknown_record,structured_missing_handling_candidate_later,feature_engineering_and_modeling,True,high_missing;,False,
cc_balance_std_mean,continuous_stat_numeric,candidate_predictor,special_case_review,no,relationship_analysis,structured_missing_or_history_availability,possible_absence_of_history_or_unknown_record,structured_missing_handling_candidate_later,feature_engineering_and_modeling,True,high_missing;,False,
cc_balance_std_min,continuous_stat_numeric,candidate_predictor,special_case_review,no,relationship_analysis,structured_missing_or_history_availability,possible_absence_of_history_or_unknown_record,structured_missing_handling_candidate_later,feature_engineering_and_modeling,True,high_missing;,False,
cc_balance_std_sum,continuous_stat_numeric,candidate_predictor,special_case_review,no,relationship_analysis,structured_missing_or_history_availability,possible_absence_of_history_or_unknown_record,structured_missing_handling_candidate_later,feature_engineering_and_modeling,True,high_missing;,False,
cc_balance_sum_max,continuous_amount_numeric,candidate_predictor,special_case_review,no,relationship_analysis,structured_missing_or_history_availability,possible_absence_of_history_or_unknown_record,structured_missing_handling_candidate_later,feature_engineering_and_modeling,True,high_missing; negative_amount_value;,False,
cc_balance_sum_mean,continuous_amount_numeric,candidate_predictor,special_case_review,no,relationship_analysis,structured_missing_or_history_availability,possible_absence_of_history_or_unknown_record,structured_missing_handling_candidate_later,feature_engineering_and_modeling,True,high_missing; negative_amount_value;,False,
cc_balance_sum_min,continuous_amount_numeric,candidate_predictor,special_case_review,no,relationship_analysis,structured_missing_or_history_availability,possible_absence_of_history_or_unknown_record,structured_missing_handling_candidate_later,feature_engineering_and_modeling,True,high_missing; negative_amount_value;,False,
cc_balance_sum_sum,continuous_amount_numeric,candidate_predictor,special_case_review,no,relationship_analysis,structured_missing_or_history_availability,possible_absence_of_history_or_unknown_record,structured_missing_handling_candidate_later,feature_engineering_and_modeling,True,high_missing; negative_amount_value;,False,
cc_contract_count,discrete_count_numeric,candidate_predictor,special_case_review,no,relationship_analysis,structured_missing_or_history_availability,possible_absence_of_history_or_unknown_record,structured_missing_handling_candidate_later,feature_engineering_and_modeling,True,high_missing;,False,
cc_contract_with_dpd_30plus_count,binary_flag,candidate_predictor,special_case_review,no,relationship_analysis,structured_missing_or_history_availability,possible_absence_of_history_or_unknown_record,structured_missing_handling_candidate_later,feature_engineering_and_modeling,,,False,
cc_contract_with_dpd_30plus_ratio,ratio_rate_numeric,candidate_predictor,special_case_review,no,relationship_analysis,structured_missing_or_history_availability,possible_absence_of_history_or_unknown_record,structured_missing_handling_candidate_later,feature_engineering_and_modeling,True,high_missing; zero_heavy; extreme_skew;,False,
cc_contract_with_dpd_60plus_count,binary_flag,candidate_predictor,special_case_review,no,relationship_analysis,structured_missing_or_history_availability,possible_absence_of_history_or_unknown_record,structured_missing_handling_candidate_later,feature_engineering_and_modeling,,,False,
cc_contract_with_dpd_60plus_ratio,ratio_rate_numeric,candidate_predictor,special_case_review,no,relationship_analysis,structured_missing_or_history_availability,possible_absence_of_history_or_unknown_record,structured_missing_handling_candidate_later,feature_engineering_and_modeling,True,high_missing; zero_heavy; extreme_skew;,False,
cc_contract_with_dpd_90plus_count,binary_flag,candidate_predictor,special_case_review,no,relationship_analysis,structured_missing_or_history_availability,possible_absence_of_history_or_unknown_record,structured_missing_handling_candidate_later,feature_engineering_and_modeling,,,False,
cc_contract_with_dpd_90plus_ratio,ratio_rate_numeric,candidate_predictor,special_case_review,no,relationship_analysis,structured_missing_or_history_availability,possible_absence_of_history_or_unknown_record,structured_missing_handling_candidate_later,feature_engineering_and_modeling,True,high_missing; zero_heavy; extreme_skew;,False,
cc_contract_with_dpd_count,discrete_count_numeric,candidate_predictor,special_case_review,no,relationship_analysis,structured_missing_or_history_availability,possible_absence_of_history_or_unknown_record,structured_missing_handling_candidate_later,feature_engineering_and_modeling,True,high_missing;,False,
cc_contract_with_dpd_def_30plus_count,binary_flag,candidate_predictor,special_case_review,no,relationship_analysis,rare_or_near_constant_binary_flag | structured_missing_or_history_availability,near_constant_binary_flag | possible_absence_of_history_or_unknown_record,keep_as_binary_candidate_and_validate_predictive_value_later | structured_missing_handling_candidate_later,bivariate_multivariate_and_modeling | feature_engineering_and_modeling,,,False,
cc_contract_with_dpd_def_30plus_ratio,ratio_rate_numeric,candidate_predictor,special_case_review,no,relationship_analysis,structured_missing_or_history_availability,possible_absence_of_history_or_unknown_record,structured_missing_handling_candidate_later,feature_engineering_and_modeling,True,high_missing; zero_heavy; extreme_skew;,False,
cc_contract_with_dpd_def_60plus_count,binary_flag,candidate_predictor,special_case_review,no,relationship_analysis,rare_or_near_constant_binary_flag | structured_missing_or_history_availability,near_constant_binary_flag | possible_absence_of_history_or_unknown_record,keep_as_binary_candidate_and_validate_predictive_value_later | structured_missing_handling_candidate_later,bivariate_multivariate_and_modeling | feature_engineering_and_modeling,,,False,
cc_contract_with_dpd_def_60plus_ratio,ratio_rate_numeric,candidate_predictor,special_case_review,no,relationship_analysis,structured_missing_or_history_availability,possible_absence_of_history_or_unknown_record,structured_missing_handling_candidate_later,feature_engineering_and_modeling,True,high_missing; zero_heavy; extreme_skew;,False,
cc_contract_with_dpd_def_90plus_count,binary_flag,candidate_predictor,special_case_review,no,relationship_analysis,rare_or_near_constant_binary_flag | structured_missing_or_history_availability,almost_constant_binary_flag | possible_absence_of_history_or_unknown_record,keep_as_binary_candidate_and_validate_predictive_value_later | structured_missing_handling_candidate_later,bivariate_multivariate_and_modeling | feature_engineering_and_modeling,,,False,
cc_contract_with_dpd_def_90plus_ratio,ratio_rate_numeric,candidate_predictor,special_case_review,no,relationship_analysis,structured_missing_or_history_availability,possible_absence_of_history_or_unknown_record,structured_missing_handling_candidate_later,feature_engineering_and_modeling,True,high_missing; zero_heavy; extreme_skew;,False,
cc_contract_with_dpd_def_count,discrete_count_numeric,candidate_predictor,special_case_review,no,relationship_analysis,structured_missing_or_history_availability,possible_absence_of_history_or_unknown_record,structured_missing_handling_candidate_later,feature_engineering_and_modeling,True,high_missing; zero_heavy;,False,
cc_contract_with_dpd_def_ratio,ratio_rate_numeric,candidate_predictor,special_case_review,no,relationship_analysis,structured_missing_or_history_availability,possible_absence_of_history_or_unknown_record,structured_missing_handling_candidate_later,feature_engineering_and_modeling,True,high_missing; zero_heavy;,False,
cc_contract_with_dpd_ratio,ratio_rate_numeric,candidate_predictor,special_case_review,no,relationship_analysis,structured_missing_or_history_availability,possible_absence_of_history_or_unknown_record,structured_missing_handling_candidate_later,feature_engineering_and_modeling,True,high_missing;,False,
cc_contract_with_high_utilization_100plus_count,ratio_rate_numeric,candidate_predictor,special_case_review,no,relationship_analysis,structured_missing_or_history_availability,possible_absence_of_history_or_unknown_record,structured_missing_handling_candidate_later,feature_engineering_and_modeling,True,high_missing;,False,
cc_contract_with_high_utilization_100plus_ratio,ratio_rate_numeric,candidate_predictor,special_case_review,no,relationship_analysis,structured_missing_or_history_availability,possible_absence_of_history_or_unknown_record,structured_missing_handling_candidate_later,feature_engineering_and_modeling,True,high_missing;,False,
cc_contract_with_high_utilization_80plus_count,ratio_rate_numeric,candidate_predictor,special_case_review,no,relationship_analysis,structured_missing_or_history_availability,possible_absence_of_history_or_unknown_record,structured_missing_handling_candidate_later,feature_engineering_and_modeling,True,high_missing;,False,
cc_contract_with_high_utilization_80plus_ratio,ratio_rate_numeric,candidate_predictor,special_case_review,no,relationship_analysis,structured_missing_or_history_availability,possible_absence_of_history_or_unknown_record,structured_missing_handling_candidate_later,feature_engineering_and_modeling,True,high_missing;,False,
cc_contract_with_limit_change_count,discrete_count_numeric,candidate_predictor,special_case_review,no,relationship_analysis,structured_missing_or_history_availability,possible_absence_of_history_or_unknown_record,structured_missing_handling_candidate_later,feature_engineering_and_modeling,True,high_missing;,False,
cc_contract_with_limit_change_ratio,ratio_rate_numeric,candidate_predictor,special_case_review,no,relationship_analysis,structured_missing_or_history_availability,possible_absence_of_history_or_unknown_record,structured_missing_handling_candidate_later,feature_engineering_and_modeling,True,high_missing;,False,
cc_contract_with_no_payment_with_balance_count,discrete_count_numeric,candidate_predictor,special_case_review,no,relationship_analysis,structured_missing_or_history_availability,possible_absence_of_history_or_unknown_record,structured_missing_handling_candidate_later,feature_engineering_and_modeling,True,high_missing;,False,
cc_contract_with_no_payment_with_balance_ratio,ratio_rate_numeric,candidate_predictor,special_case_review,no,relationship_analysis,structured_missing_or_history_availability,possible_absence_of_history_or_unknown_record,structured_missing_handling_candidate_later,feature_engineering_and_modeling,True,high_missing;,False,
cc_contract_with_payment_less_than_min_count,discrete_count_numeric,candidate_predictor,special_case_review,no,relationship_analysis,structured_missing_or_history_availability,possible_absence_of_history_or_unknown_record,structured_missing_handling_candidate_later,feature_engineering_and_modeling,True,high_missing;,False,
cc_contract_with_payment_less_than_min_ratio,ratio_rate_numeric,candidate_predictor,special_case_review,no,relationship_analysis,structured_missing_or_history_availability,possible_absence_of_history_or_unknown_record,structured_missing_handling_candidate_later,feature_engineering_and_modeling,True,high_missing;,False,
cc_credit_limit_max_max,continuous_amount_numeric,candidate_predictor,special_case_review,no,relationship_analysis,structured_missing_or_history_availability,possible_absence_of_history_or_unknown_record,structured_missing_handling_candidate_later,feature_engineering_and_modeling,True,high_missing;,False,
cc_credit_limit_max_mean,continuous_amount_numeric,candidate_predictor,special_case_review,no,relationship_analysis,structured_missing_or_history_availability,possible_absence_of_history_or_unknown_record,structured_missing_handling_candidate_later,feature_engineering_and_modeling,True,high_missing;,False,
cc_credit_limit_max_min,continuous_amount_numeric,candidate_predictor,special_case_review,no,relationship_analysis,structured_missing_or_history_availability,possible_absence_of_history_or_unknown_record,structured_missing_handling_candidate_later,feature_engineering_and_modeling,True,high_missing;,False,
cc_credit_limit_max_sum,continuous_amount_numeric,candidate_predictor,special_case_review,no,relationship_analysis,structured_missing_or_history_availability,possible_absence_of_history_or_unknown_record,structured_missing_handling_candidate_later,feature_engineering_and_modeling,True,high_missing;,False,
cc_credit_limit_mean_max,continuous_amount_numeric,candidate_predictor,special_case_review,no,relationship_analysis,structured_missing_or_history_availability,possible_absence_of_history_or_unknown_record,structured_missing_handling_candidate_later,feature_engineering_and_modeling,True,high_missing;,False,
cc_credit_limit_mean_mean,continuous_amount_numeric,candidate_predictor,special_case_review,no,relationship_analysis,structured_missing_or_history_availability,possible_absence_of_history_or_unknown_record,structured_missing_handling_candidate_later,feature_engineering_and_modeling,True,high_missing;,False,
cc_credit_limit_mean_min,continuous_amount_numeric,candidate_predictor,special_case_review,no,relationship_analysis,structured_missing_or_history_availability,possible_absence_of_history_or_unknown_record,structured_missing_handling_candidate_later,feature_engineering_and_modeling,True,high_missing;,False,
cc_credit_limit_mean_sum,continuous_amount_numeric,candidate_predictor,special_case_review,no,relationship_analysis,structured_missing_or_history_availability,possible_absence_of_history_or_unknown_record,structured_missing_handling_candidate_later,feature_engineering_and_modeling,True,high_missing;,False,
cc_credit_limit_min_max,continuous_amount_numeric,candidate_predictor,special_case_review,no,relationship_analysis,structured_missing_or_history_availability,possible_absence_of_history_or_unknown_record,structured_missing_handling_candidate_later,feature_engineering_and_modeling,True,high_missing;,False,
cc_credit_limit_min_mean,continuous_amount_numeric,candidate_predictor,special_case_review,no,relationship_analysis,structured_missing_or_history_availability,possible_absence_of_history_or_unknown_record,structured_missing_handling_candidate_later,feature_engineering_and_modeling,True,high_missing;,False,
cc_credit_limit_min_min,continuous_amount_numeric,candidate_predictor,special_case_review,no,relationship_analysis,structured_missing_or_history_availability,possible_absence_of_history_or_unknown_record,structured_missing_handling_candidate_later,feature_engineering_and_modeling,True,high_missing;,False,
cc_credit_limit_min_sum,continuous_amount_numeric,candidate_predictor,special_case_review,no,relationship_analysis,structured_missing_or_history_availability,possible_absence_of_history_or_unknown_record,structured_missing_handling_candidate_later,feature_engineering_and_modeling,True,high_missing;,False,
cc_credit_limit_range_max,continuous_stat_numeric,candidate_predictor,special_case_review,no,relationship_analysis,structured_missing_or_history_availability,possible_absence_of_history_or_unknown_record,structured_missing_handling_candidate_later,feature_engineering_and_modeling,True,high_missing;,False,
cc_credit_limit_range_mean,continuous_stat_numeric,candidate_predictor,special_case_review,no,relationship_analysis,structured_missing_or_history_availability,possible_absence_of_history_or_unknown_record,structured_missing_handling_candidate_later,feature_engineering_and_modeling,True,high_missing;,False,
cc_credit_limit_range_min,continuous_stat_numeric,candidate_predictor,special_case_review,no,relationship_analysis,structured_missing_or_history_availability,possible_absence_of_history_or_unknown_record,structured_missing_handling_candidate_later,feature_engineering_and_modeling,True,high_missing;,False,
cc_credit_limit_range_sum,continuous_stat_numeric,candidate_predictor,special_case_review,no,relationship_analysis,structured_missing_or_history_availability,possible_absence_of_history_or_unknown_record,structured_missing_handling_candidate_later,feature_engineering_and_modeling,True,high_missing;,False,
cc_credit_limit_std_max,continuous_stat_numeric,candidate_predictor,special_case_review,no,relationship_analysis,structured_missing_or_history_availability,possible_absence_of_history_or_unknown_record,structured_missing_handling_candidate_later,feature_engineering_and_modeling,True,high_missing;,False,
cc_credit_limit_std_mean,continuous_stat_numeric,candidate_predictor,special_case_review,no,relationship_analysis,structured_missing_or_history_availability,possible_absence_of_history_or_unknown_record,structured_missing_handling_candidate_later,feature_engineering_and_modeling,True,high_missing;,False,
cc_credit_limit_std_min,continuous_stat_numeric,candidate_predictor,special_case_review,no,relationship_analysis,structured_missing_or_history_availability,possible_absence_of_history_or_unknown_record,structured_missing_handling_candidate_later,feature_engineering_and_modeling,True,high_missing;,False,
cc_credit_limit_std_sum,continuous_stat_numeric,candidate_predictor,special_case_review,no,relationship_analysis,structured_missing_or_history_availability,possible_absence_of_history_or_unknown_record,structured_missing_handling_candidate_later,feature_engineering_and_modeling,True,high_missing;,False,
cc_credit_limit_unique_count_max,discrete_count_numeric,candidate_predictor,special_case_review,no,relationship_analysis,structured_missing_or_history_availability,possible_absence_of_history_or_unknown_record,structured_missing_handling_candidate_later,feature_engineering_and_modeling,True,high_missing;,False,
cc_credit_limit_unique_count_mean,discrete_count_numeric,candidate_predictor,special_case_review,no,relationship_analysis,structured_missing_or_history_availability,possible_absence_of_history_or_unknown_record,structured_missing_handling_candidate_later,feature_engineering_and_modeling,True,high_missing; not_integer_like;,False,
cc_credit_limit_unique_count_sum,discrete_count_numeric,candidate_predictor,special_case_review,no,relationship_analysis,structured_missing_or_history_availability,possible_absence_of_history_or_unknown_record,structured_missing_handling_candidate_later,feature_engineering_and_modeling,True,high_missing;,False,
cc_credit_utilization_capped_max_max,ratio_rate_numeric,candidate_predictor,special_case_review,no,relationship_analysis,structured_missing_or_history_availability,possible_absence_of_history_or_unknown_record,structured_missing_handling_candidate_later,feature_engineering_and_modeling,True,high_missing;,False,
cc_credit_utilization_capped_max_mean,ratio_rate_numeric,candidate_predictor,special_case_review,no,relationship_analysis,structured_missing_or_history_availability,possible_absence_of_history_or_unknown_record,structured_missing_handling_candidate_later,feature_engineering_and_modeling,True,high_missing;,False,
cc_credit_utilization_capped_max_min,ratio_rate_numeric,candidate_predictor,special_case_review,no,relationship_analysis,structured_missing_or_history_availability,possible_absence_of_history_or_unknown_record,structured_missing_handling_candidate_later,feature_engineering_and_modeling,True,high_missing;,False,
cc_credit_utilization_capped_max_sum,ratio_rate_numeric,candidate_predictor,special_case_review,no,relationship_analysis,structured_missing_or_history_availability,possible_absence_of_history_or_unknown_record,structured_missing_handling_candidate_later,feature_engineering_and_modeling,True,high_missing;,False,
cc_credit_utilization_capped_mean_max,ratio_rate_numeric,candidate_predictor,special_case_review,no,relationship_analysis,structured_missing_or_history_availability,possible_absence_of_history_or_unknown_record,structured_missing_handling_candidate_later,feature_engineering_and_modeling,True,high_missing;,False,
cc_credit_utilization_capped_mean_mean,ratio_rate_numeric,candidate_predictor,special_case_review,no,relationship_analysis,structured_missing_or_history_availability,possible_absence_of_history_or_unknown_record,structured_missing_handling_candidate_later,feature_engineering_and_modeling,True,high_missing;,False,
cc_credit_utilization_capped_mean_min,ratio_rate_numeric,candidate_predictor,special_case_review,no,relationship_analysis,structured_missing_or_history_availability,possible_absence_of_history_or_unknown_record,structured_missing_handling_candidate_later,feature_engineering_and_modeling,True,high_missing;,False,
cc_credit_utilization_capped_mean_sum,ratio_rate_numeric,candidate_predictor,special_case_review,no,relationship_analysis,structured_missing_or_history_availability,possible_absence_of_history_or_unknown_record,structured_missing_handling_candidate_later,feature_engineering_and_modeling,True,high_missing;,False,
cc_credit_utilization_capped_min_max,ratio_rate_numeric,candidate_predictor,special_case_review,no,relationship_analysis,structured_missing_or_history_availability,possible_absence_of_history_or_unknown_record,structured_missing_handling_candidate_later,feature_engineering_and_modeling,True,high_missing; zero_heavy;,False,
cc_credit_utilization_capped_min_mean,ratio_rate_numeric,candidate_predictor,special_case_review,no,relationship_analysis,structured_missing_or_history_availability,possible_absence_of_history_or_unknown_record,structured_missing_handling_candidate_later,feature_engineering_and_modeling,True,high_missing; zero_heavy;,False,
cc_credit_utilization_capped_min_min,ratio_rate_numeric,candidate_predictor,special_case_review,no,relationship_analysis,structured_missing_or_history_availability,possible_absence_of_history_or_unknown_record,structured_missing_handling_candidate_later,feature_engineering_and_modeling,True,high_missing; zero_heavy;,False,
cc_credit_utilization_capped_min_sum,ratio_rate_numeric,candidate_predictor,special_case_review,no,relationship_analysis,structured_missing_or_history_availability,possible_absence_of_history_or_unknown_record,structured_missing_handling_candidate_later,feature_engineering_and_modeling,True,high_missing; zero_heavy;,False,
cc_credit_utilization_capped_std_max,ratio_rate_numeric,candidate_predictor,special_case_review,no,relationship_analysis,structured_missing_or_history_availability,possible_absence_of_history_or_unknown_record,structured_missing_handling_candidate_later,feature_engineering_and_modeling,True,high_missing;,False,
cc_credit_utilization_capped_std_mean,ratio_rate_numeric,candidate_predictor,special_case_review,no,relationship_analysis,structured_missing_or_history_availability,possible_absence_of_history_or_unknown_record,structured_missing_handling_candidate_later,feature_engineering_and_modeling,True,high_missing;,False,
cc_credit_utilization_capped_std_min,ratio_rate_numeric,candidate_predictor,special_case_review,no,relationship_analysis,structured_missing_or_history_availability,possible_absence_of_history_or_unknown_record,structured_missing_handling_candidate_later,feature_engineering_and_modeling,True,high_missing;,False,
cc_credit_utilization_capped_std_sum,ratio_rate_numeric,candidate_predictor,special_case_review,no,relationship_analysis,structured_missing_or_history_availability,possible_absence_of_history_or_unknown_record,structured_missing_handling_candidate_later,feature_engineering_and_modeling,True,high_missing;,False,
cc_credit_utilization_max_max,ratio_rate_numeric,candidate_predictor,special_case_review,no,relationship_analysis,structured_missing_or_history_availability,possible_absence_of_history_or_unknown_record,structured_missing_handling_candidate_later,feature_engineering_and_modeling,True,high_missing;,False,
cc_credit_utilization_max_mean,ratio_rate_numeric,candidate_predictor,special_case_review,no,relationship_analysis,structured_missing_or_history_availability,possible_absence_of_history_or_unknown_record,structured_missing_handling_candidate_later,feature_engineering_and_modeling,True,high_missing;,False,
cc_credit_utilization_max_min,ratio_rate_numeric,candidate_predictor,special_case_review,no,relationship_analysis,structured_missing_or_history_availability,possible_absence_of_history_or_unknown_record,structured_missing_handling_candidate_later,feature_engineering_and_modeling,True,high_missing;,False,
cc_credit_utilization_max_sum,ratio_rate_numeric,candidate_predictor,special_case_review,no,relationship_analysis,structured_missing_or_history_availability,possible_absence_of_history_or_unknown_record,structured_missing_handling_candidate_later,feature_engineering_and_modeling,True,high_missing;,False,
cc_credit_utilization_mean_max,ratio_rate_numeric,candidate_predictor,special_case_review,no,relationship_analysis,structured_missing_or_history_availability,possible_absence_of_history_or_unknown_record,structured_missing_handling_candidate_later,feature_engineering_and_modeling,True,high_missing; negative_ratio_value;,False,
cc_credit_utilization_mean_mean,ratio_rate_numeric,candidate_predictor,special_case_review,no,relationship_analysis,structured_missing_or_history_availability,possible_absence_of_history_or_unknown_record,structured_missing_handling_candidate_later,feature_engineering_and_modeling,True,high_missing; negative_ratio_value;,False,
cc_credit_utilization_mean_min,ratio_rate_numeric,candidate_predictor,special_case_review,no,relationship_analysis,structured_missing_or_history_availability,possible_absence_of_history_or_unknown_record,structured_missing_handling_candidate_later,feature_engineering_and_modeling,True,high_missing; negative_ratio_value;,False,
cc_credit_utilization_mean_sum,ratio_rate_numeric,candidate_predictor,special_case_review,no,relationship_analysis,structured_missing_or_history_availability,possible_absence_of_history_or_unknown_record,structured_missing_handling_candidate_later,feature_engineering_and_modeling,True,high_missing; negative_ratio_value;,False,
cc_credit_utilization_min_max,ratio_rate_numeric,candidate_predictor,special_case_review,no,relationship_analysis,structured_missing_or_history_availability,possible_absence_of_history_or_unknown_record,structured_missing_handling_candidate_later,feature_engineering_and_modeling,True,high_missing; negative_ratio_value; zero_heavy;,False,
cc_credit_utilization_min_mean,ratio_rate_numeric,candidate_predictor,special_case_review,no,relationship_analysis,structured_missing_or_history_availability,possible_absence_of_history_or_unknown_record,structured_missing_handling_candidate_later,feature_engineering_and_modeling,True,high_missing; negative_ratio_value; zero_heavy;,False,
cc_credit_utilization_min_min,ratio_rate_numeric,candidate_predictor,special_case_review,no,relationship_analysis,structured_missing_or_history_availability,possible_absence_of_history_or_unknown_record,structured_missing_handling_candidate_later,feature_engineering_and_modeling,True,high_missing; negative_ratio_value; zero_heavy;,False,
cc_credit_utilization_min_sum,ratio_rate_numeric,candidate_predictor,special_case_review,no,relationship_analysis,structured_missing_or_history_availability,possible_absence_of_history_or_unknown_record,structured_missing_handling_candidate_later,feature_engineering_and_modeling,True,high_missing; negative_ratio_value; zero_heavy;,False,
cc_credit_utilization_std_max,ratio_rate_numeric,candidate_predictor,special_case_review,no,relationship_analysis,structured_missing_or_history_availability,possible_absence_of_history_or_unknown_record,structured_missing_handling_candidate_later,feature_engineering_and_modeling,True,high_missing;,False,
cc_credit_utilization_std_mean,ratio_rate_numeric,candidate_predictor,special_case_review,no,relationship_analysis,structured_missing_or_history_availability,possible_absence_of_history_or_unknown_record,structured_missing_handling_candidate_later,feature_engineering_and_modeling,True,high_missing;,False,
cc_credit_utilization_std_min,ratio_rate_numeric,candidate_predictor,special_case_review,no,relationship_analysis,structured_missing_or_history_availability,possible_absence_of_history_or_unknown_record,structured_missing_handling_candidate_later,feature_engineering_and_modeling,True,high_missing;,False,
cc_credit_utilization_std_sum,ratio_rate_numeric,candidate_predictor,special_case_review,no,relationship_analysis,structured_missing_or_history_availability,possible_absence_of_history_or_unknown_record,structured_missing_handling_candidate_later,feature_engineering_and_modeling,True,high_missing;,False,
cc_dpd_30plus_count_max,discrete_count_numeric,candidate_predictor,special_case_review,no,relationship_analysis,structured_missing_or_history_availability,possible_absence_of_history_or_unknown_record,structured_missing_handling_candidate_later,feature_engineering_and_modeling,True,high_missing; zero_heavy;,False,
cc_dpd_30plus_count_mean,discrete_count_numeric,candidate_predictor,special_case_review,no,relationship_analysis,structured_missing_or_history_availability,possible_absence_of_history_or_unknown_record,structured_missing_handling_candidate_later,feature_engineering_and_modeling,True,high_missing; not_integer_like; zero_heavy;,False,
cc_dpd_30plus_count_sum,discrete_count_numeric,candidate_predictor,special_case_review,no,relationship_analysis,structured_missing_or_history_availability,possible_absence_of_history_or_unknown_record,structured_missing_handling_candidate_later,feature_engineering_and_modeling,True,high_missing; zero_heavy;,False,
cc_dpd_30plus_ratio_max,ratio_rate_numeric,candidate_predictor,special_case_review,no,relationship_analysis,structured_missing_or_history_availability,possible_absence_of_history_or_unknown_record,structured_missing_handling_candidate_later,feature_engineering_and_modeling,True,high_missing; zero_heavy; extreme_skew;,False,
cc_dpd_30plus_ratio_mean,ratio_rate_numeric,candidate_predictor,special_case_review,no,relationship_analysis,structured_missing_or_history_availability,possible_absence_of_history_or_unknown_record,structured_missing_handling_candidate_later,feature_engineering_and_modeling,True,high_missing; zero_heavy; extreme_skew;,False,
cc_dpd_30plus_ratio_min,ratio_rate_numeric,candidate_predictor,special_case_review,no,relationship_analysis,structured_missing_or_history_availability,possible_absence_of_history_or_unknown_record,structured_missing_handling_candidate_later,feature_engineering_and_modeling,True,high_missing; zero_heavy; extreme_skew;,False,
cc_dpd_60plus_count_max,discrete_count_numeric,candidate_predictor,special_case_review,no,relationship_analysis,structured_missing_or_history_availability,possible_absence_of_history_or_unknown_record,structured_missing_handling_candidate_later,feature_engineering_and_modeling,True,high_missing; zero_heavy;,False,
cc_dpd_60plus_count_mean,discrete_count_numeric,candidate_predictor,special_case_review,no,relationship_analysis,structured_missing_or_history_availability,possible_absence_of_history_or_unknown_record,structured_missing_handling_candidate_later,feature_engineering_and_modeling,True,high_missing; not_integer_like; zero_heavy;,False,
cc_dpd_60plus_count_sum,discrete_count_numeric,candidate_predictor,special_case_review,no,relationship_analysis,structured_missing_or_history_availability,possible_absence_of_history_or_unknown_record,structured_missing_handling_candidate_later,feature_engineering_and_modeling,True,high_missing; zero_heavy;,False,
cc_dpd_60plus_ratio_max,ratio_rate_numeric,candidate_predictor,special_case_review,no,relationship_analysis,structured_missing_or_history_availability,possible_absence_of_history_or_unknown_record,structured_missing_handling_candidate_later,feature_engineering_and_modeling,True,high_missing; zero_heavy; extreme_skew;,False,
cc_dpd_60plus_ratio_mean,ratio_rate_numeric,candidate_predictor,special_case_review,no,relationship_analysis,structured_missing_or_history_availability,possible_absence_of_history_or_unknown_record,structured_missing_handling_candidate_later,feature_engineering_and_modeling,True,high_missing; zero_heavy; extreme_skew;,False,
cc_dpd_60plus_ratio_min,ratio_rate_numeric,candidate_predictor,special_case_review,no,relationship_analysis,structured_missing_or_history_availability,possible_absence_of_history_or_unknown_record,structured_missing_handling_candidate_later,feature_engineering_and_modeling,True,high_missing; zero_heavy; extreme_skew;,False,
cc_dpd_90plus_count_max,discrete_count_numeric,candidate_predictor,special_case_review,no,relationship_analysis,structured_missing_or_history_availability,possible_absence_of_history_or_unknown_record,structured_missing_handling_candidate_later,feature_engineering_and_modeling,True,high_missing; zero_heavy;,False,
cc_dpd_90plus_count_mean,discrete_count_numeric,candidate_predictor,special_case_review,no,relationship_analysis,structured_missing_or_history_availability,possible_absence_of_history_or_unknown_record,structured_missing_handling_candidate_later,feature_engineering_and_modeling,True,high_missing; not_integer_like; zero_heavy;,False,
cc_dpd_90plus_count_sum,discrete_count_numeric,candidate_predictor,special_case_review,no,relationship_analysis,structured_missing_or_history_availability,possible_absence_of_history_or_unknown_record,structured_missing_handling_candidate_later,feature_engineering_and_modeling,True,high_missing; zero_heavy;,False,
cc_dpd_90plus_ratio_max,ratio_rate_numeric,candidate_predictor,special_case_review,no,relationship_analysis,structured_missing_or_history_availability,possible_absence_of_history_or_unknown_record,structured_missing_handling_candidate_later,feature_engineering_and_modeling,True,high_missing; zero_heavy; extreme_skew;,False,
cc_dpd_90plus_ratio_mean,ratio_rate_numeric,candidate_predictor,special_case_review,no,relationship_analysis,structured_missing_or_history_availability,possible_absence_of_history_or_unknown_record,structured_missing_handling_candidate_later,feature_engineering_and_modeling,True,high_missing; zero_heavy; extreme_skew;,False,
cc_dpd_90plus_ratio_min,ratio_rate_numeric,candidate_predictor,special_case_review,no,relationship_analysis,structured_missing_or_history_availability,possible_absence_of_history_or_unknown_record,structured_missing_handling_candidate_later,feature_engineering_and_modeling,True,high_missing; zero_heavy; extreme_skew;,False,
cc_dpd_def_30plus_count_max,discrete_count_numeric,candidate_predictor,special_case_review,no,relationship_analysis,structured_missing_or_history_availability,possible_absence_of_history_or_unknown_record,structured_missing_handling_candidate_later,feature_engineering_and_modeling,True,high_missing; zero_heavy;,False,
cc_dpd_def_30plus_count_mean,discrete_count_numeric,candidate_predictor,special_case_review,no,relationship_analysis,structured_missing_or_history_availability,possible_absence_of_history_or_unknown_record,structured_missing_handling_candidate_later,feature_engineering_and_modeling,True,high_missing; not_integer_like; zero_heavy;,False,
cc_dpd_def_30plus_count_sum,discrete_count_numeric,candidate_predictor,special_case_review,no,relationship_analysis,structured_missing_or_history_availability,possible_absence_of_history_or_unknown_record,structured_missing_handling_candidate_later,feature_engineering_and_modeling,True,high_missing; zero_heavy;,False,
cc_dpd_def_30plus_ratio_max,ratio_rate_numeric,candidate_predictor,special_case_review,no,relationship_analysis,structured_missing_or_history_availability,possible_absence_of_history_or_unknown_record,structured_missing_handling_candidate_later,feature_engineering_and_modeling,True,high_missing; zero_heavy; extreme_skew;,False,
cc_dpd_def_30plus_ratio_mean,ratio_rate_numeric,candidate_predictor,special_case_review,no,relationship_analysis,structured_missing_or_history_availability,possible_absence_of_history_or_unknown_record,structured_missing_handling_candidate_later,feature_engineering_and_modeling,True,high_missing; zero_heavy; extreme_skew;,False,
cc_dpd_def_30plus_ratio_min,ratio_rate_numeric,candidate_predictor,special_case_review,no,relationship_analysis,structured_missing_or_history_availability,possible_absence_of_history_or_unknown_record,structured_missing_handling_candidate_later,feature_engineering_and_modeling,True,high_missing; zero_heavy; extreme_skew;,False,
cc_dpd_def_60plus_count_max,discrete_count_numeric,candidate_predictor,special_case_review,no,relationship_analysis,structured_missing_or_history_availability,possible_absence_of_history_or_unknown_record,structured_missing_handling_candidate_later,feature_engineering_and_modeling,True,high_missing; zero_heavy;,False,
cc_dpd_def_60plus_count_mean,discrete_count_numeric,candidate_predictor,special_case_review,no,relationship_analysis,structured_missing_or_history_availability,possible_absence_of_history_or_unknown_record,structured_missing_handling_candidate_later,feature_engineering_and_modeling,True,high_missing; zero_heavy;,False,
cc_dpd_def_60plus_count_sum,discrete_count_numeric,candidate_predictor,special_case_review,no,relationship_analysis,structured_missing_or_history_availability,possible_absence_of_history_or_unknown_record,structured_missing_handling_candidate_later,feature_engineering_and_modeling,True,high_missing; zero_heavy;,False,
cc_dpd_def_60plus_ratio_max,ratio_rate_numeric,candidate_predictor,special_case_review,no,relationship_analysis,structured_missing_or_history_availability,possible_absence_of_history_or_unknown_record,structured_missing_handling_candidate_later,feature_engineering_and_modeling,True,high_missing; zero_heavy; extreme_skew;,False,
cc_dpd_def_60plus_ratio_mean,ratio_rate_numeric,candidate_predictor,special_case_review,no,relationship_analysis,structured_missing_or_history_availability,possible_absence_of_history_or_unknown_record,structured_missing_handling_candidate_later,feature_engineering_and_modeling,True,high_missing; zero_heavy; extreme_skew;,False,
cc_dpd_def_60plus_ratio_min,ratio_rate_numeric,candidate_predictor,special_case_review,no,relationship_analysis,structured_missing_or_history_availability,possible_absence_of_history_or_unknown_record,structured_missing_handling_candidate_later,feature_engineering_and_modeling,True,high_missing; zero_heavy; extreme_skew;,False,
cc_dpd_def_90plus_count_max,discrete_count_numeric,candidate_predictor,special_case_review,no,relationship_analysis,structured_missing_or_history_availability,possible_absence_of_history_or_unknown_record,structured_missing_handling_candidate_later,feature_engineering_and_modeling,True,high_missing; zero_heavy;,False,
cc_dpd_def_90plus_count_mean,discrete_count_numeric,candidate_predictor,special_case_review,no,relationship_analysis,structured_missing_or_history_availability,possible_absence_of_history_or_unknown_record,structured_missing_handling_candidate_later,feature_engineering_and_modeling,True,high_missing; zero_heavy;,False,
cc_dpd_def_90plus_count_sum,discrete_count_numeric,candidate_predictor,special_case_review,no,relationship_analysis,structured_missing_or_history_availability,possible_absence_of_history_or_unknown_record,structured_missing_handling_candidate_later,feature_engineering_and_modeling,True,high_missing; zero_heavy;,False,
cc_dpd_def_90plus_ratio_max,ratio_rate_numeric,candidate_predictor,special_case_review,no,relationship_analysis,structured_missing_or_history_availability,possible_absence_of_history_or_unknown_record,structured_missing_handling_candidate_later,feature_engineering_and_modeling,True,high_missing; zero_heavy; extreme_skew;,False,
cc_dpd_def_90plus_ratio_mean,ratio_rate_numeric,candidate_predictor,special_case_review,no,relationship_analysis,structured_missing_or_history_availability,possible_absence_of_history_or_unknown_record,structured_missing_handling_candidate_later,feature_engineering_and_modeling,True,high_missing; zero_heavy; extreme_skew;,False,
cc_dpd_def_90plus_ratio_min,ratio_rate_numeric,candidate_predictor,special_case_review,no,relationship_analysis,structured_missing_or_history_availability,possible_absence_of_history_or_unknown_record,structured_missing_handling_candidate_later,feature_engineering_and_modeling,True,high_missing; zero_heavy; extreme_skew;,False,
cc_dpd_def_max_max,overdue_delay_numeric,candidate_predictor,special_case_review,no,relationship_analysis,structured_missing_or_history_availability,possible_absence_of_history_or_unknown_record,structured_missing_handling_candidate_later,feature_engineering_and_modeling,True,high_missing; has_late_delay_signal; severe_delay_signal; extreme_delay_signal; rare_severe_delay_signal;,False,
cc_dpd_def_max_mean,overdue_delay_numeric,candidate_predictor,special_case_review,no,relationship_analysis,structured_missing_or_history_availability,possible_absence_of_history_or_unknown_record,structured_missing_handling_candidate_later,feature_engineering_and_modeling,True,high_missing; has_late_delay_signal; severe_delay_signal; extreme_delay_signal; rare_severe_delay_signal;,False,
cc_dpd_def_max_min,overdue_delay_numeric,candidate_predictor,special_case_review,no,relationship_analysis,structured_missing_or_history_availability,possible_absence_of_history_or_unknown_record,structured_missing_handling_candidate_later,feature_engineering_and_modeling,True,high_missing; has_late_delay_signal; severe_delay_signal; extreme_delay_signal; rare_severe_delay_signal;,False,
cc_dpd_def_max_sum,overdue_delay_numeric,candidate_predictor,special_case_review,no,relationship_analysis,structured_missing_or_history_availability,possible_absence_of_history_or_unknown_record,structured_missing_handling_candidate_later,feature_engineering_and_modeling,True,high_missing; has_late_delay_signal; severe_delay_signal; extreme_delay_signal; rare_severe_delay_signal;,False,
cc_dpd_def_mean_max,overdue_delay_numeric,candidate_predictor,special_case_review,no,relationship_analysis,structured_missing_or_history_availability,possible_absence_of_history_or_unknown_record,structured_missing_handling_candidate_later,feature_engineering_and_modeling,True,high_missing; has_late_delay_signal; extreme_delay_signal; rare_severe_delay_signal;,False,
cc_dpd_def_mean_mean,overdue_delay_numeric,candidate_predictor,special_case_review,no,relationship_analysis,structured_missing_or_history_availability,possible_absence_of_history_or_unknown_record,structured_missing_handling_candidate_later,feature_engineering_and_modeling,True,high_missing; has_late_delay_signal; extreme_delay_signal; rare_severe_delay_signal;,False,
cc_dpd_def_mean_min,overdue_delay_numeric,candidate_predictor,special_case_review,no,relationship_analysis,structured_missing_or_history_availability,possible_absence_of_history_or_unknown_record,structured_missing_handling_candidate_later,feature_engineering_and_modeling,True,high_missing; has_late_delay_signal; extreme_delay_signal; rare_severe_delay_signal;,False,
cc_dpd_def_mean_sum,overdue_delay_numeric,candidate_predictor,special_case_review,no,relationship_analysis,structured_missing_or_history_availability,possible_absence_of_history_or_unknown_record,structured_missing_handling_candidate_later,feature_engineering_and_modeling,True,high_missing; has_late_delay_signal; extreme_delay_signal; rare_severe_delay_signal;,False,
cc_dpd_def_std_max,overdue_delay_numeric,candidate_predictor,special_case_review,no,relationship_analysis,structured_missing_or_history_availability,possible_absence_of_history_or_unknown_record,structured_missing_handling_candidate_later,feature_engineering_and_modeling,True,high_missing; has_late_delay_signal; severe_delay_signal; extreme_delay_signal; rare_severe_delay_signal;,False,
cc_dpd_def_std_mean,overdue_delay_numeric,candidate_predictor,special_case_review,no,relationship_analysis,structured_missing_or_history_availability,possible_absence_of_history_or_unknown_record,structured_missing_handling_candidate_later,feature_engineering_and_modeling,True,high_missing; has_late_delay_signal; severe_delay_signal; extreme_delay_signal; rare_severe_delay_signal;,False,
cc_dpd_def_std_min,overdue_delay_numeric,candidate_predictor,special_case_review,no,relationship_analysis,structured_missing_or_history_availability,possible_absence_of_history_or_unknown_record,structured_missing_handling_candidate_later,feature_engineering_and_modeling,True,high_missing; has_late_delay_signal; severe_delay_signal; extreme_delay_signal; rare_severe_delay_signal;,False,
cc_dpd_def_std_sum,overdue_delay_numeric,candidate_predictor,special_case_review,no,relationship_analysis,structured_missing_or_history_availability,possible_absence_of_history_or_unknown_record,structured_missing_handling_candidate_later,feature_engineering_and_modeling,True,high_missing; has_late_delay_signal; severe_delay_signal; extreme_delay_signal; rare_severe_delay_signal;,False,
cc_dpd_def_sum_max,overdue_delay_numeric,candidate_predictor,special_case_review,no,relationship_analysis,structured_missing_or_history_availability,possible_absence_of_history_or_unknown_record,structured_missing_handling_candidate_later,feature_engineering_and_modeling,True,high_missing; has_late_delay_signal; severe_delay_signal; extreme_delay_signal; rare_severe_delay_signal;,False,
cc_dpd_def_sum_mean,overdue_delay_numeric,candidate_predictor,special_case_review,no,relationship_analysis,structured_missing_or_history_availability,possible_absence_of_history_or_unknown_record,structured_missing_handling_candidate_later,feature_engineering_and_modeling,True,high_missing; has_late_delay_signal; severe_delay_signal; extreme_delay_signal; rare_severe_delay_signal;,False,
cc_dpd_def_sum_min,overdue_delay_numeric,candidate_predictor,special_case_review,no,relationship_analysis,structured_missing_or_history_availability,possible_absence_of_history_or_unknown_record,structured_missing_handling_candidate_later,feature_engineering_and_modeling,True,high_missing; has_late_delay_signal; severe_delay_signal; extreme_delay_signal; rare_severe_delay_signal;,False,
cc_dpd_def_sum_sum,overdue_delay_numeric,candidate_predictor,special_case_review,no,relationship_analysis,structured_missing_or_history_availability,possible_absence_of_history_or_unknown_record,structured_missing_handling_candidate_later,feature_engineering_and_modeling,True,high_missing; has_late_delay_signal; severe_delay_signal; extreme_delay_signal; rare_severe_delay_signal;,False,
cc_dpd_max_max,overdue_delay_numeric,candidate_predictor,special_case_review,no,relationship_analysis,structured_missing_or_history_availability,possible_absence_of_history_or_unknown_record,structured_missing_handling_candidate_later,feature_engineering_and_modeling,True,high_missing; has_late_delay_signal; severe_delay_signal; extreme_delay_signal;,False,
cc_dpd_max_mean,overdue_delay_numeric,candidate_predictor,special_case_review,no,relationship_analysis,structured_missing_or_history_availability,possible_absence_of_history_or_unknown_record,structured_missing_handling_candidate_later,feature_engineering_and_modeling,True,high_missing; has_late_delay_signal; severe_delay_signal; extreme_delay_signal;,False,
cc_dpd_max_min,overdue_delay_numeric,candidate_predictor,special_case_review,no,relationship_analysis,structured_missing_or_history_availability,possible_absence_of_history_or_unknown_record,structured_missing_handling_candidate_later,feature_engineering_and_modeling,True,high_missing; has_late_delay_signal; severe_delay_signal; extreme_delay_signal;,False,
cc_dpd_max_sum,overdue_delay_numeric,candidate_predictor,special_case_review,no,relationship_analysis,structured_missing_or_history_availability,possible_absence_of_history_or_unknown_record,structured_missing_handling_candidate_later,feature_engineering_and_modeling,True,high_missing; has_late_delay_signal; severe_delay_signal; extreme_delay_signal;,False,
cc_dpd_mean_max,overdue_delay_numeric,candidate_predictor,special_case_review,no,relationship_analysis,structured_missing_or_history_availability,possible_absence_of_history_or_unknown_record,structured_missing_handling_candidate_later,feature_engineering_and_modeling,True,high_missing; has_late_delay_signal; severe_delay_signal; extreme_delay_signal;,False,
cc_dpd_mean_mean,overdue_delay_numeric,candidate_predictor,special_case_review,no,relationship_analysis,structured_missing_or_history_availability,possible_absence_of_history_or_unknown_record,structured_missing_handling_candidate_later,feature_engineering_and_modeling,True,high_missing; has_late_delay_signal; severe_delay_signal; extreme_delay_signal;,False,
cc_dpd_mean_min,overdue_delay_numeric,candidate_predictor,special_case_review,no,relationship_analysis,structured_missing_or_history_availability,possible_absence_of_history_or_unknown_record,structured_missing_handling_candidate_later,feature_engineering_and_modeling,True,high_missing; has_late_delay_signal; severe_delay_signal; extreme_delay_signal;,False,
cc_dpd_mean_sum,overdue_delay_numeric,candidate_predictor,special_case_review,no,relationship_analysis,structured_missing_or_history_availability,possible_absence_of_history_or_unknown_record,structured_missing_handling_candidate_later,feature_engineering_and_modeling,True,high_missing; has_late_delay_signal; severe_delay_signal; extreme_delay_signal;,False,
cc_dpd_std_max,overdue_delay_numeric,candidate_predictor,special_case_review,no,relationship_analysis,structured_missing_or_history_availability,possible_absence_of_history_or_unknown_record,structured_missing_handling_candidate_later,feature_engineering_and_modeling,True,high_missing; has_late_delay_signal; severe_delay_signal; extreme_delay_signal;,False,
cc_dpd_std_mean,overdue_delay_numeric,candidate_predictor,special_case_review,no,relationship_analysis,structured_missing_or_history_availability,possible_absence_of_history_or_unknown_record,structured_missing_handling_candidate_later,feature_engineering_and_modeling,True,high_missing; has_late_delay_signal; severe_delay_signal; extreme_delay_signal;,False,
cc_dpd_std_min,overdue_delay_numeric,candidate_predictor,special_case_review,no,relationship_analysis,structured_missing_or_history_availability,possible_absence_of_history_or_unknown_record,structured_missing_handling_candidate_later,feature_engineering_and_modeling,True,high_missing; has_late_delay_signal; severe_delay_signal; extreme_delay_signal;,False,
cc_dpd_std_sum,overdue_delay_numeric,candidate_predictor,special_case_review,no,relationship_analysis,structured_missing_or_history_availability,possible_absence_of_history_or_unknown_record,structured_missing_handling_candidate_later,feature_engineering_and_modeling,True,high_missing; has_late_delay_signal; severe_delay_signal; extreme_delay_signal;,False,
cc_dpd_sum_max,overdue_delay_numeric,candidate_predictor,special_case_review,no,relationship_analysis,structured_missing_or_history_availability,possible_absence_of_history_or_unknown_record,structured_missing_handling_candidate_later,feature_engineering_and_modeling,True,high_missing; has_late_delay_signal; severe_delay_signal; extreme_delay_signal;,False,
cc_dpd_sum_mean,overdue_delay_numeric,candidate_predictor,special_case_review,no,relationship_analysis,structured_missing_or_history_availability,possible_absence_of_history_or_unknown_record,structured_missing_handling_candidate_later,feature_engineering_and_modeling,True,high_missing; has_late_delay_signal; severe_delay_signal; extreme_delay_signal;,False,
cc_dpd_sum_min,overdue_delay_numeric,candidate_predictor,special_case_review,no,relationship_analysis,structured_missing_or_history_availability,possible_absence_of_history_or_unknown_record,structured_missing_handling_candidate_later,feature_engineering_and_modeling,True,high_missing; has_late_delay_signal; severe_delay_signal; extreme_delay_signal;,False,
cc_dpd_sum_sum,overdue_delay_numeric,candidate_predictor,special_case_review,no,relationship_analysis,structured_missing_or_history_availability,possible_absence_of_history_or_unknown_record,structured_missing_handling_candidate_later,feature_engineering_and_modeling,True,high_missing; has_late_delay_signal; severe_delay_signal; extreme_delay_signal;,False,
cc_dpd_trend_6m_vs_old_max,overdue_delay_numeric,candidate_predictor,special_case_review,no,relationship_analysis,structured_missing_or_history_availability,possible_absence_of_history_or_unknown_record,structured_missing_handling_candidate_later,feature_engineering_and_modeling,True,high_missing; has_late_delay_signal; has_early_payment_signal;,False,
cc_dpd_trend_6m_vs_old_mean,overdue_delay_numeric,candidate_predictor,special_case_review,no,relationship_analysis,structured_missing_or_history_availability,possible_absence_of_history_or_unknown_record,structured_missing_handling_candidate_later,feature_engineering_and_modeling,True,high_missing; has_late_delay_signal; has_early_payment_signal;,False,
cc_dpd_trend_6m_vs_old_min,overdue_delay_numeric,candidate_predictor,special_case_review,no,relationship_analysis,structured_missing_or_history_availability,possible_absence_of_history_or_unknown_record,structured_missing_handling_candidate_later,feature_engineering_and_modeling,True,high_missing; has_late_delay_signal; has_early_payment_signal;,False,
cc_dpd_trend_6m_vs_old_sum,overdue_delay_numeric,candidate_predictor,special_case_review,no,relationship_analysis,structured_missing_or_history_availability,possible_absence_of_history_or_unknown_record,structured_missing_handling_candidate_later,feature_engineering_and_modeling,True,high_missing; has_late_delay_signal; has_early_payment_signal;,False,
cc_drawing_amount_max_max,continuous_amount_numeric,candidate_predictor,special_case_review,no,relationship_analysis,structured_missing_or_history_availability,possible_absence_of_history_or_unknown_record,structured_missing_handling_candidate_later,feature_engineering_and_modeling,True,high_missing;,False,
cc_drawing_amount_max_mean,continuous_amount_numeric,candidate_predictor,special_case_review,no,relationship_analysis,structured_missing_or_history_availability,possible_absence_of_history_or_unknown_record,structured_missing_handling_candidate_later,feature_engineering_and_modeling,True,high_missing;,False,
cc_drawing_amount_max_min,continuous_amount_numeric,candidate_predictor,special_case_review,no,relationship_analysis,structured_missing_or_history_availability,possible_absence_of_history_or_unknown_record,structured_missing_handling_candidate_later,feature_engineering_and_modeling,True,high_missing;,False,
cc_drawing_amount_max_sum,continuous_amount_numeric,candidate_predictor,special_case_review,no,relationship_analysis,structured_missing_or_history_availability,possible_absence_of_history_or_unknown_record,structured_missing_handling_candidate_later,feature_engineering_and_modeling,True,high_missing;,False,
cc_drawing_amount_mean_max,continuous_amount_numeric,candidate_predictor,special_case_review,no,relationship_analysis,structured_missing_or_history_availability,possible_absence_of_history_or_unknown_record,structured_missing_handling_candidate_later,feature_engineering_and_modeling,True,high_missing; extreme_skew;,False,
cc_drawing_amount_mean_mean,continuous_amount_numeric,candidate_predictor,special_case_review,no,relationship_analysis,structured_missing_or_history_availability,possible_absence_of_history_or_unknown_record,structured_missing_handling_candidate_later,feature_engineering_and_modeling,True,high_missing; extreme_skew;,False,
cc_drawing_amount_mean_min,continuous_amount_numeric,candidate_predictor,special_case_review,no,relationship_analysis,structured_missing_or_history_availability,possible_absence_of_history_or_unknown_record,structured_missing_handling_candidate_later,feature_engineering_and_modeling,True,high_missing; extreme_skew;,False,
cc_drawing_amount_mean_sum,continuous_amount_numeric,candidate_predictor,special_case_review,no,relationship_analysis,structured_missing_or_history_availability,possible_absence_of_history_or_unknown_record,structured_missing_handling_candidate_later,feature_engineering_and_modeling,True,high_missing; extreme_skew;,False,
cc_drawing_amount_min_max,continuous_amount_numeric,candidate_predictor,special_case_review,no,relationship_analysis,structured_missing_or_history_availability,possible_absence_of_history_or_unknown_record,structured_missing_handling_candidate_later,feature_engineering_and_modeling,True,high_missing; extreme_skew; zero_heavy; negative_amount_value;,False,
cc_drawing_amount_min_mean,continuous_amount_numeric,candidate_predictor,special_case_review,no,relationship_analysis,structured_missing_or_history_availability,possible_absence_of_history_or_unknown_record,structured_missing_handling_candidate_later,feature_engineering_and_modeling,True,high_missing; extreme_skew; zero_heavy; negative_amount_value;,False,
cc_drawing_amount_min_min,continuous_amount_numeric,candidate_predictor,special_case_review,no,relationship_analysis,structured_missing_or_history_availability,possible_absence_of_history_or_unknown_record,structured_missing_handling_candidate_later,feature_engineering_and_modeling,True,high_missing; extreme_skew; zero_heavy; negative_amount_value;,False,
cc_drawing_amount_min_sum,continuous_amount_numeric,candidate_predictor,special_case_review,no,relationship_analysis,structured_missing_or_history_availability,possible_absence_of_history_or_unknown_record,structured_missing_handling_candidate_later,feature_engineering_and_modeling,True,high_missing; extreme_skew; zero_heavy; negative_amount_value;,False,
cc_drawing_amount_std_max,continuous_stat_numeric,candidate_predictor,special_case_review,no,relationship_analysis,structured_missing_or_history_availability,possible_absence_of_history_or_unknown_record,structured_missing_handling_candidate_later,feature_engineering_and_modeling,True,high_missing;,False,
cc_drawing_amount_std_mean,continuous_stat_numeric,candidate_predictor,special_case_review,no,relationship_analysis,structured_missing_or_history_availability,possible_absence_of_history_or_unknown_record,structured_missing_handling_candidate_later,feature_engineering_and_modeling,True,high_missing;,False,
cc_drawing_amount_std_min,continuous_stat_numeric,candidate_predictor,special_case_review,no,relationship_analysis,structured_missing_or_history_availability,possible_absence_of_history_or_unknown_record,structured_missing_handling_candidate_later,feature_engineering_and_modeling,True,high_missing;,False,
cc_drawing_amount_std_sum,continuous_stat_numeric,candidate_predictor,special_case_review,no,relationship_analysis,structured_missing_or_history_availability,possible_absence_of_history_or_unknown_record,structured_missing_handling_candidate_later,feature_engineering_and_modeling,True,high_missing;,False,
cc_drawing_amount_sum_max,continuous_amount_numeric,candidate_predictor,special_case_review,no,relationship_analysis,structured_missing_or_history_availability,possible_absence_of_history_or_unknown_record,structured_missing_handling_candidate_later,feature_engineering_and_modeling,True,high_missing; extreme_skew;,False,
cc_drawing_amount_sum_mean,continuous_amount_numeric,candidate_predictor,special_case_review,no,relationship_analysis,structured_missing_or_history_availability,possible_absence_of_history_or_unknown_record,structured_missing_handling_candidate_later,feature_engineering_and_modeling,True,high_missing; extreme_skew;,False,
cc_drawing_amount_sum_min,continuous_amount_numeric,candidate_predictor,special_case_review,no,relationship_analysis,structured_missing_or_history_availability,possible_absence_of_history_or_unknown_record,structured_missing_handling_candidate_later,feature_engineering_and_modeling,True,high_missing; extreme_skew;,False,
cc_drawing_amount_sum_sum,continuous_amount_numeric,candidate_predictor,special_case_review,no,relationship_analysis,structured_missing_or_history_availability,possible_absence_of_history_or_unknown_record,structured_missing_handling_candidate_later,feature_engineering_and_modeling,True,high_missing; extreme_skew;,False,
cc_drawing_count_max_max,discrete_count_numeric,candidate_predictor,special_case_review,no,relationship_analysis,structured_missing_or_history_availability,possible_absence_of_history_or_unknown_record,structured_missing_handling_candidate_later,feature_engineering_and_modeling,True,high_missing;,False,
cc_drawing_count_max_mean,discrete_count_numeric,candidate_predictor,special_case_review,no,relationship_analysis,structured_missing_or_history_availability,possible_absence_of_history_or_unknown_record,structured_missing_handling_candidate_later,feature_engineering_and_modeling,True,high_missing; not_integer_like;,False,
cc_drawing_count_max_min,discrete_count_numeric,candidate_predictor,special_case_review,no,relationship_analysis,structured_missing_or_history_availability,possible_absence_of_history_or_unknown_record,structured_missing_handling_candidate_later,feature_engineering_and_modeling,True,high_missing;,False,
cc_drawing_count_max_sum,discrete_count_numeric,candidate_predictor,special_case_review,no,relationship_analysis,structured_missing_or_history_availability,possible_absence_of_history_or_unknown_record,structured_missing_handling_candidate_later,feature_engineering_and_modeling,True,high_missing;,False,
cc_drawing_count_mean_max,discrete_count_numeric,candidate_predictor,special_case_review,no,relationship_analysis,structured_missing_or_history_availability,possible_absence_of_history_or_unknown_record,structured_missing_handling_candidate_later,feature_engineering_and_modeling,True,high_missing; not_integer_like;,False,
cc_drawing_count_mean_mean,discrete_count_numeric,candidate_predictor,special_case_review,no,relationship_analysis,structured_missing_or_history_availability,possible_absence_of_history_or_unknown_record,structured_missing_handling_candidate_later,feature_engineering_and_modeling,True,high_missing; not_integer_like;,False,
cc_drawing_count_mean_min,discrete_count_numeric,candidate_predictor,special_case_review,no,relationship_analysis,structured_missing_or_history_availability,possible_absence_of_history_or_unknown_record,structured_missing_handling_candidate_later,feature_engineering_and_modeling,True,high_missing; not_integer_like;,False,
cc_drawing_count_mean_sum,discrete_count_numeric,candidate_predictor,special_case_review,no,relationship_analysis,structured_missing_or_history_availability,possible_absence_of_history_or_unknown_record,structured_missing_handling_candidate_later,feature_engineering_and_modeling,True,high_missing; not_integer_like;,False,
cc_drawing_count_sum_max,discrete_count_numeric,candidate_predictor,special_case_review,no,relationship_analysis,structured_missing_or_history_availability,possible_absence_of_history_or_unknown_record,structured_missing_handling_candidate_later,feature_engineering_and_modeling,True,high_missing; extreme_count_tail;,False,
cc_drawing_count_sum_mean,discrete_count_numeric,candidate_predictor,special_case_review,no,relationship_analysis,structured_missing_or_history_availability,possible_absence_of_history_or_unknown_record,structured_missing_handling_candidate_later,feature_engineering_and_modeling,True,high_missing; not_integer_like; extreme_count_tail;,False,
cc_drawing_count_sum_min,discrete_count_numeric,candidate_predictor,special_case_review,no,relationship_analysis,structured_missing_or_history_availability,possible_absence_of_history_or_unknown_record,structured_missing_handling_candidate_later,feature_engineering_and_modeling,True,high_missing; extreme_count_tail;,False,
cc_drawing_count_sum_sum,discrete_count_numeric,candidate_predictor,special_case_review,no,relationship_analysis,structured_missing_or_history_availability,possible_absence_of_history_or_unknown_record,structured_missing_handling_candidate_later,feature_engineering_and_modeling,True,high_missing; extreme_count_tail;,False,
cc_has_atm_drawing_count_count_max,discrete_count_numeric,candidate_predictor,special_case_review,no,relationship_analysis,structured_missing_or_history_availability,possible_absence_of_history_or_unknown_record,structured_missing_handling_candidate_later,feature_engineering_and_modeling,True,high_missing;,False,
cc_has_atm_drawing_count_count_mean,ratio_rate_numeric,candidate_predictor,special_case_review,no,relationship_analysis,structured_missing_or_history_availability,possible_absence_of_history_or_unknown_record,structured_missing_handling_candidate_later,feature_engineering_and_modeling,True,high_missing;,False,
cc_has_atm_drawing_count_count_sum,discrete_count_numeric,candidate_predictor,special_case_review,no,relationship_analysis,structured_missing_or_history_availability,possible_absence_of_history_or_unknown_record,structured_missing_handling_candidate_later,feature_engineering_and_modeling,True,high_missing;,False,
cc_has_atm_drawing_count_max,discrete_count_numeric,candidate_predictor,special_case_review,no,relationship_analysis,structured_missing_or_history_availability,possible_absence_of_history_or_unknown_record,structured_missing_handling_candidate_later,feature_engineering_and_modeling,True,high_missing;,False,
cc_has_atm_drawing_count_mean,ratio_rate_numeric,candidate_predictor,special_case_review,no,relationship_analysis,structured_missing_or_history_availability,possible_absence_of_history_or_unknown_record,structured_missing_handling_candidate_later,feature_engineering_and_modeling,True,high_missing;,False,
cc_has_atm_drawing_count_ratio_max,ratio_rate_numeric,candidate_predictor,special_case_review,no,relationship_analysis,structured_missing_or_history_availability,possible_absence_of_history_or_unknown_record,structured_missing_handling_candidate_later,feature_engineering_and_modeling,True,high_missing;,False,
cc_has_atm_drawing_count_ratio_mean,ratio_rate_numeric,candidate_predictor,special_case_review,no,relationship_analysis,structured_missing_or_history_availability,possible_absence_of_history_or_unknown_record,structured_missing_handling_candidate_later,feature_engineering_and_modeling,True,high_missing;,False,
cc_has_atm_drawing_count_ratio_min,ratio_rate_numeric,candidate_predictor,special_case_review,no,relationship_analysis,structured_missing_or_history_availability,possible_absence_of_history_or_unknown_record,structured_missing_handling_candidate_later,feature_engineering_and_modeling,True,high_missing;,False,
cc_has_atm_drawing_count_sum,discrete_count_numeric,candidate_predictor,special_case_review,no,relationship_analysis,structured_missing_or_history_availability,possible_absence_of_history_or_unknown_record,structured_missing_handling_candidate_later,feature_engineering_and_modeling,True,high_missing;,False,
cc_has_atm_drawing_ratio_max,ratio_rate_numeric,candidate_predictor,special_case_review,no,relationship_analysis,structured_missing_or_history_availability,possible_absence_of_history_or_unknown_record,structured_missing_handling_candidate_later,feature_engineering_and_modeling,True,high_missing;,False,
cc_has_atm_drawing_ratio_mean,ratio_rate_numeric,candidate_predictor,special_case_review,no,relationship_analysis,structured_missing_or_history_availability,possible_absence_of_history_or_unknown_record,structured_missing_handling_candidate_later,feature_engineering_and_modeling,True,high_missing;,False,
cc_has_atm_drawing_ratio_min,ratio_rate_numeric,candidate_predictor,special_case_review,no,relationship_analysis,structured_missing_or_history_availability,possible_absence_of_history_or_unknown_record,structured_missing_handling_candidate_later,feature_engineering_and_modeling,True,high_missing;,False,
cc_has_balance_count_max,discrete_count_numeric,candidate_predictor,special_case_review,no,relationship_analysis,structured_missing_or_history_availability,possible_absence_of_history_or_unknown_record,structured_missing_handling_candidate_later,feature_engineering_and_modeling,True,high_missing;,False,
cc_has_balance_count_mean,ratio_rate_numeric,candidate_predictor,special_case_review,no,relationship_analysis,structured_missing_or_history_availability,possible_absence_of_history_or_unknown_record,structured_missing_handling_candidate_later,feature_engineering_and_modeling,True,high_missing;,False,
cc_has_balance_count_sum,discrete_count_numeric,candidate_predictor,special_case_review,no,relationship_analysis,structured_missing_or_history_availability,possible_absence_of_history_or_unknown_record,structured_missing_handling_candidate_later,feature_engineering_and_modeling,True,high_missing;,False,
cc_has_balance_ratio_max,ratio_rate_numeric,candidate_predictor,special_case_review,no,relationship_analysis,structured_missing_or_history_availability,possible_absence_of_history_or_unknown_record,structured_missing_handling_candidate_later,feature_engineering_and_modeling,True,high_missing;,False,
cc_has_balance_ratio_mean,ratio_rate_numeric,candidate_predictor,special_case_review,no,relationship_analysis,structured_missing_or_history_availability,possible_absence_of_history_or_unknown_record,structured_missing_handling_candidate_later,feature_engineering_and_modeling,True,high_missing;,False,
cc_has_balance_ratio_min,ratio_rate_numeric,candidate_predictor,special_case_review,no,relationship_analysis,structured_missing_or_history_availability,possible_absence_of_history_or_unknown_record,structured_missing_handling_candidate_later,feature_engineering_and_modeling,True,high_missing;,False,
cc_has_dpd_count_max,discrete_count_numeric,candidate_predictor,special_case_review,no,relationship_analysis,structured_missing_or_history_availability,possible_absence_of_history_or_unknown_record,structured_missing_handling_candidate_later,feature_engineering_and_modeling,True,high_missing;,False,
cc_has_dpd_count_mean,ratio_rate_numeric,candidate_predictor,special_case_review,no,relationship_analysis,structured_missing_or_history_availability,possible_absence_of_history_or_unknown_record,structured_missing_handling_candidate_later,feature_engineering_and_modeling,True,high_missing; extreme_skew;,False,
cc_has_dpd_count_sum,discrete_count_numeric,candidate_predictor,special_case_review,no,relationship_analysis,structured_missing_or_history_availability,possible_absence_of_history_or_unknown_record,structured_missing_handling_candidate_later,feature_engineering_and_modeling,True,high_missing;,False,
cc_has_dpd_def_count_max,discrete_count_numeric,candidate_predictor,special_case_review,no,relationship_analysis,structured_missing_or_history_availability,possible_absence_of_history_or_unknown_record,structured_missing_handling_candidate_later,feature_engineering_and_modeling,True,high_missing; zero_heavy;,False,
cc_has_dpd_def_count_mean,ratio_rate_numeric,candidate_predictor,special_case_review,no,relationship_analysis,structured_missing_or_history_availability,possible_absence_of_history_or_unknown_record,structured_missing_handling_candidate_later,feature_engineering_and_modeling,True,high_missing; zero_heavy; extreme_skew;,False,
cc_has_dpd_def_count_sum,discrete_count_numeric,candidate_predictor,special_case_review,no,relationship_analysis,structured_missing_or_history_availability,possible_absence_of_history_or_unknown_record,structured_missing_handling_candidate_later,feature_engineering_and_modeling,True,high_missing; zero_heavy;,False,
cc_has_dpd_def_ratio_max,ratio_rate_numeric,candidate_predictor,special_case_review,no,relationship_analysis,structured_missing_or_history_availability,possible_absence_of_history_or_unknown_record,structured_missing_handling_candidate_later,feature_engineering_and_modeling,True,high_missing; zero_heavy; extreme_skew;,False,
cc_has_dpd_def_ratio_mean,ratio_rate_numeric,candidate_predictor,special_case_review,no,relationship_analysis,structured_missing_or_history_availability,possible_absence_of_history_or_unknown_record,structured_missing_handling_candidate_later,feature_engineering_and_modeling,True,high_missing; zero_heavy; extreme_skew;,False,
cc_has_dpd_def_ratio_min,ratio_rate_numeric,candidate_predictor,special_case_review,no,relationship_analysis,structured_missing_or_history_availability,possible_absence_of_history_or_unknown_record,structured_missing_handling_candidate_later,feature_engineering_and_modeling,True,high_missing; zero_heavy; extreme_skew;,False,
cc_has_dpd_ratio_max,ratio_rate_numeric,candidate_predictor,special_case_review,no,relationship_analysis,structured_missing_or_history_availability,possible_absence_of_history_or_unknown_record,structured_missing_handling_candidate_later,feature_engineering_and_modeling,True,high_missing; extreme_skew;,False,
cc_has_dpd_ratio_mean,ratio_rate_numeric,candidate_predictor,special_case_review,no,relationship_analysis,structured_missing_or_history_availability,possible_absence_of_history_or_unknown_record,structured_missing_handling_candidate_later,feature_engineering_and_modeling,True,high_missing; extreme_skew;,False,
cc_has_dpd_ratio_min,ratio_rate_numeric,candidate_predictor,special_case_review,no,relationship_analysis,structured_missing_or_history_availability,possible_absence_of_history_or_unknown_record,structured_missing_handling_candidate_later,feature_engineering_and_modeling,True,high_missing; extreme_skew;,False,
cc_has_drawing_count_count_max,discrete_count_numeric,candidate_predictor,special_case_review,no,relationship_analysis,structured_missing_or_history_availability,possible_absence_of_history_or_unknown_record,structured_missing_handling_candidate_later,feature_engineering_and_modeling,True,high_missing;,False,
cc_has_drawing_count_count_mean,ratio_rate_numeric,candidate_predictor,special_case_review,no,relationship_analysis,structured_missing_or_history_availability,possible_absence_of_history_or_unknown_record,structured_missing_handling_candidate_later,feature_engineering_and_modeling,True,high_missing;,False,
cc_has_drawing_count_count_sum,discrete_count_numeric,candidate_predictor,special_case_review,no,relationship_analysis,structured_missing_or_history_availability,possible_absence_of_history_or_unknown_record,structured_missing_handling_candidate_later,feature_engineering_and_modeling,True,high_missing;,False,
cc_has_drawing_count_max,discrete_count_numeric,candidate_predictor,special_case_review,no,relationship_analysis,structured_missing_or_history_availability,possible_absence_of_history_or_unknown_record,structured_missing_handling_candidate_later,feature_engineering_and_modeling,True,high_missing;,False,
cc_has_drawing_count_mean,ratio_rate_numeric,candidate_predictor,special_case_review,no,relationship_analysis,structured_missing_or_history_availability,possible_absence_of_history_or_unknown_record,structured_missing_handling_candidate_later,feature_engineering_and_modeling,True,high_missing;,False,
cc_has_drawing_count_ratio_max,ratio_rate_numeric,candidate_predictor,special_case_review,no,relationship_analysis,structured_missing_or_history_availability,possible_absence_of_history_or_unknown_record,structured_missing_handling_candidate_later,feature_engineering_and_modeling,True,high_missing;,False,
cc_has_drawing_count_ratio_mean,ratio_rate_numeric,candidate_predictor,special_case_review,no,relationship_analysis,structured_missing_or_history_availability,possible_absence_of_history_or_unknown_record,structured_missing_handling_candidate_later,feature_engineering_and_modeling,True,high_missing;,False,
cc_has_drawing_count_ratio_min,ratio_rate_numeric,candidate_predictor,special_case_review,no,relationship_analysis,structured_missing_or_history_availability,possible_absence_of_history_or_unknown_record,structured_missing_handling_candidate_later,feature_engineering_and_modeling,True,high_missing;,False,
cc_has_drawing_count_sum,discrete_count_numeric,candidate_predictor,special_case_review,no,relationship_analysis,structured_missing_or_history_availability,possible_absence_of_history_or_unknown_record,structured_missing_handling_candidate_later,feature_engineering_and_modeling,True,high_missing;,False,
cc_has_drawing_ratio_max,ratio_rate_numeric,candidate_predictor,special_case_review,no,relationship_analysis,structured_missing_or_history_availability,possible_absence_of_history_or_unknown_record,structured_missing_handling_candidate_later,feature_engineering_and_modeling,True,high_missing;,False,
cc_has_drawing_ratio_mean,ratio_rate_numeric,candidate_predictor,special_case_review,no,relationship_analysis,structured_missing_or_history_availability,possible_absence_of_history_or_unknown_record,structured_missing_handling_candidate_later,feature_engineering_and_modeling,True,high_missing;,False,
cc_has_drawing_ratio_min,ratio_rate_numeric,candidate_predictor,special_case_review,no,relationship_analysis,structured_missing_or_history_availability,possible_absence_of_history_or_unknown_record,structured_missing_handling_candidate_later,feature_engineering_and_modeling,True,high_missing;,False,
cc_has_min_instalment_count_max,discrete_count_numeric,candidate_predictor,special_case_review,no,relationship_analysis,structured_missing_or_history_availability,possible_absence_of_history_or_unknown_record,structured_missing_handling_candidate_later,feature_engineering_and_modeling,True,high_missing;,False,
cc_has_min_instalment_count_mean,ratio_rate_numeric,candidate_predictor,special_case_review,no,relationship_analysis,structured_missing_or_history_availability,possible_absence_of_history_or_unknown_record,structured_missing_handling_candidate_later,feature_engineering_and_modeling,True,high_missing;,False,
cc_has_min_instalment_count_sum,discrete_count_numeric,candidate_predictor,special_case_review,no,relationship_analysis,structured_missing_or_history_availability,possible_absence_of_history_or_unknown_record,structured_missing_handling_candidate_later,feature_engineering_and_modeling,True,high_missing;,False,
cc_has_min_instalment_ratio_max,ratio_rate_numeric,candidate_predictor,special_case_review,no,relationship_analysis,structured_missing_or_history_availability,possible_absence_of_history_or_unknown_record,structured_missing_handling_candidate_later,feature_engineering_and_modeling,True,high_missing;,False,
cc_has_min_instalment_ratio_mean,ratio_rate_numeric,candidate_predictor,special_case_review,no,relationship_analysis,structured_missing_or_history_availability,possible_absence_of_history_or_unknown_record,structured_missing_handling_candidate_later,feature_engineering_and_modeling,True,high_missing;,False,
cc_has_min_instalment_ratio_min,ratio_rate_numeric,candidate_predictor,special_case_review,no,relationship_analysis,structured_missing_or_history_availability,possible_absence_of_history_or_unknown_record,structured_missing_handling_candidate_later,feature_engineering_and_modeling,True,high_missing;,False,
cc_has_other_drawing_count_count_max,discrete_count_numeric,candidate_predictor,special_case_review,no,relationship_analysis,structured_missing_or_history_availability,possible_absence_of_history_or_unknown_record,structured_missing_handling_candidate_later,feature_engineering_and_modeling,True,high_missing; zero_heavy;,False,
cc_has_other_drawing_count_count_mean,ratio_rate_numeric,candidate_predictor,special_case_review,no,relationship_analysis,structured_missing_or_history_availability,possible_absence_of_history_or_unknown_record,structured_missing_handling_candidate_later,feature_engineering_and_modeling,True,high_missing; zero_heavy; extreme_skew;,False,
cc_has_other_drawing_count_count_sum,discrete_count_numeric,candidate_predictor,special_case_review,no,relationship_analysis,structured_missing_or_history_availability,possible_absence_of_history_or_unknown_record,structured_missing_handling_candidate_later,feature_engineering_and_modeling,True,high_missing; zero_heavy;,False,
cc_has_other_drawing_count_max,discrete_count_numeric,candidate_predictor,special_case_review,no,relationship_analysis,structured_missing_or_history_availability,possible_absence_of_history_or_unknown_record,structured_missing_handling_candidate_later,feature_engineering_and_modeling,True,high_missing; zero_heavy;,False,
cc_has_other_drawing_count_mean,ratio_rate_numeric,candidate_predictor,special_case_review,no,relationship_analysis,structured_missing_or_history_availability,possible_absence_of_history_or_unknown_record,structured_missing_handling_candidate_later,feature_engineering_and_modeling,True,high_missing; zero_heavy; extreme_skew;,False,
cc_has_other_drawing_count_ratio_max,ratio_rate_numeric,candidate_predictor,special_case_review,no,relationship_analysis,structured_missing_or_history_availability,possible_absence_of_history_or_unknown_record,structured_missing_handling_candidate_later,feature_engineering_and_modeling,True,high_missing; zero_heavy; extreme_skew;,False,
cc_has_other_drawing_count_ratio_mean,ratio_rate_numeric,candidate_predictor,special_case_review,no,relationship_analysis,structured_missing_or_history_availability,possible_absence_of_history_or_unknown_record,structured_missing_handling_candidate_later,feature_engineering_and_modeling,True,high_missing; zero_heavy; extreme_skew;,False,
cc_has_other_drawing_count_ratio_min,ratio_rate_numeric,candidate_predictor,special_case_review,no,relationship_analysis,structured_missing_or_history_availability,possible_absence_of_history_or_unknown_record,structured_missing_handling_candidate_later,feature_engineering_and_modeling,True,high_missing; zero_heavy; extreme_skew;,False,
cc_has_other_drawing_count_sum,discrete_count_numeric,candidate_predictor,special_case_review,no,relationship_analysis,structured_missing_or_history_availability,possible_absence_of_history_or_unknown_record,structured_missing_handling_candidate_later,feature_engineering_and_modeling,True,high_missing; zero_heavy;,False,
cc_has_other_drawing_ratio_max,ratio_rate_numeric,candidate_predictor,special_case_review,no,relationship_analysis,structured_missing_or_history_availability,possible_absence_of_history_or_unknown_record,structured_missing_handling_candidate_later,feature_engineering_and_modeling,True,high_missing; zero_heavy; extreme_skew;,False,
cc_has_other_drawing_ratio_mean,ratio_rate_numeric,candidate_predictor,special_case_review,no,relationship_analysis,structured_missing_or_history_availability,possible_absence_of_history_or_unknown_record,structured_missing_handling_candidate_later,feature_engineering_and_modeling,True,high_missing; zero_heavy; extreme_skew;,False,
cc_has_other_drawing_ratio_min,ratio_rate_numeric,candidate_predictor,special_case_review,no,relationship_analysis,structured_missing_or_history_availability,possible_absence_of_history_or_unknown_record,structured_missing_handling_candidate_later,feature_engineering_and_modeling,True,high_missing; zero_heavy; extreme_skew;,False,
cc_has_payment_current_count_max,discrete_count_numeric,candidate_predictor,special_case_review,no,relationship_analysis,structured_missing_or_history_availability,possible_absence_of_history_or_unknown_record,structured_missing_handling_candidate_later,feature_engineering_and_modeling,True,high_missing;,False,
cc_has_payment_current_count_mean,ratio_rate_numeric,candidate_predictor,special_case_review,no,relationship_analysis,structured_missing_or_history_availability,possible_absence_of_history_or_unknown_record,structured_missing_handling_candidate_later,feature_engineering_and_modeling,True,high_missing;,False,
cc_has_payment_current_count_sum,discrete_count_numeric,candidate_predictor,special_case_review,no,relationship_analysis,structured_missing_or_history_availability,possible_absence_of_history_or_unknown_record,structured_missing_handling_candidate_later,feature_engineering_and_modeling,True,high_missing;,False,
cc_has_payment_current_ratio_max,ratio_rate_numeric,candidate_predictor,special_case_review,no,relationship_analysis,structured_missing_or_history_availability,possible_absence_of_history_or_unknown_record,structured_missing_handling_candidate_later,feature_engineering_and_modeling,True,high_missing;,False,
cc_has_payment_current_ratio_mean,ratio_rate_numeric,candidate_predictor,special_case_review,no,relationship_analysis,structured_missing_or_history_availability,possible_absence_of_history_or_unknown_record,structured_missing_handling_candidate_later,feature_engineering_and_modeling,True,high_missing;,False,
cc_has_payment_current_ratio_min,ratio_rate_numeric,candidate_predictor,special_case_review,no,relationship_analysis,structured_missing_or_history_availability,possible_absence_of_history_or_unknown_record,structured_missing_handling_candidate_later,feature_engineering_and_modeling,True,high_missing;,False,
cc_has_payment_total_count_max,discrete_count_numeric,candidate_predictor,special_case_review,no,relationship_analysis,structured_missing_or_history_availability,possible_absence_of_history_or_unknown_record,structured_missing_handling_candidate_later,feature_engineering_and_modeling,True,high_missing;,False,
cc_has_payment_total_count_mean,ratio_rate_numeric,candidate_predictor,special_case_review,no,relationship_analysis,structured_missing_or_history_availability,possible_absence_of_history_or_unknown_record,structured_missing_handling_candidate_later,feature_engineering_and_modeling,True,high_missing;,False,
cc_has_payment_total_count_sum,discrete_count_numeric,candidate_predictor,special_case_review,no,relationship_analysis,structured_missing_or_history_availability,possible_absence_of_history_or_unknown_record,structured_missing_handling_candidate_later,feature_engineering_and_modeling,True,high_missing;,False,
cc_has_payment_total_ratio_max,ratio_rate_numeric,candidate_predictor,special_case_review,no,relationship_analysis,structured_missing_or_history_availability,possible_absence_of_history_or_unknown_record,structured_missing_handling_candidate_later,feature_engineering_and_modeling,True,high_missing;,False,
cc_has_payment_total_ratio_mean,ratio_rate_numeric,candidate_predictor,special_case_review,no,relationship_analysis,structured_missing_or_history_availability,possible_absence_of_history_or_unknown_record,structured_missing_handling_candidate_later,feature_engineering_and_modeling,True,high_missing;,False,
cc_has_payment_total_ratio_min,ratio_rate_numeric,candidate_predictor,special_case_review,no,relationship_analysis,structured_missing_or_history_availability,possible_absence_of_history_or_unknown_record,structured_missing_handling_candidate_later,feature_engineering_and_modeling,True,high_missing;,False,
cc_has_pos_drawing_count_count_max,discrete_count_numeric,candidate_predictor,special_case_review,no,relationship_analysis,structured_missing_or_history_availability,possible_absence_of_history_or_unknown_record,structured_missing_handling_candidate_later,feature_engineering_and_modeling,True,high_missing;,False,
cc_has_pos_drawing_count_count_mean,ratio_rate_numeric,candidate_predictor,special_case_review,no,relationship_analysis,structured_missing_or_history_availability,possible_absence_of_history_or_unknown_record,structured_missing_handling_candidate_later,feature_engineering_and_modeling,True,high_missing;,False,
cc_has_pos_drawing_count_count_sum,discrete_count_numeric,candidate_predictor,special_case_review,no,relationship_analysis,structured_missing_or_history_availability,possible_absence_of_history_or_unknown_record,structured_missing_handling_candidate_later,feature_engineering_and_modeling,True,high_missing;,False,
cc_has_pos_drawing_count_max,discrete_count_numeric,candidate_predictor,special_case_review,no,relationship_analysis,structured_missing_or_history_availability,possible_absence_of_history_or_unknown_record,structured_missing_handling_candidate_later,feature_engineering_and_modeling,True,high_missing;,False,
cc_has_pos_drawing_count_mean,ratio_rate_numeric,candidate_predictor,special_case_review,no,relationship_analysis,structured_missing_or_history_availability,possible_absence_of_history_or_unknown_record,structured_missing_handling_candidate_later,feature_engineering_and_modeling,True,high_missing;,False,
cc_has_pos_drawing_count_ratio_max,ratio_rate_numeric,candidate_predictor,special_case_review,no,relationship_analysis,structured_missing_or_history_availability,possible_absence_of_history_or_unknown_record,structured_missing_handling_candidate_later,feature_engineering_and_modeling,True,high_missing; high_outlier_burden;,False,
cc_has_pos_drawing_count_ratio_mean,ratio_rate_numeric,candidate_predictor,special_case_review,no,relationship_analysis,structured_missing_or_history_availability,possible_absence_of_history_or_unknown_record,structured_missing_handling_candidate_later,feature_engineering_and_modeling,True,high_missing; high_outlier_burden;,False,
cc_has_pos_drawing_count_ratio_min,ratio_rate_numeric,candidate_predictor,special_case_review,no,relationship_analysis,structured_missing_or_history_availability,possible_absence_of_history_or_unknown_record,structured_missing_handling_candidate_later,feature_engineering_and_modeling,True,high_missing; high_outlier_burden;,False,
cc_has_pos_drawing_count_sum,discrete_count_numeric,candidate_predictor,special_case_review,no,relationship_analysis,structured_missing_or_history_availability,possible_absence_of_history_or_unknown_record,structured_missing_handling_candidate_later,feature_engineering_and_modeling,True,high_missing;,False,
cc_has_pos_drawing_ratio_max,ratio_rate_numeric,candidate_predictor,special_case_review,no,relationship_analysis,structured_missing_or_history_availability,possible_absence_of_history_or_unknown_record,structured_missing_handling_candidate_later,feature_engineering_and_modeling,True,high_missing; high_outlier_burden;,False,
cc_has_pos_drawing_ratio_mean,ratio_rate_numeric,candidate_predictor,special_case_review,no,relationship_analysis,structured_missing_or_history_availability,possible_absence_of_history_or_unknown_record,structured_missing_handling_candidate_later,feature_engineering_and_modeling,True,high_missing; high_outlier_burden;,False,
cc_has_pos_drawing_ratio_min,ratio_rate_numeric,candidate_predictor,special_case_review,no,relationship_analysis,structured_missing_or_history_availability,possible_absence_of_history_or_unknown_record,structured_missing_handling_candidate_later,feature_engineering_and_modeling,True,high_missing; high_outlier_burden;,False,
cc_has_total_receivable_count_max,discrete_count_numeric,candidate_predictor,special_case_review,no,relationship_analysis,structured_missing_or_history_availability,possible_absence_of_history_or_unknown_record,structured_missing_handling_candidate_later,feature_engineering_and_modeling,True,high_missing;,False,
cc_has_total_receivable_count_mean,ratio_rate_numeric,candidate_predictor,special_case_review,no,relationship_analysis,structured_missing_or_history_availability,possible_absence_of_history_or_unknown_record,structured_missing_handling_candidate_later,feature_engineering_and_modeling,True,high_missing;,False,
cc_has_total_receivable_count_sum,discrete_count_numeric,candidate_predictor,special_case_review,no,relationship_analysis,structured_missing_or_history_availability,possible_absence_of_history_or_unknown_record,structured_missing_handling_candidate_later,feature_engineering_and_modeling,True,high_missing;,False,
cc_has_total_receivable_ratio_max,ratio_rate_numeric,candidate_predictor,special_case_review,no,relationship_analysis,structured_missing_or_history_availability,possible_absence_of_history_or_unknown_record,structured_missing_handling_candidate_later,feature_engineering_and_modeling,True,high_missing;,False,
cc_has_total_receivable_ratio_mean,ratio_rate_numeric,candidate_predictor,special_case_review,no,relationship_analysis,structured_missing_or_history_availability,possible_absence_of_history_or_unknown_record,structured_missing_handling_candidate_later,feature_engineering_and_modeling,True,high_missing;,False,
cc_has_total_receivable_ratio_min,ratio_rate_numeric,candidate_predictor,special_case_review,no,relationship_analysis,structured_missing_or_history_availability,possible_absence_of_history_or_unknown_record,structured_missing_handling_candidate_later,feature_engineering_and_modeling,True,high_missing;,False,
cc_high_util_80_trend_6m_vs_old_max,ratio_rate_numeric,candidate_predictor,special_case_review,no,relationship_analysis,structured_missing_or_history_availability,possible_absence_of_history_or_unknown_record,structured_missing_handling_candidate_later,feature_engineering_and_modeling,True,high_missing; negative_ratio_value; high_outlier_burden;,False,
cc_high_util_80_trend_6m_vs_old_mean,ratio_rate_numeric,candidate_predictor,special_case_review,no,relationship_analysis,structured_missing_or_history_availability,possible_absence_of_history_or_unknown_record,structured_missing_handling_candidate_later,feature_engineering_and_modeling,True,high_missing; negative_ratio_value; high_outlier_burden;,False,
cc_high_util_80_trend_6m_vs_old_min,ratio_rate_numeric,candidate_predictor,special_case_review,no,relationship_analysis,structured_missing_or_history_availability,possible_absence_of_history_or_unknown_record,structured_missing_handling_candidate_later,feature_engineering_and_modeling,True,high_missing; negative_ratio_value; high_outlier_burden;,False,
cc_high_util_80_trend_6m_vs_old_sum,ratio_rate_numeric,candidate_predictor,special_case_review,no,relationship_analysis,structured_missing_or_history_availability,possible_absence_of_history_or_unknown_record,structured_missing_handling_candidate_later,feature_engineering_and_modeling,True,high_missing; negative_ratio_value; high_outlier_burden;,False,
cc_high_utilization_100plus_count_max,ratio_rate_numeric,candidate_predictor,special_case_review,no,relationship_analysis,structured_missing_or_history_availability,possible_absence_of_history_or_unknown_record,structured_missing_handling_candidate_later,feature_engineering_and_modeling,True,high_missing;,False,
cc_high_utilization_100plus_count_mean,ratio_rate_numeric,candidate_predictor,special_case_review,no,relationship_analysis,structured_missing_or_history_availability,possible_absence_of_history_or_unknown_record,structured_missing_handling_candidate_later,feature_engineering_and_modeling,True,high_missing;,False,
cc_high_utilization_100plus_count_sum,ratio_rate_numeric,candidate_predictor,special_case_review,no,relationship_analysis,structured_missing_or_history_availability,possible_absence_of_history_or_unknown_record,structured_missing_handling_candidate_later,feature_engineering_and_modeling,True,high_missing;,False,
cc_high_utilization_100plus_ratio_max,ratio_rate_numeric,candidate_predictor,special_case_review,no,relationship_analysis,structured_missing_or_history_availability,possible_absence_of_history_or_unknown_record,structured_missing_handling_candidate_later,feature_engineering_and_modeling,True,high_missing;,False,
cc_high_utilization_100plus_ratio_mean,ratio_rate_numeric,candidate_predictor,special_case_review,no,relationship_analysis,structured_missing_or_history_availability,possible_absence_of_history_or_unknown_record,structured_missing_handling_candidate_later,feature_engineering_and_modeling,True,high_missing;,False,
cc_high_utilization_100plus_ratio_min,ratio_rate_numeric,candidate_predictor,special_case_review,no,relationship_analysis,structured_missing_or_history_availability,possible_absence_of_history_or_unknown_record,structured_missing_handling_candidate_later,feature_engineering_and_modeling,True,high_missing;,False,
cc_high_utilization_30plus_count_max,ratio_rate_numeric,candidate_predictor,special_case_review,no,relationship_analysis,structured_missing_or_history_availability,possible_absence_of_history_or_unknown_record,structured_missing_handling_candidate_later,feature_engineering_and_modeling,True,high_missing;,False,
cc_high_utilization_30plus_count_mean,ratio_rate_numeric,candidate_predictor,special_case_review,no,relationship_analysis,structured_missing_or_history_availability,possible_absence_of_history_or_unknown_record,structured_missing_handling_candidate_later,feature_engineering_and_modeling,True,high_missing;,False,
cc_high_utilization_30plus_count_sum,ratio_rate_numeric,candidate_predictor,special_case_review,no,relationship_analysis,structured_missing_or_history_availability,possible_absence_of_history_or_unknown_record,structured_missing_handling_candidate_later,feature_engineering_and_modeling,True,high_missing;,False,
cc_high_utilization_30plus_ratio_max,ratio_rate_numeric,candidate_predictor,special_case_review,no,relationship_analysis,structured_missing_or_history_availability,possible_absence_of_history_or_unknown_record,structured_missing_handling_candidate_later,feature_engineering_and_modeling,True,high_missing;,False,
cc_high_utilization_30plus_ratio_mean,ratio_rate_numeric,candidate_predictor,special_case_review,no,relationship_analysis,structured_missing_or_history_availability,possible_absence_of_history_or_unknown_record,structured_missing_handling_candidate_later,feature_engineering_and_modeling,True,high_missing;,False,
cc_high_utilization_30plus_ratio_min,ratio_rate_numeric,candidate_predictor,special_case_review,no,relationship_analysis,structured_missing_or_history_availability,possible_absence_of_history_or_unknown_record,structured_missing_handling_candidate_later,feature_engineering_and_modeling,True,high_missing;,False,
cc_high_utilization_50plus_count_max,ratio_rate_numeric,candidate_predictor,special_case_review,no,relationship_analysis,structured_missing_or_history_availability,possible_absence_of_history_or_unknown_record,structured_missing_handling_candidate_later,feature_engineering_and_modeling,True,high_missing;,False,
cc_high_utilization_50plus_count_mean,ratio_rate_numeric,candidate_predictor,special_case_review,no,relationship_analysis,structured_missing_or_history_availability,possible_absence_of_history_or_unknown_record,structured_missing_handling_candidate_later,feature_engineering_and_modeling,True,high_missing;,False,
cc_high_utilization_50plus_count_sum,ratio_rate_numeric,candidate_predictor,special_case_review,no,relationship_analysis,structured_missing_or_history_availability,possible_absence_of_history_or_unknown_record,structured_missing_handling_candidate_later,feature_engineering_and_modeling,True,high_missing;,False,
cc_high_utilization_50plus_ratio_max,ratio_rate_numeric,candidate_predictor,special_case_review,no,relationship_analysis,structured_missing_or_history_availability,possible_absence_of_history_or_unknown_record,structured_missing_handling_candidate_later,feature_engineering_and_modeling,True,high_missing;,False,
cc_high_utilization_50plus_ratio_mean,ratio_rate_numeric,candidate_predictor,special_case_review,no,relationship_analysis,structured_missing_or_history_availability,possible_absence_of_history_or_unknown_record,structured_missing_handling_candidate_later,feature_engineering_and_modeling,True,high_missing;,False,
cc_high_utilization_50plus_ratio_min,ratio_rate_numeric,candidate_predictor,special_case_review,no,relationship_analysis,structured_missing_or_history_availability,possible_absence_of_history_or_unknown_record,structured_missing_handling_candidate_later,feature_engineering_and_modeling,True,high_missing;,False,
cc_high_utilization_80plus_count_max,ratio_rate_numeric,candidate_predictor,special_case_review,no,relationship_analysis,structured_missing_or_history_availability,possible_absence_of_history_or_unknown_record,structured_missing_handling_candidate_later,feature_engineering_and_modeling,True,high_missing;,False,
cc_high_utilization_80plus_count_mean,ratio_rate_numeric,candidate_predictor,special_case_review,no,relationship_analysis,structured_missing_or_history_availability,possible_absence_of_history_or_unknown_record,structured_missing_handling_candidate_later,feature_engineering_and_modeling,True,high_missing;,False,
cc_high_utilization_80plus_count_sum,ratio_rate_numeric,candidate_predictor,special_case_review,no,relationship_analysis,structured_missing_or_history_availability,possible_absence_of_history_or_unknown_record,structured_missing_handling_candidate_later,feature_engineering_and_modeling,True,high_missing;,False,
cc_high_utilization_80plus_ratio_max,ratio_rate_numeric,candidate_predictor,special_case_review,no,relationship_analysis,structured_missing_or_history_availability,possible_absence_of_history_or_unknown_record,structured_missing_handling_candidate_later,feature_engineering_and_modeling,True,high_missing;,False,
cc_high_utilization_80plus_ratio_mean,ratio_rate_numeric,candidate_predictor,special_case_review,no,relationship_analysis,structured_missing_or_history_availability,possible_absence_of_history_or_unknown_record,structured_missing_handling_candidate_later,feature_engineering_and_modeling,True,high_missing;,False,
cc_high_utilization_80plus_ratio_min,ratio_rate_numeric,candidate_predictor,special_case_review,no,relationship_analysis,structured_missing_or_history_availability,possible_absence_of_history_or_unknown_record,structured_missing_handling_candidate_later,feature_engineering_and_modeling,True,high_missing;,False,
cc_invalid_credit_limit_count_max,discrete_count_numeric,candidate_predictor,special_case_review,no,relationship_analysis,structured_missing_or_history_availability,possible_absence_of_history_or_unknown_record,structured_missing_handling_candidate_later,feature_engineering_and_modeling,True,high_missing;,False,
cc_invalid_credit_limit_count_mean,discrete_count_numeric,candidate_predictor,special_case_review,no,relationship_analysis,structured_missing_or_history_availability,possible_absence_of_history_or_unknown_record,structured_missing_handling_candidate_later,feature_engineering_and_modeling,True,high_missing; not_integer_like;,False,
cc_invalid_credit_limit_count_sum,discrete_count_numeric,candidate_predictor,special_case_review,no,relationship_analysis,structured_missing_or_history_availability,possible_absence_of_history_or_unknown_record,structured_missing_handling_candidate_later,feature_engineering_and_modeling,True,high_missing;,False,
cc_invalid_credit_limit_ratio_max,ratio_rate_numeric,candidate_predictor,special_case_review,no,relationship_analysis,structured_missing_or_history_availability,possible_absence_of_history_or_unknown_record,structured_missing_handling_candidate_later,feature_engineering_and_modeling,True,high_missing;,False,
cc_invalid_credit_limit_ratio_mean,ratio_rate_numeric,candidate_predictor,special_case_review,no,relationship_analysis,structured_missing_or_history_availability,possible_absence_of_history_or_unknown_record,structured_missing_handling_candidate_later,feature_engineering_and_modeling,True,high_missing;,False,
cc_invalid_credit_limit_ratio_min,ratio_rate_numeric,candidate_predictor,special_case_review,no,relationship_analysis,structured_missing_or_history_availability,possible_absence_of_history_or_unknown_record,structured_missing_handling_candidate_later,feature_engineering_and_modeling,True,high_missing;,False,
cc_is_recent_12m_count_max,discrete_count_numeric,candidate_predictor,special_case_review,no,relationship_analysis,structured_missing_or_history_availability,possible_absence_of_history_or_unknown_record,structured_missing_handling_candidate_later,feature_engineering_and_modeling,True,high_missing;,False,
cc_is_recent_12m_count_mean,ratio_rate_numeric,candidate_predictor,special_case_review,no,relationship_analysis,structured_missing_or_history_availability,possible_absence_of_history_or_unknown_record,structured_missing_handling_candidate_later,feature_engineering_and_modeling,True,high_missing;,False,
cc_is_recent_12m_count_sum,discrete_count_numeric,candidate_predictor,special_case_review,no,relationship_analysis,structured_missing_or_history_availability,possible_absence_of_history_or_unknown_record,structured_missing_handling_candidate_later,feature_engineering_and_modeling,True,high_missing;,False,
cc_is_recent_12m_ratio_max,ratio_rate_numeric,candidate_predictor,special_case_review,no,relationship_analysis,structured_missing_or_history_availability,possible_absence_of_history_or_unknown_record,structured_missing_handling_candidate_later,feature_engineering_and_modeling,True,high_missing;,False,
cc_is_recent_12m_ratio_mean,ratio_rate_numeric,candidate_predictor,special_case_review,no,relationship_analysis,structured_missing_or_history_availability,possible_absence_of_history_or_unknown_record,structured_missing_handling_candidate_later,feature_engineering_and_modeling,True,high_missing;,False,
cc_is_recent_12m_ratio_min,ratio_rate_numeric,candidate_predictor,special_case_review,no,relationship_analysis,structured_missing_or_history_availability,possible_absence_of_history_or_unknown_record,structured_missing_handling_candidate_later,feature_engineering_and_modeling,True,high_missing;,False,
cc_is_recent_24m_count_max,discrete_count_numeric,candidate_predictor,special_case_review,no,relationship_analysis,structured_missing_or_history_availability,possible_absence_of_history_or_unknown_record,structured_missing_handling_candidate_later,feature_engineering_and_modeling,True,high_missing;,False,
cc_is_recent_24m_count_mean,ratio_rate_numeric,candidate_predictor,special_case_review,no,relationship_analysis,structured_missing_or_history_availability,possible_absence_of_history_or_unknown_record,structured_missing_handling_candidate_later,feature_engineering_and_modeling,True,high_missing;,False,
cc_is_recent_24m_count_sum,discrete_count_numeric,candidate_predictor,special_case_review,no,relationship_analysis,structured_missing_or_history_availability,possible_absence_of_history_or_unknown_record,structured_missing_handling_candidate_later,feature_engineering_and_modeling,True,high_missing;,False,
cc_is_recent_24m_ratio_max,ratio_rate_numeric,candidate_predictor,special_case_review,no,relationship_analysis,structured_missing_or_history_availability,possible_absence_of_history_or_unknown_record,structured_missing_handling_candidate_later,feature_engineering_and_modeling,True,high_missing;,False,
cc_is_recent_24m_ratio_mean,ratio_rate_numeric,candidate_predictor,special_case_review,no,relationship_analysis,structured_missing_or_history_availability,possible_absence_of_history_or_unknown_record,structured_missing_handling_candidate_later,feature_engineering_and_modeling,True,high_missing;,False,
cc_is_recent_24m_ratio_min,ratio_rate_numeric,candidate_predictor,special_case_review,no,relationship_analysis,structured_missing_or_history_availability,possible_absence_of_history_or_unknown_record,structured_missing_handling_candidate_later,feature_engineering_and_modeling,True,high_missing;,False,
cc_is_recent_6m_count_max,discrete_count_numeric,candidate_predictor,special_case_review,no,relationship_analysis,structured_missing_or_history_availability,possible_absence_of_history_or_unknown_record,structured_missing_handling_candidate_later,feature_engineering_and_modeling,True,high_missing;,False,
cc_is_recent_6m_count_mean,ratio_rate_numeric,candidate_predictor,special_case_review,no,relationship_analysis,structured_missing_or_history_availability,possible_absence_of_history_or_unknown_record,structured_missing_handling_candidate_later,feature_engineering_and_modeling,True,high_missing;,False,
cc_is_recent_6m_count_sum,discrete_count_numeric,candidate_predictor,special_case_review,no,relationship_analysis,structured_missing_or_history_availability,possible_absence_of_history_or_unknown_record,structured_missing_handling_candidate_later,feature_engineering_and_modeling,True,high_missing;,False,
cc_is_recent_6m_ratio_max,ratio_rate_numeric,candidate_predictor,special_case_review,no,relationship_analysis,structured_missing_or_history_availability,possible_absence_of_history_or_unknown_record,structured_missing_handling_candidate_later,feature_engineering_and_modeling,True,high_missing;,False,
cc_is_recent_6m_ratio_mean,ratio_rate_numeric,candidate_predictor,special_case_review,no,relationship_analysis,structured_missing_or_history_availability,possible_absence_of_history_or_unknown_record,structured_missing_handling_candidate_later,feature_engineering_and_modeling,True,high_missing;,False,
cc_is_recent_6m_ratio_min,ratio_rate_numeric,candidate_predictor,special_case_review,no,relationship_analysis,structured_missing_or_history_availability,possible_absence_of_history_or_unknown_record,structured_missing_handling_candidate_later,feature_engineering_and_modeling,True,high_missing;,False,
cc_latest_atm_drawing_share,ratio_rate_numeric,candidate_predictor,special_case_review,no,relationship_analysis,structured_missing_or_history_availability,possible_absence_of_history_or_unknown_record,structured_missing_handling_candidate_later,feature_engineering_and_modeling,True,high_missing;,True,extreme_missing;
cc_latest_balance,continuous_amount_numeric,candidate_predictor,special_case_review,no,relationship_analysis,structured_missing_or_history_availability,possible_absence_of_history_or_unknown_record,structured_missing_handling_candidate_later,feature_engineering_and_modeling,True,high_missing;,False,
cc_latest_balance_max,continuous_amount_numeric,candidate_predictor,special_case_review,no,relationship_analysis,structured_missing_or_history_availability,possible_absence_of_history_or_unknown_record,structured_missing_handling_candidate_later,feature_engineering_and_modeling,True,high_missing;,False,
cc_latest_balance_mean,continuous_amount_numeric,candidate_predictor,special_case_review,no,relationship_analysis,structured_missing_or_history_availability,possible_absence_of_history_or_unknown_record,structured_missing_handling_candidate_later,feature_engineering_and_modeling,True,high_missing;,False,
cc_latest_balance_min,continuous_amount_numeric,candidate_predictor,special_case_review,no,relationship_analysis,structured_missing_or_history_availability,possible_absence_of_history_or_unknown_record,structured_missing_handling_candidate_later,feature_engineering_and_modeling,True,high_missing;,False,
cc_latest_balance_sum,continuous_amount_numeric,candidate_predictor,special_case_review,no,relationship_analysis,structured_missing_or_history_availability,possible_absence_of_history_or_unknown_record,structured_missing_handling_candidate_later,feature_engineering_and_modeling,True,high_missing;,False,
cc_latest_credit_limit,continuous_amount_numeric,candidate_predictor,special_case_review,no,relationship_analysis,structured_missing_or_history_availability,possible_absence_of_history_or_unknown_record,structured_missing_handling_candidate_later,feature_engineering_and_modeling,True,high_missing;,False,
cc_latest_credit_limit_max,continuous_amount_numeric,candidate_predictor,special_case_review,no,relationship_analysis,structured_missing_or_history_availability,possible_absence_of_history_or_unknown_record,structured_missing_handling_candidate_later,feature_engineering_and_modeling,True,high_missing;,False,
cc_latest_credit_limit_mean,continuous_amount_numeric,candidate_predictor,special_case_review,no,relationship_analysis,structured_missing_or_history_availability,possible_absence_of_history_or_unknown_record,structured_missing_handling_candidate_later,feature_engineering_and_modeling,True,high_missing;,False,
cc_latest_credit_limit_min,continuous_amount_numeric,candidate_predictor,special_case_review,no,relationship_analysis,structured_missing_or_history_availability,possible_absence_of_history_or_unknown_record,structured_missing_handling_candidate_later,feature_engineering_and_modeling,True,high_missing;,False,
cc_latest_credit_limit_sum,continuous_amount_numeric,candidate_predictor,special_case_review,no,relationship_analysis,structured_missing_or_history_availability,possible_absence_of_history_or_unknown_record,structured_missing_handling_candidate_later,feature_engineering_and_modeling,True,high_missing;,False,
cc_latest_credit_utilization,ratio_rate_numeric,candidate_predictor,special_case_review,no,relationship_analysis,structured_missing_or_history_availability,possible_absence_of_history_or_unknown_record,structured_missing_handling_candidate_later,feature_engineering_and_modeling,True,high_missing;,False,
cc_latest_credit_utilization_capped,ratio_rate_numeric,candidate_predictor,special_case_review,no,relationship_analysis,structured_missing_or_history_availability,possible_absence_of_history_or_unknown_record,structured_missing_handling_candidate_later,feature_engineering_and_modeling,True,high_missing;,False,
cc_latest_credit_utilization_max,ratio_rate_numeric,candidate_predictor,special_case_review,no,relationship_analysis,structured_missing_or_history_availability,possible_absence_of_history_or_unknown_record,structured_missing_handling_candidate_later,feature_engineering_and_modeling,True,high_missing;,False,
cc_latest_credit_utilization_mean,ratio_rate_numeric,candidate_predictor,special_case_review,no,relationship_analysis,structured_missing_or_history_availability,possible_absence_of_history_or_unknown_record,structured_missing_handling_candidate_later,feature_engineering_and_modeling,True,high_missing;,False,
cc_latest_credit_utilization_min,ratio_rate_numeric,candidate_predictor,special_case_review,no,relationship_analysis,structured_missing_or_history_availability,possible_absence_of_history_or_unknown_record,structured_missing_handling_candidate_later,feature_engineering_and_modeling,True,high_missing;,False,
cc_latest_credit_utilization_sum,ratio_rate_numeric,candidate_predictor,special_case_review,no,relationship_analysis,structured_missing_or_history_availability,possible_absence_of_history_or_unknown_record,structured_missing_handling_candidate_later,feature_engineering_and_modeling,True,high_missing;,False,
cc_latest_dpd,overdue_delay_numeric,candidate_predictor,special_case_review,no,relationship_analysis,structured_missing_or_history_availability,possible_absence_of_history_or_unknown_record,structured_missing_handling_candidate_later,feature_engineering_and_modeling,True,high_missing; has_late_delay_signal; severe_delay_signal; extreme_delay_signal; rare_severe_delay_signal;,False,
cc_latest_dpd_30plus_flag,binary_flag,candidate_predictor,special_case_review,no,relationship_analysis,rare_or_near_constant_binary_flag | structured_missing_or_history_availability,near_constant_binary_flag | possible_absence_of_history_or_unknown_record,keep_as_binary_candidate_and_validate_predictive_value_later | structured_missing_handling_candidate_later,bivariate_multivariate_and_modeling | feature_engineering_and_modeling,,,False,
cc_latest_dpd_60plus_flag,binary_flag,candidate_predictor,special_case_review,no,relationship_analysis,rare_or_near_constant_binary_flag | structured_missing_or_history_availability,near_constant_binary_flag | possible_absence_of_history_or_unknown_record,keep_as_binary_candidate_and_validate_predictive_value_later | structured_missing_handling_candidate_later,bivariate_multivariate_and_modeling | feature_engineering_and_modeling,,,False,
cc_latest_dpd_90plus_flag,binary_flag,candidate_predictor,special_case_review,no,relationship_analysis,rare_or_near_constant_binary_flag | structured_missing_or_history_availability,near_constant_binary_flag | possible_absence_of_history_or_unknown_record,keep_as_binary_candidate_and_validate_predictive_value_later | structured_missing_handling_candidate_later,bivariate_multivariate_and_modeling | feature_engineering_and_modeling,,,False,
cc_latest_dpd_def,overdue_delay_numeric,candidate_predictor,special_case_review,no,relationship_analysis,structured_missing_or_history_availability,possible_absence_of_history_or_unknown_record,structured_missing_handling_candidate_later,feature_engineering_and_modeling,True,high_missing; has_late_delay_signal; severe_delay_signal; extreme_delay_signal; rare_severe_delay_signal;,False,
cc_latest_dpd_def_max,overdue_delay_numeric,candidate_predictor,special_case_review,no,relationship_analysis,structured_missing_or_history_availability,possible_absence_of_history_or_unknown_record,structured_missing_handling_candidate_later,feature_engineering_and_modeling,True,high_missing; has_late_delay_signal; severe_delay_signal; extreme_delay_signal; rare_severe_delay_signal;,False,
cc_latest_dpd_def_mean,overdue_delay_numeric,candidate_predictor,special_case_review,no,relationship_analysis,structured_missing_or_history_availability,possible_absence_of_history_or_unknown_record,structured_missing_handling_candidate_later,feature_engineering_and_modeling,True,high_missing; has_late_delay_signal; severe_delay_signal; extreme_delay_signal; rare_severe_delay_signal;,False,
cc_latest_dpd_def_min,overdue_delay_numeric,candidate_predictor,special_case_review,no,relationship_analysis,structured_missing_or_history_availability,possible_absence_of_history_or_unknown_record,structured_missing_handling_candidate_later,feature_engineering_and_modeling,True,high_missing; has_late_delay_signal; severe_delay_signal; extreme_delay_signal; rare_severe_delay_signal;,False,
cc_latest_dpd_def_sum,overdue_delay_numeric,candidate_predictor,special_case_review,no,relationship_analysis,structured_missing_or_history_availability,possible_absence_of_history_or_unknown_record,structured_missing_handling_candidate_later,feature_engineering_and_modeling,True,high_missing; has_late_delay_signal; severe_delay_signal; extreme_delay_signal; rare_severe_delay_signal;,False,
cc_latest_dpd_max,overdue_delay_numeric,candidate_predictor,special_case_review,no,relationship_analysis,structured_missing_or_history_availability,possible_absence_of_history_or_unknown_record,structured_missing_handling_candidate_later,feature_engineering_and_modeling,True,high_missing; has_late_delay_signal; severe_delay_signal; extreme_delay_signal; rare_severe_delay_signal;,False,
cc_latest_dpd_mean,overdue_delay_numeric,candidate_predictor,special_case_review,no,relationship_analysis,structured_missing_or_history_availability,possible_absence_of_history_or_unknown_record,structured_missing_handling_candidate_later,feature_engineering_and_modeling,True,high_missing; has_late_delay_signal; severe_delay_signal; extreme_delay_signal; rare_severe_delay_signal;,False,
cc_latest_dpd_min,overdue_delay_numeric,candidate_predictor,special_case_review,no,relationship_analysis,structured_missing_or_history_availability,possible_absence_of_history_or_unknown_record,structured_missing_handling_candidate_later,feature_engineering_and_modeling,True,high_missing; has_late_delay_signal; severe_delay_signal; extreme_delay_signal; rare_severe_delay_signal;,False,
cc_latest_dpd_sum,overdue_delay_numeric,candidate_predictor,special_case_review,no,relationship_analysis,structured_missing_or_history_availability,possible_absence_of_history_or_unknown_record,structured_missing_handling_candidate_later,feature_engineering_and_modeling,True,high_missing; has_late_delay_signal; severe_delay_signal; extreme_delay_signal; rare_severe_delay_signal;,False,
cc_latest_drawing_amount,continuous_amount_numeric,candidate_predictor,special_case_review,no,relationship_analysis,structured_missing_or_history_availability,possible_absence_of_history_or_unknown_record,structured_missing_handling_candidate_later,feature_engineering_and_modeling,True,high_missing; extreme_skew;,False,
cc_latest_drawing_amount_max,continuous_amount_numeric,candidate_predictor,special_case_review,no,relationship_analysis,structured_missing_or_history_availability,possible_absence_of_history_or_unknown_record,structured_missing_handling_candidate_later,feature_engineering_and_modeling,True,high_missing; extreme_skew;,False,
cc_latest_drawing_amount_mean,continuous_amount_numeric,candidate_predictor,special_case_review,no,relationship_analysis,structured_missing_or_history_availability,possible_absence_of_history_or_unknown_record,structured_missing_handling_candidate_later,feature_engineering_and_modeling,True,high_missing; extreme_skew;,False,
cc_latest_drawing_amount_min,continuous_amount_numeric,candidate_predictor,special_case_review,no,relationship_analysis,structured_missing_or_history_availability,possible_absence_of_history_or_unknown_record,structured_missing_handling_candidate_later,feature_engineering_and_modeling,True,high_missing; extreme_skew;,False,
cc_latest_drawing_amount_sum,continuous_amount_numeric,candidate_predictor,special_case_review,no,relationship_analysis,structured_missing_or_history_availability,possible_absence_of_history_or_unknown_record,structured_missing_handling_candidate_later,feature_engineering_and_modeling,True,high_missing; extreme_skew;,False,
cc_latest_drawing_count,discrete_count_numeric,candidate_predictor,special_case_review,no,relationship_analysis,structured_missing_or_history_availability,possible_absence_of_history_or_unknown_record,structured_missing_handling_candidate_later,feature_engineering_and_modeling,True,high_missing;,False,
cc_latest_drawing_count_max,discrete_count_numeric,candidate_predictor,special_case_review,no,relationship_analysis,structured_missing_or_history_availability,possible_absence_of_history_or_unknown_record,structured_missing_handling_candidate_later,feature_engineering_and_modeling,True,high_missing;,False,
cc_latest_drawing_count_mean,discrete_count_numeric,candidate_predictor,special_case_review,no,relationship_analysis,structured_missing_or_history_availability,possible_absence_of_history_or_unknown_record,structured_missing_handling_candidate_later,feature_engineering_and_modeling,True,high_missing; not_integer_like;,False,
cc_latest_drawing_count_sum,discrete_count_numeric,candidate_predictor,special_case_review,no,relationship_analysis,structured_missing_or_history_availability,possible_absence_of_history_or_unknown_record,structured_missing_handling_candidate_later,feature_engineering_and_modeling,True,high_missing;,False,
cc_latest_has_atm_drawing_flag,binary_flag,candidate_predictor,special_case_review,no,relationship_analysis,structured_missing_or_history_availability,possible_absence_of_history_or_unknown_record,structured_missing_handling_candidate_later,feature_engineering_and_modeling,,,False,
cc_latest_has_dpd,binary_flag,candidate_predictor,special_case_review,no,relationship_analysis,structured_missing_or_history_availability,possible_absence_of_history_or_unknown_record,structured_missing_handling_candidate_later,feature_engineering_and_modeling,,,False,
cc_latest_has_dpd_def,binary_flag,candidate_predictor,special_case_review,no,relationship_analysis,rare_or_near_constant_binary_flag | structured_missing_or_history_availability,near_constant_binary_flag | possible_absence_of_history_or_unknown_record,keep_as_binary_candidate_and_validate_predictive_value_later | structured_missing_handling_candidate_later,bivariate_multivariate_and_modeling | feature_engineering_and_modeling,,,False,
cc_latest_has_dpd_def_max,binary_flag,candidate_predictor,special_case_review,no,relationship_analysis,rare_or_near_constant_binary_flag | structured_missing_or_history_availability,near_constant_binary_flag | possible_absence_of_history_or_unknown_record,keep_as_binary_candidate_and_validate_predictive_value_later | structured_missing_handling_candidate_later,bivariate_multivariate_and_modeling | feature_engineering_and_modeling,,,False,
cc_latest_has_dpd_def_mean,ratio_rate_numeric,candidate_predictor,special_case_review,no,relationship_analysis,structured_missing_or_history_availability,possible_absence_of_history_or_unknown_record,structured_missing_handling_candidate_later,feature_engineering_and_modeling,True,high_missing; zero_heavy; extreme_skew;,False,
cc_latest_has_dpd_def_min,binary_flag,candidate_predictor,special_case_review,no,relationship_analysis,rare_or_near_constant_binary_flag | structured_missing_or_history_availability,near_constant_binary_flag | possible_absence_of_history_or_unknown_record,keep_as_binary_candidate_and_validate_predictive_value_later | structured_missing_handling_candidate_later,bivariate_multivariate_and_modeling | feature_engineering_and_modeling,,,False,
cc_latest_has_dpd_def_sum,binary_flag,candidate_predictor,special_case_review,no,relationship_analysis,rare_or_near_constant_binary_flag | structured_missing_or_history_availability,near_constant_binary_flag | possible_absence_of_history_or_unknown_record,keep_as_binary_candidate_and_validate_predictive_value_later | structured_missing_handling_candidate_later,bivariate_multivariate_and_modeling | feature_engineering_and_modeling,,,False,
cc_latest_has_dpd_max,binary_flag,candidate_predictor,special_case_review,no,relationship_analysis,structured_missing_or_history_availability,possible_absence_of_history_or_unknown_record,structured_missing_handling_candidate_later,feature_engineering_and_modeling,,,False,
cc_latest_has_dpd_mean,ratio_rate_numeric,candidate_predictor,special_case_review,no,relationship_analysis,structured_missing_or_history_availability,possible_absence_of_history_or_unknown_record,structured_missing_handling_candidate_later,feature_engineering_and_modeling,True,high_missing; zero_heavy; extreme_skew;,False,
cc_latest_has_dpd_min,binary_flag,candidate_predictor,special_case_review,no,relationship_analysis,structured_missing_or_history_availability,possible_absence_of_history_or_unknown_record,structured_missing_handling_candidate_later,feature_engineering_and_modeling,,,False,
cc_latest_has_dpd_sum,binary_flag,candidate_predictor,special_case_review,no,relationship_analysis,structured_missing_or_history_availability,possible_absence_of_history_or_unknown_record,structured_missing_handling_candidate_later,feature_engineering_and_modeling,,,False,
cc_latest_has_drawing_flag,binary_flag,candidate_predictor,special_case_review,no,relationship_analysis,structured_missing_or_history_availability,possible_absence_of_history_or_unknown_record,structured_missing_handling_candidate_later,feature_engineering_and_modeling,,,False,
cc_latest_has_pos_drawing_flag,binary_flag,candidate_predictor,special_case_review,no,relationship_analysis,structured_missing_or_history_availability,possible_absence_of_history_or_unknown_record,structured_missing_handling_candidate_later,feature_engineering_and_modeling,,,False,
cc_latest_high_utilization_100plus_flag,binary_flag,candidate_predictor,special_case_review,no,relationship_analysis,structured_missing_or_history_availability,possible_absence_of_history_or_unknown_record,structured_missing_handling_candidate_later,feature_engineering_and_modeling,,,False,
cc_latest_high_utilization_80plus_flag,binary_flag,candidate_predictor,special_case_review,no,relationship_analysis,structured_missing_or_history_availability,possible_absence_of_history_or_unknown_record,structured_missing_handling_candidate_later,feature_engineering_and_modeling,,,False,
cc_latest_high_utilization_80plus_flag_max,binary_flag,candidate_predictor,special_case_review,no,relationship_analysis,structured_missing_or_history_availability,possible_absence_of_history_or_unknown_record,structured_missing_handling_candidate_later,feature_engineering_and_modeling,,,False,
cc_latest_high_utilization_80plus_flag_mean,ratio_rate_numeric,candidate_predictor,special_case_review,no,relationship_analysis,structured_missing_or_history_availability,possible_absence_of_history_or_unknown_record,structured_missing_handling_candidate_later,feature_engineering_and_modeling,True,high_missing;,False,
cc_latest_high_utilization_80plus_flag_min,binary_flag,candidate_predictor,special_case_review,no,relationship_analysis,structured_missing_or_history_availability,possible_absence_of_history_or_unknown_record,structured_missing_handling_candidate_later,feature_engineering_and_modeling,,,False,
cc_latest_high_utilization_80plus_flag_sum,discrete_count_numeric,candidate_predictor,special_case_review,no,relationship_analysis,structured_missing_or_history_availability,possible_absence_of_history_or_unknown_record,structured_missing_handling_candidate_later,feature_engineering_and_modeling,True,high_missing;,False,
cc_latest_invalid_credit_limit_flag,binary_flag,candidate_predictor,special_case_review,no,relationship_analysis,structured_missing_or_history_availability,possible_absence_of_history_or_unknown_record,structured_missing_handling_candidate_later,feature_engineering_and_modeling,,,False,
cc_latest_min_instalment,continuous_amount_numeric,candidate_predictor,special_case_review,no,relationship_analysis,structured_missing_or_history_availability,possible_absence_of_history_or_unknown_record,structured_missing_handling_candidate_later,feature_engineering_and_modeling,True,high_missing;,False,
cc_latest_min_instalment_max,continuous_amount_numeric,candidate_predictor,special_case_review,no,relationship_analysis,structured_missing_or_history_availability,possible_absence_of_history_or_unknown_record,structured_missing_handling_candidate_later,feature_engineering_and_modeling,True,high_missing;,False,
cc_latest_min_instalment_mean,continuous_amount_numeric,candidate_predictor,special_case_review,no,relationship_analysis,structured_missing_or_history_availability,possible_absence_of_history_or_unknown_record,structured_missing_handling_candidate_later,feature_engineering_and_modeling,True,high_missing;,False,
cc_latest_min_instalment_min,continuous_amount_numeric,candidate_predictor,special_case_review,no,relationship_analysis,structured_missing_or_history_availability,possible_absence_of_history_or_unknown_record,structured_missing_handling_candidate_later,feature_engineering_and_modeling,True,high_missing;,False,
cc_latest_min_instalment_sum,continuous_amount_numeric,candidate_predictor,special_case_review,no,relationship_analysis,structured_missing_or_history_availability,possible_absence_of_history_or_unknown_record,structured_missing_handling_candidate_later,feature_engineering_and_modeling,True,high_missing;,False,
cc_latest_months_balance,date_duration_numeric,candidate_predictor,special_case_review,no,relationship_analysis,cyclical_or_calendar_time | structured_missing_or_history_availability, | possible_absence_of_history_or_unknown_record,cyclical_or_calendar_encoding_candidate_later | structured_missing_handling_candidate_later,feature_engineering_and_modeling,True,high_missing;,False,
cc_latest_months_balance_max,date_duration_numeric,candidate_predictor,special_case_review,no,relationship_analysis,cyclical_or_calendar_time | structured_missing_or_history_availability, | possible_absence_of_history_or_unknown_record,cyclical_or_calendar_encoding_candidate_later | structured_missing_handling_candidate_later,feature_engineering_and_modeling,True,high_missing;,False,
cc_latest_months_balance_mean,date_duration_numeric,candidate_predictor,special_case_review,no,relationship_analysis,cyclical_or_calendar_time | structured_missing_or_history_availability, | possible_absence_of_history_or_unknown_record,cyclical_or_calendar_encoding_candidate_later | structured_missing_handling_candidate_later,feature_engineering_and_modeling,True,high_missing;,False,
cc_latest_months_balance_min,date_duration_numeric,candidate_predictor,special_case_review,no,relationship_analysis,cyclical_or_calendar_time | structured_missing_or_history_availability, | possible_absence_of_history_or_unknown_record,cyclical_or_calendar_encoding_candidate_later | structured_missing_handling_candidate_later,feature_engineering_and_modeling,True,high_missing;,False,
cc_latest_months_balance_sum,date_duration_numeric,candidate_predictor,special_case_review,no,relationship_analysis,cyclical_or_calendar_time | structured_missing_or_history_availability, | possible_absence_of_history_or_unknown_record,cyclical_or_calendar_encoding_candidate_later | structured_missing_handling_candidate_later,feature_engineering_and_modeling,True,high_missing;,False,
cc_latest_no_payment_with_balance_flag,binary_flag,candidate_predictor,special_case_review,no,relationship_analysis,structured_missing_or_history_availability,possible_absence_of_history_or_unknown_record,structured_missing_handling_candidate_later,feature_engineering_and_modeling,,,False,
cc_latest_no_payment_with_balance_flag_max,binary_flag,candidate_predictor,special_case_review,no,relationship_analysis,structured_missing_or_history_availability,possible_absence_of_history_or_unknown_record,structured_missing_handling_candidate_later,feature_engineering_and_modeling,,,False,
cc_latest_no_payment_with_balance_flag_mean,ratio_rate_numeric,candidate_predictor,special_case_review,no,relationship_analysis,structured_missing_or_history_availability,possible_absence_of_history_or_unknown_record,structured_missing_handling_candidate_later,feature_engineering_and_modeling,True,high_missing; zero_heavy; extreme_skew;,False,
cc_latest_no_payment_with_balance_flag_min,binary_flag,candidate_predictor,special_case_review,no,relationship_analysis,structured_missing_or_history_availability,possible_absence_of_history_or_unknown_record,structured_missing_handling_candidate_later,feature_engineering_and_modeling,,,False,
cc_latest_no_payment_with_balance_flag_sum,discrete_count_numeric,candidate_predictor,special_case_review,no,relationship_analysis,structured_missing_or_history_availability,possible_absence_of_history_or_unknown_record,structured_missing_handling_candidate_later,feature_engineering_and_modeling,True,high_missing; zero_heavy;,False,
cc_latest_over_limit_flag,binary_flag,candidate_predictor,special_case_review,no,relationship_analysis,structured_missing_or_history_availability,possible_absence_of_history_or_unknown_record,structured_missing_handling_candidate_later,feature_engineering_and_modeling,,,False,
cc_latest_payment_current,continuous_amount_numeric,candidate_predictor,special_case_review,no,relationship_analysis,structured_missing_or_history_availability,possible_absence_of_history_or_unknown_record,structured_missing_handling_candidate_later,feature_engineering_and_modeling,True,high_missing; extreme_skew;,True,extreme_missing;
cc_latest_payment_current_max,continuous_amount_numeric,candidate_predictor,special_case_review,no,relationship_analysis,structured_missing_or_history_availability,possible_absence_of_history_or_unknown_record,structured_missing_handling_candidate_later,feature_engineering_and_modeling,True,high_missing; extreme_skew;,True,extreme_missing;
cc_latest_payment_current_mean,continuous_amount_numeric,candidate_predictor,special_case_review,no,relationship_analysis,structured_missing_or_history_availability,possible_absence_of_history_or_unknown_record,structured_missing_handling_candidate_later,feature_engineering_and_modeling,True,high_missing; extreme_skew;,True,extreme_missing;
cc_latest_payment_current_min,continuous_amount_numeric,candidate_predictor,special_case_review,no,relationship_analysis,structured_missing_or_history_availability,possible_absence_of_history_or_unknown_record,structured_missing_handling_candidate_later,feature_engineering_and_modeling,True,high_missing; extreme_skew;,True,extreme_missing;
cc_latest_payment_current_sum,continuous_amount_numeric,candidate_predictor,special_case_review,no,relationship_analysis,structured_missing_or_history_availability,possible_absence_of_history_or_unknown_record,structured_missing_handling_candidate_later,feature_engineering_and_modeling,True,high_missing; extreme_skew;,False,
cc_latest_payment_less_than_min_flag,binary_flag,candidate_predictor,special_case_review,no,relationship_analysis,structured_missing_or_history_availability,possible_absence_of_history_or_unknown_record,structured_missing_handling_candidate_later,feature_engineering_and_modeling,,,False,
cc_latest_payment_less_than_min_flag_max,binary_flag,candidate_predictor,special_case_review,no,relationship_analysis,structured_missing_or_history_availability,possible_absence_of_history_or_unknown_record,structured_missing_handling_candidate_later,feature_engineering_and_modeling,,,False,
cc_latest_payment_less_than_min_flag_mean,ratio_rate_numeric,candidate_predictor,special_case_review,no,relationship_analysis,structured_missing_or_history_availability,possible_absence_of_history_or_unknown_record,structured_missing_handling_candidate_later,feature_engineering_and_modeling,True,high_missing; zero_heavy; extreme_skew;,False,
cc_latest_payment_less_than_min_flag_min,binary_flag,candidate_predictor,special_case_review,no,relationship_analysis,structured_missing_or_history_availability,possible_absence_of_history_or_unknown_record,structured_missing_handling_candidate_later,feature_engineering_and_modeling,,,False,
cc_latest_payment_less_than_min_flag_sum,discrete_count_numeric,candidate_predictor,special_case_review,no,relationship_analysis,structured_missing_or_history_availability,possible_absence_of_history_or_unknown_record,structured_missing_handling_candidate_later,feature_engineering_and_modeling,True,high_missing; zero_heavy;,False,
cc_latest_payment_to_balance_ratio,ratio_rate_numeric,candidate_predictor,special_case_review,no,relationship_analysis,structured_missing_or_history_availability,possible_absence_of_history_or_unknown_record,structured_missing_handling_candidate_later,feature_engineering_and_modeling,True,high_missing; extreme_skew;,True,extreme_missing;
cc_latest_payment_to_balance_ratio_max,ratio_rate_numeric,candidate_predictor,special_case_review,no,relationship_analysis,structured_missing_or_history_availability,possible_absence_of_history_or_unknown_record,structured_missing_handling_candidate_later,feature_engineering_and_modeling,True,high_missing; extreme_skew;,True,extreme_missing;
cc_latest_payment_to_balance_ratio_mean,ratio_rate_numeric,candidate_predictor,special_case_review,no,relationship_analysis,structured_missing_or_history_availability,possible_absence_of_history_or_unknown_record,structured_missing_handling_candidate_later,feature_engineering_and_modeling,True,high_missing; extreme_skew;,True,extreme_missing;
cc_latest_payment_to_balance_ratio_min,ratio_rate_numeric,candidate_predictor,special_case_review,no,relationship_analysis,structured_missing_or_history_availability,possible_absence_of_history_or_unknown_record,structured_missing_handling_candidate_later,feature_engineering_and_modeling,True,high_missing; extreme_skew;,True,extreme_missing;
cc_latest_payment_to_min_inst_ratio,ratio_rate_numeric,candidate_predictor,special_case_review,no,relationship_analysis,structured_missing_or_history_availability,possible_absence_of_history_or_unknown_record,structured_missing_handling_candidate_later,feature_engineering_and_modeling,True,high_missing; extreme_skew;,True,extreme_missing;
cc_latest_payment_to_min_inst_ratio_max,ratio_rate_numeric,candidate_predictor,special_case_review,no,relationship_analysis,structured_missing_or_history_availability,possible_absence_of_history_or_unknown_record,structured_missing_handling_candidate_later,feature_engineering_and_modeling,True,high_missing; extreme_skew;,True,extreme_missing;
cc_latest_payment_to_min_inst_ratio_mean,ratio_rate_numeric,candidate_predictor,special_case_review,no,relationship_analysis,structured_missing_or_history_availability,possible_absence_of_history_or_unknown_record,structured_missing_handling_candidate_later,feature_engineering_and_modeling,True,high_missing; extreme_skew;,True,extreme_missing;
cc_latest_payment_to_min_inst_ratio_min,ratio_rate_numeric,candidate_predictor,special_case_review,no,relationship_analysis,structured_missing_or_history_availability,possible_absence_of_history_or_unknown_record,structured_missing_handling_candidate_later,feature_engineering_and_modeling,True,high_missing; extreme_skew;,True,extreme_missing;
cc_latest_payment_total,continuous_amount_numeric,candidate_predictor,special_case_review,no,relationship_analysis,structured_missing_or_history_availability,possible_absence_of_history_or_unknown_record,structured_missing_handling_candidate_later,feature_engineering_and_modeling,True,high_missing; extreme_skew;,False,
cc_latest_payment_total_max,continuous_amount_numeric,candidate_predictor,special_case_review,no,relationship_analysis,structured_missing_or_history_availability,possible_absence_of_history_or_unknown_record,structured_missing_handling_candidate_later,feature_engineering_and_modeling,True,high_missing; extreme_skew;,False,
cc_latest_payment_total_mean,continuous_amount_numeric,candidate_predictor,special_case_review,no,relationship_analysis,structured_missing_or_history_availability,possible_absence_of_history_or_unknown_record,structured_missing_handling_candidate_later,feature_engineering_and_modeling,True,high_missing; extreme_skew;,False,
cc_latest_payment_total_min,continuous_amount_numeric,candidate_predictor,special_case_review,no,relationship_analysis,structured_missing_or_history_availability,possible_absence_of_history_or_unknown_record,structured_missing_handling_candidate_later,feature_engineering_and_modeling,True,high_missing; extreme_skew;,False,
cc_latest_payment_total_sum,continuous_amount_numeric,candidate_predictor,special_case_review,no,relationship_analysis,structured_missing_or_history_availability,possible_absence_of_history_or_unknown_record,structured_missing_handling_candidate_later,feature_engineering_and_modeling,True,high_missing; extreme_skew;,False,
cc_latest_pos_drawing_share,ratio_rate_numeric,candidate_predictor,special_case_review,no,relationship_analysis,structured_missing_or_history_availability,possible_absence_of_history_or_unknown_record,structured_missing_handling_candidate_later,feature_engineering_and_modeling,True,high_missing;,True,extreme_missing;
cc_latest_principal_receivable,continuous_amount_numeric,candidate_predictor,special_case_review,no,relationship_analysis,structured_missing_or_history_availability,possible_absence_of_history_or_unknown_record,structured_missing_handling_candidate_later,feature_engineering_and_modeling,True,high_missing;,False,
cc_latest_recivable,continuous_amount_numeric,candidate_predictor,special_case_review,no,relationship_analysis,structured_missing_or_history_availability,possible_absence_of_history_or_unknown_record,structured_missing_handling_candidate_later,feature_engineering_and_modeling,True,high_missing;,False,
cc_latest_status_active_flag,binary_flag,candidate_predictor,special_case_review,no,relationship_analysis,structured_missing_or_history_availability,possible_absence_of_history_or_unknown_record,structured_missing_handling_candidate_later,feature_engineering_and_modeling,,,False,
cc_latest_status_active_flag_max,binary_flag,candidate_predictor,special_case_review,no,relationship_analysis,structured_missing_or_history_availability,possible_absence_of_history_or_unknown_record,structured_missing_handling_candidate_later,feature_engineering_and_modeling,,,False,
cc_latest_status_active_flag_mean,ratio_rate_numeric,candidate_predictor,special_case_review,no,relationship_analysis,structured_missing_or_history_availability,possible_absence_of_history_or_unknown_record,structured_missing_handling_candidate_later,feature_engineering_and_modeling,True,high_missing;,False,
cc_latest_status_active_flag_min,binary_flag,candidate_predictor,special_case_review,no,relationship_analysis,structured_missing_or_history_availability,possible_absence_of_history_or_unknown_record,structured_missing_handling_candidate_later,feature_engineering_and_modeling,,,False,
cc_latest_status_active_flag_sum,discrete_count_numeric,candidate_predictor,special_case_review,no,relationship_analysis,structured_missing_or_history_availability,possible_absence_of_history_or_unknown_record,structured_missing_handling_candidate_later,feature_engineering_and_modeling,True,high_missing;,False,
cc_latest_status_approved_flag,binary_flag,candidate_predictor,special_case_review,no,relationship_analysis,rare_or_near_constant_binary_flag | structured_missing_or_history_availability,almost_constant_binary_flag | possible_absence_of_history_or_unknown_record,keep_as_binary_candidate_and_validate_predictive_value_later | structured_missing_handling_candidate_later,bivariate_multivariate_and_modeling | feature_engineering_and_modeling,,,False,
cc_latest_status_canceled_flag,binary_flag,candidate_predictor,special_case_review,no,relationship_analysis,rare_or_near_constant_binary_flag | structured_missing_or_history_availability,almost_constant_binary_flag | possible_absence_of_history_or_unknown_record,keep_as_binary_candidate_and_validate_predictive_value_later | structured_missing_handling_candidate_later,bivariate_multivariate_and_modeling | feature_engineering_and_modeling,,,False,
cc_latest_status_completed_flag,binary_flag,candidate_predictor,special_case_review,no,relationship_analysis,structured_missing_or_history_availability,possible_absence_of_history_or_unknown_record,structured_missing_handling_candidate_later,feature_engineering_and_modeling,,,False,
cc_latest_status_completed_flag_max,binary_flag,candidate_predictor,special_case_review,no,relationship_analysis,structured_missing_or_history_availability,possible_absence_of_history_or_unknown_record,structured_missing_handling_candidate_later,feature_engineering_and_modeling,,,False,
cc_latest_status_completed_flag_mean,ratio_rate_numeric,candidate_predictor,special_case_review,no,relationship_analysis,structured_missing_or_history_availability,possible_absence_of_history_or_unknown_record,structured_missing_handling_candidate_later,feature_engineering_and_modeling,True,high_missing; zero_heavy;,False,
cc_latest_status_completed_flag_min,binary_flag,candidate_predictor,special_case_review,no,relationship_analysis,structured_missing_or_history_availability,possible_absence_of_history_or_unknown_record,structured_missing_handling_candidate_later,feature_engineering_and_modeling,,,False,
cc_latest_status_completed_flag_sum,discrete_count_numeric,candidate_predictor,special_case_review,no,relationship_analysis,structured_missing_or_history_availability,possible_absence_of_history_or_unknown_record,structured_missing_handling_candidate_later,feature_engineering_and_modeling,True,high_missing; zero_heavy;,False,
cc_latest_status_demand_flag,binary_flag,candidate_predictor,special_case_review,no,relationship_analysis,rare_or_near_constant_binary_flag | structured_missing_or_history_availability,almost_constant_binary_flag | possible_absence_of_history_or_unknown_record,keep_as_binary_candidate_and_validate_predictive_value_later | structured_missing_handling_candidate_later,bivariate_multivariate_and_modeling | feature_engineering_and_modeling,,,False,
cc_latest_status_refused_flag,binary_flag,candidate_predictor,special_case_review,no,relationship_analysis,rare_or_near_constant_binary_flag | structured_missing_or_history_availability,almost_constant_binary_flag | possible_absence_of_history_or_unknown_record,keep_as_binary_candidate_and_validate_predictive_value_later | structured_missing_handling_candidate_later,bivariate_multivariate_and_modeling | feature_engineering_and_modeling,,,False,
cc_latest_status_signed_flag,binary_flag,candidate_predictor,special_case_review,no,relationship_analysis,rare_or_near_constant_binary_flag | structured_missing_or_history_availability,almost_constant_binary_flag | possible_absence_of_history_or_unknown_record,keep_as_binary_candidate_and_validate_predictive_value_later | structured_missing_handling_candidate_later,bivariate_multivariate_and_modeling | feature_engineering_and_modeling,,,False,
cc_latest_total_receivable,continuous_amount_numeric,candidate_predictor,special_case_review,no,relationship_analysis,structured_missing_or_history_availability,possible_absence_of_history_or_unknown_record,structured_missing_handling_candidate_later,feature_engineering_and_modeling,True,high_missing;,False,
cc_latest_total_receivable_max,continuous_amount_numeric,candidate_predictor,special_case_review,no,relationship_analysis,structured_missing_or_history_availability,possible_absence_of_history_or_unknown_record,structured_missing_handling_candidate_later,feature_engineering_and_modeling,True,high_missing;,False,
cc_latest_total_receivable_mean,continuous_amount_numeric,candidate_predictor,special_case_review,no,relationship_analysis,structured_missing_or_history_availability,possible_absence_of_history_or_unknown_record,structured_missing_handling_candidate_later,feature_engineering_and_modeling,True,high_missing;,False,
cc_latest_total_receivable_min,continuous_amount_numeric,candidate_predictor,special_case_review,no,relationship_analysis,structured_missing_or_history_availability,possible_absence_of_history_or_unknown_record,structured_missing_handling_candidate_later,feature_engineering_and_modeling,True,high_missing;,False,
cc_latest_total_receivable_sum,continuous_amount_numeric,candidate_predictor,special_case_review,no,relationship_analysis,structured_missing_or_history_availability,possible_absence_of_history_or_unknown_record,structured_missing_handling_candidate_later,feature_engineering_and_modeling,True,high_missing;,False,
cc_latest_total_receivable_to_limit,ratio_rate_numeric,candidate_predictor,special_case_review,no,relationship_analysis,structured_missing_or_history_availability,possible_absence_of_history_or_unknown_record,structured_missing_handling_candidate_later,feature_engineering_and_modeling,True,high_missing;,False,
cc_latest_total_receivable_to_limit_max,ratio_rate_numeric,candidate_predictor,special_case_review,no,relationship_analysis,structured_missing_or_history_availability,possible_absence_of_history_or_unknown_record,structured_missing_handling_candidate_later,feature_engineering_and_modeling,True,high_missing;,False,
cc_latest_total_receivable_to_limit_mean,ratio_rate_numeric,candidate_predictor,special_case_review,no,relationship_analysis,structured_missing_or_history_availability,possible_absence_of_history_or_unknown_record,structured_missing_handling_candidate_later,feature_engineering_and_modeling,True,high_missing;,False,
cc_latest_total_receivable_to_limit_min,ratio_rate_numeric,candidate_predictor,special_case_review,no,relationship_analysis,structured_missing_or_history_availability,possible_absence_of_history_or_unknown_record,structured_missing_handling_candidate_later,feature_engineering_and_modeling,True,high_missing;,False,
cc_latest_total_receivable_to_limit_sum,ratio_rate_numeric,candidate_predictor,special_case_review,no,relationship_analysis,structured_missing_or_history_availability,possible_absence_of_history_or_unknown_record,structured_missing_handling_candidate_later,feature_engineering_and_modeling,True,high_missing;,False,
cc_limit_change_flag_max,binary_flag,candidate_predictor,special_case_review,no,relationship_analysis,structured_missing_or_history_availability,possible_absence_of_history_or_unknown_record,structured_missing_handling_candidate_later,feature_engineering_and_modeling,,,False,
cc_limit_change_flag_mean,ratio_rate_numeric,candidate_predictor,special_case_review,no,relationship_analysis,structured_missing_or_history_availability,possible_absence_of_history_or_unknown_record,structured_missing_handling_candidate_later,feature_engineering_and_modeling,True,high_missing;,False,
cc_limit_change_flag_min,binary_flag,candidate_predictor,special_case_review,no,relationship_analysis,structured_missing_or_history_availability,possible_absence_of_history_or_unknown_record,structured_missing_handling_candidate_later,feature_engineering_and_modeling,,,False,
cc_limit_change_flag_sum,discrete_count_numeric,candidate_predictor,special_case_review,no,relationship_analysis,structured_missing_or_history_availability,possible_absence_of_history_or_unknown_record,structured_missing_handling_candidate_later,feature_engineering_and_modeling,True,high_missing;,False,
cc_mature_instalment_max_max,continuous_amount_numeric,candidate_predictor,special_case_review,no,relationship_analysis,structured_missing_or_history_availability,possible_absence_of_history_or_unknown_record,structured_missing_handling_candidate_later,feature_engineering_and_modeling,True,high_missing;,False,
cc_mature_instalment_max_mean,continuous_amount_numeric,candidate_predictor,special_case_review,no,relationship_analysis,structured_missing_or_history_availability,possible_absence_of_history_or_unknown_record,structured_missing_handling_candidate_later,feature_engineering_and_modeling,True,high_missing;,False,
cc_mature_instalment_max_min,continuous_amount_numeric,candidate_predictor,special_case_review,no,relationship_analysis,structured_missing_or_history_availability,possible_absence_of_history_or_unknown_record,structured_missing_handling_candidate_later,feature_engineering_and_modeling,True,high_missing;,False,
cc_mature_instalment_max_sum,continuous_amount_numeric,candidate_predictor,special_case_review,no,relationship_analysis,structured_missing_or_history_availability,possible_absence_of_history_or_unknown_record,structured_missing_handling_candidate_later,feature_engineering_and_modeling,True,high_missing;,False,
cc_mature_instalment_mean_max,continuous_amount_numeric,candidate_predictor,special_case_review,no,relationship_analysis,structured_missing_or_history_availability,possible_absence_of_history_or_unknown_record,structured_missing_handling_candidate_later,feature_engineering_and_modeling,True,high_missing;,False,
cc_mature_instalment_mean_mean,continuous_amount_numeric,candidate_predictor,special_case_review,no,relationship_analysis,structured_missing_or_history_availability,possible_absence_of_history_or_unknown_record,structured_missing_handling_candidate_later,feature_engineering_and_modeling,True,high_missing;,False,
cc_mature_instalment_mean_min,continuous_amount_numeric,candidate_predictor,special_case_review,no,relationship_analysis,structured_missing_or_history_availability,possible_absence_of_history_or_unknown_record,structured_missing_handling_candidate_later,feature_engineering_and_modeling,True,high_missing;,False,
cc_mature_instalment_mean_sum,continuous_amount_numeric,candidate_predictor,special_case_review,no,relationship_analysis,structured_missing_or_history_availability,possible_absence_of_history_or_unknown_record,structured_missing_handling_candidate_later,feature_engineering_and_modeling,True,high_missing;,False,
cc_mature_instalment_min_max,continuous_amount_numeric,candidate_predictor,special_case_review,no,relationship_analysis,structured_missing_or_history_availability,possible_absence_of_history_or_unknown_record,structured_missing_handling_candidate_later,feature_engineering_and_modeling,True,high_missing;,False,
cc_mature_instalment_min_mean,continuous_amount_numeric,candidate_predictor,special_case_review,no,relationship_analysis,structured_missing_or_history_availability,possible_absence_of_history_or_unknown_record,structured_missing_handling_candidate_later,feature_engineering_and_modeling,True,high_missing;,False,
cc_mature_instalment_min_min,continuous_amount_numeric,candidate_predictor,special_case_review,no,relationship_analysis,structured_missing_or_history_availability,possible_absence_of_history_or_unknown_record,structured_missing_handling_candidate_later,feature_engineering_and_modeling,True,high_missing;,False,
cc_mature_instalment_min_sum,continuous_amount_numeric,candidate_predictor,special_case_review,no,relationship_analysis,structured_missing_or_history_availability,possible_absence_of_history_or_unknown_record,structured_missing_handling_candidate_later,feature_engineering_and_modeling,True,high_missing;,False,
cc_mature_instalment_std_max,continuous_stat_numeric,candidate_predictor,special_case_review,no,relationship_analysis,structured_missing_or_history_availability,possible_absence_of_history_or_unknown_record,structured_missing_handling_candidate_later,feature_engineering_and_modeling,True,high_missing;,False,
cc_mature_instalment_std_mean,continuous_stat_numeric,candidate_predictor,special_case_review,no,relationship_analysis,structured_missing_or_history_availability,possible_absence_of_history_or_unknown_record,structured_missing_handling_candidate_later,feature_engineering_and_modeling,True,high_missing;,False,
cc_mature_instalment_std_min,continuous_stat_numeric,candidate_predictor,special_case_review,no,relationship_analysis,structured_missing_or_history_availability,possible_absence_of_history_or_unknown_record,structured_missing_handling_candidate_later,feature_engineering_and_modeling,True,high_missing;,False,
cc_mature_instalment_std_sum,continuous_stat_numeric,candidate_predictor,special_case_review,no,relationship_analysis,structured_missing_or_history_availability,possible_absence_of_history_or_unknown_record,structured_missing_handling_candidate_later,feature_engineering_and_modeling,True,high_missing;,False,
cc_min_instalment_max_max,continuous_amount_numeric,candidate_predictor,special_case_review,no,relationship_analysis,structured_missing_or_history_availability,possible_absence_of_history_or_unknown_record,structured_missing_handling_candidate_later,feature_engineering_and_modeling,True,high_missing;,False,
cc_min_instalment_max_mean,continuous_amount_numeric,candidate_predictor,special_case_review,no,relationship_analysis,structured_missing_or_history_availability,possible_absence_of_history_or_unknown_record,structured_missing_handling_candidate_later,feature_engineering_and_modeling,True,high_missing;,False,
cc_min_instalment_max_min,continuous_amount_numeric,candidate_predictor,special_case_review,no,relationship_analysis,structured_missing_or_history_availability,possible_absence_of_history_or_unknown_record,structured_missing_handling_candidate_later,feature_engineering_and_modeling,True,high_missing;,False,
cc_min_instalment_max_sum,continuous_amount_numeric,candidate_predictor,special_case_review,no,relationship_analysis,structured_missing_or_history_availability,possible_absence_of_history_or_unknown_record,structured_missing_handling_candidate_later,feature_engineering_and_modeling,True,high_missing;,False,
cc_min_instalment_mean_max,continuous_amount_numeric,candidate_predictor,special_case_review,no,relationship_analysis,structured_missing_or_history_availability,possible_absence_of_history_or_unknown_record,structured_missing_handling_candidate_later,feature_engineering_and_modeling,True,high_missing;,False,
cc_min_instalment_mean_mean,continuous_amount_numeric,candidate_predictor,special_case_review,no,relationship_analysis,structured_missing_or_history_availability,possible_absence_of_history_or_unknown_record,structured_missing_handling_candidate_later,feature_engineering_and_modeling,True,high_missing;,False,
cc_min_instalment_mean_min,continuous_amount_numeric,candidate_predictor,special_case_review,no,relationship_analysis,structured_missing_or_history_availability,possible_absence_of_history_or_unknown_record,structured_missing_handling_candidate_later,feature_engineering_and_modeling,True,high_missing;,False,
cc_min_instalment_mean_sum,continuous_amount_numeric,candidate_predictor,special_case_review,no,relationship_analysis,structured_missing_or_history_availability,possible_absence_of_history_or_unknown_record,structured_missing_handling_candidate_later,feature_engineering_and_modeling,True,high_missing;,False,
cc_min_instalment_min_max,continuous_amount_numeric,candidate_predictor,special_case_review,no,relationship_analysis,structured_missing_or_history_availability,possible_absence_of_history_or_unknown_record,structured_missing_handling_candidate_later,feature_engineering_and_modeling,True,high_missing; extreme_skew; zero_heavy;,False,
cc_min_instalment_min_mean,continuous_amount_numeric,candidate_predictor,special_case_review,no,relationship_analysis,structured_missing_or_history_availability,possible_absence_of_history_or_unknown_record,structured_missing_handling_candidate_later,feature_engineering_and_modeling,True,high_missing; extreme_skew; zero_heavy;,False,
cc_min_instalment_min_min,continuous_amount_numeric,candidate_predictor,special_case_review,no,relationship_analysis,structured_missing_or_history_availability,possible_absence_of_history_or_unknown_record,structured_missing_handling_candidate_later,feature_engineering_and_modeling,True,high_missing; extreme_skew; zero_heavy;,False,
cc_min_instalment_min_sum,continuous_amount_numeric,candidate_predictor,special_case_review,no,relationship_analysis,structured_missing_or_history_availability,possible_absence_of_history_or_unknown_record,structured_missing_handling_candidate_later,feature_engineering_and_modeling,True,high_missing; extreme_skew; zero_heavy;,False,
cc_min_instalment_std_max,continuous_stat_numeric,candidate_predictor,special_case_review,no,relationship_analysis,structured_missing_or_history_availability,possible_absence_of_history_or_unknown_record,structured_missing_handling_candidate_later,feature_engineering_and_modeling,True,high_missing;,False,
cc_min_instalment_std_mean,continuous_stat_numeric,candidate_predictor,special_case_review,no,relationship_analysis,structured_missing_or_history_availability,possible_absence_of_history_or_unknown_record,structured_missing_handling_candidate_later,feature_engineering_and_modeling,True,high_missing;,False,
cc_min_instalment_std_min,continuous_stat_numeric,candidate_predictor,special_case_review,no,relationship_analysis,structured_missing_or_history_availability,possible_absence_of_history_or_unknown_record,structured_missing_handling_candidate_later,feature_engineering_and_modeling,True,high_missing;,False,
cc_min_instalment_std_sum,continuous_stat_numeric,candidate_predictor,special_case_review,no,relationship_analysis,structured_missing_or_history_availability,possible_absence_of_history_or_unknown_record,structured_missing_handling_candidate_later,feature_engineering_and_modeling,True,high_missing;,False,
cc_min_instalment_sum_max,continuous_amount_numeric,candidate_predictor,special_case_review,no,relationship_analysis,structured_missing_or_history_availability,possible_absence_of_history_or_unknown_record,structured_missing_handling_candidate_later,feature_engineering_and_modeling,True,high_missing;,False,
cc_min_instalment_sum_mean,continuous_amount_numeric,candidate_predictor,special_case_review,no,relationship_analysis,structured_missing_or_history_availability,possible_absence_of_history_or_unknown_record,structured_missing_handling_candidate_later,feature_engineering_and_modeling,True,high_missing;,False,
cc_min_instalment_sum_min,continuous_amount_numeric,candidate_predictor,special_case_review,no,relationship_analysis,structured_missing_or_history_availability,possible_absence_of_history_or_unknown_record,structured_missing_handling_candidate_later,feature_engineering_and_modeling,True,high_missing;,False,
cc_min_instalment_sum_sum,continuous_amount_numeric,candidate_predictor,special_case_review,no,relationship_analysis,structured_missing_or_history_availability,possible_absence_of_history_or_unknown_record,structured_missing_handling_candidate_later,feature_engineering_and_modeling,True,high_missing;,False,
cc_missing_credit_limit_count_max,binary_flag,candidate_predictor,special_case_review,no,relationship_analysis,rare_or_near_constant_binary_flag | structured_missing_or_history_availability,almost_constant_binary_flag | possible_absence_of_history_or_unknown_record,keep_as_binary_candidate_and_validate_predictive_value_later | structured_missing_handling_candidate_later,bivariate_multivariate_and_modeling | feature_engineering_and_modeling,,,False,
cc_missing_credit_limit_count_mean,binary_flag,candidate_predictor,special_case_review,no,relationship_analysis,rare_or_near_constant_binary_flag | structured_missing_or_history_availability,almost_constant_binary_flag | possible_absence_of_history_or_unknown_record,keep_as_binary_candidate_and_validate_predictive_value_later | structured_missing_handling_candidate_later,bivariate_multivariate_and_modeling | feature_engineering_and_modeling,,,False,
cc_missing_credit_limit_count_sum,binary_flag,candidate_predictor,special_case_review,no,relationship_analysis,rare_or_near_constant_binary_flag | structured_missing_or_history_availability,almost_constant_binary_flag | possible_absence_of_history_or_unknown_record,keep_as_binary_candidate_and_validate_predictive_value_later | structured_missing_handling_candidate_later,bivariate_multivariate_and_modeling | feature_engineering_and_modeling,,,False,
cc_missing_credit_limit_ratio_max,ratio_rate_numeric,candidate_predictor,special_case_review,no,relationship_analysis,structured_missing_or_history_availability,possible_absence_of_history_or_unknown_record,structured_missing_handling_candidate_later,feature_engineering_and_modeling,True,high_missing; zero_heavy;,False,
cc_missing_credit_limit_ratio_mean,ratio_rate_numeric,candidate_predictor,special_case_review,no,relationship_analysis,structured_missing_or_history_availability,possible_absence_of_history_or_unknown_record,structured_missing_handling_candidate_later,feature_engineering_and_modeling,True,high_missing; zero_heavy;,False,
cc_missing_credit_limit_ratio_min,ratio_rate_numeric,candidate_predictor,special_case_review,no,relationship_analysis,structured_missing_or_history_availability,possible_absence_of_history_or_unknown_record,structured_missing_handling_candidate_later,feature_engineering_and_modeling,True,high_missing; zero_heavy;,False,
cc_missing_min_instalment_count_max,discrete_count_numeric,candidate_predictor,special_case_review,no,relationship_analysis,structured_missing_or_history_availability,possible_absence_of_history_or_unknown_record,structured_missing_handling_candidate_later,feature_engineering_and_modeling,True,high_missing;,False,
cc_missing_min_instalment_count_mean,discrete_count_numeric,candidate_predictor,special_case_review,no,relationship_analysis,structured_missing_or_history_availability,possible_absence_of_history_or_unknown_record,structured_missing_handling_candidate_later,feature_engineering_and_modeling,True,high_missing; not_integer_like;,False,
cc_missing_min_instalment_count_sum,discrete_count_numeric,candidate_predictor,special_case_review,no,relationship_analysis,structured_missing_or_history_availability,possible_absence_of_history_or_unknown_record,structured_missing_handling_candidate_later,feature_engineering_and_modeling,True,high_missing;,False,
cc_missing_min_instalment_ratio_max,ratio_rate_numeric,candidate_predictor,special_case_review,no,relationship_analysis,structured_missing_or_history_availability,possible_absence_of_history_or_unknown_record,structured_missing_handling_candidate_later,feature_engineering_and_modeling,True,high_missing; high_outlier_burden;,False,
cc_missing_min_instalment_ratio_mean,ratio_rate_numeric,candidate_predictor,special_case_review,no,relationship_analysis,structured_missing_or_history_availability,possible_absence_of_history_or_unknown_record,structured_missing_handling_candidate_later,feature_engineering_and_modeling,True,high_missing; high_outlier_burden;,False,
cc_missing_min_instalment_ratio_min,ratio_rate_numeric,candidate_predictor,special_case_review,no,relationship_analysis,structured_missing_or_history_availability,possible_absence_of_history_or_unknown_record,structured_missing_handling_candidate_later,feature_engineering_and_modeling,True,high_missing; high_outlier_burden;,False,
cc_missing_payment_current_count_max,discrete_count_numeric,candidate_predictor,special_case_review,no,relationship_analysis,structured_missing_or_history_availability,possible_absence_of_history_or_unknown_record,structured_missing_handling_candidate_later,feature_engineering_and_modeling,True,high_missing;,False,
cc_missing_payment_current_count_mean,discrete_count_numeric,candidate_predictor,special_case_review,no,relationship_analysis,structured_missing_or_history_availability,possible_absence_of_history_or_unknown_record,structured_missing_handling_candidate_later,feature_engineering_and_modeling,True,high_missing; not_integer_like;,False,
cc_missing_payment_current_count_sum,discrete_count_numeric,candidate_predictor,special_case_review,no,relationship_analysis,structured_missing_or_history_availability,possible_absence_of_history_or_unknown_record,structured_missing_handling_candidate_later,feature_engineering_and_modeling,True,high_missing;,False,
cc_missing_payment_current_ratio_max,ratio_rate_numeric,candidate_predictor,special_case_review,no,relationship_analysis,structured_missing_or_history_availability,possible_absence_of_history_or_unknown_record,structured_missing_handling_candidate_later,feature_engineering_and_modeling,True,high_missing;,False,
cc_missing_payment_current_ratio_mean,ratio_rate_numeric,candidate_predictor,special_case_review,no,relationship_analysis,structured_missing_or_history_availability,possible_absence_of_history_or_unknown_record,structured_missing_handling_candidate_later,feature_engineering_and_modeling,True,high_missing;,False,
cc_missing_payment_current_ratio_min,ratio_rate_numeric,candidate_predictor,special_case_review,no,relationship_analysis,structured_missing_or_history_availability,possible_absence_of_history_or_unknown_record,structured_missing_handling_candidate_later,feature_engineering_and_modeling,True,high_missing;,False,
cc_month_count_max,discrete_count_numeric,candidate_predictor,special_case_review,no,relationship_analysis,cyclical_or_calendar_time | structured_missing_or_history_availability, | possible_absence_of_history_or_unknown_record,cyclical_or_calendar_encoding_candidate_later | structured_missing_handling_candidate_later,feature_engineering_and_modeling,True,high_missing;,False,
cc_month_count_mean,discrete_count_numeric,candidate_predictor,special_case_review,no,relationship_analysis,cyclical_or_calendar_time | structured_missing_or_history_availability, | possible_absence_of_history_or_unknown_record,cyclical_or_calendar_encoding_candidate_later | structured_missing_handling_candidate_later,feature_engineering_and_modeling,True,high_missing; not_integer_like;,False,
cc_month_count_sum,discrete_count_numeric,candidate_predictor,special_case_review,no,relationship_analysis,cyclical_or_calendar_time | structured_missing_or_history_availability, | possible_absence_of_history_or_unknown_record,cyclical_or_calendar_encoding_candidate_later | structured_missing_handling_candidate_later,feature_engineering_and_modeling,True,high_missing;,False,
cc_month_max,date_duration_numeric,candidate_predictor,special_case_review,no,relationship_analysis,cyclical_or_calendar_time | structured_missing_or_history_availability, | possible_absence_of_history_or_unknown_record,cyclical_or_calendar_encoding_candidate_later | structured_missing_handling_candidate_later,feature_engineering_and_modeling,True,high_missing;,False,
cc_month_max_max,date_duration_numeric,candidate_predictor,special_case_review,no,relationship_analysis,cyclical_or_calendar_time | structured_missing_or_history_availability, | possible_absence_of_history_or_unknown_record,cyclical_or_calendar_encoding_candidate_later | structured_missing_handling_candidate_later,feature_engineering_and_modeling,True,high_missing;,False,
cc_month_max_mean,date_duration_numeric,candidate_predictor,special_case_review,no,relationship_analysis,cyclical_or_calendar_time | structured_missing_or_history_availability, | possible_absence_of_history_or_unknown_record,cyclical_or_calendar_encoding_candidate_later | structured_missing_handling_candidate_later,feature_engineering_and_modeling,True,high_missing;,False,
cc_month_max_min,date_duration_numeric,candidate_predictor,special_case_review,no,relationship_analysis,cyclical_or_calendar_time | structured_missing_or_history_availability, | possible_absence_of_history_or_unknown_record,cyclical_or_calendar_encoding_candidate_later | structured_missing_handling_candidate_later,feature_engineering_and_modeling,True,high_missing;,False,
cc_month_max_sum,date_duration_numeric,candidate_predictor,special_case_review,no,relationship_analysis,cyclical_or_calendar_time | structured_missing_or_history_availability, | possible_absence_of_history_or_unknown_record,cyclical_or_calendar_encoding_candidate_later | structured_missing_handling_candidate_later,feature_engineering_and_modeling,True,high_missing;,False,
cc_month_mean_max,date_duration_numeric,candidate_predictor,special_case_review,no,relationship_analysis,cyclical_or_calendar_time | structured_missing_or_history_availability, | possible_absence_of_history_or_unknown_record,cyclical_or_calendar_encoding_candidate_later | structured_missing_handling_candidate_later,feature_engineering_and_modeling,True,high_missing;,False,
cc_month_mean_mean,date_duration_numeric,candidate_predictor,special_case_review,no,relationship_analysis,cyclical_or_calendar_time | structured_missing_or_history_availability, | possible_absence_of_history_or_unknown_record,cyclical_or_calendar_encoding_candidate_later | structured_missing_handling_candidate_later,feature_engineering_and_modeling,True,high_missing;,False,
cc_month_mean_min,date_duration_numeric,candidate_predictor,special_case_review,no,relationship_analysis,cyclical_or_calendar_time | structured_missing_or_history_availability, | possible_absence_of_history_or_unknown_record,cyclical_or_calendar_encoding_candidate_later | structured_missing_handling_candidate_later,feature_engineering_and_modeling,True,high_missing;,False,
cc_month_mean_sum,date_duration_numeric,candidate_predictor,special_case_review,no,relationship_analysis,cyclical_or_calendar_time | structured_missing_or_history_availability, | possible_absence_of_history_or_unknown_record,cyclical_or_calendar_encoding_candidate_later | structured_missing_handling_candidate_later,feature_engineering_and_modeling,True,high_missing;,False,
cc_month_min,date_duration_numeric,candidate_predictor,special_case_review,no,relationship_analysis,cyclical_or_calendar_time | structured_missing_or_history_availability, | possible_absence_of_history_or_unknown_record,cyclical_or_calendar_encoding_candidate_later | structured_missing_handling_candidate_later,feature_engineering_and_modeling,True,high_missing;,False,
cc_month_min_max,date_duration_numeric,candidate_predictor,special_case_review,no,relationship_analysis,cyclical_or_calendar_time | structured_missing_or_history_availability, | possible_absence_of_history_or_unknown_record,cyclical_or_calendar_encoding_candidate_later | structured_missing_handling_candidate_later,feature_engineering_and_modeling,True,high_missing;,False,
cc_month_min_mean,date_duration_numeric,candidate_predictor,special_case_review,no,relationship_analysis,cyclical_or_calendar_time | structured_missing_or_history_availability, | possible_absence_of_history_or_unknown_record,cyclical_or_calendar_encoding_candidate_later | structured_missing_handling_candidate_later,feature_engineering_and_modeling,True,high_missing;,False,
cc_month_min_min,date_duration_numeric,candidate_predictor,special_case_review,no,relationship_analysis,cyclical_or_calendar_time | structured_missing_or_history_availability, | possible_absence_of_history_or_unknown_record,cyclical_or_calendar_encoding_candidate_later | structured_missing_handling_candidate_later,feature_engineering_and_modeling,True,high_missing;,False,
cc_month_min_sum,date_duration_numeric,candidate_predictor,special_case_review,no,relationship_analysis,cyclical_or_calendar_time | structured_missing_or_history_availability, | possible_absence_of_history_or_unknown_record,cyclical_or_calendar_encoding_candidate_later | structured_missing_handling_candidate_later,feature_engineering_and_modeling,True,high_missing;,False,
cc_month_record_count_max,discrete_count_numeric,candidate_predictor,special_case_review,no,relationship_analysis,cyclical_or_calendar_time | structured_missing_or_history_availability, | possible_absence_of_history_or_unknown_record,cyclical_or_calendar_encoding_candidate_later | structured_missing_handling_candidate_later,feature_engineering_and_modeling,True,high_missing;,False,
cc_month_record_count_mean,discrete_count_numeric,candidate_predictor,special_case_review,no,relationship_analysis,cyclical_or_calendar_time | structured_missing_or_history_availability, | possible_absence_of_history_or_unknown_record,cyclical_or_calendar_encoding_candidate_later | structured_missing_handling_candidate_later,feature_engineering_and_modeling,True,high_missing; not_integer_like;,False,
cc_month_record_count_sum,discrete_count_numeric,candidate_predictor,special_case_review,no,relationship_analysis,cyclical_or_calendar_time | structured_missing_or_history_availability, | possible_absence_of_history_or_unknown_record,cyclical_or_calendar_encoding_candidate_later | structured_missing_handling_candidate_later,feature_engineering_and_modeling,True,high_missing;,False,
cc_month_span_max_x,date_duration_numeric,candidate_predictor,special_case_review,no,relationship_analysis,cyclical_or_calendar_time | structured_missing_or_history_availability, | possible_absence_of_history_or_unknown_record,cyclical_or_calendar_encoding_candidate_later | structured_missing_handling_candidate_later,feature_engineering_and_modeling,True,high_missing;,False,
cc_month_span_max_y,date_duration_numeric,candidate_predictor,special_case_review,no,relationship_analysis,cyclical_or_calendar_time | structured_missing_or_history_availability, | possible_absence_of_history_or_unknown_record,cyclical_or_calendar_encoding_candidate_later | structured_missing_handling_candidate_later,feature_engineering_and_modeling,True,high_missing;,False,
cc_month_span_mean_x,date_duration_numeric,candidate_predictor,special_case_review,no,relationship_analysis,cyclical_or_calendar_time | structured_missing_or_history_availability, | possible_absence_of_history_or_unknown_record,cyclical_or_calendar_encoding_candidate_later | structured_missing_handling_candidate_later,feature_engineering_and_modeling,True,high_missing;,False,
cc_month_span_mean_y,date_duration_numeric,candidate_predictor,special_case_review,no,relationship_analysis,cyclical_or_calendar_time | structured_missing_or_history_availability, | possible_absence_of_history_or_unknown_record,cyclical_or_calendar_encoding_candidate_later | structured_missing_handling_candidate_later,feature_engineering_and_modeling,True,high_missing;,False,
cc_month_span_min,date_duration_numeric,candidate_predictor,special_case_review,no,relationship_analysis,cyclical_or_calendar_time | structured_missing_or_history_availability, | possible_absence_of_history_or_unknown_record,cyclical_or_calendar_encoding_candidate_later | structured_missing_handling_candidate_later,feature_engineering_and_modeling,True,high_missing;,False,
cc_month_span_sum,date_duration_numeric,candidate_predictor,special_case_review,no,relationship_analysis,cyclical_or_calendar_time | structured_missing_or_history_availability, | possible_absence_of_history_or_unknown_record,cyclical_or_calendar_encoding_candidate_later | structured_missing_handling_candidate_later,feature_engineering_and_modeling,True,high_missing;,False,
cc_no_payment_with_balance_count_max,discrete_count_numeric,candidate_predictor,special_case_review,no,relationship_analysis,structured_missing_or_history_availability,possible_absence_of_history_or_unknown_record,structured_missing_handling_candidate_later,feature_engineering_and_modeling,True,high_missing;,False,
cc_no_payment_with_balance_count_mean,discrete_count_numeric,candidate_predictor,special_case_review,no,relationship_analysis,structured_missing_or_history_availability,possible_absence_of_history_or_unknown_record,structured_missing_handling_candidate_later,feature_engineering_and_modeling,True,high_missing; not_integer_like;,False,
cc_no_payment_with_balance_count_sum,discrete_count_numeric,candidate_predictor,special_case_review,no,relationship_analysis,structured_missing_or_history_availability,possible_absence_of_history_or_unknown_record,structured_missing_handling_candidate_later,feature_engineering_and_modeling,True,high_missing;,False,
cc_no_payment_with_balance_ratio_max,ratio_rate_numeric,candidate_predictor,special_case_review,no,relationship_analysis,structured_missing_or_history_availability,possible_absence_of_history_or_unknown_record,structured_missing_handling_candidate_later,feature_engineering_and_modeling,True,high_missing;,False,
cc_no_payment_with_balance_ratio_mean,ratio_rate_numeric,candidate_predictor,special_case_review,no,relationship_analysis,structured_missing_or_history_availability,possible_absence_of_history_or_unknown_record,structured_missing_handling_candidate_later,feature_engineering_and_modeling,True,high_missing;,False,
cc_no_payment_with_balance_ratio_min,ratio_rate_numeric,candidate_predictor,special_case_review,no,relationship_analysis,structured_missing_or_history_availability,possible_absence_of_history_or_unknown_record,structured_missing_handling_candidate_later,feature_engineering_and_modeling,True,high_missing;,False,
cc_old_dpd_mean_max,overdue_delay_numeric,candidate_predictor,special_case_review,no,relationship_analysis,structured_missing_or_history_availability,possible_absence_of_history_or_unknown_record,structured_missing_handling_candidate_later,feature_engineering_and_modeling,True,high_missing; has_late_delay_signal;,False,
cc_old_dpd_mean_mean,overdue_delay_numeric,candidate_predictor,special_case_review,no,relationship_analysis,structured_missing_or_history_availability,possible_absence_of_history_or_unknown_record,structured_missing_handling_candidate_later,feature_engineering_and_modeling,True,high_missing; has_late_delay_signal;,False,
cc_old_dpd_mean_min,overdue_delay_numeric,candidate_predictor,special_case_review,no,relationship_analysis,structured_missing_or_history_availability,possible_absence_of_history_or_unknown_record,structured_missing_handling_candidate_later,feature_engineering_and_modeling,True,high_missing; has_late_delay_signal;,False,
cc_old_dpd_mean_sum,overdue_delay_numeric,candidate_predictor,special_case_review,no,relationship_analysis,structured_missing_or_history_availability,possible_absence_of_history_or_unknown_record,structured_missing_handling_candidate_later,feature_engineering_and_modeling,True,high_missing; has_late_delay_signal;,False,
cc_old_high_util_80_mean_max,ratio_rate_numeric,candidate_predictor,special_case_review,no,relationship_analysis,structured_missing_or_history_availability,possible_absence_of_history_or_unknown_record,structured_missing_handling_candidate_later,feature_engineering_and_modeling,True,high_missing;,False,
cc_old_high_util_80_mean_mean,ratio_rate_numeric,candidate_predictor,special_case_review,no,relationship_analysis,structured_missing_or_history_availability,possible_absence_of_history_or_unknown_record,structured_missing_handling_candidate_later,feature_engineering_and_modeling,True,high_missing;,False,
cc_old_high_util_80_mean_min,ratio_rate_numeric,candidate_predictor,special_case_review,no,relationship_analysis,structured_missing_or_history_availability,possible_absence_of_history_or_unknown_record,structured_missing_handling_candidate_later,feature_engineering_and_modeling,True,high_missing;,False,
cc_old_high_util_80_mean_sum,ratio_rate_numeric,candidate_predictor,special_case_review,no,relationship_analysis,structured_missing_or_history_availability,possible_absence_of_history_or_unknown_record,structured_missing_handling_candidate_later,feature_engineering_and_modeling,True,high_missing;,False,
cc_old_payment_less_min_mean_max,ratio_rate_numeric,candidate_predictor,special_case_review,no,relationship_analysis,structured_missing_or_history_availability,possible_absence_of_history_or_unknown_record,structured_missing_handling_candidate_later,feature_engineering_and_modeling,True,high_missing;,False,
cc_old_payment_less_min_mean_mean,ratio_rate_numeric,candidate_predictor,special_case_review,no,relationship_analysis,structured_missing_or_history_availability,possible_absence_of_history_or_unknown_record,structured_missing_handling_candidate_later,feature_engineering_and_modeling,True,high_missing;,False,
cc_old_payment_less_min_mean_min,ratio_rate_numeric,candidate_predictor,special_case_review,no,relationship_analysis,structured_missing_or_history_availability,possible_absence_of_history_or_unknown_record,structured_missing_handling_candidate_later,feature_engineering_and_modeling,True,high_missing;,False,
cc_old_payment_less_min_mean_sum,ratio_rate_numeric,candidate_predictor,special_case_review,no,relationship_analysis,structured_missing_or_history_availability,possible_absence_of_history_or_unknown_record,structured_missing_handling_candidate_later,feature_engineering_and_modeling,True,high_missing; high_outlier_burden;,False,
cc_old_utilization_mean_max,ratio_rate_numeric,candidate_predictor,special_case_review,no,relationship_analysis,structured_missing_or_history_availability,possible_absence_of_history_or_unknown_record,structured_missing_handling_candidate_later,feature_engineering_and_modeling,True,high_missing; negative_ratio_value;,False,
cc_old_utilization_mean_mean,ratio_rate_numeric,candidate_predictor,special_case_review,no,relationship_analysis,structured_missing_or_history_availability,possible_absence_of_history_or_unknown_record,structured_missing_handling_candidate_later,feature_engineering_and_modeling,True,high_missing; negative_ratio_value;,False,
cc_old_utilization_mean_min,ratio_rate_numeric,candidate_predictor,special_case_review,no,relationship_analysis,structured_missing_or_history_availability,possible_absence_of_history_or_unknown_record,structured_missing_handling_candidate_later,feature_engineering_and_modeling,True,high_missing; negative_ratio_value;,False,
cc_old_utilization_mean_sum,ratio_rate_numeric,candidate_predictor,special_case_review,no,relationship_analysis,structured_missing_or_history_availability,possible_absence_of_history_or_unknown_record,structured_missing_handling_candidate_later,feature_engineering_and_modeling,True,high_missing; negative_ratio_value;,False,
cc_other_drawing_amount_max_max,continuous_amount_numeric,candidate_predictor,special_case_review,no,relationship_analysis,structured_missing_or_history_availability,possible_absence_of_history_or_unknown_record,structured_missing_handling_candidate_later,feature_engineering_and_modeling,True,high_missing; extreme_skew; zero_heavy;,True,extreme_missing;
cc_other_drawing_amount_max_mean,continuous_amount_numeric,candidate_predictor,special_case_review,no,relationship_analysis,structured_missing_or_history_availability,possible_absence_of_history_or_unknown_record,structured_missing_handling_candidate_later,feature_engineering_and_modeling,True,high_missing; extreme_skew; zero_heavy;,True,extreme_missing;
cc_other_drawing_amount_max_min,continuous_amount_numeric,candidate_predictor,special_case_review,no,relationship_analysis,structured_missing_or_history_availability,possible_absence_of_history_or_unknown_record,structured_missing_handling_candidate_later,feature_engineering_and_modeling,True,high_missing; extreme_skew; zero_heavy;,True,extreme_missing;
cc_other_drawing_amount_max_sum,continuous_amount_numeric,candidate_predictor,special_case_review,no,relationship_analysis,structured_missing_or_history_availability,possible_absence_of_history_or_unknown_record,structured_missing_handling_candidate_later,feature_engineering_and_modeling,True,high_missing; extreme_skew; zero_heavy;,False,
cc_other_drawing_amount_mean_max,continuous_amount_numeric,candidate_predictor,special_case_review,no,relationship_analysis,structured_missing_or_history_availability,possible_absence_of_history_or_unknown_record,structured_missing_handling_candidate_later,feature_engineering_and_modeling,True,high_missing; extreme_skew; zero_heavy;,True,extreme_missing;
cc_other_drawing_amount_mean_mean,continuous_amount_numeric,candidate_predictor,special_case_review,no,relationship_analysis,structured_missing_or_history_availability,possible_absence_of_history_or_unknown_record,structured_missing_handling_candidate_later,feature_engineering_and_modeling,True,high_missing; extreme_skew; zero_heavy;,True,extreme_missing;
cc_other_drawing_amount_mean_min,continuous_amount_numeric,candidate_predictor,special_case_review,no,relationship_analysis,structured_missing_or_history_availability,possible_absence_of_history_or_unknown_record,structured_missing_handling_candidate_later,feature_engineering_and_modeling,True,high_missing; extreme_skew; zero_heavy;,True,extreme_missing;
cc_other_drawing_amount_mean_sum,continuous_amount_numeric,candidate_predictor,special_case_review,no,relationship_analysis,structured_missing_or_history_availability,possible_absence_of_history_or_unknown_record,structured_missing_handling_candidate_later,feature_engineering_and_modeling,True,high_missing; extreme_skew; zero_heavy;,False,
cc_other_drawing_amount_sum_max,continuous_amount_numeric,candidate_predictor,special_case_review,no,relationship_analysis,structured_missing_or_history_availability,possible_absence_of_history_or_unknown_record,structured_missing_handling_candidate_later,feature_engineering_and_modeling,True,high_missing; extreme_skew; zero_heavy;,False,
cc_other_drawing_amount_sum_mean,continuous_amount_numeric,candidate_predictor,special_case_review,no,relationship_analysis,structured_missing_or_history_availability,possible_absence_of_history_or_unknown_record,structured_missing_handling_candidate_later,feature_engineering_and_modeling,True,high_missing; extreme_skew; zero_heavy;,False,
cc_other_drawing_amount_sum_min,continuous_amount_numeric,candidate_predictor,special_case_review,no,relationship_analysis,structured_missing_or_history_availability,possible_absence_of_history_or_unknown_record,structured_missing_handling_candidate_later,feature_engineering_and_modeling,True,high_missing; extreme_skew; zero_heavy;,False,
cc_other_drawing_amount_sum_sum,continuous_amount_numeric,candidate_predictor,special_case_review,no,relationship_analysis,structured_missing_or_history_availability,possible_absence_of_history_or_unknown_record,structured_missing_handling_candidate_later,feature_engineering_and_modeling,True,high_missing; extreme_skew; zero_heavy;,False,
cc_other_drawing_count_max_max,discrete_count_numeric,candidate_predictor,special_case_review,no,relationship_analysis,structured_missing_or_history_availability,possible_absence_of_history_or_unknown_record,structured_missing_handling_candidate_later,feature_engineering_and_modeling,True,high_missing; zero_heavy;,True,extreme_missing;
cc_other_drawing_count_max_mean,discrete_count_numeric,candidate_predictor,special_case_review,no,relationship_analysis,structured_missing_or_history_availability,possible_absence_of_history_or_unknown_record,structured_missing_handling_candidate_later,feature_engineering_and_modeling,True,high_missing; not_integer_like; zero_heavy;,True,extreme_missing;
cc_other_drawing_count_max_min,discrete_count_numeric,candidate_predictor,special_case_review,no,relationship_analysis,structured_missing_or_history_availability,possible_absence_of_history_or_unknown_record,structured_missing_handling_candidate_later,feature_engineering_and_modeling,True,high_missing; zero_heavy;,True,extreme_missing;
cc_other_drawing_count_max_sum,discrete_count_numeric,candidate_predictor,special_case_review,no,relationship_analysis,structured_missing_or_history_availability,possible_absence_of_history_or_unknown_record,structured_missing_handling_candidate_later,feature_engineering_and_modeling,True,high_missing; zero_heavy;,False,
cc_other_drawing_count_mean_max,discrete_count_numeric,candidate_predictor,special_case_review,no,relationship_analysis,structured_missing_or_history_availability,possible_absence_of_history_or_unknown_record,structured_missing_handling_candidate_later,feature_engineering_and_modeling,True,high_missing; not_integer_like; zero_heavy;,True,extreme_missing;
cc_other_drawing_count_mean_mean,discrete_count_numeric,candidate_predictor,special_case_review,no,relationship_analysis,structured_missing_or_history_availability,possible_absence_of_history_or_unknown_record,structured_missing_handling_candidate_later,feature_engineering_and_modeling,True,high_missing; not_integer_like; zero_heavy;,True,extreme_missing;
cc_other_drawing_count_mean_min,discrete_count_numeric,candidate_predictor,special_case_review,no,relationship_analysis,structured_missing_or_history_availability,possible_absence_of_history_or_unknown_record,structured_missing_handling_candidate_later,feature_engineering_and_modeling,True,high_missing; not_integer_like; zero_heavy;,True,extreme_missing;
cc_other_drawing_count_mean_sum,discrete_count_numeric,candidate_predictor,special_case_review,no,relationship_analysis,structured_missing_or_history_availability,possible_absence_of_history_or_unknown_record,structured_missing_handling_candidate_later,feature_engineering_and_modeling,True,high_missing; not_integer_like; zero_heavy;,False,
cc_other_drawing_count_sum_max,discrete_count_numeric,candidate_predictor,special_case_review,no,relationship_analysis,structured_missing_or_history_availability,possible_absence_of_history_or_unknown_record,structured_missing_handling_candidate_later,feature_engineering_and_modeling,True,high_missing; zero_heavy;,False,
cc_other_drawing_count_sum_mean,discrete_count_numeric,candidate_predictor,special_case_review,no,relationship_analysis,structured_missing_or_history_availability,possible_absence_of_history_or_unknown_record,structured_missing_handling_candidate_later,feature_engineering_and_modeling,True,high_missing; not_integer_like; zero_heavy;,False,
cc_other_drawing_count_sum_min,discrete_count_numeric,candidate_predictor,special_case_review,no,relationship_analysis,structured_missing_or_history_availability,possible_absence_of_history_or_unknown_record,structured_missing_handling_candidate_later,feature_engineering_and_modeling,True,high_missing; zero_heavy;,False,
cc_other_drawing_count_sum_sum,discrete_count_numeric,candidate_predictor,special_case_review,no,relationship_analysis,structured_missing_or_history_availability,possible_absence_of_history_or_unknown_record,structured_missing_handling_candidate_later,feature_engineering_and_modeling,True,high_missing; zero_heavy;,False,
cc_other_drawing_share_max_max,ratio_rate_numeric,candidate_predictor,special_case_review,no,relationship_analysis,structured_missing_or_history_availability,possible_absence_of_history_or_unknown_record,structured_missing_handling_candidate_later,feature_engineering_and_modeling,True,high_missing; zero_heavy;,True,extreme_missing;
cc_other_drawing_share_max_mean,ratio_rate_numeric,candidate_predictor,special_case_review,no,relationship_analysis,structured_missing_or_history_availability,possible_absence_of_history_or_unknown_record,structured_missing_handling_candidate_later,feature_engineering_and_modeling,True,high_missing; zero_heavy;,True,extreme_missing;
cc_other_drawing_share_max_min,ratio_rate_numeric,candidate_predictor,special_case_review,no,relationship_analysis,structured_missing_or_history_availability,possible_absence_of_history_or_unknown_record,structured_missing_handling_candidate_later,feature_engineering_and_modeling,True,high_missing; zero_heavy;,True,extreme_missing;
cc_other_drawing_share_max_sum,ratio_rate_numeric,candidate_predictor,special_case_review,no,relationship_analysis,structured_missing_or_history_availability,possible_absence_of_history_or_unknown_record,structured_missing_handling_candidate_later,feature_engineering_and_modeling,True,high_missing; zero_heavy;,False,
cc_other_drawing_share_mean_max,ratio_rate_numeric,candidate_predictor,special_case_review,no,relationship_analysis,structured_missing_or_history_availability,possible_absence_of_history_or_unknown_record,structured_missing_handling_candidate_later,feature_engineering_and_modeling,True,high_missing; zero_heavy; extreme_skew;,True,extreme_missing;
cc_other_drawing_share_mean_mean,ratio_rate_numeric,candidate_predictor,special_case_review,no,relationship_analysis,structured_missing_or_history_availability,possible_absence_of_history_or_unknown_record,structured_missing_handling_candidate_later,feature_engineering_and_modeling,True,high_missing; zero_heavy; extreme_skew;,True,extreme_missing;
cc_other_drawing_share_mean_min,ratio_rate_numeric,candidate_predictor,special_case_review,no,relationship_analysis,structured_missing_or_history_availability,possible_absence_of_history_or_unknown_record,structured_missing_handling_candidate_later,feature_engineering_and_modeling,True,high_missing; zero_heavy; extreme_skew;,True,extreme_missing;
cc_other_drawing_share_mean_sum,ratio_rate_numeric,candidate_predictor,special_case_review,no,relationship_analysis,structured_missing_or_history_availability,possible_absence_of_history_or_unknown_record,structured_missing_handling_candidate_later,feature_engineering_and_modeling,True,high_missing; zero_heavy; extreme_skew;,False,
cc_other_drawing_share_min_max,ratio_rate_numeric,candidate_predictor,special_case_review,no,relationship_analysis,structured_missing_or_history_availability,possible_absence_of_history_or_unknown_record,structured_missing_handling_candidate_later,feature_engineering_and_modeling,True,high_missing; zero_heavy; extreme_skew;,True,extreme_missing;
cc_other_drawing_share_min_mean,ratio_rate_numeric,candidate_predictor,special_case_review,no,relationship_analysis,structured_missing_or_history_availability,possible_absence_of_history_or_unknown_record,structured_missing_handling_candidate_later,feature_engineering_and_modeling,True,high_missing; zero_heavy; extreme_skew;,True,extreme_missing;
cc_other_drawing_share_min_min,ratio_rate_numeric,candidate_predictor,special_case_review,no,relationship_analysis,structured_missing_or_history_availability,possible_absence_of_history_or_unknown_record,structured_missing_handling_candidate_later,feature_engineering_and_modeling,True,high_missing; zero_heavy; extreme_skew;,True,extreme_missing;
cc_other_drawing_share_min_sum,ratio_rate_numeric,candidate_predictor,special_case_review,no,relationship_analysis,structured_missing_or_history_availability,possible_absence_of_history_or_unknown_record,structured_missing_handling_candidate_later,feature_engineering_and_modeling,True,high_missing; zero_heavy; extreme_skew;,False,
cc_over_limit_flag_count_max,discrete_count_numeric,candidate_predictor,special_case_review,no,relationship_analysis,structured_missing_or_history_availability,possible_absence_of_history_or_unknown_record,structured_missing_handling_candidate_later,feature_engineering_and_modeling,True,high_missing;,False,
cc_over_limit_flag_count_mean,discrete_count_numeric,candidate_predictor,special_case_review,no,relationship_analysis,structured_missing_or_history_availability,possible_absence_of_history_or_unknown_record,structured_missing_handling_candidate_later,feature_engineering_and_modeling,True,high_missing; not_integer_like;,False,
cc_over_limit_flag_count_sum,discrete_count_numeric,candidate_predictor,special_case_review,no,relationship_analysis,structured_missing_or_history_availability,possible_absence_of_history_or_unknown_record,structured_missing_handling_candidate_later,feature_engineering_and_modeling,True,high_missing;,False,
cc_over_limit_flag_ratio_max,ratio_rate_numeric,candidate_predictor,special_case_review,no,relationship_analysis,structured_missing_or_history_availability,possible_absence_of_history_or_unknown_record,structured_missing_handling_candidate_later,feature_engineering_and_modeling,True,high_missing;,False,
cc_over_limit_flag_ratio_mean,ratio_rate_numeric,candidate_predictor,special_case_review,no,relationship_analysis,structured_missing_or_history_availability,possible_absence_of_history_or_unknown_record,structured_missing_handling_candidate_later,feature_engineering_and_modeling,True,high_missing;,False,
cc_over_limit_flag_ratio_min,ratio_rate_numeric,candidate_predictor,special_case_review,no,relationship_analysis,structured_missing_or_history_availability,possible_absence_of_history_or_unknown_record,structured_missing_handling_candidate_later,feature_engineering_and_modeling,True,high_missing;,False,
cc_payment_current_max_max,continuous_amount_numeric,candidate_predictor,special_case_review,no,relationship_analysis,structured_missing_or_history_availability,possible_absence_of_history_or_unknown_record,structured_missing_handling_candidate_later,feature_engineering_and_modeling,True,high_missing;,True,extreme_missing;
cc_payment_current_max_mean,continuous_amount_numeric,candidate_predictor,special_case_review,no,relationship_analysis,structured_missing_or_history_availability,possible_absence_of_history_or_unknown_record,structured_missing_handling_candidate_later,feature_engineering_and_modeling,True,high_missing;,True,extreme_missing;
cc_payment_current_max_min,continuous_amount_numeric,candidate_predictor,special_case_review,no,relationship_analysis,structured_missing_or_history_availability,possible_absence_of_history_or_unknown_record,structured_missing_handling_candidate_later,feature_engineering_and_modeling,True,high_missing;,True,extreme_missing;
cc_payment_current_max_sum,continuous_amount_numeric,candidate_predictor,special_case_review,no,relationship_analysis,structured_missing_or_history_availability,possible_absence_of_history_or_unknown_record,structured_missing_handling_candidate_later,feature_engineering_and_modeling,True,high_missing;,False,
cc_payment_current_mean_max,continuous_amount_numeric,candidate_predictor,special_case_review,no,relationship_analysis,structured_missing_or_history_availability,possible_absence_of_history_or_unknown_record,structured_missing_handling_candidate_later,feature_engineering_and_modeling,True,high_missing; extreme_skew;,True,extreme_missing;
cc_payment_current_mean_mean,continuous_amount_numeric,candidate_predictor,special_case_review,no,relationship_analysis,structured_missing_or_history_availability,possible_absence_of_history_or_unknown_record,structured_missing_handling_candidate_later,feature_engineering_and_modeling,True,high_missing; extreme_skew;,True,extreme_missing;
cc_payment_current_mean_min,continuous_amount_numeric,candidate_predictor,special_case_review,no,relationship_analysis,structured_missing_or_history_availability,possible_absence_of_history_or_unknown_record,structured_missing_handling_candidate_later,feature_engineering_and_modeling,True,high_missing; extreme_skew;,True,extreme_missing;
cc_payment_current_mean_sum,continuous_amount_numeric,candidate_predictor,special_case_review,no,relationship_analysis,structured_missing_or_history_availability,possible_absence_of_history_or_unknown_record,structured_missing_handling_candidate_later,feature_engineering_and_modeling,True,high_missing; extreme_skew;,False,
cc_payment_current_min_max,continuous_amount_numeric,candidate_predictor,special_case_review,no,relationship_analysis,structured_missing_or_history_availability,possible_absence_of_history_or_unknown_record,structured_missing_handling_candidate_later,feature_engineering_and_modeling,True,high_missing; extreme_skew; high_outlier_burden;,True,extreme_missing;
cc_payment_current_min_mean,continuous_amount_numeric,candidate_predictor,special_case_review,no,relationship_analysis,structured_missing_or_history_availability,possible_absence_of_history_or_unknown_record,structured_missing_handling_candidate_later,feature_engineering_and_modeling,True,high_missing; extreme_skew; high_outlier_burden;,True,extreme_missing;
cc_payment_current_min_min,continuous_amount_numeric,candidate_predictor,special_case_review,no,relationship_analysis,structured_missing_or_history_availability,possible_absence_of_history_or_unknown_record,structured_missing_handling_candidate_later,feature_engineering_and_modeling,True,high_missing; extreme_skew; high_outlier_burden;,True,extreme_missing;
cc_payment_current_min_sum,continuous_amount_numeric,candidate_predictor,special_case_review,no,relationship_analysis,structured_missing_or_history_availability,possible_absence_of_history_or_unknown_record,structured_missing_handling_candidate_later,feature_engineering_and_modeling,True,high_missing; extreme_skew; high_outlier_burden;,False,
cc_payment_current_std_max,continuous_stat_numeric,candidate_predictor,special_case_review,no,relationship_analysis,structured_missing_or_history_availability,possible_absence_of_history_or_unknown_record,structured_missing_handling_candidate_later,feature_engineering_and_modeling,True,high_missing;,True,extreme_missing;
cc_payment_current_std_mean,continuous_stat_numeric,candidate_predictor,special_case_review,no,relationship_analysis,structured_missing_or_history_availability,possible_absence_of_history_or_unknown_record,structured_missing_handling_candidate_later,feature_engineering_and_modeling,True,high_missing;,True,extreme_missing;
cc_payment_current_std_min,continuous_stat_numeric,candidate_predictor,special_case_review,no,relationship_analysis,structured_missing_or_history_availability,possible_absence_of_history_or_unknown_record,structured_missing_handling_candidate_later,feature_engineering_and_modeling,True,high_missing;,True,extreme_missing;
cc_payment_current_std_sum,continuous_stat_numeric,candidate_predictor,special_case_review,no,relationship_analysis,structured_missing_or_history_availability,possible_absence_of_history_or_unknown_record,structured_missing_handling_candidate_later,feature_engineering_and_modeling,True,high_missing;,False,
cc_payment_current_sum_max,continuous_amount_numeric,candidate_predictor,special_case_review,no,relationship_analysis,structured_missing_or_history_availability,possible_absence_of_history_or_unknown_record,structured_missing_handling_candidate_later,feature_engineering_and_modeling,True,high_missing; extreme_skew;,False,
cc_payment_current_sum_mean,continuous_amount_numeric,candidate_predictor,special_case_review,no,relationship_analysis,structured_missing_or_history_availability,possible_absence_of_history_or_unknown_record,structured_missing_handling_candidate_later,feature_engineering_and_modeling,True,high_missing; extreme_skew;,False,
cc_payment_current_sum_min,continuous_amount_numeric,candidate_predictor,special_case_review,no,relationship_analysis,structured_missing_or_history_availability,possible_absence_of_history_or_unknown_record,structured_missing_handling_candidate_later,feature_engineering_and_modeling,True,high_missing; extreme_skew;,False,
cc_payment_current_sum_sum,continuous_amount_numeric,candidate_predictor,special_case_review,no,relationship_analysis,structured_missing_or_history_availability,possible_absence_of_history_or_unknown_record,structured_missing_handling_candidate_later,feature_engineering_and_modeling,True,high_missing; extreme_skew;,False,
cc_payment_less_min_trend_6m_vs_old_max,continuous_stat_numeric,candidate_predictor,special_case_review,no,relationship_analysis,structured_missing_or_history_availability,possible_absence_of_history_or_unknown_record,structured_missing_handling_candidate_later,feature_engineering_and_modeling,True,high_missing; high_outlier_burden;,False,
cc_payment_less_min_trend_6m_vs_old_mean,ratio_rate_numeric,candidate_predictor,special_case_review,no,relationship_analysis,structured_missing_or_history_availability,possible_absence_of_history_or_unknown_record,structured_missing_handling_candidate_later,feature_engineering_and_modeling,True,high_missing; negative_ratio_value; high_outlier_burden;,False,
cc_payment_less_min_trend_6m_vs_old_min,continuous_stat_numeric,candidate_predictor,special_case_review,no,relationship_analysis,structured_missing_or_history_availability,possible_absence_of_history_or_unknown_record,structured_missing_handling_candidate_later,feature_engineering_and_modeling,True,high_missing; high_outlier_burden;,False,
cc_payment_less_min_trend_6m_vs_old_sum,continuous_stat_numeric,candidate_predictor,special_case_review,no,relationship_analysis,structured_missing_or_history_availability,possible_absence_of_history_or_unknown_record,structured_missing_handling_candidate_later,feature_engineering_and_modeling,True,high_missing; high_outlier_burden;,False,
cc_payment_less_than_min_instalment_count_max,discrete_count_numeric,candidate_predictor,special_case_review,no,relationship_analysis,structured_missing_or_history_availability,possible_absence_of_history_or_unknown_record,structured_missing_handling_candidate_later,feature_engineering_and_modeling,True,high_missing;,False,
cc_payment_less_than_min_instalment_count_mean,ratio_rate_numeric,candidate_predictor,special_case_review,no,relationship_analysis,structured_missing_or_history_availability,possible_absence_of_history_or_unknown_record,structured_missing_handling_candidate_later,feature_engineering_and_modeling,True,high_missing;,False,
cc_payment_less_than_min_instalment_count_sum,discrete_count_numeric,candidate_predictor,special_case_review,no,relationship_analysis,structured_missing_or_history_availability,possible_absence_of_history_or_unknown_record,structured_missing_handling_candidate_later,feature_engineering_and_modeling,True,high_missing;,False,
cc_payment_less_than_min_instalment_ratio_max,ratio_rate_numeric,candidate_predictor,special_case_review,no,relationship_analysis,structured_missing_or_history_availability,possible_absence_of_history_or_unknown_record,structured_missing_handling_candidate_later,feature_engineering_and_modeling,True,high_missing;,False,
cc_payment_less_than_min_instalment_ratio_mean,ratio_rate_numeric,candidate_predictor,special_case_review,no,relationship_analysis,structured_missing_or_history_availability,possible_absence_of_history_or_unknown_record,structured_missing_handling_candidate_later,feature_engineering_and_modeling,True,high_missing;,False,
cc_payment_less_than_min_instalment_ratio_min,ratio_rate_numeric,candidate_predictor,special_case_review,no,relationship_analysis,structured_missing_or_history_availability,possible_absence_of_history_or_unknown_record,structured_missing_handling_candidate_later,feature_engineering_and_modeling,True,high_missing;,False,
cc_payment_near_min_instalment_count_max,discrete_count_numeric,candidate_predictor,special_case_review,no,relationship_analysis,structured_missing_or_history_availability,possible_absence_of_history_or_unknown_record,structured_missing_handling_candidate_later,feature_engineering_and_modeling,True,high_missing;,False,
cc_payment_near_min_instalment_count_mean,discrete_count_numeric,candidate_predictor,special_case_review,no,relationship_analysis,structured_missing_or_history_availability,possible_absence_of_history_or_unknown_record,structured_missing_handling_candidate_later,feature_engineering_and_modeling,True,high_missing; not_integer_like;,False,
cc_payment_near_min_instalment_count_sum,discrete_count_numeric,candidate_predictor,special_case_review,no,relationship_analysis,structured_missing_or_history_availability,possible_absence_of_history_or_unknown_record,structured_missing_handling_candidate_later,feature_engineering_and_modeling,True,high_missing;,False,
cc_payment_near_min_instalment_ratio_max,ratio_rate_numeric,candidate_predictor,special_case_review,no,relationship_analysis,structured_missing_or_history_availability,possible_absence_of_history_or_unknown_record,structured_missing_handling_candidate_later,feature_engineering_and_modeling,True,high_missing;,False,
cc_payment_near_min_instalment_ratio_mean,ratio_rate_numeric,candidate_predictor,special_case_review,no,relationship_analysis,structured_missing_or_history_availability,possible_absence_of_history_or_unknown_record,structured_missing_handling_candidate_later,feature_engineering_and_modeling,True,high_missing;,False,
cc_payment_near_min_instalment_ratio_min,ratio_rate_numeric,candidate_predictor,special_case_review,no,relationship_analysis,structured_missing_or_history_availability,possible_absence_of_history_or_unknown_record,structured_missing_handling_candidate_later,feature_engineering_and_modeling,True,high_missing;,False,
cc_payment_to_balance_ratio_max_max,ratio_rate_numeric,candidate_predictor,special_case_review,no,relationship_analysis,structured_missing_or_history_availability,possible_absence_of_history_or_unknown_record,structured_missing_handling_candidate_later,feature_engineering_and_modeling,True,high_missing; negative_ratio_value; extreme_skew; extreme_ratio_tail;,True,extreme_missing;
cc_payment_to_balance_ratio_max_mean,ratio_rate_numeric,candidate_predictor,special_case_review,no,relationship_analysis,structured_missing_or_history_availability,possible_absence_of_history_or_unknown_record,structured_missing_handling_candidate_later,feature_engineering_and_modeling,True,high_missing; negative_ratio_value; extreme_skew; extreme_ratio_tail;,True,extreme_missing;
cc_payment_to_balance_ratio_max_min,ratio_rate_numeric,candidate_predictor,special_case_review,no,relationship_analysis,structured_missing_or_history_availability,possible_absence_of_history_or_unknown_record,structured_missing_handling_candidate_later,feature_engineering_and_modeling,True,high_missing; negative_ratio_value; extreme_skew; extreme_ratio_tail;,True,extreme_missing;
cc_payment_to_balance_ratio_max_sum,ratio_rate_numeric,candidate_predictor,special_case_review,no,relationship_analysis,structured_missing_or_history_availability,possible_absence_of_history_or_unknown_record,structured_missing_handling_candidate_later,feature_engineering_and_modeling,True,high_missing; negative_ratio_value; extreme_skew; extreme_ratio_tail;,False,
cc_payment_to_balance_ratio_mean_max,ratio_rate_numeric,candidate_predictor,special_case_review,no,relationship_analysis,structured_missing_or_history_availability,possible_absence_of_history_or_unknown_record,structured_missing_handling_candidate_later,feature_engineering_and_modeling,True,high_missing; negative_ratio_value; extreme_skew; extreme_ratio_tail;,True,extreme_missing;
cc_payment_to_balance_ratio_mean_mean,ratio_rate_numeric,candidate_predictor,special_case_review,no,relationship_analysis,structured_missing_or_history_availability,possible_absence_of_history_or_unknown_record,structured_missing_handling_candidate_later,feature_engineering_and_modeling,True,high_missing; negative_ratio_value; extreme_skew; extreme_ratio_tail;,True,extreme_missing;
cc_payment_to_balance_ratio_mean_min,ratio_rate_numeric,candidate_predictor,special_case_review,no,relationship_analysis,structured_missing_or_history_availability,possible_absence_of_history_or_unknown_record,structured_missing_handling_candidate_later,feature_engineering_and_modeling,True,high_missing; negative_ratio_value; extreme_skew; extreme_ratio_tail;,True,extreme_missing;
cc_payment_to_balance_ratio_mean_sum,ratio_rate_numeric,candidate_predictor,special_case_review,no,relationship_analysis,structured_missing_or_history_availability,possible_absence_of_history_or_unknown_record,structured_missing_handling_candidate_later,feature_engineering_and_modeling,True,high_missing; negative_ratio_value; extreme_skew; high_outlier_burden; extreme_ratio_tail;,False,
cc_payment_to_balance_ratio_min_max,ratio_rate_numeric,candidate_predictor,special_case_review,no,relationship_analysis,structured_missing_or_history_availability,possible_absence_of_history_or_unknown_record,structured_missing_handling_candidate_later,feature_engineering_and_modeling,True,high_missing; negative_ratio_value; extreme_skew;,True,extreme_missing;
cc_payment_to_balance_ratio_min_mean,ratio_rate_numeric,candidate_predictor,special_case_review,no,relationship_analysis,structured_missing_or_history_availability,possible_absence_of_history_or_unknown_record,structured_missing_handling_candidate_later,feature_engineering_and_modeling,True,high_missing; negative_ratio_value; extreme_skew;,True,extreme_missing;
cc_payment_to_balance_ratio_min_min,ratio_rate_numeric,candidate_predictor,special_case_review,no,relationship_analysis,structured_missing_or_history_availability,possible_absence_of_history_or_unknown_record,structured_missing_handling_candidate_later,feature_engineering_and_modeling,True,high_missing; negative_ratio_value; extreme_skew;,True,extreme_missing;
cc_payment_to_balance_ratio_min_sum,ratio_rate_numeric,candidate_predictor,special_case_review,no,relationship_analysis,structured_missing_or_history_availability,possible_absence_of_history_or_unknown_record,structured_missing_handling_candidate_later,feature_engineering_and_modeling,True,high_missing; negative_ratio_value; extreme_skew; high_outlier_burden;,False,
cc_payment_to_balance_ratio_std_max,ratio_rate_numeric,candidate_predictor,special_case_review,no,relationship_analysis,structured_missing_or_history_availability,possible_absence_of_history_or_unknown_record,structured_missing_handling_candidate_later,feature_engineering_and_modeling,True,high_missing; extreme_skew; extreme_ratio_tail; unbounded_extreme_ratio;,True,extreme_missing;
cc_payment_to_balance_ratio_std_mean,ratio_rate_numeric,candidate_predictor,special_case_review,no,relationship_analysis,structured_missing_or_history_availability,possible_absence_of_history_or_unknown_record,structured_missing_handling_candidate_later,feature_engineering_and_modeling,True,high_missing; extreme_skew; extreme_ratio_tail; unbounded_extreme_ratio;,True,extreme_missing;
cc_payment_to_balance_ratio_std_min,ratio_rate_numeric,candidate_predictor,special_case_review,no,relationship_analysis,structured_missing_or_history_availability,possible_absence_of_history_or_unknown_record,structured_missing_handling_candidate_later,feature_engineering_and_modeling,True,high_missing; extreme_skew; extreme_ratio_tail; unbounded_extreme_ratio;,True,extreme_missing;
cc_payment_to_balance_ratio_std_sum,ratio_rate_numeric,candidate_predictor,special_case_review,no,relationship_analysis,structured_missing_or_history_availability,possible_absence_of_history_or_unknown_record,structured_missing_handling_candidate_later,feature_engineering_and_modeling,True,high_missing; extreme_skew; extreme_ratio_tail; unbounded_extreme_ratio;,False,
cc_payment_to_min_inst_ratio_max_max,ratio_rate_numeric,candidate_predictor,special_case_review,no,relationship_analysis,structured_missing_or_history_availability,possible_absence_of_history_or_unknown_record,structured_missing_handling_candidate_later,feature_engineering_and_modeling,True,high_missing; extreme_skew; extreme_ratio_tail; unbounded_extreme_ratio;,True,extreme_missing;
cc_payment_to_min_inst_ratio_max_mean,ratio_rate_numeric,candidate_predictor,special_case_review,no,relationship_analysis,structured_missing_or_history_availability,possible_absence_of_history_or_unknown_record,structured_missing_handling_candidate_later,feature_engineering_and_modeling,True,high_missing; extreme_skew; extreme_ratio_tail; unbounded_extreme_ratio;,True,extreme_missing;
cc_payment_to_min_inst_ratio_max_min,ratio_rate_numeric,candidate_predictor,special_case_review,no,relationship_analysis,structured_missing_or_history_availability,possible_absence_of_history_or_unknown_record,structured_missing_handling_candidate_later,feature_engineering_and_modeling,True,high_missing; extreme_skew; extreme_ratio_tail; unbounded_extreme_ratio;,True,extreme_missing;
cc_payment_to_min_inst_ratio_max_sum,ratio_rate_numeric,candidate_predictor,special_case_review,no,relationship_analysis,structured_missing_or_history_availability,possible_absence_of_history_or_unknown_record,structured_missing_handling_candidate_later,feature_engineering_and_modeling,True,high_missing; extreme_skew; extreme_ratio_tail; unbounded_extreme_ratio;,False,
cc_payment_to_min_inst_ratio_mean_max,ratio_rate_numeric,candidate_predictor,special_case_review,no,relationship_analysis,structured_missing_or_history_availability,possible_absence_of_history_or_unknown_record,structured_missing_handling_candidate_later,feature_engineering_and_modeling,True,high_missing; extreme_skew; extreme_ratio_tail; unbounded_extreme_ratio;,True,extreme_missing;
cc_payment_to_min_inst_ratio_mean_mean,ratio_rate_numeric,candidate_predictor,special_case_review,no,relationship_analysis,structured_missing_or_history_availability,possible_absence_of_history_or_unknown_record,structured_missing_handling_candidate_later,feature_engineering_and_modeling,True,high_missing; extreme_skew; extreme_ratio_tail; unbounded_extreme_ratio;,True,extreme_missing;
cc_payment_to_min_inst_ratio_mean_min,ratio_rate_numeric,candidate_predictor,special_case_review,no,relationship_analysis,structured_missing_or_history_availability,possible_absence_of_history_or_unknown_record,structured_missing_handling_candidate_later,feature_engineering_and_modeling,True,high_missing; extreme_skew; extreme_ratio_tail; unbounded_extreme_ratio;,True,extreme_missing;
cc_payment_to_min_inst_ratio_mean_sum,ratio_rate_numeric,candidate_predictor,special_case_review,no,relationship_analysis,structured_missing_or_history_availability,possible_absence_of_history_or_unknown_record,structured_missing_handling_candidate_later,feature_engineering_and_modeling,True,high_missing; extreme_skew; extreme_ratio_tail; unbounded_extreme_ratio;,False,
cc_payment_to_min_inst_ratio_min_max,ratio_rate_numeric,candidate_predictor,special_case_review,no,relationship_analysis,structured_missing_or_history_availability,possible_absence_of_history_or_unknown_record,structured_missing_handling_candidate_later,feature_engineering_and_modeling,True,high_missing; extreme_skew;,True,extreme_missing;
cc_payment_to_min_inst_ratio_min_mean,ratio_rate_numeric,candidate_predictor,special_case_review,no,relationship_analysis,structured_missing_or_history_availability,possible_absence_of_history_or_unknown_record,structured_missing_handling_candidate_later,feature_engineering_and_modeling,True,high_missing; extreme_skew;,True,extreme_missing;
cc_payment_to_min_inst_ratio_min_min,ratio_rate_numeric,candidate_predictor,special_case_review,no,relationship_analysis,structured_missing_or_history_availability,possible_absence_of_history_or_unknown_record,structured_missing_handling_candidate_later,feature_engineering_and_modeling,True,high_missing; extreme_skew;,True,extreme_missing;
cc_payment_to_min_inst_ratio_min_sum,ratio_rate_numeric,candidate_predictor,special_case_review,no,relationship_analysis,structured_missing_or_history_availability,possible_absence_of_history_or_unknown_record,structured_missing_handling_candidate_later,feature_engineering_and_modeling,True,high_missing; extreme_skew;,False,
cc_payment_to_min_inst_ratio_std_max,ratio_rate_numeric,candidate_predictor,special_case_review,no,relationship_analysis,structured_missing_or_history_availability,possible_absence_of_history_or_unknown_record,structured_missing_handling_candidate_later,feature_engineering_and_modeling,True,high_missing; extreme_skew; extreme_ratio_tail; unbounded_extreme_ratio;,True,extreme_missing;
cc_payment_to_min_inst_ratio_std_mean,ratio_rate_numeric,candidate_predictor,special_case_review,no,relationship_analysis,structured_missing_or_history_availability,possible_absence_of_history_or_unknown_record,structured_missing_handling_candidate_later,feature_engineering_and_modeling,True,high_missing; extreme_skew; extreme_ratio_tail; unbounded_extreme_ratio;,True,extreme_missing;
cc_payment_to_min_inst_ratio_std_min,ratio_rate_numeric,candidate_predictor,special_case_review,no,relationship_analysis,structured_missing_or_history_availability,possible_absence_of_history_or_unknown_record,structured_missing_handling_candidate_later,feature_engineering_and_modeling,True,high_missing; extreme_skew; extreme_ratio_tail; unbounded_extreme_ratio;,True,extreme_missing;
cc_payment_to_min_inst_ratio_std_sum,ratio_rate_numeric,candidate_predictor,special_case_review,no,relationship_analysis,structured_missing_or_history_availability,possible_absence_of_history_or_unknown_record,structured_missing_handling_candidate_later,feature_engineering_and_modeling,True,high_missing; extreme_skew; extreme_ratio_tail; unbounded_extreme_ratio;,False,
cc_payment_total_max_max,continuous_amount_numeric,candidate_predictor,special_case_review,no,relationship_analysis,structured_missing_or_history_availability,possible_absence_of_history_or_unknown_record,structured_missing_handling_candidate_later,feature_engineering_and_modeling,True,high_missing;,False,
cc_payment_total_max_mean,continuous_amount_numeric,candidate_predictor,special_case_review,no,relationship_analysis,structured_missing_or_history_availability,possible_absence_of_history_or_unknown_record,structured_missing_handling_candidate_later,feature_engineering_and_modeling,True,high_missing;,False,
cc_payment_total_max_min,continuous_amount_numeric,candidate_predictor,special_case_review,no,relationship_analysis,structured_missing_or_history_availability,possible_absence_of_history_or_unknown_record,structured_missing_handling_candidate_later,feature_engineering_and_modeling,True,high_missing;,False,
cc_payment_total_max_sum,continuous_amount_numeric,candidate_predictor,special_case_review,no,relationship_analysis,structured_missing_or_history_availability,possible_absence_of_history_or_unknown_record,structured_missing_handling_candidate_later,feature_engineering_and_modeling,True,high_missing;,False,
cc_payment_total_mean_max,continuous_amount_numeric,candidate_predictor,special_case_review,no,relationship_analysis,structured_missing_or_history_availability,possible_absence_of_history_or_unknown_record,structured_missing_handling_candidate_later,feature_engineering_and_modeling,True,high_missing; extreme_skew;,False,
cc_payment_total_mean_mean,continuous_amount_numeric,candidate_predictor,special_case_review,no,relationship_analysis,structured_missing_or_history_availability,possible_absence_of_history_or_unknown_record,structured_missing_handling_candidate_later,feature_engineering_and_modeling,True,high_missing; extreme_skew;,False,
cc_payment_total_mean_min,continuous_amount_numeric,candidate_predictor,special_case_review,no,relationship_analysis,structured_missing_or_history_availability,possible_absence_of_history_or_unknown_record,structured_missing_handling_candidate_later,feature_engineering_and_modeling,True,high_missing; extreme_skew;,False,
cc_payment_total_mean_sum,continuous_amount_numeric,candidate_predictor,special_case_review,no,relationship_analysis,structured_missing_or_history_availability,possible_absence_of_history_or_unknown_record,structured_missing_handling_candidate_later,feature_engineering_and_modeling,True,high_missing; extreme_skew;,False,
cc_payment_total_min_max,continuous_amount_numeric,candidate_predictor,special_case_review,no,relationship_analysis,structured_missing_or_history_availability,possible_absence_of_history_or_unknown_record,structured_missing_handling_candidate_later,feature_engineering_and_modeling,True,high_missing; extreme_skew; zero_heavy;,False,
cc_payment_total_min_mean,continuous_amount_numeric,candidate_predictor,special_case_review,no,relationship_analysis,structured_missing_or_history_availability,possible_absence_of_history_or_unknown_record,structured_missing_handling_candidate_later,feature_engineering_and_modeling,True,high_missing; extreme_skew; zero_heavy;,False,
cc_payment_total_min_min,continuous_amount_numeric,candidate_predictor,special_case_review,no,relationship_analysis,structured_missing_or_history_availability,possible_absence_of_history_or_unknown_record,structured_missing_handling_candidate_later,feature_engineering_and_modeling,True,high_missing; extreme_skew; zero_heavy;,False,
cc_payment_total_min_sum,continuous_amount_numeric,candidate_predictor,special_case_review,no,relationship_analysis,structured_missing_or_history_availability,possible_absence_of_history_or_unknown_record,structured_missing_handling_candidate_later,feature_engineering_and_modeling,True,high_missing; extreme_skew; zero_heavy;,False,
cc_payment_total_std_max,continuous_stat_numeric,candidate_predictor,special_case_review,no,relationship_analysis,structured_missing_or_history_availability,possible_absence_of_history_or_unknown_record,structured_missing_handling_candidate_later,feature_engineering_and_modeling,True,high_missing;,False,
cc_payment_total_std_mean,continuous_stat_numeric,candidate_predictor,special_case_review,no,relationship_analysis,structured_missing_or_history_availability,possible_absence_of_history_or_unknown_record,structured_missing_handling_candidate_later,feature_engineering_and_modeling,True,high_missing;,False,
cc_payment_total_std_min,continuous_stat_numeric,candidate_predictor,special_case_review,no,relationship_analysis,structured_missing_or_history_availability,possible_absence_of_history_or_unknown_record,structured_missing_handling_candidate_later,feature_engineering_and_modeling,True,high_missing;,False,
cc_payment_total_std_sum,continuous_stat_numeric,candidate_predictor,special_case_review,no,relationship_analysis,structured_missing_or_history_availability,possible_absence_of_history_or_unknown_record,structured_missing_handling_candidate_later,feature_engineering_and_modeling,True,high_missing;,False,
cc_payment_total_sum_max,continuous_amount_numeric,candidate_predictor,special_case_review,no,relationship_analysis,structured_missing_or_history_availability,possible_absence_of_history_or_unknown_record,structured_missing_handling_candidate_later,feature_engineering_and_modeling,True,high_missing; extreme_skew;,False,
cc_payment_total_sum_mean,continuous_amount_numeric,candidate_predictor,special_case_review,no,relationship_analysis,structured_missing_or_history_availability,possible_absence_of_history_or_unknown_record,structured_missing_handling_candidate_later,feature_engineering_and_modeling,True,high_missing; extreme_skew;,False,
cc_payment_total_sum_min,continuous_amount_numeric,candidate_predictor,special_case_review,no,relationship_analysis,structured_missing_or_history_availability,possible_absence_of_history_or_unknown_record,structured_missing_handling_candidate_later,feature_engineering_and_modeling,True,high_missing; extreme_skew;,False,
cc_payment_total_sum_sum,continuous_amount_numeric,candidate_predictor,special_case_review,no,relationship_analysis,structured_missing_or_history_availability,possible_absence_of_history_or_unknown_record,structured_missing_handling_candidate_later,feature_engineering_and_modeling,True,high_missing; extreme_skew;,False,
cc_pos_drawing_amount_max_max,continuous_amount_numeric,candidate_predictor,special_case_review,no,relationship_analysis,structured_missing_or_history_availability,possible_absence_of_history_or_unknown_record,structured_missing_handling_candidate_later,feature_engineering_and_modeling,True,high_missing;,True,extreme_missing;
cc_pos_drawing_amount_max_mean,continuous_amount_numeric,candidate_predictor,special_case_review,no,relationship_analysis,structured_missing_or_history_availability,possible_absence_of_history_or_unknown_record,structured_missing_handling_candidate_later,feature_engineering_and_modeling,True,high_missing;,True,extreme_missing;
cc_pos_drawing_amount_max_min,continuous_amount_numeric,candidate_predictor,special_case_review,no,relationship_analysis,structured_missing_or_history_availability,possible_absence_of_history_or_unknown_record,structured_missing_handling_candidate_later,feature_engineering_and_modeling,True,high_missing;,True,extreme_missing;
cc_pos_drawing_amount_max_sum,continuous_amount_numeric,candidate_predictor,special_case_review,no,relationship_analysis,structured_missing_or_history_availability,possible_absence_of_history_or_unknown_record,structured_missing_handling_candidate_later,feature_engineering_and_modeling,True,high_missing; extreme_skew;,False,
cc_pos_drawing_amount_mean_max,continuous_amount_numeric,candidate_predictor,special_case_review,no,relationship_analysis,structured_missing_or_history_availability,possible_absence_of_history_or_unknown_record,structured_missing_handling_candidate_later,feature_engineering_and_modeling,True,high_missing; extreme_skew;,True,extreme_missing;
cc_pos_drawing_amount_mean_mean,continuous_amount_numeric,candidate_predictor,special_case_review,no,relationship_analysis,structured_missing_or_history_availability,possible_absence_of_history_or_unknown_record,structured_missing_handling_candidate_later,feature_engineering_and_modeling,True,high_missing; extreme_skew;,True,extreme_missing;
cc_pos_drawing_amount_mean_min,continuous_amount_numeric,candidate_predictor,special_case_review,no,relationship_analysis,structured_missing_or_history_availability,possible_absence_of_history_or_unknown_record,structured_missing_handling_candidate_later,feature_engineering_and_modeling,True,high_missing; extreme_skew;,True,extreme_missing;
cc_pos_drawing_amount_mean_sum,continuous_amount_numeric,candidate_predictor,special_case_review,no,relationship_analysis,structured_missing_or_history_availability,possible_absence_of_history_or_unknown_record,structured_missing_handling_candidate_later,feature_engineering_and_modeling,True,high_missing; extreme_skew; high_outlier_burden;,False,
cc_pos_drawing_amount_sum_max,continuous_amount_numeric,candidate_predictor,special_case_review,no,relationship_analysis,structured_missing_or_history_availability,possible_absence_of_history_or_unknown_record,structured_missing_handling_candidate_later,feature_engineering_and_modeling,True,high_missing; extreme_skew; high_outlier_burden;,False,
cc_pos_drawing_amount_sum_mean,continuous_amount_numeric,candidate_predictor,special_case_review,no,relationship_analysis,structured_missing_or_history_availability,possible_absence_of_history_or_unknown_record,structured_missing_handling_candidate_later,feature_engineering_and_modeling,True,high_missing; extreme_skew; high_outlier_burden;,False,
cc_pos_drawing_amount_sum_min,continuous_amount_numeric,candidate_predictor,special_case_review,no,relationship_analysis,structured_missing_or_history_availability,possible_absence_of_history_or_unknown_record,structured_missing_handling_candidate_later,feature_engineering_and_modeling,True,high_missing; extreme_skew; high_outlier_burden;,False,
cc_pos_drawing_amount_sum_sum,continuous_amount_numeric,candidate_predictor,special_case_review,no,relationship_analysis,structured_missing_or_history_availability,possible_absence_of_history_or_unknown_record,structured_missing_handling_candidate_later,feature_engineering_and_modeling,True,high_missing; extreme_skew; high_outlier_burden;,False,
cc_pos_drawing_count_max_max,discrete_count_numeric,candidate_predictor,special_case_review,no,relationship_analysis,structured_missing_or_history_availability,possible_absence_of_history_or_unknown_record,structured_missing_handling_candidate_later,feature_engineering_and_modeling,True,high_missing;,True,extreme_missing;
cc_pos_drawing_count_max_mean,discrete_count_numeric,candidate_predictor,special_case_review,no,relationship_analysis,structured_missing_or_history_availability,possible_absence_of_history_or_unknown_record,structured_missing_handling_candidate_later,feature_engineering_and_modeling,True,high_missing; not_integer_like;,True,extreme_missing;
cc_pos_drawing_count_max_min,discrete_count_numeric,candidate_predictor,special_case_review,no,relationship_analysis,structured_missing_or_history_availability,possible_absence_of_history_or_unknown_record,structured_missing_handling_candidate_later,feature_engineering_and_modeling,True,high_missing;,True,extreme_missing;
cc_pos_drawing_count_max_sum,discrete_count_numeric,candidate_predictor,special_case_review,no,relationship_analysis,structured_missing_or_history_availability,possible_absence_of_history_or_unknown_record,structured_missing_handling_candidate_later,feature_engineering_and_modeling,True,high_missing;,False,
cc_pos_drawing_count_mean_max,discrete_count_numeric,candidate_predictor,special_case_review,no,relationship_analysis,structured_missing_or_history_availability,possible_absence_of_history_or_unknown_record,structured_missing_handling_candidate_later,feature_engineering_and_modeling,True,high_missing; not_integer_like;,True,extreme_missing;
cc_pos_drawing_count_mean_mean,discrete_count_numeric,candidate_predictor,special_case_review,no,relationship_analysis,structured_missing_or_history_availability,possible_absence_of_history_or_unknown_record,structured_missing_handling_candidate_later,feature_engineering_and_modeling,True,high_missing; not_integer_like;,True,extreme_missing;
cc_pos_drawing_count_mean_min,discrete_count_numeric,candidate_predictor,special_case_review,no,relationship_analysis,structured_missing_or_history_availability,possible_absence_of_history_or_unknown_record,structured_missing_handling_candidate_later,feature_engineering_and_modeling,True,high_missing; not_integer_like;,True,extreme_missing;
cc_pos_drawing_count_mean_sum,discrete_count_numeric,candidate_predictor,special_case_review,no,relationship_analysis,structured_missing_or_history_availability,possible_absence_of_history_or_unknown_record,structured_missing_handling_candidate_later,feature_engineering_and_modeling,True,high_missing; not_integer_like;,False,
cc_pos_drawing_count_sum_max,discrete_count_numeric,candidate_predictor,special_case_review,no,relationship_analysis,structured_missing_or_history_availability,possible_absence_of_history_or_unknown_record,structured_missing_handling_candidate_later,feature_engineering_and_modeling,True,high_missing; extreme_count_tail;,False,
cc_pos_drawing_count_sum_mean,discrete_count_numeric,candidate_predictor,special_case_review,no,relationship_analysis,structured_missing_or_history_availability,possible_absence_of_history_or_unknown_record,structured_missing_handling_candidate_later,feature_engineering_and_modeling,True,high_missing; not_integer_like; extreme_count_tail;,False,
cc_pos_drawing_count_sum_min,discrete_count_numeric,candidate_predictor,special_case_review,no,relationship_analysis,structured_missing_or_history_availability,possible_absence_of_history_or_unknown_record,structured_missing_handling_candidate_later,feature_engineering_and_modeling,True,high_missing; extreme_count_tail;,False,
cc_pos_drawing_count_sum_sum,discrete_count_numeric,candidate_predictor,special_case_review,no,relationship_analysis,structured_missing_or_history_availability,possible_absence_of_history_or_unknown_record,structured_missing_handling_candidate_later,feature_engineering_and_modeling,True,high_missing; extreme_count_tail;,False,
cc_pos_drawing_share_max_max,ratio_rate_numeric,candidate_predictor,special_case_review,no,relationship_analysis,structured_missing_or_history_availability,possible_absence_of_history_or_unknown_record,structured_missing_handling_candidate_later,feature_engineering_and_modeling,True,high_missing;,True,extreme_missing;
cc_pos_drawing_share_max_mean,ratio_rate_numeric,candidate_predictor,special_case_review,no,relationship_analysis,structured_missing_or_history_availability,possible_absence_of_history_or_unknown_record,structured_missing_handling_candidate_later,feature_engineering_and_modeling,True,high_missing;,True,extreme_missing;
cc_pos_drawing_share_max_min,ratio_rate_numeric,candidate_predictor,special_case_review,no,relationship_analysis,structured_missing_or_history_availability,possible_absence_of_history_or_unknown_record,structured_missing_handling_candidate_later,feature_engineering_and_modeling,True,high_missing;,True,extreme_missing;
cc_pos_drawing_share_max_sum,ratio_rate_numeric,candidate_predictor,special_case_review,no,relationship_analysis,structured_missing_or_history_availability,possible_absence_of_history_or_unknown_record,structured_missing_handling_candidate_later,feature_engineering_and_modeling,True,high_missing;,False,
cc_pos_drawing_share_mean_max,ratio_rate_numeric,candidate_predictor,special_case_review,no,relationship_analysis,structured_missing_or_history_availability,possible_absence_of_history_or_unknown_record,structured_missing_handling_candidate_later,feature_engineering_and_modeling,True,high_missing;,True,extreme_missing;
cc_pos_drawing_share_mean_mean,ratio_rate_numeric,candidate_predictor,special_case_review,no,relationship_analysis,structured_missing_or_history_availability,possible_absence_of_history_or_unknown_record,structured_missing_handling_candidate_later,feature_engineering_and_modeling,True,high_missing;,True,extreme_missing;
cc_pos_drawing_share_mean_min,ratio_rate_numeric,candidate_predictor,special_case_review,no,relationship_analysis,structured_missing_or_history_availability,possible_absence_of_history_or_unknown_record,structured_missing_handling_candidate_later,feature_engineering_and_modeling,True,high_missing;,True,extreme_missing;
cc_pos_drawing_share_mean_sum,ratio_rate_numeric,candidate_predictor,special_case_review,no,relationship_analysis,structured_missing_or_history_availability,possible_absence_of_history_or_unknown_record,structured_missing_handling_candidate_later,feature_engineering_and_modeling,True,high_missing;,False,
cc_pos_drawing_share_min_max,ratio_rate_numeric,candidate_predictor,special_case_review,no,relationship_analysis,structured_missing_or_history_availability,possible_absence_of_history_or_unknown_record,structured_missing_handling_candidate_later,feature_engineering_and_modeling,True,high_missing;,True,extreme_missing;
cc_pos_drawing_share_min_mean,ratio_rate_numeric,candidate_predictor,special_case_review,no,relationship_analysis,structured_missing_or_history_availability,possible_absence_of_history_or_unknown_record,structured_missing_handling_candidate_later,feature_engineering_and_modeling,True,high_missing;,True,extreme_missing;
cc_pos_drawing_share_min_min,ratio_rate_numeric,candidate_predictor,special_case_review,no,relationship_analysis,structured_missing_or_history_availability,possible_absence_of_history_or_unknown_record,structured_missing_handling_candidate_later,feature_engineering_and_modeling,True,high_missing;,True,extreme_missing;
cc_pos_drawing_share_min_sum,ratio_rate_numeric,candidate_predictor,special_case_review,no,relationship_analysis,structured_missing_or_history_availability,possible_absence_of_history_or_unknown_record,structured_missing_handling_candidate_later,feature_engineering_and_modeling,True,high_missing; zero_heavy;,False,
cc_principal_receivable_max_max,continuous_amount_numeric,candidate_predictor,special_case_review,no,relationship_analysis,structured_missing_or_history_availability,possible_absence_of_history_or_unknown_record,structured_missing_handling_candidate_later,feature_engineering_and_modeling,True,high_missing;,False,
cc_principal_receivable_max_mean,continuous_amount_numeric,candidate_predictor,special_case_review,no,relationship_analysis,structured_missing_or_history_availability,possible_absence_of_history_or_unknown_record,structured_missing_handling_candidate_later,feature_engineering_and_modeling,True,high_missing;,False,
cc_principal_receivable_max_min,continuous_amount_numeric,candidate_predictor,special_case_review,no,relationship_analysis,structured_missing_or_history_availability,possible_absence_of_history_or_unknown_record,structured_missing_handling_candidate_later,feature_engineering_and_modeling,True,high_missing;,False,
cc_principal_receivable_max_sum,continuous_amount_numeric,candidate_predictor,special_case_review,no,relationship_analysis,structured_missing_or_history_availability,possible_absence_of_history_or_unknown_record,structured_missing_handling_candidate_later,feature_engineering_and_modeling,True,high_missing;,False,
cc_principal_receivable_mean_max,continuous_amount_numeric,candidate_predictor,special_case_review,no,relationship_analysis,structured_missing_or_history_availability,possible_absence_of_history_or_unknown_record,structured_missing_handling_candidate_later,feature_engineering_and_modeling,True,high_missing; negative_amount_value;,False,
cc_principal_receivable_mean_mean,continuous_amount_numeric,candidate_predictor,special_case_review,no,relationship_analysis,structured_missing_or_history_availability,possible_absence_of_history_or_unknown_record,structured_missing_handling_candidate_later,feature_engineering_and_modeling,True,high_missing; negative_amount_value;,False,
cc_principal_receivable_mean_min,continuous_amount_numeric,candidate_predictor,special_case_review,no,relationship_analysis,structured_missing_or_history_availability,possible_absence_of_history_or_unknown_record,structured_missing_handling_candidate_later,feature_engineering_and_modeling,True,high_missing; negative_amount_value;,False,
cc_principal_receivable_mean_sum,continuous_amount_numeric,candidate_predictor,special_case_review,no,relationship_analysis,structured_missing_or_history_availability,possible_absence_of_history_or_unknown_record,structured_missing_handling_candidate_later,feature_engineering_and_modeling,True,high_missing; negative_amount_value;,False,
cc_principal_receivable_sum_max,continuous_amount_numeric,candidate_predictor,special_case_review,no,relationship_analysis,structured_missing_or_history_availability,possible_absence_of_history_or_unknown_record,structured_missing_handling_candidate_later,feature_engineering_and_modeling,True,high_missing; negative_amount_value;,False,
cc_principal_receivable_sum_mean,continuous_amount_numeric,candidate_predictor,special_case_review,no,relationship_analysis,structured_missing_or_history_availability,possible_absence_of_history_or_unknown_record,structured_missing_handling_candidate_later,feature_engineering_and_modeling,True,high_missing; negative_amount_value;,False,
cc_principal_receivable_sum_min,continuous_amount_numeric,candidate_predictor,special_case_review,no,relationship_analysis,structured_missing_or_history_availability,possible_absence_of_history_or_unknown_record,structured_missing_handling_candidate_later,feature_engineering_and_modeling,True,high_missing; negative_amount_value;,False,
cc_principal_receivable_sum_sum,continuous_amount_numeric,candidate_predictor,special_case_review,no,relationship_analysis,structured_missing_or_history_availability,possible_absence_of_history_or_unknown_record,structured_missing_handling_candidate_later,feature_engineering_and_modeling,True,high_missing; negative_amount_value;,False,
cc_principal_receivable_to_limit_max_max,ratio_rate_numeric,candidate_predictor,special_case_review,no,relationship_analysis,structured_missing_or_history_availability,possible_absence_of_history_or_unknown_record,structured_missing_handling_candidate_later,feature_engineering_and_modeling,True,high_missing;,False,
cc_principal_receivable_to_limit_max_mean,ratio_rate_numeric,candidate_predictor,special_case_review,no,relationship_analysis,structured_missing_or_history_availability,possible_absence_of_history_or_unknown_record,structured_missing_handling_candidate_later,feature_engineering_and_modeling,True,high_missing;,False,
cc_principal_receivable_to_limit_max_min,ratio_rate_numeric,candidate_predictor,special_case_review,no,relationship_analysis,structured_missing_or_history_availability,possible_absence_of_history_or_unknown_record,structured_missing_handling_candidate_later,feature_engineering_and_modeling,True,high_missing;,False,
cc_principal_receivable_to_limit_max_sum,ratio_rate_numeric,candidate_predictor,special_case_review,no,relationship_analysis,structured_missing_or_history_availability,possible_absence_of_history_or_unknown_record,structured_missing_handling_candidate_later,feature_engineering_and_modeling,True,high_missing;,False,
cc_principal_receivable_to_limit_mean_max,ratio_rate_numeric,candidate_predictor,special_case_review,no,relationship_analysis,structured_missing_or_history_availability,possible_absence_of_history_or_unknown_record,structured_missing_handling_candidate_later,feature_engineering_and_modeling,True,high_missing; negative_ratio_value;,False,
cc_principal_receivable_to_limit_mean_mean,ratio_rate_numeric,candidate_predictor,special_case_review,no,relationship_analysis,structured_missing_or_history_availability,possible_absence_of_history_or_unknown_record,structured_missing_handling_candidate_later,feature_engineering_and_modeling,True,high_missing; negative_ratio_value;,False,
cc_principal_receivable_to_limit_mean_min,ratio_rate_numeric,candidate_predictor,special_case_review,no,relationship_analysis,structured_missing_or_history_availability,possible_absence_of_history_or_unknown_record,structured_missing_handling_candidate_later,feature_engineering_and_modeling,True,high_missing; negative_ratio_value;,False,
cc_principal_receivable_to_limit_mean_sum,ratio_rate_numeric,candidate_predictor,special_case_review,no,relationship_analysis,structured_missing_or_history_availability,possible_absence_of_history_or_unknown_record,structured_missing_handling_candidate_later,feature_engineering_and_modeling,True,high_missing; negative_ratio_value;,False,
cc_principal_receivable_to_limit_min_max,ratio_rate_numeric,candidate_predictor,special_case_review,no,relationship_analysis,structured_missing_or_history_availability,possible_absence_of_history_or_unknown_record,structured_missing_handling_candidate_later,feature_engineering_and_modeling,True,high_missing; negative_ratio_value; zero_heavy;,False,
cc_principal_receivable_to_limit_min_mean,ratio_rate_numeric,candidate_predictor,special_case_review,no,relationship_analysis,structured_missing_or_history_availability,possible_absence_of_history_or_unknown_record,structured_missing_handling_candidate_later,feature_engineering_and_modeling,True,high_missing; negative_ratio_value; zero_heavy;,False,
cc_principal_receivable_to_limit_min_min,ratio_rate_numeric,candidate_predictor,special_case_review,no,relationship_analysis,structured_missing_or_history_availability,possible_absence_of_history_or_unknown_record,structured_missing_handling_candidate_later,feature_engineering_and_modeling,True,high_missing; negative_ratio_value; zero_heavy;,False,
cc_principal_receivable_to_limit_min_sum,ratio_rate_numeric,candidate_predictor,special_case_review,no,relationship_analysis,structured_missing_or_history_availability,possible_absence_of_history_or_unknown_record,structured_missing_handling_candidate_later,feature_engineering_and_modeling,True,high_missing; negative_ratio_value; zero_heavy;,False,
cc_recent_12m_has_dpd_count_max,discrete_count_numeric,candidate_predictor,special_case_review,no,relationship_analysis,structured_missing_or_history_availability,possible_absence_of_history_or_unknown_record,structured_missing_handling_candidate_later,feature_engineering_and_modeling,True,high_missing; zero_heavy;,False,
cc_recent_12m_has_dpd_count_mean,ratio_rate_numeric,candidate_predictor,special_case_review,no,relationship_analysis,structured_missing_or_history_availability,possible_absence_of_history_or_unknown_record,structured_missing_handling_candidate_later,feature_engineering_and_modeling,True,high_missing; zero_heavy; extreme_skew;,False,
cc_recent_12m_has_dpd_count_sum,discrete_count_numeric,candidate_predictor,special_case_review,no,relationship_analysis,structured_missing_or_history_availability,possible_absence_of_history_or_unknown_record,structured_missing_handling_candidate_later,feature_engineering_and_modeling,True,high_missing; zero_heavy;,False,
cc_recent_12m_has_dpd_def_count_max,discrete_count_numeric,candidate_predictor,special_case_review,no,relationship_analysis,structured_missing_or_history_availability,possible_absence_of_history_or_unknown_record,structured_missing_handling_candidate_later,feature_engineering_and_modeling,True,high_missing; zero_heavy;,False,
cc_recent_12m_has_dpd_def_count_mean,ratio_rate_numeric,candidate_predictor,special_case_review,no,relationship_analysis,structured_missing_or_history_availability,possible_absence_of_history_or_unknown_record,structured_missing_handling_candidate_later,feature_engineering_and_modeling,True,high_missing; zero_heavy; extreme_skew;,False,
cc_recent_12m_has_dpd_def_count_sum,discrete_count_numeric,candidate_predictor,special_case_review,no,relationship_analysis,structured_missing_or_history_availability,possible_absence_of_history_or_unknown_record,structured_missing_handling_candidate_later,feature_engineering_and_modeling,True,high_missing; zero_heavy;,False,
cc_recent_12m_has_dpd_def_ratio_max,ratio_rate_numeric,candidate_predictor,special_case_review,no,relationship_analysis,structured_missing_or_history_availability,possible_absence_of_history_or_unknown_record,structured_missing_handling_candidate_later,feature_engineering_and_modeling,True,high_missing; zero_heavy; extreme_skew;,False,
cc_recent_12m_has_dpd_def_ratio_mean,ratio_rate_numeric,candidate_predictor,special_case_review,no,relationship_analysis,structured_missing_or_history_availability,possible_absence_of_history_or_unknown_record,structured_missing_handling_candidate_later,feature_engineering_and_modeling,True,high_missing; zero_heavy; extreme_skew;,False,
cc_recent_12m_has_dpd_def_ratio_min,ratio_rate_numeric,candidate_predictor,special_case_review,no,relationship_analysis,structured_missing_or_history_availability,possible_absence_of_history_or_unknown_record,structured_missing_handling_candidate_later,feature_engineering_and_modeling,True,high_missing; zero_heavy; extreme_skew;,False,
cc_recent_12m_has_dpd_ratio_max,ratio_rate_numeric,candidate_predictor,special_case_review,no,relationship_analysis,structured_missing_or_history_availability,possible_absence_of_history_or_unknown_record,structured_missing_handling_candidate_later,feature_engineering_and_modeling,True,high_missing; zero_heavy; extreme_skew;,False,
cc_recent_12m_has_dpd_ratio_mean,ratio_rate_numeric,candidate_predictor,special_case_review,no,relationship_analysis,structured_missing_or_history_availability,possible_absence_of_history_or_unknown_record,structured_missing_handling_candidate_later,feature_engineering_and_modeling,True,high_missing; zero_heavy; extreme_skew;,False,
cc_recent_12m_has_dpd_ratio_min,ratio_rate_numeric,candidate_predictor,special_case_review,no,relationship_analysis,structured_missing_or_history_availability,possible_absence_of_history_or_unknown_record,structured_missing_handling_candidate_later,feature_engineering_and_modeling,True,high_missing; zero_heavy; extreme_skew;,False,
cc_recent_12m_high_utilization_80plus_count_max,ratio_rate_numeric,candidate_predictor,special_case_review,no,relationship_analysis,structured_missing_or_history_availability,possible_absence_of_history_or_unknown_record,structured_missing_handling_candidate_later,feature_engineering_and_modeling,True,high_missing;,False,
cc_recent_12m_high_utilization_80plus_count_mean,ratio_rate_numeric,candidate_predictor,special_case_review,no,relationship_analysis,structured_missing_or_history_availability,possible_absence_of_history_or_unknown_record,structured_missing_handling_candidate_later,feature_engineering_and_modeling,True,high_missing;,False,
cc_recent_12m_high_utilization_80plus_count_sum,ratio_rate_numeric,candidate_predictor,special_case_review,no,relationship_analysis,structured_missing_or_history_availability,possible_absence_of_history_or_unknown_record,structured_missing_handling_candidate_later,feature_engineering_and_modeling,True,high_missing;,False,
cc_recent_12m_high_utilization_80plus_ratio_max,ratio_rate_numeric,candidate_predictor,special_case_review,no,relationship_analysis,structured_missing_or_history_availability,possible_absence_of_history_or_unknown_record,structured_missing_handling_candidate_later,feature_engineering_and_modeling,True,high_missing; high_outlier_burden;,False,
cc_recent_12m_high_utilization_80plus_ratio_mean,ratio_rate_numeric,candidate_predictor,special_case_review,no,relationship_analysis,structured_missing_or_history_availability,possible_absence_of_history_or_unknown_record,structured_missing_handling_candidate_later,feature_engineering_and_modeling,True,high_missing; high_outlier_burden;,False,
cc_recent_12m_high_utilization_80plus_ratio_min,ratio_rate_numeric,candidate_predictor,special_case_review,no,relationship_analysis,structured_missing_or_history_availability,possible_absence_of_history_or_unknown_record,structured_missing_handling_candidate_later,feature_engineering_and_modeling,True,high_missing; high_outlier_burden;,False,
cc_recent_12m_payment_less_than_min_count_max,discrete_count_numeric,candidate_predictor,special_case_review,no,relationship_analysis,structured_missing_or_history_availability,possible_absence_of_history_or_unknown_record,structured_missing_handling_candidate_later,feature_engineering_and_modeling,True,high_missing; zero_heavy;,False,
cc_recent_12m_payment_less_than_min_count_mean,ratio_rate_numeric,candidate_predictor,special_case_review,no,relationship_analysis,structured_missing_or_history_availability,possible_absence_of_history_or_unknown_record,structured_missing_handling_candidate_later,feature_engineering_and_modeling,True,high_missing; zero_heavy;,False,
cc_recent_12m_payment_less_than_min_count_sum,discrete_count_numeric,candidate_predictor,special_case_review,no,relationship_analysis,structured_missing_or_history_availability,possible_absence_of_history_or_unknown_record,structured_missing_handling_candidate_later,feature_engineering_and_modeling,True,high_missing; zero_heavy;,False,
cc_recent_12m_payment_less_than_min_ratio_max,ratio_rate_numeric,candidate_predictor,special_case_review,no,relationship_analysis,structured_missing_or_history_availability,possible_absence_of_history_or_unknown_record,structured_missing_handling_candidate_later,feature_engineering_and_modeling,True,high_missing; zero_heavy;,False,
cc_recent_12m_payment_less_than_min_ratio_mean,ratio_rate_numeric,candidate_predictor,special_case_review,no,relationship_analysis,structured_missing_or_history_availability,possible_absence_of_history_or_unknown_record,structured_missing_handling_candidate_later,feature_engineering_and_modeling,True,high_missing; zero_heavy;,False,
cc_recent_12m_payment_less_than_min_ratio_min,ratio_rate_numeric,candidate_predictor,special_case_review,no,relationship_analysis,structured_missing_or_history_availability,possible_absence_of_history_or_unknown_record,structured_missing_handling_candidate_later,feature_engineering_and_modeling,True,high_missing; zero_heavy;,False,
cc_recent_24m_has_dpd_count_max,discrete_count_numeric,candidate_predictor,special_case_review,no,relationship_analysis,structured_missing_or_history_availability,possible_absence_of_history_or_unknown_record,structured_missing_handling_candidate_later,feature_engineering_and_modeling,True,high_missing; zero_heavy;,False,
cc_recent_24m_has_dpd_count_mean,ratio_rate_numeric,candidate_predictor,special_case_review,no,relationship_analysis,structured_missing_or_history_availability,possible_absence_of_history_or_unknown_record,structured_missing_handling_candidate_later,feature_engineering_and_modeling,True,high_missing; zero_heavy; extreme_skew;,False,
cc_recent_24m_has_dpd_count_sum,discrete_count_numeric,candidate_predictor,special_case_review,no,relationship_analysis,structured_missing_or_history_availability,possible_absence_of_history_or_unknown_record,structured_missing_handling_candidate_later,feature_engineering_and_modeling,True,high_missing; zero_heavy;,False,
cc_recent_24m_has_dpd_def_count_max,discrete_count_numeric,candidate_predictor,special_case_review,no,relationship_analysis,structured_missing_or_history_availability,possible_absence_of_history_or_unknown_record,structured_missing_handling_candidate_later,feature_engineering_and_modeling,True,high_missing; zero_heavy;,False,
cc_recent_24m_has_dpd_def_count_mean,ratio_rate_numeric,candidate_predictor,special_case_review,no,relationship_analysis,structured_missing_or_history_availability,possible_absence_of_history_or_unknown_record,structured_missing_handling_candidate_later,feature_engineering_and_modeling,True,high_missing; zero_heavy; extreme_skew;,False,
cc_recent_24m_has_dpd_def_count_sum,discrete_count_numeric,candidate_predictor,special_case_review,no,relationship_analysis,structured_missing_or_history_availability,possible_absence_of_history_or_unknown_record,structured_missing_handling_candidate_later,feature_engineering_and_modeling,True,high_missing; zero_heavy;,False,
cc_recent_24m_has_dpd_def_ratio_max,ratio_rate_numeric,candidate_predictor,special_case_review,no,relationship_analysis,structured_missing_or_history_availability,possible_absence_of_history_or_unknown_record,structured_missing_handling_candidate_later,feature_engineering_and_modeling,True,high_missing; zero_heavy; extreme_skew;,False,
cc_recent_24m_has_dpd_def_ratio_mean,ratio_rate_numeric,candidate_predictor,special_case_review,no,relationship_analysis,structured_missing_or_history_availability,possible_absence_of_history_or_unknown_record,structured_missing_handling_candidate_later,feature_engineering_and_modeling,True,high_missing; zero_heavy; extreme_skew;,False,
cc_recent_24m_has_dpd_def_ratio_min,ratio_rate_numeric,candidate_predictor,special_case_review,no,relationship_analysis,structured_missing_or_history_availability,possible_absence_of_history_or_unknown_record,structured_missing_handling_candidate_later,feature_engineering_and_modeling,True,high_missing; zero_heavy; extreme_skew;,False,
cc_recent_24m_has_dpd_ratio_max,ratio_rate_numeric,candidate_predictor,special_case_review,no,relationship_analysis,structured_missing_or_history_availability,possible_absence_of_history_or_unknown_record,structured_missing_handling_candidate_later,feature_engineering_and_modeling,True,high_missing; zero_heavy; extreme_skew;,False,
cc_recent_24m_has_dpd_ratio_mean,ratio_rate_numeric,candidate_predictor,special_case_review,no,relationship_analysis,structured_missing_or_history_availability,possible_absence_of_history_or_unknown_record,structured_missing_handling_candidate_later,feature_engineering_and_modeling,True,high_missing; zero_heavy; extreme_skew;,False,
cc_recent_24m_has_dpd_ratio_min,ratio_rate_numeric,candidate_predictor,special_case_review,no,relationship_analysis,structured_missing_or_history_availability,possible_absence_of_history_or_unknown_record,structured_missing_handling_candidate_later,feature_engineering_and_modeling,True,high_missing; zero_heavy; extreme_skew;,False,
cc_recent_24m_high_utilization_80plus_count_max,ratio_rate_numeric,candidate_predictor,special_case_review,no,relationship_analysis,structured_missing_or_history_availability,possible_absence_of_history_or_unknown_record,structured_missing_handling_candidate_later,feature_engineering_and_modeling,True,high_missing;,False,
cc_recent_24m_high_utilization_80plus_count_mean,ratio_rate_numeric,candidate_predictor,special_case_review,no,relationship_analysis,structured_missing_or_history_availability,possible_absence_of_history_or_unknown_record,structured_missing_handling_candidate_later,feature_engineering_and_modeling,True,high_missing;,False,
cc_recent_24m_high_utilization_80plus_count_sum,ratio_rate_numeric,candidate_predictor,special_case_review,no,relationship_analysis,structured_missing_or_history_availability,possible_absence_of_history_or_unknown_record,structured_missing_handling_candidate_later,feature_engineering_and_modeling,True,high_missing;,False,
cc_recent_24m_high_utilization_80plus_ratio_max,ratio_rate_numeric,candidate_predictor,special_case_review,no,relationship_analysis,structured_missing_or_history_availability,possible_absence_of_history_or_unknown_record,structured_missing_handling_candidate_later,feature_engineering_and_modeling,True,high_missing;,False,
cc_recent_24m_high_utilization_80plus_ratio_mean,ratio_rate_numeric,candidate_predictor,special_case_review,no,relationship_analysis,structured_missing_or_history_availability,possible_absence_of_history_or_unknown_record,structured_missing_handling_candidate_later,feature_engineering_and_modeling,True,high_missing;,False,
cc_recent_24m_high_utilization_80plus_ratio_min,ratio_rate_numeric,candidate_predictor,special_case_review,no,relationship_analysis,structured_missing_or_history_availability,possible_absence_of_history_or_unknown_record,structured_missing_handling_candidate_later,feature_engineering_and_modeling,True,high_missing;,False,
cc_recent_24m_payment_less_than_min_count_max,discrete_count_numeric,candidate_predictor,special_case_review,no,relationship_analysis,structured_missing_or_history_availability,possible_absence_of_history_or_unknown_record,structured_missing_handling_candidate_later,feature_engineering_and_modeling,True,high_missing;,False,
cc_recent_24m_payment_less_than_min_count_mean,ratio_rate_numeric,candidate_predictor,special_case_review,no,relationship_analysis,structured_missing_or_history_availability,possible_absence_of_history_or_unknown_record,structured_missing_handling_candidate_later,feature_engineering_and_modeling,True,high_missing;,False,
cc_recent_24m_payment_less_than_min_count_sum,discrete_count_numeric,candidate_predictor,special_case_review,no,relationship_analysis,structured_missing_or_history_availability,possible_absence_of_history_or_unknown_record,structured_missing_handling_candidate_later,feature_engineering_and_modeling,True,high_missing;,False,
cc_recent_24m_payment_less_than_min_ratio_max,ratio_rate_numeric,candidate_predictor,special_case_review,no,relationship_analysis,structured_missing_or_history_availability,possible_absence_of_history_or_unknown_record,structured_missing_handling_candidate_later,feature_engineering_and_modeling,True,high_missing;,False,
cc_recent_24m_payment_less_than_min_ratio_mean,ratio_rate_numeric,candidate_predictor,special_case_review,no,relationship_analysis,structured_missing_or_history_availability,possible_absence_of_history_or_unknown_record,structured_missing_handling_candidate_later,feature_engineering_and_modeling,True,high_missing;,False,
cc_recent_24m_payment_less_than_min_ratio_min,ratio_rate_numeric,candidate_predictor,special_case_review,no,relationship_analysis,structured_missing_or_history_availability,possible_absence_of_history_or_unknown_record,structured_missing_handling_candidate_later,feature_engineering_and_modeling,True,high_missing;,False,
cc_recent_6m_dpd_mean_max,overdue_delay_numeric,candidate_predictor,special_case_review,no,relationship_analysis,structured_missing_or_history_availability,possible_absence_of_history_or_unknown_record,structured_missing_handling_candidate_later,feature_engineering_and_modeling,True,high_missing; has_late_delay_signal;,False,
cc_recent_6m_dpd_mean_mean,overdue_delay_numeric,candidate_predictor,special_case_review,no,relationship_analysis,structured_missing_or_history_availability,possible_absence_of_history_or_unknown_record,structured_missing_handling_candidate_later,feature_engineering_and_modeling,True,high_missing; has_late_delay_signal;,False,
cc_recent_6m_dpd_mean_min,overdue_delay_numeric,candidate_predictor,special_case_review,no,relationship_analysis,structured_missing_or_history_availability,possible_absence_of_history_or_unknown_record,structured_missing_handling_candidate_later,feature_engineering_and_modeling,True,high_missing; has_late_delay_signal;,False,
cc_recent_6m_dpd_mean_sum,overdue_delay_numeric,candidate_predictor,special_case_review,no,relationship_analysis,structured_missing_or_history_availability,possible_absence_of_history_or_unknown_record,structured_missing_handling_candidate_later,feature_engineering_and_modeling,True,high_missing; has_late_delay_signal;,False,
cc_recent_6m_has_dpd_count_max,discrete_count_numeric,candidate_predictor,special_case_review,no,relationship_analysis,structured_missing_or_history_availability,possible_absence_of_history_or_unknown_record,structured_missing_handling_candidate_later,feature_engineering_and_modeling,True,high_missing; zero_heavy;,False,
cc_recent_6m_has_dpd_count_mean,ratio_rate_numeric,candidate_predictor,special_case_review,no,relationship_analysis,structured_missing_or_history_availability,possible_absence_of_history_or_unknown_record,structured_missing_handling_candidate_later,feature_engineering_and_modeling,True,high_missing; zero_heavy; extreme_skew;,False,
cc_recent_6m_has_dpd_count_sum,discrete_count_numeric,candidate_predictor,special_case_review,no,relationship_analysis,structured_missing_or_history_availability,possible_absence_of_history_or_unknown_record,structured_missing_handling_candidate_later,feature_engineering_and_modeling,True,high_missing; zero_heavy;,False,
cc_recent_6m_has_dpd_def_count_max,discrete_count_numeric,candidate_predictor,special_case_review,no,relationship_analysis,structured_missing_or_history_availability,possible_absence_of_history_or_unknown_record,structured_missing_handling_candidate_later,feature_engineering_and_modeling,True,high_missing; zero_heavy;,False,
cc_recent_6m_has_dpd_def_count_mean,ratio_rate_numeric,candidate_predictor,special_case_review,no,relationship_analysis,structured_missing_or_history_availability,possible_absence_of_history_or_unknown_record,structured_missing_handling_candidate_later,feature_engineering_and_modeling,True,high_missing; zero_heavy; extreme_skew;,False,
cc_recent_6m_has_dpd_def_count_sum,discrete_count_numeric,candidate_predictor,special_case_review,no,relationship_analysis,structured_missing_or_history_availability,possible_absence_of_history_or_unknown_record,structured_missing_handling_candidate_later,feature_engineering_and_modeling,True,high_missing; zero_heavy;,False,
cc_recent_6m_has_dpd_def_ratio_max,ratio_rate_numeric,candidate_predictor,special_case_review,no,relationship_analysis,structured_missing_or_history_availability,possible_absence_of_history_or_unknown_record,structured_missing_handling_candidate_later,feature_engineering_and_modeling,True,high_missing; zero_heavy; extreme_skew;,False,
cc_recent_6m_has_dpd_def_ratio_mean,ratio_rate_numeric,candidate_predictor,special_case_review,no,relationship_analysis,structured_missing_or_history_availability,possible_absence_of_history_or_unknown_record,structured_missing_handling_candidate_later,feature_engineering_and_modeling,True,high_missing; zero_heavy; extreme_skew;,False,
cc_recent_6m_has_dpd_def_ratio_min,ratio_rate_numeric,candidate_predictor,special_case_review,no,relationship_analysis,structured_missing_or_history_availability,possible_absence_of_history_or_unknown_record,structured_missing_handling_candidate_later,feature_engineering_and_modeling,True,high_missing; zero_heavy; extreme_skew;,False,
cc_recent_6m_has_dpd_ratio_max,ratio_rate_numeric,candidate_predictor,special_case_review,no,relationship_analysis,structured_missing_or_history_availability,possible_absence_of_history_or_unknown_record,structured_missing_handling_candidate_later,feature_engineering_and_modeling,True,high_missing; zero_heavy; extreme_skew;,False,
cc_recent_6m_has_dpd_ratio_mean,ratio_rate_numeric,candidate_predictor,special_case_review,no,relationship_analysis,structured_missing_or_history_availability,possible_absence_of_history_or_unknown_record,structured_missing_handling_candidate_later,feature_engineering_and_modeling,True,high_missing; zero_heavy; extreme_skew;,False,
cc_recent_6m_has_dpd_ratio_min,ratio_rate_numeric,candidate_predictor,special_case_review,no,relationship_analysis,structured_missing_or_history_availability,possible_absence_of_history_or_unknown_record,structured_missing_handling_candidate_later,feature_engineering_and_modeling,True,high_missing; zero_heavy; extreme_skew;,False,
cc_recent_6m_high_util_80_mean_max,ratio_rate_numeric,candidate_predictor,special_case_review,no,relationship_analysis,structured_missing_or_history_availability,possible_absence_of_history_or_unknown_record,structured_missing_handling_candidate_later,feature_engineering_and_modeling,True,high_missing; high_outlier_burden;,False,
cc_recent_6m_high_util_80_mean_mean,ratio_rate_numeric,candidate_predictor,special_case_review,no,relationship_analysis,structured_missing_or_history_availability,possible_absence_of_history_or_unknown_record,structured_missing_handling_candidate_later,feature_engineering_and_modeling,True,high_missing; high_outlier_burden;,False,
cc_recent_6m_high_util_80_mean_min,ratio_rate_numeric,candidate_predictor,special_case_review,no,relationship_analysis,structured_missing_or_history_availability,possible_absence_of_history_or_unknown_record,structured_missing_handling_candidate_later,feature_engineering_and_modeling,True,high_missing; high_outlier_burden;,False,
cc_recent_6m_high_util_80_mean_sum,ratio_rate_numeric,candidate_predictor,special_case_review,no,relationship_analysis,structured_missing_or_history_availability,possible_absence_of_history_or_unknown_record,structured_missing_handling_candidate_later,feature_engineering_and_modeling,True,high_missing; high_outlier_burden;,False,
cc_recent_6m_high_utilization_80plus_count_max,ratio_rate_numeric,candidate_predictor,special_case_review,no,relationship_analysis,structured_missing_or_history_availability,possible_absence_of_history_or_unknown_record,structured_missing_handling_candidate_later,feature_engineering_and_modeling,True,high_missing; high_outlier_burden;,False,
cc_recent_6m_high_utilization_80plus_count_mean,ratio_rate_numeric,candidate_predictor,special_case_review,no,relationship_analysis,structured_missing_or_history_availability,possible_absence_of_history_or_unknown_record,structured_missing_handling_candidate_later,feature_engineering_and_modeling,True,high_missing; high_outlier_burden;,False,
cc_recent_6m_high_utilization_80plus_count_sum,ratio_rate_numeric,candidate_predictor,special_case_review,no,relationship_analysis,structured_missing_or_history_availability,possible_absence_of_history_or_unknown_record,structured_missing_handling_candidate_later,feature_engineering_and_modeling,True,high_missing; high_outlier_burden;,False,
cc_recent_6m_high_utilization_80plus_ratio_max,ratio_rate_numeric,candidate_predictor,special_case_review,no,relationship_analysis,structured_missing_or_history_availability,possible_absence_of_history_or_unknown_record,structured_missing_handling_candidate_later,feature_engineering_and_modeling,True,high_missing; high_outlier_burden;,False,
cc_recent_6m_high_utilization_80plus_ratio_mean,ratio_rate_numeric,candidate_predictor,special_case_review,no,relationship_analysis,structured_missing_or_history_availability,possible_absence_of_history_or_unknown_record,structured_missing_handling_candidate_later,feature_engineering_and_modeling,True,high_missing; high_outlier_burden;,False,
cc_recent_6m_high_utilization_80plus_ratio_min,ratio_rate_numeric,candidate_predictor,special_case_review,no,relationship_analysis,structured_missing_or_history_availability,possible_absence_of_history_or_unknown_record,structured_missing_handling_candidate_later,feature_engineering_and_modeling,True,high_missing; high_outlier_burden;,False,
cc_recent_6m_payment_less_min_mean_max,ratio_rate_numeric,candidate_predictor,special_case_review,no,relationship_analysis,structured_missing_or_history_availability,possible_absence_of_history_or_unknown_record,structured_missing_handling_candidate_later,feature_engineering_and_modeling,True,high_missing; zero_heavy;,False,
cc_recent_6m_payment_less_min_mean_mean,ratio_rate_numeric,candidate_predictor,special_case_review,no,relationship_analysis,structured_missing_or_history_availability,possible_absence_of_history_or_unknown_record,structured_missing_handling_candidate_later,feature_engineering_and_modeling,True,high_missing; zero_heavy;,False,
cc_recent_6m_payment_less_min_mean_min,ratio_rate_numeric,candidate_predictor,special_case_review,no,relationship_analysis,structured_missing_or_history_availability,possible_absence_of_history_or_unknown_record,structured_missing_handling_candidate_later,feature_engineering_and_modeling,True,high_missing; zero_heavy;,False,
cc_recent_6m_payment_less_min_mean_sum,ratio_rate_numeric,candidate_predictor,special_case_review,no,relationship_analysis,structured_missing_or_history_availability,possible_absence_of_history_or_unknown_record,structured_missing_handling_candidate_later,feature_engineering_and_modeling,True,high_missing; zero_heavy;,False,
cc_recent_6m_payment_less_than_min_count_max,discrete_count_numeric,candidate_predictor,special_case_review,no,relationship_analysis,structured_missing_or_history_availability,possible_absence_of_history_or_unknown_record,structured_missing_handling_candidate_later,feature_engineering_and_modeling,True,high_missing; zero_heavy;,False,
cc_recent_6m_payment_less_than_min_count_mean,ratio_rate_numeric,candidate_predictor,special_case_review,no,relationship_analysis,structured_missing_or_history_availability,possible_absence_of_history_or_unknown_record,structured_missing_handling_candidate_later,feature_engineering_and_modeling,True,high_missing; zero_heavy;,False,
cc_recent_6m_payment_less_than_min_count_sum,discrete_count_numeric,candidate_predictor,special_case_review,no,relationship_analysis,structured_missing_or_history_availability,possible_absence_of_history_or_unknown_record,structured_missing_handling_candidate_later,feature_engineering_and_modeling,True,high_missing; zero_heavy;,False,
cc_recent_6m_payment_less_than_min_ratio_max,ratio_rate_numeric,candidate_predictor,special_case_review,no,relationship_analysis,structured_missing_or_history_availability,possible_absence_of_history_or_unknown_record,structured_missing_handling_candidate_later,feature_engineering_and_modeling,True,high_missing; zero_heavy;,False,
cc_recent_6m_payment_less_than_min_ratio_mean,ratio_rate_numeric,candidate_predictor,special_case_review,no,relationship_analysis,structured_missing_or_history_availability,possible_absence_of_history_or_unknown_record,structured_missing_handling_candidate_later,feature_engineering_and_modeling,True,high_missing; zero_heavy;,False,
cc_recent_6m_payment_less_than_min_ratio_min,ratio_rate_numeric,candidate_predictor,special_case_review,no,relationship_analysis,structured_missing_or_history_availability,possible_absence_of_history_or_unknown_record,structured_missing_handling_candidate_later,feature_engineering_and_modeling,True,high_missing; zero_heavy;,False,
cc_recent_6m_utilization_mean_max,ratio_rate_numeric,candidate_predictor,special_case_review,no,relationship_analysis,structured_missing_or_history_availability,possible_absence_of_history_or_unknown_record,structured_missing_handling_candidate_later,feature_engineering_and_modeling,True,high_missing;,False,
cc_recent_6m_utilization_mean_mean,ratio_rate_numeric,candidate_predictor,special_case_review,no,relationship_analysis,structured_missing_or_history_availability,possible_absence_of_history_or_unknown_record,structured_missing_handling_candidate_later,feature_engineering_and_modeling,True,high_missing;,False,
cc_recent_6m_utilization_mean_min,ratio_rate_numeric,candidate_predictor,special_case_review,no,relationship_analysis,structured_missing_or_history_availability,possible_absence_of_history_or_unknown_record,structured_missing_handling_candidate_later,feature_engineering_and_modeling,True,high_missing;,False,
cc_recent_6m_utilization_mean_sum,ratio_rate_numeric,candidate_predictor,special_case_review,no,relationship_analysis,structured_missing_or_history_availability,possible_absence_of_history_or_unknown_record,structured_missing_handling_candidate_later,feature_engineering_and_modeling,True,high_missing;,False,
cc_recivable_max_max,continuous_amount_numeric,candidate_predictor,special_case_review,no,relationship_analysis,structured_missing_or_history_availability,possible_absence_of_history_or_unknown_record,structured_missing_handling_candidate_later,feature_engineering_and_modeling,True,high_missing;,False,
cc_recivable_max_mean,continuous_amount_numeric,candidate_predictor,special_case_review,no,relationship_analysis,structured_missing_or_history_availability,possible_absence_of_history_or_unknown_record,structured_missing_handling_candidate_later,feature_engineering_and_modeling,True,high_missing;,False,
cc_recivable_max_min,continuous_amount_numeric,candidate_predictor,special_case_review,no,relationship_analysis,structured_missing_or_history_availability,possible_absence_of_history_or_unknown_record,structured_missing_handling_candidate_later,feature_engineering_and_modeling,True,high_missing;,False,
cc_recivable_max_sum,continuous_amount_numeric,candidate_predictor,special_case_review,no,relationship_analysis,structured_missing_or_history_availability,possible_absence_of_history_or_unknown_record,structured_missing_handling_candidate_later,feature_engineering_and_modeling,True,high_missing;,False,
cc_recivable_mean_max,continuous_amount_numeric,candidate_predictor,special_case_review,no,relationship_analysis,structured_missing_or_history_availability,possible_absence_of_history_or_unknown_record,structured_missing_handling_candidate_later,feature_engineering_and_modeling,True,high_missing; negative_amount_value;,False,
cc_recivable_mean_mean,continuous_amount_numeric,candidate_predictor,special_case_review,no,relationship_analysis,structured_missing_or_history_availability,possible_absence_of_history_or_unknown_record,structured_missing_handling_candidate_later,feature_engineering_and_modeling,True,high_missing; negative_amount_value;,False,
cc_recivable_mean_min,continuous_amount_numeric,candidate_predictor,special_case_review,no,relationship_analysis,structured_missing_or_history_availability,possible_absence_of_history_or_unknown_record,structured_missing_handling_candidate_later,feature_engineering_and_modeling,True,high_missing; negative_amount_value;,False,
cc_recivable_mean_sum,continuous_amount_numeric,candidate_predictor,special_case_review,no,relationship_analysis,structured_missing_or_history_availability,possible_absence_of_history_or_unknown_record,structured_missing_handling_candidate_later,feature_engineering_and_modeling,True,high_missing; negative_amount_value;,False,
cc_recivable_sum_max,continuous_amount_numeric,candidate_predictor,special_case_review,no,relationship_analysis,structured_missing_or_history_availability,possible_absence_of_history_or_unknown_record,structured_missing_handling_candidate_later,feature_engineering_and_modeling,True,high_missing; negative_amount_value;,False,
cc_recivable_sum_mean,continuous_amount_numeric,candidate_predictor,special_case_review,no,relationship_analysis,structured_missing_or_history_availability,possible_absence_of_history_or_unknown_record,structured_missing_handling_candidate_later,feature_engineering_and_modeling,True,high_missing; negative_amount_value;,False,
cc_recivable_sum_min,continuous_amount_numeric,candidate_predictor,special_case_review,no,relationship_analysis,structured_missing_or_history_availability,possible_absence_of_history_or_unknown_record,structured_missing_handling_candidate_later,feature_engineering_and_modeling,True,high_missing; negative_amount_value;,False,
cc_recivable_sum_sum,continuous_amount_numeric,candidate_predictor,special_case_review,no,relationship_analysis,structured_missing_or_history_availability,possible_absence_of_history_or_unknown_record,structured_missing_handling_candidate_later,feature_engineering_and_modeling,True,high_missing; negative_amount_value;,False,
cc_recivable_to_limit_max_max,ratio_rate_numeric,candidate_predictor,special_case_review,no,relationship_analysis,structured_missing_or_history_availability,possible_absence_of_history_or_unknown_record,structured_missing_handling_candidate_later,feature_engineering_and_modeling,True,high_missing;,False,
cc_recivable_to_limit_max_mean,ratio_rate_numeric,candidate_predictor,special_case_review,no,relationship_analysis,structured_missing_or_history_availability,possible_absence_of_history_or_unknown_record,structured_missing_handling_candidate_later,feature_engineering_and_modeling,True,high_missing;,False,
cc_recivable_to_limit_max_min,ratio_rate_numeric,candidate_predictor,special_case_review,no,relationship_analysis,structured_missing_or_history_availability,possible_absence_of_history_or_unknown_record,structured_missing_handling_candidate_later,feature_engineering_and_modeling,True,high_missing;,False,
cc_recivable_to_limit_max_sum,ratio_rate_numeric,candidate_predictor,special_case_review,no,relationship_analysis,structured_missing_or_history_availability,possible_absence_of_history_or_unknown_record,structured_missing_handling_candidate_later,feature_engineering_and_modeling,True,high_missing;,False,
cc_recivable_to_limit_mean_max,ratio_rate_numeric,candidate_predictor,special_case_review,no,relationship_analysis,structured_missing_or_history_availability,possible_absence_of_history_or_unknown_record,structured_missing_handling_candidate_later,feature_engineering_and_modeling,True,high_missing; negative_ratio_value;,False,
cc_recivable_to_limit_mean_mean,ratio_rate_numeric,candidate_predictor,special_case_review,no,relationship_analysis,structured_missing_or_history_availability,possible_absence_of_history_or_unknown_record,structured_missing_handling_candidate_later,feature_engineering_and_modeling,True,high_missing; negative_ratio_value;,False,
cc_recivable_to_limit_mean_min,ratio_rate_numeric,candidate_predictor,special_case_review,no,relationship_analysis,structured_missing_or_history_availability,possible_absence_of_history_or_unknown_record,structured_missing_handling_candidate_later,feature_engineering_and_modeling,True,high_missing; negative_ratio_value;,False,
cc_recivable_to_limit_mean_sum,ratio_rate_numeric,candidate_predictor,special_case_review,no,relationship_analysis,structured_missing_or_history_availability,possible_absence_of_history_or_unknown_record,structured_missing_handling_candidate_later,feature_engineering_and_modeling,True,high_missing; negative_ratio_value;,False,
cc_recivable_to_limit_min_max,ratio_rate_numeric,candidate_predictor,special_case_review,no,relationship_analysis,structured_missing_or_history_availability,possible_absence_of_history_or_unknown_record,structured_missing_handling_candidate_later,feature_engineering_and_modeling,True,high_missing; negative_ratio_value;,False,
cc_recivable_to_limit_min_mean,ratio_rate_numeric,candidate_predictor,special_case_review,no,relationship_analysis,structured_missing_or_history_availability,possible_absence_of_history_or_unknown_record,structured_missing_handling_candidate_later,feature_engineering_and_modeling,True,high_missing; negative_ratio_value;,False,
cc_recivable_to_limit_min_min,ratio_rate_numeric,candidate_predictor,special_case_review,no,relationship_analysis,structured_missing_or_history_availability,possible_absence_of_history_or_unknown_record,structured_missing_handling_candidate_later,feature_engineering_and_modeling,True,high_missing; negative_ratio_value;,False,
cc_recivable_to_limit_min_sum,ratio_rate_numeric,candidate_predictor,special_case_review,no,relationship_analysis,structured_missing_or_history_availability,possible_absence_of_history_or_unknown_record,structured_missing_handling_candidate_later,feature_engineering_and_modeling,True,high_missing; negative_ratio_value;,False,
cc_status_active_count_max,discrete_count_numeric,candidate_predictor,special_case_review,no,relationship_analysis,structured_missing_or_history_availability,possible_absence_of_history_or_unknown_record,structured_missing_handling_candidate_later,feature_engineering_and_modeling,True,high_missing;,False,
cc_status_active_count_mean,ratio_rate_numeric,candidate_predictor,special_case_review,no,relationship_analysis,structured_missing_or_history_availability,possible_absence_of_history_or_unknown_record,structured_missing_handling_candidate_later,feature_engineering_and_modeling,True,high_missing;,False,
cc_status_active_count_sum,discrete_count_numeric,candidate_predictor,special_case_review,no,relationship_analysis,structured_missing_or_history_availability,possible_absence_of_history_or_unknown_record,structured_missing_handling_candidate_later,feature_engineering_and_modeling,True,high_missing;,False,
cc_status_active_ratio_max,ratio_rate_numeric,candidate_predictor,special_case_review,no,relationship_analysis,structured_missing_or_history_availability,possible_absence_of_history_or_unknown_record,structured_missing_handling_candidate_later,feature_engineering_and_modeling,True,high_missing;,False,
cc_status_active_ratio_mean,ratio_rate_numeric,candidate_predictor,special_case_review,no,relationship_analysis,structured_missing_or_history_availability,possible_absence_of_history_or_unknown_record,structured_missing_handling_candidate_later,feature_engineering_and_modeling,True,high_missing;,False,
cc_status_active_ratio_min,ratio_rate_numeric,candidate_predictor,special_case_review,no,relationship_analysis,structured_missing_or_history_availability,possible_absence_of_history_or_unknown_record,structured_missing_handling_candidate_later,feature_engineering_and_modeling,True,high_missing;,False,
cc_status_approved_count_max,binary_flag,candidate_predictor,special_case_review,no,relationship_analysis,rare_or_near_constant_binary_flag | structured_missing_or_history_availability,almost_constant_binary_flag | possible_absence_of_history_or_unknown_record,keep_as_binary_candidate_and_validate_predictive_value_later | structured_missing_handling_candidate_later,bivariate_multivariate_and_modeling | feature_engineering_and_modeling,,,False,
cc_status_approved_count_mean,binary_flag,candidate_predictor,special_case_review,no,relationship_analysis,rare_or_near_constant_binary_flag | structured_missing_or_history_availability,almost_constant_binary_flag | possible_absence_of_history_or_unknown_record,keep_as_binary_candidate_and_validate_predictive_value_later | structured_missing_handling_candidate_later,bivariate_multivariate_and_modeling | feature_engineering_and_modeling,,,False,
cc_status_approved_count_sum,binary_flag,candidate_predictor,special_case_review,no,relationship_analysis,rare_or_near_constant_binary_flag | structured_missing_or_history_availability,almost_constant_binary_flag | possible_absence_of_history_or_unknown_record,keep_as_binary_candidate_and_validate_predictive_value_later | structured_missing_handling_candidate_later,bivariate_multivariate_and_modeling | feature_engineering_and_modeling,,,False,
cc_status_approved_ratio_max,ratio_rate_numeric,candidate_predictor,special_case_review,no,relationship_analysis,structured_missing_or_history_availability,possible_absence_of_history_or_unknown_record,structured_missing_handling_candidate_later,feature_engineering_and_modeling,True,high_missing; zero_heavy; extreme_skew;,False,
cc_status_approved_ratio_mean,ratio_rate_numeric,candidate_predictor,special_case_review,no,relationship_analysis,structured_missing_or_history_availability,possible_absence_of_history_or_unknown_record,structured_missing_handling_candidate_later,feature_engineering_and_modeling,True,high_missing; zero_heavy; extreme_skew;,False,
cc_status_approved_ratio_min,ratio_rate_numeric,candidate_predictor,special_case_review,no,relationship_analysis,structured_missing_or_history_availability,possible_absence_of_history_or_unknown_record,structured_missing_handling_candidate_later,feature_engineering_and_modeling,True,high_missing; zero_heavy; extreme_skew;,False,
cc_status_canceled_count_max,binary_flag,candidate_predictor,special_case_review,no,relationship_analysis,rare_or_near_constant_binary_flag | structured_missing_or_history_availability,almost_constant_binary_flag | possible_absence_of_history_or_unknown_record,keep_as_binary_candidate_and_validate_predictive_value_later | structured_missing_handling_candidate_later,bivariate_multivariate_and_modeling | feature_engineering_and_modeling,,,False,
cc_status_canceled_count_mean,binary_flag,candidate_predictor,special_case_review,no,relationship_analysis,rare_or_near_constant_binary_flag | structured_missing_or_history_availability,almost_constant_binary_flag | possible_absence_of_history_or_unknown_record,keep_as_binary_candidate_and_validate_predictive_value_later | structured_missing_handling_candidate_later,bivariate_multivariate_and_modeling | feature_engineering_and_modeling,,,False,
cc_status_canceled_count_sum,binary_flag,candidate_predictor,special_case_review,no,relationship_analysis,rare_or_near_constant_binary_flag | structured_missing_or_history_availability,almost_constant_binary_flag | possible_absence_of_history_or_unknown_record,keep_as_binary_candidate_and_validate_predictive_value_later | structured_missing_handling_candidate_later,bivariate_multivariate_and_modeling | feature_engineering_and_modeling,,,False,
cc_status_canceled_ratio_max,binary_flag,candidate_predictor,special_case_review,no,relationship_analysis,rare_or_near_constant_binary_flag | structured_missing_or_history_availability,almost_constant_binary_flag | possible_absence_of_history_or_unknown_record,keep_as_binary_candidate_and_validate_predictive_value_later | structured_missing_handling_candidate_later,bivariate_multivariate_and_modeling | feature_engineering_and_modeling,,,False,
cc_status_canceled_ratio_mean,binary_flag,candidate_predictor,special_case_review,no,relationship_analysis,rare_or_near_constant_binary_flag | structured_missing_or_history_availability,almost_constant_binary_flag | possible_absence_of_history_or_unknown_record,keep_as_binary_candidate_and_validate_predictive_value_later | structured_missing_handling_candidate_later,bivariate_multivariate_and_modeling | feature_engineering_and_modeling,,,False,
cc_status_canceled_ratio_min,binary_flag,candidate_predictor,special_case_review,no,relationship_analysis,rare_or_near_constant_binary_flag | structured_missing_or_history_availability,almost_constant_binary_flag | possible_absence_of_history_or_unknown_record,keep_as_binary_candidate_and_validate_predictive_value_later | structured_missing_handling_candidate_later,bivariate_multivariate_and_modeling | feature_engineering_and_modeling,,,False,
cc_status_completed_count_max,discrete_count_numeric,candidate_predictor,special_case_review,no,relationship_analysis,structured_missing_or_history_availability,possible_absence_of_history_or_unknown_record,structured_missing_handling_candidate_later,feature_engineering_and_modeling,True,high_missing; zero_heavy;,False,
cc_status_completed_count_mean,ratio_rate_numeric,candidate_predictor,special_case_review,no,relationship_analysis,structured_missing_or_history_availability,possible_absence_of_history_or_unknown_record,structured_missing_handling_candidate_later,feature_engineering_and_modeling,True,high_missing; zero_heavy;,False,
cc_status_completed_count_sum,discrete_count_numeric,candidate_predictor,special_case_review,no,relationship_analysis,structured_missing_or_history_availability,possible_absence_of_history_or_unknown_record,structured_missing_handling_candidate_later,feature_engineering_and_modeling,True,high_missing; zero_heavy;,False,
cc_status_completed_ratio_max,ratio_rate_numeric,candidate_predictor,special_case_review,no,relationship_analysis,structured_missing_or_history_availability,possible_absence_of_history_or_unknown_record,structured_missing_handling_candidate_later,feature_engineering_and_modeling,True,high_missing; zero_heavy;,False,
cc_status_completed_ratio_mean,ratio_rate_numeric,candidate_predictor,special_case_review,no,relationship_analysis,structured_missing_or_history_availability,possible_absence_of_history_or_unknown_record,structured_missing_handling_candidate_later,feature_engineering_and_modeling,True,high_missing; zero_heavy;,False,
cc_status_completed_ratio_min,ratio_rate_numeric,candidate_predictor,special_case_review,no,relationship_analysis,structured_missing_or_history_availability,possible_absence_of_history_or_unknown_record,structured_missing_handling_candidate_later,feature_engineering_and_modeling,True,high_missing; zero_heavy;,False,
cc_status_demand_count_max,discrete_count_numeric,candidate_predictor,special_case_review,no,relationship_analysis,structured_missing_or_history_availability,possible_absence_of_history_or_unknown_record,structured_missing_handling_candidate_later,feature_engineering_and_modeling,True,high_missing; zero_heavy;,False,
cc_status_demand_count_mean,ratio_rate_numeric,candidate_predictor,special_case_review,no,relationship_analysis,structured_missing_or_history_availability,possible_absence_of_history_or_unknown_record,structured_missing_handling_candidate_later,feature_engineering_and_modeling,True,high_missing; zero_heavy; extreme_skew;,False,
cc_status_demand_count_sum,discrete_count_numeric,candidate_predictor,special_case_review,no,relationship_analysis,structured_missing_or_history_availability,possible_absence_of_history_or_unknown_record,structured_missing_handling_candidate_later,feature_engineering_and_modeling,True,high_missing; zero_heavy;,False,
cc_status_demand_ratio_max,ratio_rate_numeric,candidate_predictor,special_case_review,no,relationship_analysis,structured_missing_or_history_availability,possible_absence_of_history_or_unknown_record,structured_missing_handling_candidate_later,feature_engineering_and_modeling,True,high_missing; zero_heavy; extreme_skew;,False,
cc_status_demand_ratio_mean,ratio_rate_numeric,candidate_predictor,special_case_review,no,relationship_analysis,structured_missing_or_history_availability,possible_absence_of_history_or_unknown_record,structured_missing_handling_candidate_later,feature_engineering_and_modeling,True,high_missing; zero_heavy; extreme_skew;,False,
cc_status_demand_ratio_min,ratio_rate_numeric,candidate_predictor,special_case_review,no,relationship_analysis,structured_missing_or_history_availability,possible_absence_of_history_or_unknown_record,structured_missing_handling_candidate_later,feature_engineering_and_modeling,True,high_missing; zero_heavy; extreme_skew;,False,
cc_status_refused_count_max,binary_flag,candidate_predictor,special_case_review,no,relationship_analysis,rare_or_near_constant_binary_flag | structured_missing_or_history_availability,almost_constant_binary_flag | possible_absence_of_history_or_unknown_record,keep_as_binary_candidate_and_validate_predictive_value_later | structured_missing_handling_candidate_later,bivariate_multivariate_and_modeling | feature_engineering_and_modeling,,,False,
cc_status_refused_count_mean,binary_flag,candidate_predictor,special_case_review,no,relationship_analysis,rare_or_near_constant_binary_flag | structured_missing_or_history_availability,almost_constant_binary_flag | possible_absence_of_history_or_unknown_record,keep_as_binary_candidate_and_validate_predictive_value_later | structured_missing_handling_candidate_later,bivariate_multivariate_and_modeling | feature_engineering_and_modeling,,,False,
cc_status_refused_count_sum,binary_flag,candidate_predictor,special_case_review,no,relationship_analysis,rare_or_near_constant_binary_flag | structured_missing_or_history_availability,almost_constant_binary_flag | possible_absence_of_history_or_unknown_record,keep_as_binary_candidate_and_validate_predictive_value_later | structured_missing_handling_candidate_later,bivariate_multivariate_and_modeling | feature_engineering_and_modeling,,,False,
cc_status_refused_ratio_max,ratio_rate_numeric,candidate_predictor,special_case_review,no,relationship_analysis,structured_missing_or_history_availability,possible_absence_of_history_or_unknown_record,structured_missing_handling_candidate_later,feature_engineering_and_modeling,True,high_missing; zero_heavy; extreme_skew;,False,
cc_status_refused_ratio_mean,ratio_rate_numeric,candidate_predictor,special_case_review,no,relationship_analysis,structured_missing_or_history_availability,possible_absence_of_history_or_unknown_record,structured_missing_handling_candidate_later,feature_engineering_and_modeling,True,high_missing; zero_heavy; extreme_skew;,False,
cc_status_refused_ratio_min,ratio_rate_numeric,candidate_predictor,special_case_review,no,relationship_analysis,structured_missing_or_history_availability,possible_absence_of_history_or_unknown_record,structured_missing_handling_candidate_later,feature_engineering_and_modeling,True,high_missing; zero_heavy; extreme_skew;,False,
cc_status_sent_proposal_count_max,binary_flag,candidate_predictor,special_case_review,no,relationship_analysis,rare_or_near_constant_binary_flag | structured_missing_or_history_availability,near_constant_binary_flag | possible_absence_of_history_or_unknown_record,keep_as_binary_candidate_and_validate_predictive_value_later | structured_missing_handling_candidate_later,bivariate_multivariate_and_modeling | feature_engineering_and_modeling,,,False,
cc_status_sent_proposal_count_mean,ratio_rate_numeric,candidate_predictor,special_case_review,no,relationship_analysis,structured_missing_or_history_availability,possible_absence_of_history_or_unknown_record,structured_missing_handling_candidate_later,feature_engineering_and_modeling,True,high_missing; zero_heavy; extreme_skew;,False,
cc_status_sent_proposal_count_sum,binary_flag,candidate_predictor,special_case_review,no,relationship_analysis,rare_or_near_constant_binary_flag | structured_missing_or_history_availability,near_constant_binary_flag | possible_absence_of_history_or_unknown_record,keep_as_binary_candidate_and_validate_predictive_value_later | structured_missing_handling_candidate_later,bivariate_multivariate_and_modeling | feature_engineering_and_modeling,,,False,
cc_status_sent_proposal_ratio_max,ratio_rate_numeric,candidate_predictor,special_case_review,no,relationship_analysis,structured_missing_or_history_availability,possible_absence_of_history_or_unknown_record,structured_missing_handling_candidate_later,feature_engineering_and_modeling,True,high_missing; zero_heavy; extreme_skew;,False,
cc_status_sent_proposal_ratio_mean,ratio_rate_numeric,candidate_predictor,special_case_review,no,relationship_analysis,structured_missing_or_history_availability,possible_absence_of_history_or_unknown_record,structured_missing_handling_candidate_later,feature_engineering_and_modeling,True,high_missing; zero_heavy; extreme_skew;,False,
cc_status_sent_proposal_ratio_min,ratio_rate_numeric,candidate_predictor,special_case_review,no,relationship_analysis,structured_missing_or_history_availability,possible_absence_of_history_or_unknown_record,structured_missing_handling_candidate_later,feature_engineering_and_modeling,True,high_missing; zero_heavy; extreme_skew;,False,
cc_status_signed_count_max,discrete_count_numeric,candidate_predictor,special_case_review,no,relationship_analysis,structured_missing_or_history_availability,possible_absence_of_history_or_unknown_record,structured_missing_handling_candidate_later,feature_engineering_and_modeling,True,high_missing; zero_heavy;,False,
cc_status_signed_count_mean,ratio_rate_numeric,candidate_predictor,special_case_review,no,relationship_analysis,structured_missing_or_history_availability,possible_absence_of_history_or_unknown_record,structured_missing_handling_candidate_later,feature_engineering_and_modeling,True,high_missing; zero_heavy; extreme_skew;,False,
cc_status_signed_count_sum,discrete_count_numeric,candidate_predictor,special_case_review,no,relationship_analysis,structured_missing_or_history_availability,possible_absence_of_history_or_unknown_record,structured_missing_handling_candidate_later,feature_engineering_and_modeling,True,high_missing; zero_heavy;,False,
cc_status_signed_ratio_max,ratio_rate_numeric,candidate_predictor,special_case_review,no,relationship_analysis,structured_missing_or_history_availability,possible_absence_of_history_or_unknown_record,structured_missing_handling_candidate_later,feature_engineering_and_modeling,True,high_missing; zero_heavy; extreme_skew;,False,
cc_status_signed_ratio_mean,ratio_rate_numeric,candidate_predictor,special_case_review,no,relationship_analysis,structured_missing_or_history_availability,possible_absence_of_history_or_unknown_record,structured_missing_handling_candidate_later,feature_engineering_and_modeling,True,high_missing; zero_heavy; extreme_skew;,False,
cc_status_signed_ratio_min,ratio_rate_numeric,candidate_predictor,special_case_review,no,relationship_analysis,structured_missing_or_history_availability,possible_absence_of_history_or_unknown_record,structured_missing_handling_candidate_later,feature_engineering_and_modeling,True,high_missing; zero_heavy; extreme_skew;,False,
cc_total_payment_to_balance_ratio_max_max,ratio_rate_numeric,candidate_predictor,special_case_review,no,relationship_analysis,structured_missing_or_history_availability,possible_absence_of_history_or_unknown_record,structured_missing_handling_candidate_later,feature_engineering_and_modeling,True,high_missing; negative_ratio_value; extreme_skew; extreme_ratio_tail;,True,extreme_missing;
cc_total_payment_to_balance_ratio_max_mean,ratio_rate_numeric,candidate_predictor,special_case_review,no,relationship_analysis,structured_missing_or_history_availability,possible_absence_of_history_or_unknown_record,structured_missing_handling_candidate_later,feature_engineering_and_modeling,True,high_missing; negative_ratio_value; extreme_skew; extreme_ratio_tail;,True,extreme_missing;
cc_total_payment_to_balance_ratio_max_min,ratio_rate_numeric,candidate_predictor,special_case_review,no,relationship_analysis,structured_missing_or_history_availability,possible_absence_of_history_or_unknown_record,structured_missing_handling_candidate_later,feature_engineering_and_modeling,True,high_missing; negative_ratio_value; extreme_skew; extreme_ratio_tail;,True,extreme_missing;
cc_total_payment_to_balance_ratio_max_sum,ratio_rate_numeric,candidate_predictor,special_case_review,no,relationship_analysis,structured_missing_or_history_availability,possible_absence_of_history_or_unknown_record,structured_missing_handling_candidate_later,feature_engineering_and_modeling,True,high_missing; negative_ratio_value; extreme_skew; extreme_ratio_tail;,False,
cc_total_payment_to_balance_ratio_mean_max,ratio_rate_numeric,candidate_predictor,special_case_review,no,relationship_analysis,structured_missing_or_history_availability,possible_absence_of_history_or_unknown_record,structured_missing_handling_candidate_later,feature_engineering_and_modeling,True,high_missing; negative_ratio_value; extreme_skew;,True,extreme_missing;
cc_total_payment_to_balance_ratio_mean_mean,ratio_rate_numeric,candidate_predictor,special_case_review,no,relationship_analysis,structured_missing_or_history_availability,possible_absence_of_history_or_unknown_record,structured_missing_handling_candidate_later,feature_engineering_and_modeling,True,high_missing; negative_ratio_value; extreme_skew;,True,extreme_missing;
cc_total_payment_to_balance_ratio_mean_min,ratio_rate_numeric,candidate_predictor,special_case_review,no,relationship_analysis,structured_missing_or_history_availability,possible_absence_of_history_or_unknown_record,structured_missing_handling_candidate_later,feature_engineering_and_modeling,True,high_missing; negative_ratio_value; extreme_skew;,True,extreme_missing;
cc_total_payment_to_balance_ratio_mean_sum,ratio_rate_numeric,candidate_predictor,special_case_review,no,relationship_analysis,structured_missing_or_history_availability,possible_absence_of_history_or_unknown_record,structured_missing_handling_candidate_later,feature_engineering_and_modeling,True,high_missing; negative_ratio_value; extreme_skew; high_outlier_burden; extreme_ratio_tail;,False,
cc_total_payment_to_balance_ratio_min_max,ratio_rate_numeric,candidate_predictor,special_case_review,no,relationship_analysis,structured_missing_or_history_availability,possible_absence_of_history_or_unknown_record,structured_missing_handling_candidate_later,feature_engineering_and_modeling,True,high_missing; negative_ratio_value; zero_heavy; extreme_skew;,True,extreme_missing;
cc_total_payment_to_balance_ratio_min_mean,ratio_rate_numeric,candidate_predictor,special_case_review,no,relationship_analysis,structured_missing_or_history_availability,possible_absence_of_history_or_unknown_record,structured_missing_handling_candidate_later,feature_engineering_and_modeling,True,high_missing; negative_ratio_value; zero_heavy; extreme_skew;,True,extreme_missing;
cc_total_payment_to_balance_ratio_min_min,ratio_rate_numeric,candidate_predictor,special_case_review,no,relationship_analysis,structured_missing_or_history_availability,possible_absence_of_history_or_unknown_record,structured_missing_handling_candidate_later,feature_engineering_and_modeling,True,high_missing; negative_ratio_value; zero_heavy; extreme_skew;,True,extreme_missing;
cc_total_payment_to_balance_ratio_min_sum,ratio_rate_numeric,candidate_predictor,special_case_review,no,relationship_analysis,structured_missing_or_history_availability,possible_absence_of_history_or_unknown_record,structured_missing_handling_candidate_later,feature_engineering_and_modeling,True,high_missing; negative_ratio_value; zero_heavy; extreme_skew;,False,
cc_total_payment_to_balance_ratio_std_max,ratio_rate_numeric,candidate_predictor,special_case_review,no,relationship_analysis,structured_missing_or_history_availability,possible_absence_of_history_or_unknown_record,structured_missing_handling_candidate_later,feature_engineering_and_modeling,True,high_missing; extreme_skew; extreme_ratio_tail; unbounded_extreme_ratio;,True,extreme_missing;
cc_total_payment_to_balance_ratio_std_mean,ratio_rate_numeric,candidate_predictor,special_case_review,no,relationship_analysis,structured_missing_or_history_availability,possible_absence_of_history_or_unknown_record,structured_missing_handling_candidate_later,feature_engineering_and_modeling,True,high_missing; extreme_skew; extreme_ratio_tail; unbounded_extreme_ratio;,True,extreme_missing;
cc_total_payment_to_balance_ratio_std_min,ratio_rate_numeric,candidate_predictor,special_case_review,no,relationship_analysis,structured_missing_or_history_availability,possible_absence_of_history_or_unknown_record,structured_missing_handling_candidate_later,feature_engineering_and_modeling,True,high_missing; extreme_skew; extreme_ratio_tail; unbounded_extreme_ratio;,True,extreme_missing;
cc_total_payment_to_balance_ratio_std_sum,ratio_rate_numeric,candidate_predictor,special_case_review,no,relationship_analysis,structured_missing_or_history_availability,possible_absence_of_history_or_unknown_record,structured_missing_handling_candidate_later,feature_engineering_and_modeling,True,high_missing; extreme_skew; extreme_ratio_tail; unbounded_extreme_ratio;,False,
cc_total_payment_to_min_inst_ratio_max_max,ratio_rate_numeric,candidate_predictor,special_case_review,no,relationship_analysis,structured_missing_or_history_availability,possible_absence_of_history_or_unknown_record,structured_missing_handling_candidate_later,feature_engineering_and_modeling,True,high_missing; extreme_skew; extreme_ratio_tail; unbounded_extreme_ratio;,True,extreme_missing;
cc_total_payment_to_min_inst_ratio_max_mean,ratio_rate_numeric,candidate_predictor,special_case_review,no,relationship_analysis,structured_missing_or_history_availability,possible_absence_of_history_or_unknown_record,structured_missing_handling_candidate_later,feature_engineering_and_modeling,True,high_missing; extreme_skew; extreme_ratio_tail; unbounded_extreme_ratio;,True,extreme_missing;
cc_total_payment_to_min_inst_ratio_max_min,ratio_rate_numeric,candidate_predictor,special_case_review,no,relationship_analysis,structured_missing_or_history_availability,possible_absence_of_history_or_unknown_record,structured_missing_handling_candidate_later,feature_engineering_and_modeling,True,high_missing; extreme_skew; extreme_ratio_tail; unbounded_extreme_ratio;,True,extreme_missing;
cc_total_payment_to_min_inst_ratio_max_sum,ratio_rate_numeric,candidate_predictor,special_case_review,no,relationship_analysis,structured_missing_or_history_availability,possible_absence_of_history_or_unknown_record,structured_missing_handling_candidate_later,feature_engineering_and_modeling,True,high_missing; extreme_skew; extreme_ratio_tail; unbounded_extreme_ratio;,False,
cc_total_payment_to_min_inst_ratio_mean_max,ratio_rate_numeric,candidate_predictor,special_case_review,no,relationship_analysis,structured_missing_or_history_availability,possible_absence_of_history_or_unknown_record,structured_missing_handling_candidate_later,feature_engineering_and_modeling,True,high_missing; extreme_skew; extreme_ratio_tail; unbounded_extreme_ratio;,True,extreme_missing;
cc_total_payment_to_min_inst_ratio_mean_mean,ratio_rate_numeric,candidate_predictor,special_case_review,no,relationship_analysis,structured_missing_or_history_availability,possible_absence_of_history_or_unknown_record,structured_missing_handling_candidate_later,feature_engineering_and_modeling,True,high_missing; extreme_skew; extreme_ratio_tail; unbounded_extreme_ratio;,True,extreme_missing;
cc_total_payment_to_min_inst_ratio_mean_min,ratio_rate_numeric,candidate_predictor,special_case_review,no,relationship_analysis,structured_missing_or_history_availability,possible_absence_of_history_or_unknown_record,structured_missing_handling_candidate_later,feature_engineering_and_modeling,True,high_missing; extreme_skew; extreme_ratio_tail; unbounded_extreme_ratio;,True,extreme_missing;
cc_total_payment_to_min_inst_ratio_mean_sum,ratio_rate_numeric,candidate_predictor,special_case_review,no,relationship_analysis,structured_missing_or_history_availability,possible_absence_of_history_or_unknown_record,structured_missing_handling_candidate_later,feature_engineering_and_modeling,True,high_missing; extreme_skew; extreme_ratio_tail; unbounded_extreme_ratio;,False,
cc_total_payment_to_min_inst_ratio_min_max,ratio_rate_numeric,candidate_predictor,special_case_review,no,relationship_analysis,structured_missing_or_history_availability,possible_absence_of_history_or_unknown_record,structured_missing_handling_candidate_later,feature_engineering_and_modeling,True,high_missing; extreme_skew;,True,extreme_missing;
cc_total_payment_to_min_inst_ratio_min_mean,ratio_rate_numeric,candidate_predictor,special_case_review,no,relationship_analysis,structured_missing_or_history_availability,possible_absence_of_history_or_unknown_record,structured_missing_handling_candidate_later,feature_engineering_and_modeling,True,high_missing; extreme_skew;,True,extreme_missing;
cc_total_payment_to_min_inst_ratio_min_min,ratio_rate_numeric,candidate_predictor,special_case_review,no,relationship_analysis,structured_missing_or_history_availability,possible_absence_of_history_or_unknown_record,structured_missing_handling_candidate_later,feature_engineering_and_modeling,True,high_missing; extreme_skew;,True,extreme_missing;
cc_total_payment_to_min_inst_ratio_min_sum,ratio_rate_numeric,candidate_predictor,special_case_review,no,relationship_analysis,structured_missing_or_history_availability,possible_absence_of_history_or_unknown_record,structured_missing_handling_candidate_later,feature_engineering_and_modeling,True,high_missing; extreme_skew; high_outlier_burden;,False,
cc_total_payment_to_min_inst_ratio_std_max,ratio_rate_numeric,candidate_predictor,special_case_review,no,relationship_analysis,structured_missing_or_history_availability,possible_absence_of_history_or_unknown_record,structured_missing_handling_candidate_later,feature_engineering_and_modeling,True,high_missing; extreme_skew; extreme_ratio_tail; unbounded_extreme_ratio;,True,extreme_missing;
cc_total_payment_to_min_inst_ratio_std_mean,ratio_rate_numeric,candidate_predictor,special_case_review,no,relationship_analysis,structured_missing_or_history_availability,possible_absence_of_history_or_unknown_record,structured_missing_handling_candidate_later,feature_engineering_and_modeling,True,high_missing; extreme_skew; extreme_ratio_tail; unbounded_extreme_ratio;,True,extreme_missing;
cc_total_payment_to_min_inst_ratio_std_min,ratio_rate_numeric,candidate_predictor,special_case_review,no,relationship_analysis,structured_missing_or_history_availability,possible_absence_of_history_or_unknown_record,structured_missing_handling_candidate_later,feature_engineering_and_modeling,True,high_missing; extreme_skew; extreme_ratio_tail; unbounded_extreme_ratio;,True,extreme_missing;
cc_total_payment_to_min_inst_ratio_std_sum,ratio_rate_numeric,candidate_predictor,special_case_review,no,relationship_analysis,structured_missing_or_history_availability,possible_absence_of_history_or_unknown_record,structured_missing_handling_candidate_later,feature_engineering_and_modeling,True,high_missing; extreme_skew; extreme_ratio_tail; unbounded_extreme_ratio;,False,
cc_total_receivable_max_max,continuous_amount_numeric,candidate_predictor,special_case_review,no,relationship_analysis,structured_missing_or_history_availability,possible_absence_of_history_or_unknown_record,structured_missing_handling_candidate_later,feature_engineering_and_modeling,True,high_missing;,False,
cc_total_receivable_max_mean,continuous_amount_numeric,candidate_predictor,special_case_review,no,relationship_analysis,structured_missing_or_history_availability,possible_absence_of_history_or_unknown_record,structured_missing_handling_candidate_later,feature_engineering_and_modeling,True,high_missing;,False,
cc_total_receivable_max_min,continuous_amount_numeric,candidate_predictor,special_case_review,no,relationship_analysis,structured_missing_or_history_availability,possible_absence_of_history_or_unknown_record,structured_missing_handling_candidate_later,feature_engineering_and_modeling,True,high_missing;,False,
cc_total_receivable_max_sum,continuous_amount_numeric,candidate_predictor,special_case_review,no,relationship_analysis,structured_missing_or_history_availability,possible_absence_of_history_or_unknown_record,structured_missing_handling_candidate_later,feature_engineering_and_modeling,True,high_missing;,False,
cc_total_receivable_mean_max,continuous_amount_numeric,candidate_predictor,special_case_review,no,relationship_analysis,structured_missing_or_history_availability,possible_absence_of_history_or_unknown_record,structured_missing_handling_candidate_later,feature_engineering_and_modeling,True,high_missing; negative_amount_value;,False,
cc_total_receivable_mean_mean,continuous_amount_numeric,candidate_predictor,special_case_review,no,relationship_analysis,structured_missing_or_history_availability,possible_absence_of_history_or_unknown_record,structured_missing_handling_candidate_later,feature_engineering_and_modeling,True,high_missing; negative_amount_value;,False,
cc_total_receivable_mean_min,continuous_amount_numeric,candidate_predictor,special_case_review,no,relationship_analysis,structured_missing_or_history_availability,possible_absence_of_history_or_unknown_record,structured_missing_handling_candidate_later,feature_engineering_and_modeling,True,high_missing; negative_amount_value;,False,
cc_total_receivable_mean_sum,continuous_amount_numeric,candidate_predictor,special_case_review,no,relationship_analysis,structured_missing_or_history_availability,possible_absence_of_history_or_unknown_record,structured_missing_handling_candidate_later,feature_engineering_and_modeling,True,high_missing; negative_amount_value;,False,
cc_total_receivable_min_max,continuous_amount_numeric,candidate_predictor,special_case_review,no,relationship_analysis,structured_missing_or_history_availability,possible_absence_of_history_or_unknown_record,structured_missing_handling_candidate_later,feature_engineering_and_modeling,True,high_missing; extreme_skew; negative_amount_value;,False,
cc_total_receivable_min_mean,continuous_amount_numeric,candidate_predictor,special_case_review,no,relationship_analysis,structured_missing_or_history_availability,possible_absence_of_history_or_unknown_record,structured_missing_handling_candidate_later,feature_engineering_and_modeling,True,high_missing; extreme_skew; negative_amount_value;,False,
cc_total_receivable_min_min,continuous_amount_numeric,candidate_predictor,special_case_review,no,relationship_analysis,structured_missing_or_history_availability,possible_absence_of_history_or_unknown_record,structured_missing_handling_candidate_later,feature_engineering_and_modeling,True,high_missing; extreme_skew; negative_amount_value;,False,
cc_total_receivable_min_sum,continuous_amount_numeric,candidate_predictor,special_case_review,no,relationship_analysis,structured_missing_or_history_availability,possible_absence_of_history_or_unknown_record,structured_missing_handling_candidate_later,feature_engineering_and_modeling,True,high_missing; extreme_skew; negative_amount_value;,False,
cc_total_receivable_std_max,continuous_stat_numeric,candidate_predictor,special_case_review,no,relationship_analysis,structured_missing_or_history_availability,possible_absence_of_history_or_unknown_record,structured_missing_handling_candidate_later,feature_engineering_and_modeling,True,high_missing;,False,
cc_total_receivable_std_mean,continuous_stat_numeric,candidate_predictor,special_case_review,no,relationship_analysis,structured_missing_or_history_availability,possible_absence_of_history_or_unknown_record,structured_missing_handling_candidate_later,feature_engineering_and_modeling,True,high_missing;,False,
cc_total_receivable_std_min,continuous_stat_numeric,candidate_predictor,special_case_review,no,relationship_analysis,structured_missing_or_history_availability,possible_absence_of_history_or_unknown_record,structured_missing_handling_candidate_later,feature_engineering_and_modeling,True,high_missing;,False,
cc_total_receivable_std_sum,continuous_stat_numeric,candidate_predictor,special_case_review,no,relationship_analysis,structured_missing_or_history_availability,possible_absence_of_history_or_unknown_record,structured_missing_handling_candidate_later,feature_engineering_and_modeling,True,high_missing;,False,
cc_total_receivable_sum_max,continuous_amount_numeric,candidate_predictor,special_case_review,no,relationship_analysis,structured_missing_or_history_availability,possible_absence_of_history_or_unknown_record,structured_missing_handling_candidate_later,feature_engineering_and_modeling,True,high_missing; negative_amount_value;,False,
cc_total_receivable_sum_mean,continuous_amount_numeric,candidate_predictor,special_case_review,no,relationship_analysis,structured_missing_or_history_availability,possible_absence_of_history_or_unknown_record,structured_missing_handling_candidate_later,feature_engineering_and_modeling,True,high_missing; negative_amount_value;,False,
cc_total_receivable_sum_min,continuous_amount_numeric,candidate_predictor,special_case_review,no,relationship_analysis,structured_missing_or_history_availability,possible_absence_of_history_or_unknown_record,structured_missing_handling_candidate_later,feature_engineering_and_modeling,True,high_missing; negative_amount_value;,False,
cc_total_receivable_sum_sum,continuous_amount_numeric,candidate_predictor,special_case_review,no,relationship_analysis,structured_missing_or_history_availability,possible_absence_of_history_or_unknown_record,structured_missing_handling_candidate_later,feature_engineering_and_modeling,True,high_missing; negative_amount_value;,False,
cc_total_receivable_to_limit_max_max,ratio_rate_numeric,candidate_predictor,special_case_review,no,relationship_analysis,structured_missing_or_history_availability,possible_absence_of_history_or_unknown_record,structured_missing_handling_candidate_later,feature_engineering_and_modeling,True,high_missing;,False,
cc_total_receivable_to_limit_max_mean,ratio_rate_numeric,candidate_predictor,special_case_review,no,relationship_analysis,structured_missing_or_history_availability,possible_absence_of_history_or_unknown_record,structured_missing_handling_candidate_later,feature_engineering_and_modeling,True,high_missing;,False,
cc_total_receivable_to_limit_max_min,ratio_rate_numeric,candidate_predictor,special_case_review,no,relationship_analysis,structured_missing_or_history_availability,possible_absence_of_history_or_unknown_record,structured_missing_handling_candidate_later,feature_engineering_and_modeling,True,high_missing;,False,
cc_total_receivable_to_limit_max_sum,ratio_rate_numeric,candidate_predictor,special_case_review,no,relationship_analysis,structured_missing_or_history_availability,possible_absence_of_history_or_unknown_record,structured_missing_handling_candidate_later,feature_engineering_and_modeling,True,high_missing;,False,
cc_total_receivable_to_limit_mean_max,ratio_rate_numeric,candidate_predictor,special_case_review,no,relationship_analysis,structured_missing_or_history_availability,possible_absence_of_history_or_unknown_record,structured_missing_handling_candidate_later,feature_engineering_and_modeling,True,high_missing; negative_ratio_value;,False,
cc_total_receivable_to_limit_mean_mean,ratio_rate_numeric,candidate_predictor,special_case_review,no,relationship_analysis,structured_missing_or_history_availability,possible_absence_of_history_or_unknown_record,structured_missing_handling_candidate_later,feature_engineering_and_modeling,True,high_missing; negative_ratio_value;,False,
cc_total_receivable_to_limit_mean_min,ratio_rate_numeric,candidate_predictor,special_case_review,no,relationship_analysis,structured_missing_or_history_availability,possible_absence_of_history_or_unknown_record,structured_missing_handling_candidate_later,feature_engineering_and_modeling,True,high_missing; negative_ratio_value;,False,
cc_total_receivable_to_limit_mean_sum,ratio_rate_numeric,candidate_predictor,special_case_review,no,relationship_analysis,structured_missing_or_history_availability,possible_absence_of_history_or_unknown_record,structured_missing_handling_candidate_later,feature_engineering_and_modeling,True,high_missing; negative_ratio_value;,False,
cc_total_receivable_to_limit_min_max,ratio_rate_numeric,candidate_predictor,special_case_review,no,relationship_analysis,structured_missing_or_history_availability,possible_absence_of_history_or_unknown_record,structured_missing_handling_candidate_later,feature_engineering_and_modeling,True,high_missing; negative_ratio_value;,False,
cc_total_receivable_to_limit_min_mean,ratio_rate_numeric,candidate_predictor,special_case_review,no,relationship_analysis,structured_missing_or_history_availability,possible_absence_of_history_or_unknown_record,structured_missing_handling_candidate_later,feature_engineering_and_modeling,True,high_missing; negative_ratio_value;,False,
cc_total_receivable_to_limit_min_min,ratio_rate_numeric,candidate_predictor,special_case_review,no,relationship_analysis,structured_missing_or_history_availability,possible_absence_of_history_or_unknown_record,structured_missing_handling_candidate_later,feature_engineering_and_modeling,True,high_missing; negative_ratio_value;,False,
cc_total_receivable_to_limit_min_sum,ratio_rate_numeric,candidate_predictor,special_case_review,no,relationship_analysis,structured_missing_or_history_availability,possible_absence_of_history_or_unknown_record,structured_missing_handling_candidate_later,feature_engineering_and_modeling,True,high_missing; negative_ratio_value;,False,
cc_total_receivable_to_limit_std_max,ratio_rate_numeric,candidate_predictor,special_case_review,no,relationship_analysis,structured_missing_or_history_availability,possible_absence_of_history_or_unknown_record,structured_missing_handling_candidate_later,feature_engineering_and_modeling,True,high_missing;,False,
cc_total_receivable_to_limit_std_mean,ratio_rate_numeric,candidate_predictor,special_case_review,no,relationship_analysis,structured_missing_or_history_availability,possible_absence_of_history_or_unknown_record,structured_missing_handling_candidate_later,feature_engineering_and_modeling,True,high_missing;,False,
cc_total_receivable_to_limit_std_min,ratio_rate_numeric,candidate_predictor,special_case_review,no,relationship_analysis,structured_missing_or_history_availability,possible_absence_of_history_or_unknown_record,structured_missing_handling_candidate_later,feature_engineering_and_modeling,True,high_missing;,False,
cc_total_receivable_to_limit_std_sum,ratio_rate_numeric,candidate_predictor,special_case_review,no,relationship_analysis,structured_missing_or_history_availability,possible_absence_of_history_or_unknown_record,structured_missing_handling_candidate_later,feature_engineering_and_modeling,True,high_missing;,False,
cc_utilization_range_max,ratio_rate_numeric,candidate_predictor,special_case_review,no,relationship_analysis,structured_missing_or_history_availability,possible_absence_of_history_or_unknown_record,structured_missing_handling_candidate_later,feature_engineering_and_modeling,True,high_missing;,False,
cc_utilization_range_mean,ratio_rate_numeric,candidate_predictor,special_case_review,no,relationship_analysis,structured_missing_or_history_availability,possible_absence_of_history_or_unknown_record,structured_missing_handling_candidate_later,feature_engineering_and_modeling,True,high_missing;,False,
cc_utilization_range_min,ratio_rate_numeric,candidate_predictor,special_case_review,no,relationship_analysis,structured_missing_or_history_availability,possible_absence_of_history_or_unknown_record,structured_missing_handling_candidate_later,feature_engineering_and_modeling,True,high_missing;,False,
cc_utilization_range_sum,ratio_rate_numeric,candidate_predictor,special_case_review,no,relationship_analysis,structured_missing_or_history_availability,possible_absence_of_history_or_unknown_record,structured_missing_handling_candidate_later,feature_engineering_and_modeling,True,high_missing;,False,
cc_utilization_trend_6m_vs_old_max,ratio_rate_numeric,candidate_predictor,special_case_review,no,relationship_analysis,structured_missing_or_history_availability,possible_absence_of_history_or_unknown_record,structured_missing_handling_candidate_later,feature_engineering_and_modeling,True,high_missing; negative_ratio_value;,True,extreme_missing;
cc_utilization_trend_6m_vs_old_mean,ratio_rate_numeric,candidate_predictor,special_case_review,no,relationship_analysis,structured_missing_or_history_availability,possible_absence_of_history_or_unknown_record,structured_missing_handling_candidate_later,feature_engineering_and_modeling,True,high_missing; negative_ratio_value;,True,extreme_missing;
cc_utilization_trend_6m_vs_old_min,ratio_rate_numeric,candidate_predictor,special_case_review,no,relationship_analysis,structured_missing_or_history_availability,possible_absence_of_history_or_unknown_record,structured_missing_handling_candidate_later,feature_engineering_and_modeling,True,high_missing; negative_ratio_value;,True,extreme_missing;
cc_utilization_trend_6m_vs_old_sum,ratio_rate_numeric,candidate_predictor,special_case_review,no,relationship_analysis,structured_missing_or_history_availability,possible_absence_of_history_or_unknown_record,structured_missing_handling_candidate_later,feature_engineering_and_modeling,True,high_missing; negative_ratio_value; high_outlier_burden;,False,
has_bureau_history,binary_flag,candidate_predictor,special_case_review,no,relationship_analysis,structured_missing_or_history_availability,possible_absence_of_history_or_unknown_record,structured_missing_handling_candidate_later,feature_engineering_and_modeling,,,False,
has_credit_card_history,binary_flag,candidate_predictor,special_case_review,no,relationship_analysis,structured_missing_or_history_availability,possible_absence_of_history_or_unknown_record,structured_missing_handling_candidate_later,feature_engineering_and_modeling,,,False,
has_installment_history,binary_flag,candidate_predictor,special_case_review,no,relationship_analysis,structured_missing_or_history_availability,possible_absence_of_history_or_unknown_record,structured_missing_handling_candidate_later,feature_engineering_and_modeling,,,False,
has_pos_cash_history,binary_flag,candidate_predictor,special_case_review,no,relationship_analysis,structured_missing_or_history_availability,possible_absence_of_history_or_unknown_record,structured_missing_handling_candidate_later,feature_engineering_and_modeling,,,False,
has_previous_application_history,binary_flag,candidate_predictor,special_case_review,no,relationship_analysis,structured_missing_or_history_availability,possible_absence_of_history_or_unknown_record,structured_missing_handling_candidate_later,feature_engineering_and_modeling,,,False,
inst_contract_count,discrete_count_numeric,candidate_predictor,standard_univariate_profile,no,relationship_analysis,,,,,False,,False,
inst_contract_with_amount_shift_count,discrete_count_numeric,candidate_predictor,numeric_review_candidate,no,relationship_analysis,,,,,True,zero_heavy;,False,
inst_contract_with_amount_shift_ratio,ratio_rate_numeric,candidate_predictor,numeric_review_candidate,no,relationship_analysis,,,,,True,zero_heavy;,False,
inst_contract_with_due_day_shift_count,binary_flag,candidate_predictor,special_case_review,no,relationship_analysis,rare_or_near_constant_binary_flag,almost_constant_binary_flag,keep_as_binary_candidate_and_validate_predictive_value_later,bivariate_multivariate_and_modeling,,,False,
inst_contract_with_due_day_shift_ratio,ratio_rate_numeric,candidate_predictor,numeric_review_candidate,no,relationship_analysis,,,,,True,zero_heavy; extreme_skew;,False,
inst_contract_with_late_15plus_count,discrete_count_numeric,candidate_predictor,numeric_review_candidate,no,relationship_analysis,,,,,True,zero_heavy;,False,
inst_contract_with_late_15plus_ratio,ratio_rate_numeric,candidate_predictor,numeric_review_candidate,no,relationship_analysis,,,,,True,zero_heavy;,False,
inst_contract_with_late_30plus_count,discrete_count_numeric,candidate_predictor,numeric_review_candidate,no,relationship_analysis,,,,,True,zero_heavy;,False,
inst_contract_with_late_30plus_ratio,ratio_rate_numeric,candidate_predictor,numeric_review_candidate,no,relationship_analysis,,,,,True,zero_heavy; extreme_skew;,False,
inst_contract_with_late_5plus_count,discrete_count_numeric,candidate_predictor,standard_univariate_profile,no,relationship_analysis,,,,,False,,False,
inst_contract_with_late_5plus_ratio,ratio_rate_numeric,candidate_predictor,standard_univariate_profile,no,relationship_analysis,,,,,False,,False,
inst_contract_with_late_60plus_count,discrete_count_numeric,candidate_predictor,numeric_review_candidate,no,relationship_analysis,,,,,True,zero_heavy;,False,
inst_contract_with_late_60plus_ratio,ratio_rate_numeric,candidate_predictor,numeric_review_candidate,no,relationship_analysis,,,,,True,zero_heavy; extreme_skew;,False,
inst_contract_with_late_90plus_count,discrete_count_numeric,candidate_predictor,numeric_review_candidate,no,relationship_analysis,,,,,True,zero_heavy;,False,
inst_contract_with_late_90plus_ratio,ratio_rate_numeric,candidate_predictor,numeric_review_candidate,no,relationship_analysis,,,,,True,zero_heavy; extreme_skew;,False,
inst_contract_with_late_count,discrete_count_numeric,candidate_predictor,standard_univariate_profile,no,relationship_analysis,,,,,False,,False,
inst_contract_with_late_ratio,ratio_rate_numeric,candidate_predictor,standard_univariate_profile,no,relationship_analysis,,,,,False,,False,
inst_contract_with_multiple_payment_count,discrete_count_numeric,candidate_predictor,standard_univariate_profile,no,relationship_analysis,,,,,False,,False,
inst_contract_with_multiple_payment_ratio,ratio_rate_numeric,candidate_predictor,standard_univariate_profile,no,relationship_analysis,,,,,False,,False,
inst_contract_with_overpaid_count,discrete_count_numeric,candidate_predictor,numeric_review_candidate,no,relationship_analysis,,,,,True,zero_heavy;,False,
inst_contract_with_overpaid_ratio,ratio_rate_numeric,candidate_predictor,numeric_review_candidate,no,relationship_analysis,,,,,True,zero_heavy;,False,
inst_contract_with_underpaid_count,discrete_count_numeric,candidate_predictor,numeric_review_candidate,no,relationship_analysis,,,,,True,zero_heavy;,False,
inst_contract_with_underpaid_ratio,ratio_rate_numeric,candidate_predictor,numeric_review_candidate,no,relationship_analysis,,,,,True,zero_heavy; extreme_skew;,False,
inst_contract_with_version_change_count,discrete_count_numeric,candidate_predictor,numeric_review_candidate,no,relationship_analysis,,,,,True,zero_heavy;,False,
inst_contract_with_version_change_ratio,ratio_rate_numeric,candidate_predictor,numeric_review_candidate,no,relationship_analysis,,,,,True,zero_heavy;,False,
inst_delay_days_max_max,overdue_delay_numeric,candidate_predictor,numeric_review_candidate,no,relationship_analysis,,,,,True,has_late_delay_signal; has_early_payment_signal; severe_delay_signal; extreme_delay_signal;,False,
inst_delay_days_max_mean,overdue_delay_numeric,candidate_predictor,numeric_review_candidate,no,relationship_analysis,,,,,True,has_late_delay_signal; has_early_payment_signal; severe_delay_signal; extreme_delay_signal;,False,
inst_delay_days_max_min,overdue_delay_numeric,candidate_predictor,numeric_review_candidate,no,relationship_analysis,,,,,True,has_late_delay_signal; has_early_payment_signal; severe_delay_signal; extreme_delay_signal;,False,
inst_delay_days_max_sum,overdue_delay_numeric,candidate_predictor,numeric_review_candidate,no,relationship_analysis,,,,,True,has_late_delay_signal; has_early_payment_signal; severe_delay_signal; extreme_delay_signal;,False,
inst_delay_days_mean_max,overdue_delay_numeric,candidate_predictor,numeric_review_candidate,no,relationship_analysis,,,,,True,has_late_delay_signal; has_early_payment_signal; severe_delay_signal; extreme_delay_signal;,False,
inst_delay_days_mean_mean,overdue_delay_numeric,candidate_predictor,numeric_review_candidate,no,relationship_analysis,,,,,True,has_late_delay_signal; has_early_payment_signal; severe_delay_signal; extreme_delay_signal; rare_severe_delay_signal;,False,
inst_delay_days_mean_min,overdue_delay_numeric,candidate_predictor,numeric_review_candidate,no,relationship_analysis,,,,,True,has_late_delay_signal; has_early_payment_signal; severe_delay_signal; extreme_delay_signal; rare_severe_delay_signal;,False,
inst_delay_days_mean_sum,overdue_delay_numeric,candidate_predictor,numeric_review_candidate,no,relationship_analysis,,,,,True,has_late_delay_signal; has_early_payment_signal; severe_delay_signal; extreme_delay_signal; rare_severe_delay_signal;,False,
inst_delay_days_min_max,overdue_delay_numeric,candidate_predictor,numeric_review_candidate,no,relationship_analysis,,,,,True,has_late_delay_signal; has_early_payment_signal; severe_delay_signal; extreme_delay_signal; rare_severe_delay_signal;,False,
inst_delay_days_min_mean,overdue_delay_numeric,candidate_predictor,numeric_review_candidate,no,relationship_analysis,,,,,True,has_late_delay_signal; has_early_payment_signal; severe_delay_signal; extreme_delay_signal; rare_severe_delay_signal;,False,
inst_delay_days_min_min,overdue_delay_numeric,candidate_predictor,numeric_review_candidate,no,relationship_analysis,,,,,True,has_late_delay_signal; has_early_payment_signal; extreme_delay_signal; rare_severe_delay_signal;,False,
inst_delay_days_min_sum,overdue_delay_numeric,candidate_predictor,numeric_review_candidate,no,relationship_analysis,,,,,True,has_late_delay_signal; has_early_payment_signal; severe_delay_signal; extreme_delay_signal; rare_severe_delay_signal;,False,
inst_delay_days_std_max,overdue_delay_numeric,candidate_predictor,numeric_review_candidate,no,relationship_analysis,,,,,True,has_late_delay_signal; severe_delay_signal; extreme_delay_signal;,False,
inst_delay_days_std_mean,overdue_delay_numeric,candidate_predictor,numeric_review_candidate,no,relationship_analysis,,,,,True,has_late_delay_signal; severe_delay_signal; extreme_delay_signal;,False,
inst_delay_days_std_min,overdue_delay_numeric,candidate_predictor,numeric_review_candidate,no,relationship_analysis,,,,,True,has_late_delay_signal; severe_delay_signal; extreme_delay_signal;,False,
inst_delay_days_std_sum,overdue_delay_numeric,candidate_predictor,numeric_review_candidate,no,relationship_analysis,,,,,True,has_late_delay_signal; severe_delay_signal; extreme_delay_signal;,False,
inst_delay_days_sum_max,overdue_delay_numeric,candidate_predictor,numeric_review_candidate,no,relationship_analysis,,,,,True,has_late_delay_signal; has_early_payment_signal; severe_delay_signal; extreme_delay_signal;,False,
inst_delay_days_sum_mean,overdue_delay_numeric,candidate_predictor,numeric_review_candidate,no,relationship_analysis,,,,,True,has_late_delay_signal; has_early_payment_signal; severe_delay_signal; extreme_delay_signal; rare_severe_delay_signal;,False,
inst_delay_days_sum_min,overdue_delay_numeric,candidate_predictor,numeric_review_candidate,no,relationship_analysis,,,,,True,has_late_delay_signal; has_early_payment_signal; severe_delay_signal; extreme_delay_signal; rare_severe_delay_signal;,False,
inst_delay_days_sum_sum,overdue_delay_numeric,candidate_predictor,numeric_review_candidate,no,relationship_analysis,,,,,True,has_late_delay_signal; has_early_payment_signal; severe_delay_signal; extreme_delay_signal; rare_severe_delay_signal;,False,
inst_due_day_shift_max_max,continuous_stat_numeric,candidate_predictor,numeric_review_candidate,no,relationship_analysis,,,,,True,extreme_skew; zero_heavy;,False,
inst_due_day_shift_max_mean,continuous_stat_numeric,candidate_predictor,numeric_review_candidate,no,relationship_analysis,,,,,True,extreme_skew; zero_heavy;,False,
inst_due_day_shift_max_min,continuous_stat_numeric,candidate_predictor,numeric_review_candidate,no,relationship_analysis,,,,,True,extreme_skew; zero_heavy;,False,
inst_due_day_shift_max_sum,continuous_stat_numeric,candidate_predictor,numeric_review_candidate,no,relationship_analysis,,,,,True,extreme_skew; zero_heavy;,False,
inst_due_day_shift_mean_max,continuous_stat_numeric,candidate_predictor,numeric_review_candidate,no,relationship_analysis,,,,,True,extreme_skew; zero_heavy;,False,
inst_due_day_shift_mean_mean,continuous_stat_numeric,candidate_predictor,numeric_review_candidate,no,relationship_analysis,,,,,True,extreme_skew; zero_heavy;,False,
inst_due_day_shift_mean_min,continuous_stat_numeric,candidate_predictor,numeric_review_candidate,no,relationship_analysis,,,,,True,extreme_skew; zero_heavy;,False,
inst_due_day_shift_mean_sum,continuous_stat_numeric,candidate_predictor,numeric_review_candidate,no,relationship_analysis,,,,,True,extreme_skew; zero_heavy;,False,
inst_expected_amount_max_max,continuous_amount_numeric,candidate_predictor,standard_univariate_profile,no,relationship_analysis,,,,,False,,False,
inst_expected_amount_max_mean,continuous_amount_numeric,candidate_predictor,numeric_review_candidate,no,relationship_analysis,,,,,True,extreme_skew;,False,
inst_expected_amount_max_min,continuous_amount_numeric,candidate_predictor,numeric_review_candidate,no,relationship_analysis,,,,,True,extreme_skew;,False,
inst_expected_amount_max_sum,continuous_amount_numeric,candidate_predictor,standard_univariate_profile,no,relationship_analysis,,,,,False,,False,
inst_expected_amount_mean_max,continuous_amount_numeric,candidate_predictor,numeric_review_candidate,no,relationship_analysis,,,,,True,extreme_skew;,False,
inst_expected_amount_mean_mean,continuous_amount_numeric,candidate_predictor,numeric_review_candidate,no,relationship_analysis,,,,,True,extreme_skew;,False,
inst_expected_amount_mean_min,continuous_amount_numeric,candidate_predictor,numeric_review_candidate,no,relationship_analysis,,,,,True,extreme_skew;,False,
inst_expected_amount_mean_sum,continuous_amount_numeric,candidate_predictor,numeric_review_candidate,no,relationship_analysis,,,,,True,extreme_skew;,False,
inst_expected_amount_min_max,continuous_amount_numeric,candidate_predictor,numeric_review_candidate,no,relationship_analysis,,,,,True,extreme_skew;,False,
inst_expected_amount_min_mean,continuous_amount_numeric,candidate_predictor,numeric_review_candidate,no,relationship_analysis,,,,,True,extreme_skew;,False,
inst_expected_amount_min_min,continuous_amount_numeric,candidate_predictor,numeric_review_candidate,no,relationship_analysis,,,,,True,extreme_skew;,False,
inst_expected_amount_min_sum,continuous_amount_numeric,candidate_predictor,numeric_review_candidate,no,relationship_analysis,,,,,True,extreme_skew;,False,
inst_expected_amount_shift_max_max,continuous_stat_numeric,candidate_predictor,numeric_review_candidate,no,relationship_analysis,,,,,True,extreme_skew; zero_heavy;,False,
inst_expected_amount_shift_max_mean,continuous_stat_numeric,candidate_predictor,numeric_review_candidate,no,relationship_analysis,,,,,True,extreme_skew; zero_heavy;,False,
inst_expected_amount_shift_max_min,continuous_stat_numeric,candidate_predictor,numeric_review_candidate,no,relationship_analysis,,,,,True,extreme_skew; zero_heavy;,False,
inst_expected_amount_shift_max_sum,continuous_stat_numeric,candidate_predictor,numeric_review_candidate,no,relationship_analysis,,,,,True,extreme_skew; zero_heavy;,False,
inst_expected_amount_shift_mean_max,continuous_stat_numeric,candidate_predictor,numeric_review_candidate,no,relationship_analysis,,,,,True,extreme_skew; zero_heavy;,False,
inst_expected_amount_shift_mean_mean,continuous_stat_numeric,candidate_predictor,numeric_review_candidate,no,relationship_analysis,,,,,True,extreme_skew; zero_heavy;,False,
inst_expected_amount_shift_mean_min,continuous_stat_numeric,candidate_predictor,numeric_review_candidate,no,relationship_analysis,,,,,True,extreme_skew; zero_heavy;,False,
inst_expected_amount_shift_mean_sum,continuous_stat_numeric,candidate_predictor,numeric_review_candidate,no,relationship_analysis,,,,,True,extreme_skew; zero_heavy;,False,
inst_expected_amount_std_max,continuous_stat_numeric,candidate_predictor,standard_univariate_profile,no,relationship_analysis,,,,,False,,False,
inst_expected_amount_std_mean,continuous_stat_numeric,candidate_predictor,numeric_review_candidate,no,relationship_analysis,,,,,True,extreme_skew;,False,
inst_expected_amount_std_min,continuous_stat_numeric,candidate_predictor,numeric_review_candidate,no,relationship_analysis,,,,,True,extreme_skew; high_outlier_burden;,False,
inst_expected_amount_std_sum,continuous_stat_numeric,candidate_predictor,standard_univariate_profile,no,relationship_analysis,,,,,False,,False,
inst_expected_amount_sum_max,continuous_amount_numeric,candidate_predictor,standard_univariate_profile,no,relationship_analysis,,,,,False,,False,
inst_expected_amount_sum_mean,continuous_amount_numeric,candidate_predictor,numeric_review_candidate,no,relationship_analysis,,,,,True,extreme_skew;,False,
inst_expected_amount_sum_min,continuous_amount_numeric,candidate_predictor,numeric_review_candidate,no,relationship_analysis,,,,,True,extreme_skew;,False,
inst_expected_amount_sum_sum,continuous_amount_numeric,candidate_predictor,standard_univariate_profile,no,relationship_analysis,,,,,False,,False,
inst_first_delay_days_max_max,overdue_delay_numeric,candidate_predictor,numeric_review_candidate,no,relationship_analysis,,,,,True,has_late_delay_signal; has_early_payment_signal; severe_delay_signal; extreme_delay_signal;,False,
inst_first_delay_days_max_mean,overdue_delay_numeric,candidate_predictor,numeric_review_candidate,no,relationship_analysis,,,,,True,has_late_delay_signal; has_early_payment_signal; severe_delay_signal; extreme_delay_signal;,False,
inst_first_delay_days_max_min,overdue_delay_numeric,candidate_predictor,numeric_review_candidate,no,relationship_analysis,,,,,True,has_late_delay_signal; has_early_payment_signal; severe_delay_signal; extreme_delay_signal;,False,
inst_first_delay_days_max_sum,overdue_delay_numeric,candidate_predictor,numeric_review_candidate,no,relationship_analysis,,,,,True,has_late_delay_signal; has_early_payment_signal; severe_delay_signal; extreme_delay_signal;,False,
inst_first_delay_days_mean_max,overdue_delay_numeric,candidate_predictor,numeric_review_candidate,no,relationship_analysis,,,,,True,has_late_delay_signal; has_early_payment_signal; severe_delay_signal; extreme_delay_signal; rare_severe_delay_signal;,False,
inst_first_delay_days_mean_mean,overdue_delay_numeric,candidate_predictor,numeric_review_candidate,no,relationship_analysis,,,,,True,has_late_delay_signal; has_early_payment_signal; severe_delay_signal; extreme_delay_signal; rare_severe_delay_signal;,False,
inst_first_delay_days_mean_min,overdue_delay_numeric,candidate_predictor,numeric_review_candidate,no,relationship_analysis,,,,,True,has_late_delay_signal; has_early_payment_signal; severe_delay_signal; extreme_delay_signal; rare_severe_delay_signal;,False,
inst_first_delay_days_mean_sum,overdue_delay_numeric,candidate_predictor,numeric_review_candidate,no,relationship_analysis,,,,,True,has_late_delay_signal; has_early_payment_signal; severe_delay_signal; extreme_delay_signal; rare_severe_delay_signal;,False,
inst_first_delay_days_min_max,overdue_delay_numeric,candidate_predictor,numeric_review_candidate,no,relationship_analysis,,,,,True,has_late_delay_signal; has_early_payment_signal; severe_delay_signal; extreme_delay_signal; rare_severe_delay_signal;,False,
inst_first_delay_days_min_mean,overdue_delay_numeric,candidate_predictor,numeric_review_candidate,no,relationship_analysis,,,,,True,has_late_delay_signal; has_early_payment_signal; severe_delay_signal; extreme_delay_signal; rare_severe_delay_signal;,False,
inst_first_delay_days_min_min,overdue_delay_numeric,candidate_predictor,numeric_review_candidate,no,relationship_analysis,,,,,True,has_late_delay_signal; has_early_payment_signal;,False,
inst_first_delay_days_min_sum,overdue_delay_numeric,candidate_predictor,numeric_review_candidate,no,relationship_analysis,,,,,True,has_late_delay_signal; has_early_payment_signal; extreme_delay_signal; rare_severe_delay_signal;,False,
inst_first_delay_days_std_max,overdue_delay_numeric,candidate_predictor,numeric_review_candidate,no,relationship_analysis,,,,,True,has_late_delay_signal; severe_delay_signal; extreme_delay_signal;,False,
inst_first_delay_days_std_mean,overdue_delay_numeric,candidate_predictor,numeric_review_candidate,no,relationship_analysis,,,,,True,has_late_delay_signal; severe_delay_signal; extreme_delay_signal;,False,
inst_first_delay_days_std_min,overdue_delay_numeric,candidate_predictor,numeric_review_candidate,no,relationship_analysis,,,,,True,has_late_delay_signal; severe_delay_signal; extreme_delay_signal;,False,
inst_first_delay_days_std_sum,overdue_delay_numeric,candidate_predictor,numeric_review_candidate,no,relationship_analysis,,,,,True,has_late_delay_signal; severe_delay_signal; extreme_delay_signal;,False,
inst_has_due_day_shift_count_max,binary_flag,candidate_predictor,special_case_review,no,relationship_analysis,rare_or_near_constant_binary_flag,almost_constant_binary_flag,keep_as_binary_candidate_and_validate_predictive_value_later,bivariate_multivariate_and_modeling,,,False,
inst_has_due_day_shift_count_mean,ratio_rate_numeric,candidate_predictor,numeric_review_candidate,no,relationship_analysis,,,,,True,zero_heavy; extreme_skew;,False,
inst_has_due_day_shift_count_sum,binary_flag,candidate_predictor,special_case_review,no,relationship_analysis,rare_or_near_constant_binary_flag,almost_constant_binary_flag,keep_as_binary_candidate_and_validate_predictive_value_later,bivariate_multivariate_and_modeling,,,False,
inst_has_due_day_shift_ratio_max,ratio_rate_numeric,candidate_predictor,numeric_review_candidate,no,relationship_analysis,,,,,True,zero_heavy; extreme_skew;,False,
inst_has_due_day_shift_ratio_mean,ratio_rate_numeric,candidate_predictor,numeric_review_candidate,no,relationship_analysis,,,,,True,zero_heavy; extreme_skew;,False,
inst_has_due_day_shift_ratio_min,ratio_rate_numeric,candidate_predictor,numeric_review_candidate,no,relationship_analysis,,,,,True,zero_heavy; extreme_skew;,False,
inst_has_expected_amount_shift_count_max,discrete_count_numeric,candidate_predictor,numeric_review_candidate,no,relationship_analysis,,,,,True,zero_heavy;,False,
inst_has_expected_amount_shift_count_mean,ratio_rate_numeric,candidate_predictor,numeric_review_candidate,no,relationship_analysis,,,,,True,zero_heavy; extreme_skew;,False,
inst_has_expected_amount_shift_count_sum,discrete_count_numeric,candidate_predictor,numeric_review_candidate,no,relationship_analysis,,,,,True,zero_heavy;,False,
inst_has_expected_amount_shift_ratio_max,ratio_rate_numeric,candidate_predictor,numeric_review_candidate,no,relationship_analysis,,,,,True,zero_heavy; extreme_skew;,False,
inst_has_expected_amount_shift_ratio_mean,ratio_rate_numeric,candidate_predictor,numeric_review_candidate,no,relationship_analysis,,,,,True,zero_heavy; extreme_skew;,False,
inst_has_expected_amount_shift_ratio_min,ratio_rate_numeric,candidate_predictor,numeric_review_candidate,no,relationship_analysis,,,,,True,zero_heavy; extreme_skew;,False,
inst_has_multiple_payments_count_max,discrete_count_numeric,candidate_predictor,standard_univariate_profile,no,relationship_analysis,,,,,False,,False,
inst_has_multiple_payments_count_mean,ratio_rate_numeric,candidate_predictor,standard_univariate_profile,no,relationship_analysis,,,,,False,,False,
inst_has_multiple_payments_count_sum,discrete_count_numeric,candidate_predictor,standard_univariate_profile,no,relationship_analysis,,,,,False,,False,
inst_has_multiple_payments_ratio_max,ratio_rate_numeric,candidate_predictor,standard_univariate_profile,no,relationship_analysis,,,,,False,,False,
inst_has_multiple_payments_ratio_mean,ratio_rate_numeric,candidate_predictor,standard_univariate_profile,no,relationship_analysis,,,,,False,,False,
inst_has_multiple_payments_ratio_min,ratio_rate_numeric,candidate_predictor,numeric_review_candidate,no,relationship_analysis,,,,,True,zero_heavy; extreme_skew;,False,
inst_has_version_change_count_max,discrete_count_numeric,candidate_predictor,numeric_review_candidate,no,relationship_analysis,,,,,True,zero_heavy;,False,
inst_has_version_change_count_mean,ratio_rate_numeric,candidate_predictor,numeric_review_candidate,no,relationship_analysis,,,,,True,zero_heavy; extreme_skew;,False,
inst_has_version_change_count_sum,discrete_count_numeric,candidate_predictor,numeric_review_candidate,no,relationship_analysis,,,,,True,zero_heavy;,False,
inst_has_version_change_ratio_max,ratio_rate_numeric,candidate_predictor,numeric_review_candidate,no,relationship_analysis,,,,,True,zero_heavy; extreme_skew;,False,
inst_has_version_change_ratio_mean,ratio_rate_numeric,candidate_predictor,numeric_review_candidate,no,relationship_analysis,,,,,True,zero_heavy; extreme_skew;,False,
inst_has_version_change_ratio_min,ratio_rate_numeric,candidate_predictor,numeric_review_candidate,no,relationship_analysis,,,,,True,zero_heavy; extreme_skew;,False,
inst_installment_count_max_x,discrete_count_numeric,candidate_predictor,special_case_review,no,relationship_analysis,structured_missing_or_history_availability,possible_absence_of_history_or_unknown_record,structured_missing_handling_candidate_later,feature_engineering_and_modeling,False,,False,
inst_installment_count_max_y,discrete_count_numeric,candidate_predictor,special_case_review,no,relationship_analysis,structured_missing_or_history_availability,possible_absence_of_history_or_unknown_record,structured_missing_handling_candidate_later,feature_engineering_and_modeling,False,,False,
inst_installment_count_mean_x,discrete_count_numeric,candidate_predictor,special_case_review,no,relationship_analysis,structured_missing_or_history_availability,possible_absence_of_history_or_unknown_record,structured_missing_handling_candidate_later,feature_engineering_and_modeling,True,not_integer_like;,False,
inst_installment_count_mean_y,discrete_count_numeric,candidate_predictor,special_case_review,no,relationship_analysis,structured_missing_or_history_availability,possible_absence_of_history_or_unknown_record,structured_missing_handling_candidate_later,feature_engineering_and_modeling,True,not_integer_like;,False,
inst_installment_count_sum_x,discrete_count_numeric,candidate_predictor,special_case_review,no,relationship_analysis,structured_missing_or_history_availability,possible_absence_of_history_or_unknown_record,structured_missing_handling_candidate_later,feature_engineering_and_modeling,False,,False,
inst_installment_count_sum_y,discrete_count_numeric,candidate_predictor,special_case_review,no,relationship_analysis,structured_missing_or_history_availability,possible_absence_of_history_or_unknown_record,structured_missing_handling_candidate_later,feature_engineering_and_modeling,False,,False,
inst_installment_number_max_max,discrete_count_numeric,candidate_predictor,special_case_review,no,relationship_analysis,structured_missing_or_history_availability,possible_absence_of_history_or_unknown_record,structured_missing_handling_candidate_later,feature_engineering_and_modeling,False,,False,
inst_installment_number_max_mean,discrete_count_numeric,candidate_predictor,special_case_review,no,relationship_analysis,structured_missing_or_history_availability,possible_absence_of_history_or_unknown_record,structured_missing_handling_candidate_later,feature_engineering_and_modeling,True,not_integer_like;,False,
inst_installment_number_max_min,discrete_count_numeric,candidate_predictor,special_case_review,no,relationship_analysis,structured_missing_or_history_availability,possible_absence_of_history_or_unknown_record,structured_missing_handling_candidate_later,feature_engineering_and_modeling,False,,False,
inst_installment_number_max_sum,discrete_count_numeric,candidate_predictor,special_case_review,no,relationship_analysis,structured_missing_or_history_availability,possible_absence_of_history_or_unknown_record,structured_missing_handling_candidate_later,feature_engineering_and_modeling,True,extreme_count_tail;,False,
inst_installment_number_min_max,discrete_count_numeric,candidate_predictor,special_case_review,no,relationship_analysis,structured_missing_or_history_availability,possible_absence_of_history_or_unknown_record,structured_missing_handling_candidate_later,feature_engineering_and_modeling,False,,False,
inst_installment_number_min_mean,discrete_count_numeric,candidate_predictor,special_case_review,no,relationship_analysis,structured_missing_or_history_availability,possible_absence_of_history_or_unknown_record,structured_missing_handling_candidate_later,feature_engineering_and_modeling,True,not_integer_like;,False,
inst_installment_number_min_min,discrete_count_numeric,candidate_predictor,special_case_review,no,relationship_analysis,structured_missing_or_history_availability,possible_absence_of_history_or_unknown_record,structured_missing_handling_candidate_later,feature_engineering_and_modeling,False,,False,
inst_installment_number_min_sum,discrete_count_numeric,candidate_predictor,special_case_review,no,relationship_analysis,structured_missing_or_history_availability,possible_absence_of_history_or_unknown_record,structured_missing_handling_candidate_later,feature_engineering_and_modeling,False,,False,
inst_installment_number_span_max_x,discrete_count_numeric,candidate_predictor,special_case_review,no,relationship_analysis,structured_missing_or_history_availability,possible_absence_of_history_or_unknown_record,structured_missing_handling_candidate_later,feature_engineering_and_modeling,False,,False,
inst_installment_number_span_max_y,discrete_count_numeric,candidate_predictor,special_case_review,no,relationship_analysis,structured_missing_or_history_availability,possible_absence_of_history_or_unknown_record,structured_missing_handling_candidate_later,feature_engineering_and_modeling,False,,False,
inst_installment_number_span_mean_x,discrete_count_numeric,candidate_predictor,special_case_review,no,relationship_analysis,structured_missing_or_history_availability,possible_absence_of_history_or_unknown_record,structured_missing_handling_candidate_later,feature_engineering_and_modeling,True,not_integer_like;,False,
inst_installment_number_span_mean_y,discrete_count_numeric,candidate_predictor,special_case_review,no,relationship_analysis,structured_missing_or_history_availability,possible_absence_of_history_or_unknown_record,structured_missing_handling_candidate_later,feature_engineering_and_modeling,True,not_integer_like;,False,
inst_installment_number_span_min,discrete_count_numeric,candidate_predictor,special_case_review,no,relationship_analysis,structured_missing_or_history_availability,possible_absence_of_history_or_unknown_record,structured_missing_handling_candidate_later,feature_engineering_and_modeling,False,,False,
inst_installment_number_span_sum,discrete_count_numeric,candidate_predictor,special_case_review,no,relationship_analysis,structured_missing_or_history_availability,possible_absence_of_history_or_unknown_record,structured_missing_handling_candidate_later,feature_engineering_and_modeling,True,extreme_count_tail;,False,
inst_is_early_count_max,discrete_count_numeric,candidate_predictor,standard_univariate_profile,no,relationship_analysis,,,,,False,,False,
inst_is_early_count_mean,ratio_rate_numeric,candidate_predictor,standard_univariate_profile,no,relationship_analysis,,,,,False,,False,
inst_is_early_count_sum,discrete_count_numeric,candidate_predictor,standard_univariate_profile,no,relationship_analysis,,,,,False,,False,
inst_is_early_ratio_max,ratio_rate_numeric,candidate_predictor,standard_univariate_profile,no,relationship_analysis,,,,,False,,False,
inst_is_early_ratio_mean,ratio_rate_numeric,candidate_predictor,standard_univariate_profile,no,relationship_analysis,,,,,False,,False,
inst_is_early_ratio_min,ratio_rate_numeric,candidate_predictor,standard_univariate_profile,no,relationship_analysis,,,,,False,,False,
inst_is_fully_paid_count_max,discrete_count_numeric,candidate_predictor,standard_univariate_profile,no,relationship_analysis,,,,,False,,False,
inst_is_fully_paid_count_mean,ratio_rate_numeric,candidate_predictor,standard_univariate_profile,no,relationship_analysis,,,,,False,,False,
inst_is_fully_paid_count_sum,discrete_count_numeric,candidate_predictor,standard_univariate_profile,no,relationship_analysis,,,,,False,,False,
inst_is_fully_paid_ratio_max,ratio_rate_numeric,candidate_predictor,numeric_review_candidate,no,relationship_analysis,,,,,True,extreme_skew;,False,
inst_is_fully_paid_ratio_mean,ratio_rate_numeric,candidate_predictor,numeric_review_candidate,no,relationship_analysis,,,,,True,extreme_skew;,False,
inst_is_fully_paid_ratio_min,ratio_rate_numeric,candidate_predictor,numeric_review_candidate,no,relationship_analysis,,,,,True,extreme_skew;,False,
inst_is_late_count_max,discrete_count_numeric,candidate_predictor,standard_univariate_profile,no,relationship_analysis,,,,,False,,False,
inst_is_late_count_mean,ratio_rate_numeric,candidate_predictor,standard_univariate_profile,no,relationship_analysis,,,,,False,,False,
inst_is_late_count_sum,discrete_count_numeric,candidate_predictor,standard_univariate_profile,no,relationship_analysis,,,,,False,,False,
inst_is_late_ratio_max,ratio_rate_numeric,candidate_predictor,standard_univariate_profile,no,relationship_analysis,,,,,False,,False,
inst_is_late_ratio_mean,ratio_rate_numeric,candidate_predictor,standard_univariate_profile,no,relationship_analysis,,,,,False,,False,
inst_is_late_ratio_min,ratio_rate_numeric,candidate_predictor,numeric_review_candidate,no,relationship_analysis,,,,,True,zero_heavy;,False,
inst_is_on_time_or_early_count_max,discrete_count_numeric,candidate_predictor,standard_univariate_profile,no,relationship_analysis,,,,,False,,False,
inst_is_on_time_or_early_count_mean,ratio_rate_numeric,candidate_predictor,standard_univariate_profile,no,relationship_analysis,,,,,False,,False,
inst_is_on_time_or_early_count_sum,discrete_count_numeric,candidate_predictor,standard_univariate_profile,no,relationship_analysis,,,,,False,,False,
inst_is_on_time_or_early_ratio_max,ratio_rate_numeric,candidate_predictor,standard_univariate_profile,no,relationship_analysis,,,,,False,,False,
inst_is_on_time_or_early_ratio_mean,ratio_rate_numeric,candidate_predictor,standard_univariate_profile,no,relationship_analysis,,,,,False,,False,
inst_is_on_time_or_early_ratio_min,ratio_rate_numeric,candidate_predictor,standard_univariate_profile,no,relationship_analysis,,,,,False,,False,
inst_is_overpaid_count_max,discrete_count_numeric,candidate_predictor,numeric_review_candidate,no,relationship_analysis,,,,,True,zero_heavy;,False,
inst_is_overpaid_count_mean,ratio_rate_numeric,candidate_predictor,numeric_review_candidate,no,relationship_analysis,,,,,True,zero_heavy; extreme_skew;,False,
inst_is_overpaid_count_sum,discrete_count_numeric,candidate_predictor,numeric_review_candidate,no,relationship_analysis,,,,,True,zero_heavy;,False,
inst_is_overpaid_ratio_max,ratio_rate_numeric,candidate_predictor,numeric_review_candidate,no,relationship_analysis,,,,,True,zero_heavy; extreme_skew;,False,
inst_is_overpaid_ratio_mean,ratio_rate_numeric,candidate_predictor,numeric_review_candidate,no,relationship_analysis,,,,,True,zero_heavy; extreme_skew;,False,
inst_is_overpaid_ratio_min,ratio_rate_numeric,candidate_predictor,numeric_review_candidate,no,relationship_analysis,,,,,True,zero_heavy; extreme_skew;,False,
inst_is_recent_12m_count_max,discrete_count_numeric,candidate_predictor,standard_univariate_profile,no,relationship_analysis,,,,,False,,False,
inst_is_recent_12m_count_mean,ratio_rate_numeric,candidate_predictor,standard_univariate_profile,no,relationship_analysis,,,,,False,,False,
inst_is_recent_12m_count_sum,discrete_count_numeric,candidate_predictor,standard_univariate_profile,no,relationship_analysis,,,,,False,,False,
inst_is_recent_12m_ratio_max,ratio_rate_numeric,candidate_predictor,standard_univariate_profile,no,relationship_analysis,,,,,False,,False,
inst_is_recent_12m_ratio_mean,ratio_rate_numeric,candidate_predictor,standard_univariate_profile,no,relationship_analysis,,,,,False,,False,
inst_is_recent_12m_ratio_min,ratio_rate_numeric,candidate_predictor,standard_univariate_profile,no,relationship_analysis,,,,,False,,False,
inst_is_recent_24m_count_max,discrete_count_numeric,candidate_predictor,standard_univariate_profile,no,relationship_analysis,,,,,False,,False,
inst_is_recent_24m_count_mean,ratio_rate_numeric,candidate_predictor,standard_univariate_profile,no,relationship_analysis,,,,,False,,False,
inst_is_recent_24m_count_sum,discrete_count_numeric,candidate_predictor,standard_univariate_profile,no,relationship_analysis,,,,,False,,False,
inst_is_recent_24m_ratio_max,ratio_rate_numeric,candidate_predictor,numeric_review_candidate,no,relationship_analysis,,,,,True,high_outlier_burden;,False,
inst_is_recent_24m_ratio_mean,ratio_rate_numeric,candidate_predictor,standard_univariate_profile,no,relationship_analysis,,,,,False,,False,
inst_is_recent_24m_ratio_min,ratio_rate_numeric,candidate_predictor,standard_univariate_profile,no,relationship_analysis,,,,,False,,False,
inst_is_recent_6m_count_max,discrete_count_numeric,candidate_predictor,standard_univariate_profile,no,relationship_analysis,,,,,False,,False,
inst_is_recent_6m_count_mean,ratio_rate_numeric,candidate_predictor,standard_univariate_profile,no,relationship_analysis,,,,,False,,False,
inst_is_recent_6m_count_sum,discrete_count_numeric,candidate_predictor,standard_univariate_profile,no,relationship_analysis,,,,,False,,False,
inst_is_recent_6m_ratio_max,ratio_rate_numeric,candidate_predictor,standard_univariate_profile,no,relationship_analysis,,,,,False,,False,
inst_is_recent_6m_ratio_mean,ratio_rate_numeric,candidate_predictor,standard_univariate_profile,no,relationship_analysis,,,,,False,,False,
inst_is_recent_6m_ratio_min,ratio_rate_numeric,candidate_predictor,numeric_review_candidate,no,relationship_analysis,,,,,True,zero_heavy;,False,
inst_is_underpaid_count_max,discrete_count_numeric,candidate_predictor,numeric_review_candidate,no,relationship_analysis,,,,,True,zero_heavy;,False,
inst_is_underpaid_count_mean,ratio_rate_numeric,candidate_predictor,numeric_review_candidate,no,relationship_analysis,,,,,True,zero_heavy; extreme_skew;,False,
inst_is_underpaid_count_sum,discrete_count_numeric,candidate_predictor,numeric_review_candidate,no,relationship_analysis,,,,,True,zero_heavy;,False,
inst_is_underpaid_ratio_max,ratio_rate_numeric,candidate_predictor,numeric_review_candidate,no,relationship_analysis,,,,,True,zero_heavy; extreme_skew;,False,
inst_is_underpaid_ratio_mean,ratio_rate_numeric,candidate_predictor,numeric_review_candidate,no,relationship_analysis,,,,,True,zero_heavy; extreme_skew;,False,
inst_is_underpaid_ratio_min,ratio_rate_numeric,candidate_predictor,numeric_review_candidate,no,relationship_analysis,,,,,True,zero_heavy; extreme_skew;,False,
inst_late_15plus_count_max,discrete_count_numeric,candidate_predictor,numeric_review_candidate,no,relationship_analysis,,,,,True,zero_heavy;,False,
inst_late_15plus_count_mean,discrete_count_numeric,candidate_predictor,numeric_review_candidate,no,relationship_analysis,,,,,True,not_integer_like; zero_heavy;,False,
inst_late_15plus_count_sum,discrete_count_numeric,candidate_predictor,numeric_review_candidate,no,relationship_analysis,,,,,True,zero_heavy;,False,
inst_late_15plus_ratio_max,ratio_rate_numeric,candidate_predictor,numeric_review_candidate,no,relationship_analysis,,,,,True,zero_heavy;,False,
inst_late_15plus_ratio_mean,ratio_rate_numeric,candidate_predictor,numeric_review_candidate,no,relationship_analysis,,,,,True,zero_heavy; extreme_skew;,False,
inst_late_15plus_ratio_min,ratio_rate_numeric,candidate_predictor,numeric_review_candidate,no,relationship_analysis,,,,,True,zero_heavy; extreme_skew;,False,
inst_late_30plus_count_max,discrete_count_numeric,candidate_predictor,numeric_review_candidate,no,relationship_analysis,,,,,True,zero_heavy;,False,
inst_late_30plus_count_mean,discrete_count_numeric,candidate_predictor,numeric_review_candidate,no,relationship_analysis,,,,,True,not_integer_like; zero_heavy;,False,
inst_late_30plus_count_sum,discrete_count_numeric,candidate_predictor,numeric_review_candidate,no,relationship_analysis,,,,,True,zero_heavy;,False,
inst_late_30plus_ratio_max,ratio_rate_numeric,candidate_predictor,numeric_review_candidate,no,relationship_analysis,,,,,True,zero_heavy; extreme_skew;,False,
inst_late_30plus_ratio_mean,ratio_rate_numeric,candidate_predictor,numeric_review_candidate,no,relationship_analysis,,,,,True,zero_heavy; extreme_skew;,False,
inst_late_30plus_ratio_min,ratio_rate_numeric,candidate_predictor,numeric_review_candidate,no,relationship_analysis,,,,,True,zero_heavy; extreme_skew;,False,
inst_late_5plus_count_max,discrete_count_numeric,candidate_predictor,standard_univariate_profile,no,relationship_analysis,,,,,False,,False,
inst_late_5plus_count_mean,discrete_count_numeric,candidate_predictor,numeric_review_candidate,no,relationship_analysis,,,,,True,not_integer_like;,False,
inst_late_5plus_count_sum,discrete_count_numeric,candidate_predictor,standard_univariate_profile,no,relationship_analysis,,,,,False,,False,
inst_late_5plus_ratio_max,ratio_rate_numeric,candidate_predictor,standard_univariate_profile,no,relationship_analysis,,,,,False,,False,
inst_late_5plus_ratio_mean,ratio_rate_numeric,candidate_predictor,standard_univariate_profile,no,relationship_analysis,,,,,False,,False,
inst_late_5plus_ratio_min,ratio_rate_numeric,candidate_predictor,numeric_review_candidate,no,relationship_analysis,,,,,True,zero_heavy; extreme_skew;,False,
inst_late_60plus_count_max,discrete_count_numeric,candidate_predictor,numeric_review_candidate,no,relationship_analysis,,,,,True,zero_heavy;,False,
inst_late_60plus_count_mean,discrete_count_numeric,candidate_predictor,numeric_review_candidate,no,relationship_analysis,,,,,True,not_integer_like; zero_heavy;,False,
inst_late_60plus_count_sum,discrete_count_numeric,candidate_predictor,numeric_review_candidate,no,relationship_analysis,,,,,True,zero_heavy;,False,
inst_late_60plus_ratio_max,ratio_rate_numeric,candidate_predictor,numeric_review_candidate,no,relationship_analysis,,,,,True,zero_heavy; extreme_skew;,False,
inst_late_60plus_ratio_mean,ratio_rate_numeric,candidate_predictor,numeric_review_candidate,no,relationship_analysis,,,,,True,zero_heavy; extreme_skew;,False,
inst_late_60plus_ratio_min,ratio_rate_numeric,candidate_predictor,numeric_review_candidate,no,relationship_analysis,,,,,True,zero_heavy; extreme_skew;,False,
inst_late_90plus_count_max,discrete_count_numeric,candidate_predictor,numeric_review_candidate,no,relationship_analysis,,,,,True,zero_heavy;,False,
inst_late_90plus_count_mean,discrete_count_numeric,candidate_predictor,numeric_review_candidate,no,relationship_analysis,,,,,True,not_integer_like; zero_heavy;,False,
inst_late_90plus_count_sum,discrete_count_numeric,candidate_predictor,numeric_review_candidate,no,relationship_analysis,,,,,True,zero_heavy;,False,
inst_late_90plus_ratio_max,ratio_rate_numeric,candidate_predictor,numeric_review_candidate,no,relationship_analysis,,,,,True,zero_heavy; extreme_skew;,False,
inst_late_90plus_ratio_mean,ratio_rate_numeric,candidate_predictor,numeric_review_candidate,no,relationship_analysis,,,,,True,zero_heavy; extreme_skew;,False,
inst_late_90plus_ratio_min,ratio_rate_numeric,candidate_predictor,numeric_review_candidate,no,relationship_analysis,,,,,True,zero_heavy; extreme_skew;,False,
inst_latest_amount_shift_flag,binary_flag,candidate_predictor,special_case_review,no,relationship_analysis,rare_or_near_constant_binary_flag,near_constant_binary_flag,keep_as_binary_candidate_and_validate_predictive_value_later,bivariate_multivariate_and_modeling,,,False,
inst_latest_delay_days,overdue_delay_numeric,candidate_predictor,numeric_review_candidate,no,relationship_analysis,,,,,True,has_late_delay_signal; has_early_payment_signal; severe_delay_signal; extreme_delay_signal;,False,
inst_latest_delay_days_max,overdue_delay_numeric,candidate_predictor,numeric_review_candidate,no,relationship_analysis,,,,,True,has_late_delay_signal; has_early_payment_signal; severe_delay_signal; extreme_delay_signal;,False,
inst_latest_delay_days_mean,overdue_delay_numeric,candidate_predictor,numeric_review_candidate,no,relationship_analysis,,,,,True,has_late_delay_signal; has_early_payment_signal; severe_delay_signal; extreme_delay_signal;,False,
inst_latest_delay_days_min,overdue_delay_numeric,candidate_predictor,numeric_review_candidate,no,relationship_analysis,,,,,True,has_late_delay_signal; has_early_payment_signal; severe_delay_signal; extreme_delay_signal; rare_severe_delay_signal;,False,
inst_latest_delay_days_sum,overdue_delay_numeric,candidate_predictor,numeric_review_candidate,no,relationship_analysis,,,,,True,has_late_delay_signal; has_early_payment_signal; severe_delay_signal; extreme_delay_signal;,False,
inst_latest_due_day,date_duration_numeric,candidate_predictor,standard_univariate_profile,no,relationship_analysis,,,,,False,,False,
inst_latest_due_day_max,date_duration_numeric,candidate_predictor,standard_univariate_profile,no,relationship_analysis,,,,,False,,False,
inst_latest_due_day_mean,date_duration_numeric,candidate_predictor,standard_univariate_profile,no,relationship_analysis,,,,,False,,False,
inst_latest_due_day_min,date_duration_numeric,candidate_predictor,standard_univariate_profile,no,relationship_analysis,,,,,False,,False,
inst_latest_due_day_shift_flag,binary_flag,candidate_predictor,special_case_review,no,relationship_analysis,rare_or_near_constant_binary_flag,almost_constant_binary_flag,keep_as_binary_candidate_and_validate_predictive_value_later,bivariate_multivariate_and_modeling,,,False,
inst_latest_due_day_sum,date_duration_numeric,candidate_predictor,numeric_review_candidate,no,relationship_analysis,,,,,True,large_abs_duration_gt_100_years;,False,
inst_latest_expected_amount,continuous_amount_numeric,candidate_predictor,numeric_review_candidate,no,relationship_analysis,,,,,True,extreme_skew;,False,
inst_latest_expected_amount_max,continuous_amount_numeric,candidate_predictor,standard_univariate_profile,no,relationship_analysis,,,,,False,,False,
inst_latest_expected_amount_mean,continuous_amount_numeric,candidate_predictor,numeric_review_candidate,no,relationship_analysis,,,,,True,extreme_skew;,False,
inst_latest_expected_amount_min,continuous_amount_numeric,candidate_predictor,numeric_review_candidate,no,relationship_analysis,,,,,True,extreme_skew;,False,
inst_latest_expected_amount_sum,continuous_amount_numeric,candidate_predictor,standard_univariate_profile,no,relationship_analysis,,,,,False,,False,
inst_latest_first_delay_days,overdue_delay_numeric,candidate_predictor,numeric_review_candidate,no,relationship_analysis,,,,,True,has_late_delay_signal; has_early_payment_signal; severe_delay_signal; extreme_delay_signal; rare_severe_delay_signal;,False,
inst_latest_first_payment_day,date_duration_numeric,candidate_predictor,standard_univariate_profile,no,relationship_analysis,,,,,False,,False,
inst_latest_first_payment_day_max,date_duration_numeric,candidate_predictor,standard_univariate_profile,no,relationship_analysis,,,,,False,,False,
inst_latest_first_payment_day_mean,date_duration_numeric,candidate_predictor,standard_univariate_profile,no,relationship_analysis,,,,,False,,False,
inst_latest_first_payment_day_min,date_duration_numeric,candidate_predictor,standard_univariate_profile,no,relationship_analysis,,,,,False,,False,
inst_latest_first_payment_day_sum,date_duration_numeric,candidate_predictor,numeric_review_candidate,no,relationship_analysis,,,,,True,large_abs_duration_gt_100_years;,False,
inst_latest_fully_paid_flag,binary_flag,candidate_predictor,special_case_review,no,relationship_analysis,rare_or_near_constant_binary_flag,near_constant_binary_flag,keep_as_binary_candidate_and_validate_predictive_value_later,bivariate_multivariate_and_modeling,,,False,
inst_latest_fully_paid_flag_max,binary_flag,candidate_predictor,special_case_review,no,relationship_analysis,rare_or_near_constant_binary_flag,near_constant_binary_flag,keep_as_binary_candidate_and_validate_predictive_value_later,bivariate_multivariate_and_modeling,,,False,
inst_latest_fully_paid_flag_mean,ratio_rate_numeric,candidate_predictor,numeric_review_candidate,no,relationship_analysis,,,,,True,extreme_skew;,False,
inst_latest_fully_paid_flag_min,binary_flag,candidate_predictor,special_case_review,no,relationship_analysis,rare_or_near_constant_binary_flag,near_constant_binary_flag,keep_as_binary_candidate_and_validate_predictive_value_later,bivariate_multivariate_and_modeling,,,False,
inst_latest_fully_paid_flag_sum,discrete_count_numeric,candidate_predictor,standard_univariate_profile,no,relationship_analysis,,,,,False,,False,
inst_latest_last_payment_day,date_duration_numeric,candidate_predictor,standard_univariate_profile,no,relationship_analysis,,,,,False,,False,
inst_latest_last_payment_day_max,date_duration_numeric,candidate_predictor,standard_univariate_profile,no,relationship_analysis,,,,,False,,False,
inst_latest_last_payment_day_mean,date_duration_numeric,candidate_predictor,standard_univariate_profile,no,relationship_analysis,,,,,False,,False,
inst_latest_last_payment_day_min,date_duration_numeric,candidate_predictor,standard_univariate_profile,no,relationship_analysis,,,,,False,,False,
inst_latest_last_payment_day_sum,date_duration_numeric,candidate_predictor,numeric_review_candidate,no,relationship_analysis,,,,,True,large_abs_duration_gt_100_years;,False,
inst_latest_late_15plus_flag,binary_flag,candidate_predictor,special_case_review,no,relationship_analysis,rare_or_near_constant_binary_flag,near_constant_binary_flag,keep_as_binary_candidate_and_validate_predictive_value_later,bivariate_multivariate_and_modeling,,,False,
inst_latest_late_30plus_flag,binary_flag,candidate_predictor,special_case_review,no,relationship_analysis,rare_or_near_constant_binary_flag,near_constant_binary_flag,keep_as_binary_candidate_and_validate_predictive_value_later,bivariate_multivariate_and_modeling,,,False,
inst_latest_late_30plus_flag_max,binary_flag,candidate_predictor,standard_univariate_profile,no,relationship_analysis,,,,,,,False,
inst_latest_late_30plus_flag_mean,ratio_rate_numeric,candidate_predictor,numeric_review_candidate,no,relationship_analysis,,,,,True,zero_heavy; extreme_skew;,False,
inst_latest_late_30plus_flag_min,binary_flag,candidate_predictor,special_case_review,no,relationship_analysis,rare_or_near_constant_binary_flag,near_constant_binary_flag,keep_as_binary_candidate_and_validate_predictive_value_later,bivariate_multivariate_and_modeling,,,False,
inst_latest_late_30plus_flag_sum,discrete_count_numeric,candidate_predictor,numeric_review_candidate,no,relationship_analysis,,,,,True,zero_heavy;,False,
inst_latest_late_5plus_flag,binary_flag,candidate_predictor,standard_univariate_profile,no,relationship_analysis,,,,,,,False,
inst_latest_late_60plus_flag,binary_flag,candidate_predictor,special_case_review,no,relationship_analysis,rare_or_near_constant_binary_flag,near_constant_binary_flag,keep_as_binary_candidate_and_validate_predictive_value_later,bivariate_multivariate_and_modeling,,,False,
inst_latest_late_90plus_flag,binary_flag,candidate_predictor,special_case_review,no,relationship_analysis,rare_or_near_constant_binary_flag,near_constant_binary_flag,keep_as_binary_candidate_and_validate_predictive_value_later,bivariate_multivariate_and_modeling,,,False,
inst_latest_late_flag,binary_flag,candidate_predictor,standard_univariate_profile,no,relationship_analysis,,,,,,,False,
inst_latest_late_flag_max,binary_flag,candidate_predictor,standard_univariate_profile,no,relationship_analysis,,,,,,,False,
inst_latest_late_flag_mean,ratio_rate_numeric,candidate_predictor,numeric_review_candidate,no,relationship_analysis,,,,,True,zero_heavy;,False,
inst_latest_late_flag_min,binary_flag,candidate_predictor,standard_univariate_profile,no,relationship_analysis,,,,,,,False,
inst_latest_late_flag_sum,discrete_count_numeric,candidate_predictor,numeric_review_candidate,no,relationship_analysis,,,,,True,zero_heavy;,False,
inst_latest_max_single_payment,continuous_amount_numeric,candidate_predictor,numeric_review_candidate,no,relationship_analysis,,,,,True,extreme_skew;,False,
inst_latest_multiple_payment_flag,binary_flag,candidate_predictor,standard_univariate_profile,no,relationship_analysis,,,,,,,False,
inst_latest_multiple_payment_flag_max,binary_flag,candidate_predictor,standard_univariate_profile,no,relationship_analysis,,,,,,,False,
inst_latest_multiple_payment_flag_mean,ratio_rate_numeric,candidate_predictor,numeric_review_candidate,no,relationship_analysis,,,,,True,zero_heavy;,False,
inst_latest_multiple_payment_flag_min,binary_flag,candidate_predictor,standard_univariate_profile,no,relationship_analysis,,,,,,,False,
inst_latest_multiple_payment_flag_sum,discrete_count_numeric,candidate_predictor,numeric_review_candidate,no,relationship_analysis,,,,,True,zero_heavy;,False,
inst_latest_num_version,discrete_count_numeric,candidate_predictor,standard_univariate_profile,no,relationship_analysis,,,,,False,,False,
inst_latest_num_version_max,discrete_count_numeric,candidate_predictor,standard_univariate_profile,no,relationship_analysis,,,,,False,,False,
inst_latest_num_version_mean,discrete_count_numeric,candidate_predictor,numeric_review_candidate,no,relationship_analysis,,,,,True,not_integer_like;,False,
inst_latest_num_version_min,discrete_count_numeric,candidate_predictor,standard_univariate_profile,no,relationship_analysis,,,,,False,,False,
inst_latest_num_version_sum,discrete_count_numeric,candidate_predictor,standard_univariate_profile,no,relationship_analysis,,,,,False,,False,
inst_latest_overpaid_flag,binary_flag,candidate_predictor,special_case_review,no,relationship_analysis,rare_or_near_constant_binary_flag,near_constant_binary_flag,keep_as_binary_candidate_and_validate_predictive_value_later,bivariate_multivariate_and_modeling,,,False,
inst_latest_overpaid_flag_max,binary_flag,candidate_predictor,standard_univariate_profile,no,relationship_analysis,,,,,,,False,
inst_latest_overpaid_flag_mean,ratio_rate_numeric,candidate_predictor,numeric_review_candidate,no,relationship_analysis,,,,,True,zero_heavy; extreme_skew;,False,
inst_latest_overpaid_flag_min,binary_flag,candidate_predictor,special_case_review,no,relationship_analysis,rare_or_near_constant_binary_flag,almost_constant_binary_flag,keep_as_binary_candidate_and_validate_predictive_value_later,bivariate_multivariate_and_modeling,,,False,
inst_latest_overpaid_flag_sum,discrete_count_numeric,candidate_predictor,numeric_review_candidate,no,relationship_analysis,,,,,True,zero_heavy;,False,
inst_latest_paid_amount,continuous_amount_numeric,candidate_predictor,numeric_review_candidate,no,relationship_analysis,,,,,True,extreme_skew;,False,
inst_latest_paid_amount_max,continuous_amount_numeric,candidate_predictor,standard_univariate_profile,no,relationship_analysis,,,,,False,,False,
inst_latest_paid_amount_mean,continuous_amount_numeric,candidate_predictor,numeric_review_candidate,no,relationship_analysis,,,,,True,extreme_skew;,False,
inst_latest_paid_amount_min,continuous_amount_numeric,candidate_predictor,numeric_review_candidate,no,relationship_analysis,,,,,True,extreme_skew;,False,
inst_latest_paid_amount_sum,continuous_amount_numeric,candidate_predictor,standard_univariate_profile,no,relationship_analysis,,,,,False,,False,
inst_latest_payment_diff,continuous_stat_numeric,candidate_predictor,numeric_review_candidate,no,relationship_analysis,,,,,True,extreme_skew; zero_heavy;,False,
inst_latest_payment_diff_max,continuous_stat_numeric,candidate_predictor,numeric_review_candidate,no,relationship_analysis,,,,,True,extreme_skew; zero_heavy;,False,
inst_latest_payment_diff_mean,continuous_stat_numeric,candidate_predictor,numeric_review_candidate,no,relationship_analysis,,,,,True,extreme_skew; zero_heavy;,False,
inst_latest_payment_diff_min,continuous_stat_numeric,candidate_predictor,numeric_review_candidate,no,relationship_analysis,,,,,True,extreme_skew; zero_heavy;,False,
inst_latest_payment_diff_sum,continuous_stat_numeric,candidate_predictor,numeric_review_candidate,no,relationship_analysis,,,,,True,extreme_skew; zero_heavy;,False,
inst_latest_payment_ratio,ratio_rate_numeric,candidate_predictor,numeric_review_candidate,no,relationship_analysis,,,,,True,extreme_skew;,False,
inst_latest_payment_ratio_max,ratio_rate_numeric,candidate_predictor,numeric_review_candidate,no,relationship_analysis,,,,,True,extreme_skew;,False,
inst_latest_payment_ratio_mean,ratio_rate_numeric,candidate_predictor,numeric_review_candidate,no,relationship_analysis,,,,,True,extreme_skew;,False,
inst_latest_payment_ratio_min,ratio_rate_numeric,candidate_predictor,standard_univariate_profile,no,relationship_analysis,,,,,False,,False,
inst_latest_payment_row_count,discrete_count_numeric,candidate_predictor,standard_univariate_profile,no,relationship_analysis,,,,,False,,False,
inst_latest_underpaid_flag,binary_flag,candidate_predictor,special_case_review,no,relationship_analysis,rare_or_near_constant_binary_flag,near_constant_binary_flag,keep_as_binary_candidate_and_validate_predictive_value_later,bivariate_multivariate_and_modeling,,,False,
inst_latest_underpaid_flag_max,binary_flag,candidate_predictor,special_case_review,no,relationship_analysis,rare_or_near_constant_binary_flag,near_constant_binary_flag,keep_as_binary_candidate_and_validate_predictive_value_later,bivariate_multivariate_and_modeling,,,False,
inst_latest_underpaid_flag_mean,ratio_rate_numeric,candidate_predictor,numeric_review_candidate,no,relationship_analysis,,,,,True,zero_heavy; extreme_skew;,False,
inst_latest_underpaid_flag_min,binary_flag,candidate_predictor,special_case_review,no,relationship_analysis,rare_or_near_constant_binary_flag,near_constant_binary_flag,keep_as_binary_candidate_and_validate_predictive_value_later,bivariate_multivariate_and_modeling,,,False,
inst_latest_underpaid_flag_sum,discrete_count_numeric,candidate_predictor,numeric_review_candidate,no,relationship_analysis,,,,,True,zero_heavy;,False,
inst_latest_version_change_flag,binary_flag,candidate_predictor,special_case_review,no,relationship_analysis,rare_or_near_constant_binary_flag,near_constant_binary_flag,keep_as_binary_candidate_and_validate_predictive_value_later,bivariate_multivariate_and_modeling,,,False,
inst_latest_version_change_flag_max,binary_flag,candidate_predictor,standard_univariate_profile,no,relationship_analysis,,,,,,,False,
inst_latest_version_change_flag_mean,ratio_rate_numeric,candidate_predictor,numeric_review_candidate,no,relationship_analysis,,,,,True,zero_heavy; extreme_skew;,False,
inst_latest_version_change_flag_min,binary_flag,candidate_predictor,special_case_review,no,relationship_analysis,rare_or_near_constant_binary_flag,almost_constant_binary_flag,keep_as_binary_candidate_and_validate_predictive_value_later,bivariate_multivariate_and_modeling,,,False,
inst_latest_version_change_flag_sum,discrete_count_numeric,candidate_predictor,numeric_review_candidate,no,relationship_analysis,,,,,True,zero_heavy;,False,
inst_max_single_payment_max_max,continuous_amount_numeric,candidate_predictor,standard_univariate_profile,no,relationship_analysis,,,,,False,,False,
inst_max_single_payment_max_mean,continuous_amount_numeric,candidate_predictor,numeric_review_candidate,no,relationship_analysis,,,,,True,extreme_skew;,False,
inst_max_single_payment_max_min,continuous_amount_numeric,candidate_predictor,numeric_review_candidate,no,relationship_analysis,,,,,True,extreme_skew;,False,
inst_max_single_payment_max_sum,continuous_amount_numeric,candidate_predictor,standard_univariate_profile,no,relationship_analysis,,,,,False,,False,
inst_max_single_payment_mean_max,continuous_amount_numeric,candidate_predictor,numeric_review_candidate,no,relationship_analysis,,,,,True,extreme_skew;,False,
inst_max_single_payment_mean_mean,continuous_amount_numeric,candidate_predictor,numeric_review_candidate,no,relationship_analysis,,,,,True,extreme_skew;,False,
inst_max_single_payment_mean_min,continuous_amount_numeric,candidate_predictor,numeric_review_candidate,no,relationship_analysis,,,,,True,extreme_skew;,False,
inst_max_single_payment_mean_sum,continuous_amount_numeric,candidate_predictor,numeric_review_candidate,no,relationship_analysis,,,,,True,extreme_skew;,False,
inst_missing_payment_amount_count_max,discrete_count_numeric,candidate_predictor,numeric_review_candidate,no,relationship_analysis,,,,,True,zero_heavy;,False,
inst_missing_payment_amount_count_mean,discrete_count_numeric,candidate_predictor,numeric_review_candidate,no,relationship_analysis,,,,,True,not_integer_like; zero_heavy;,False,
inst_missing_payment_amount_count_sum,discrete_count_numeric,candidate_predictor,numeric_review_candidate,no,relationship_analysis,,,,,True,zero_heavy;,False,
inst_missing_payment_amount_ratio_max,ratio_rate_numeric,candidate_predictor,numeric_review_candidate,no,relationship_analysis,,,,,True,zero_heavy; extreme_skew;,False,
inst_missing_payment_amount_ratio_mean,ratio_rate_numeric,candidate_predictor,numeric_review_candidate,no,relationship_analysis,,,,,True,zero_heavy; extreme_skew;,False,
inst_missing_payment_amount_ratio_min,ratio_rate_numeric,candidate_predictor,numeric_review_candidate,no,relationship_analysis,,,,,True,zero_heavy; extreme_skew;,False,
inst_missing_payment_day_count_max,discrete_count_numeric,candidate_predictor,numeric_review_candidate,no,relationship_analysis,,,,,True,zero_heavy;,False,
inst_missing_payment_day_count_mean,discrete_count_numeric,candidate_predictor,numeric_review_candidate,no,relationship_analysis,,,,,True,not_integer_like; zero_heavy;,False,
inst_missing_payment_day_count_sum,discrete_count_numeric,candidate_predictor,numeric_review_candidate,no,relationship_analysis,,,,,True,zero_heavy;,False,
inst_missing_payment_day_ratio_max,ratio_rate_numeric,candidate_predictor,numeric_review_candidate,no,relationship_analysis,,,,,True,zero_heavy; extreme_skew;,False,
inst_missing_payment_day_ratio_mean,ratio_rate_numeric,candidate_predictor,numeric_review_candidate,no,relationship_analysis,,,,,True,zero_heavy; extreme_skew;,False,
inst_missing_payment_day_ratio_min,ratio_rate_numeric,candidate_predictor,numeric_review_candidate,no,relationship_analysis,,,,,True,zero_heavy; extreme_skew;,False,
inst_num_version_max_max,discrete_count_numeric,candidate_predictor,standard_univariate_profile,no,relationship_analysis,,,,,False,,False,
inst_num_version_max_mean,discrete_count_numeric,candidate_predictor,numeric_review_candidate,no,relationship_analysis,,,,,True,not_integer_like;,False,
inst_num_version_max_min,discrete_count_numeric,candidate_predictor,standard_univariate_profile,no,relationship_analysis,,,,,False,,False,
inst_num_version_max_sum,discrete_count_numeric,candidate_predictor,standard_univariate_profile,no,relationship_analysis,,,,,False,,False,
inst_num_version_mean_max,discrete_count_numeric,candidate_predictor,numeric_review_candidate,no,relationship_analysis,,,,,True,not_integer_like;,False,
inst_num_version_mean_mean,discrete_count_numeric,candidate_predictor,numeric_review_candidate,no,relationship_analysis,,,,,True,not_integer_like;,False,
inst_num_version_mean_min,discrete_count_numeric,candidate_predictor,numeric_review_candidate,no,relationship_analysis,,,,,True,not_integer_like;,False,
inst_num_version_mean_sum,discrete_count_numeric,candidate_predictor,numeric_review_candidate,no,relationship_analysis,,,,,True,not_integer_like;,False,
inst_num_version_min_max,discrete_count_numeric,candidate_predictor,standard_univariate_profile,no,relationship_analysis,,,,,False,,False,
inst_num_version_min_mean,discrete_count_numeric,candidate_predictor,numeric_review_candidate,no,relationship_analysis,,,,,True,not_integer_like;,False,
inst_num_version_min_min,discrete_count_numeric,candidate_predictor,standard_univariate_profile,no,relationship_analysis,,,,,False,,False,
inst_num_version_min_sum,discrete_count_numeric,candidate_predictor,standard_univariate_profile,no,relationship_analysis,,,,,False,,False,
inst_num_version_unique_max_max,discrete_count_numeric,candidate_predictor,standard_univariate_profile,no,relationship_analysis,,,,,False,,False,
inst_num_version_unique_max_mean,discrete_count_numeric,candidate_predictor,numeric_review_candidate,no,relationship_analysis,,,,,True,not_integer_like;,False,
inst_num_version_unique_max_min,discrete_count_numeric,candidate_predictor,standard_univariate_profile,no,relationship_analysis,,,,,False,,False,
inst_num_version_unique_max_sum,discrete_count_numeric,candidate_predictor,standard_univariate_profile,no,relationship_analysis,,,,,False,,False,
inst_num_version_unique_mean_max,discrete_count_numeric,candidate_predictor,numeric_review_candidate,no,relationship_analysis,,,,,True,not_integer_like;,False,
inst_num_version_unique_mean_mean,discrete_count_numeric,candidate_predictor,numeric_review_candidate,no,relationship_analysis,,,,,True,not_integer_like;,False,
inst_num_version_unique_mean_min,discrete_count_numeric,candidate_predictor,numeric_review_candidate,no,relationship_analysis,,,,,True,not_integer_like;,False,
inst_num_version_unique_mean_sum,discrete_count_numeric,candidate_predictor,numeric_review_candidate,no,relationship_analysis,,,,,True,not_integer_like;,False,
inst_paid_amount_max_max,continuous_amount_numeric,candidate_predictor,standard_univariate_profile,no,relationship_analysis,,,,,False,,False,
inst_paid_amount_max_mean,continuous_amount_numeric,candidate_predictor,numeric_review_candidate,no,relationship_analysis,,,,,True,extreme_skew;,False,
inst_paid_amount_max_min,continuous_amount_numeric,candidate_predictor,numeric_review_candidate,no,relationship_analysis,,,,,True,extreme_skew;,False,
inst_paid_amount_max_sum,continuous_amount_numeric,candidate_predictor,standard_univariate_profile,no,relationship_analysis,,,,,False,,False,
inst_paid_amount_mean_max,continuous_amount_numeric,candidate_predictor,numeric_review_candidate,no,relationship_analysis,,,,,True,extreme_skew;,False,
inst_paid_amount_mean_mean,continuous_amount_numeric,candidate_predictor,numeric_review_candidate,no,relationship_analysis,,,,,True,extreme_skew;,False,
inst_paid_amount_mean_min,continuous_amount_numeric,candidate_predictor,numeric_review_candidate,no,relationship_analysis,,,,,True,extreme_skew;,False,
inst_paid_amount_mean_sum,continuous_amount_numeric,candidate_predictor,numeric_review_candidate,no,relationship_analysis,,,,,True,extreme_skew;,False,
inst_paid_amount_min_max,continuous_amount_numeric,candidate_predictor,numeric_review_candidate,no,relationship_analysis,,,,,True,extreme_skew;,False,
inst_paid_amount_min_mean,continuous_amount_numeric,candidate_predictor,numeric_review_candidate,no,relationship_analysis,,,,,True,extreme_skew;,False,
inst_paid_amount_min_min,continuous_amount_numeric,candidate_predictor,numeric_review_candidate,no,relationship_analysis,,,,,True,extreme_skew;,False,
inst_paid_amount_min_sum,continuous_amount_numeric,candidate_predictor,numeric_review_candidate,no,relationship_analysis,,,,,True,extreme_skew;,False,
inst_paid_amount_std_max,continuous_stat_numeric,candidate_predictor,standard_univariate_profile,no,relationship_analysis,,,,,False,,False,
inst_paid_amount_std_mean,continuous_stat_numeric,candidate_predictor,numeric_review_candidate,no,relationship_analysis,,,,,True,extreme_skew;,False,
inst_paid_amount_std_min,continuous_stat_numeric,candidate_predictor,numeric_review_candidate,no,relationship_analysis,,,,,True,extreme_skew; high_outlier_burden;,False,
inst_paid_amount_std_sum,continuous_stat_numeric,candidate_predictor,standard_univariate_profile,no,relationship_analysis,,,,,False,,False,
inst_paid_amount_sum_max,continuous_amount_numeric,candidate_predictor,standard_univariate_profile,no,relationship_analysis,,,,,False,,False,
inst_paid_amount_sum_mean,continuous_amount_numeric,candidate_predictor,numeric_review_candidate,no,relationship_analysis,,,,,True,extreme_skew;,False,
inst_paid_amount_sum_min,continuous_amount_numeric,candidate_predictor,numeric_review_candidate,no,relationship_analysis,,,,,True,extreme_skew;,False,
inst_paid_amount_sum_sum,continuous_amount_numeric,candidate_predictor,standard_univariate_profile,no,relationship_analysis,,,,,False,,False,
inst_payment_date_span_max_max,date_duration_numeric,candidate_predictor,numeric_review_candidate,no,relationship_analysis,,,,,True,zero_special_value_review;,False,
inst_payment_date_span_max_mean,date_duration_numeric,candidate_predictor,numeric_review_candidate,no,relationship_analysis,,,,,True,zero_special_value_review;,False,
inst_payment_date_span_max_min,date_duration_numeric,candidate_predictor,numeric_review_candidate,no,relationship_analysis,,,,,True,zero_special_value_review;,False,
inst_payment_date_span_max_sum,date_duration_numeric,candidate_predictor,numeric_review_candidate,no,relationship_analysis,,,,,True,zero_special_value_review;,False,
inst_payment_date_span_mean_max,date_duration_numeric,candidate_predictor,numeric_review_candidate,no,relationship_analysis,,,,,True,zero_special_value_review;,False,
inst_payment_date_span_mean_mean,date_duration_numeric,candidate_predictor,numeric_review_candidate,no,relationship_analysis,,,,,True,zero_special_value_review;,False,
inst_payment_date_span_mean_min,date_duration_numeric,candidate_predictor,numeric_review_candidate,no,relationship_analysis,,,,,True,zero_special_value_review;,False,
inst_payment_date_span_mean_sum,date_duration_numeric,candidate_predictor,numeric_review_candidate,no,relationship_analysis,,,,,True,zero_special_value_review;,False,
inst_payment_date_span_min_max,date_duration_numeric,candidate_predictor,numeric_review_candidate,no,relationship_analysis,,,,,True,zero_special_value_review;,False,
inst_payment_date_span_min_mean,date_duration_numeric,candidate_predictor,numeric_review_candidate,no,relationship_analysis,,,,,True,zero_special_value_review;,False,
inst_payment_date_span_min_min,date_duration_numeric,candidate_predictor,numeric_review_candidate,no,relationship_analysis,,,,,True,zero_special_value_review;,False,
inst_payment_date_span_min_sum,date_duration_numeric,candidate_predictor,numeric_review_candidate,no,relationship_analysis,,,,,True,zero_special_value_review;,False,
inst_payment_diff_max_max,continuous_stat_numeric,candidate_predictor,numeric_review_candidate,no,relationship_analysis,,,,,True,extreme_skew;,False,
inst_payment_diff_max_mean,continuous_stat_numeric,candidate_predictor,numeric_review_candidate,no,relationship_analysis,,,,,True,extreme_skew;,False,
inst_payment_diff_max_min,continuous_stat_numeric,candidate_predictor,numeric_review_candidate,no,relationship_analysis,,,,,True,extreme_skew; zero_heavy;,False,
inst_payment_diff_max_sum,continuous_stat_numeric,candidate_predictor,numeric_review_candidate,no,relationship_analysis,,,,,True,extreme_skew;,False,
inst_payment_diff_mean_max,continuous_stat_numeric,candidate_predictor,numeric_review_candidate,no,relationship_analysis,,,,,True,extreme_skew;,False,
inst_payment_diff_mean_mean,continuous_stat_numeric,candidate_predictor,numeric_review_candidate,no,relationship_analysis,,,,,True,extreme_skew;,False,
inst_payment_diff_mean_min,continuous_stat_numeric,candidate_predictor,numeric_review_candidate,no,relationship_analysis,,,,,True,extreme_skew; zero_heavy;,False,
inst_payment_diff_mean_sum,continuous_stat_numeric,candidate_predictor,numeric_review_candidate,no,relationship_analysis,,,,,True,extreme_skew;,False,
inst_payment_diff_min_max,continuous_stat_numeric,candidate_predictor,numeric_review_candidate,no,relationship_analysis,,,,,True,extreme_skew; zero_heavy;,False,
inst_payment_diff_min_mean,continuous_stat_numeric,candidate_predictor,numeric_review_candidate,no,relationship_analysis,,,,,True,extreme_skew; zero_heavy;,False,
inst_payment_diff_min_min,continuous_stat_numeric,candidate_predictor,numeric_review_candidate,no,relationship_analysis,,,,,True,extreme_skew; zero_heavy;,False,
inst_payment_diff_min_sum,continuous_stat_numeric,candidate_predictor,numeric_review_candidate,no,relationship_analysis,,,,,True,extreme_skew; zero_heavy;,False,
inst_payment_diff_std_max,continuous_stat_numeric,candidate_predictor,numeric_review_candidate,no,relationship_analysis,,,,,True,extreme_skew; high_outlier_burden;,False,
inst_payment_diff_std_mean,continuous_stat_numeric,candidate_predictor,numeric_review_candidate,no,relationship_analysis,,,,,True,extreme_skew; high_outlier_burden;,False,
inst_payment_diff_std_min,continuous_stat_numeric,candidate_predictor,numeric_review_candidate,no,relationship_analysis,,,,,True,extreme_skew; zero_heavy;,False,
inst_payment_diff_std_sum,continuous_stat_numeric,candidate_predictor,numeric_review_candidate,no,relationship_analysis,,,,,True,extreme_skew; high_outlier_burden;,False,
inst_payment_diff_sum_max,continuous_stat_numeric,candidate_predictor,numeric_review_candidate,no,relationship_analysis,,,,,True,extreme_skew;,False,
inst_payment_diff_sum_mean,continuous_stat_numeric,candidate_predictor,numeric_review_candidate,no,relationship_analysis,,,,,True,extreme_skew;,False,
inst_payment_diff_sum_min,continuous_stat_numeric,candidate_predictor,numeric_review_candidate,no,relationship_analysis,,,,,True,extreme_skew; zero_heavy;,False,
inst_payment_diff_sum_sum,continuous_stat_numeric,candidate_predictor,numeric_review_candidate,no,relationship_analysis,,,,,True,extreme_skew;,False,
inst_payment_ratio_max_max,ratio_rate_numeric,candidate_predictor,standard_univariate_profile,no,relationship_analysis,,,,,False,,False,
inst_payment_ratio_max_mean,ratio_rate_numeric,candidate_predictor,standard_univariate_profile,no,relationship_analysis,,,,,False,,False,
inst_payment_ratio_max_min,ratio_rate_numeric,candidate_predictor,numeric_review_candidate,no,relationship_analysis,,,,,True,extreme_skew;,False,
inst_payment_ratio_max_sum,ratio_rate_numeric,candidate_predictor,standard_univariate_profile,no,relationship_analysis,,,,,False,,False,
inst_payment_ratio_mean_max,ratio_rate_numeric,candidate_predictor,numeric_review_candidate,no,relationship_analysis,,,,,True,extreme_skew;,False,
inst_payment_ratio_mean_mean,ratio_rate_numeric,candidate_predictor,numeric_review_candidate,no,relationship_analysis,,,,,True,extreme_skew;,False,
inst_payment_ratio_mean_min,ratio_rate_numeric,candidate_predictor,numeric_review_candidate,no,relationship_analysis,,,,,True,extreme_skew;,False,
inst_payment_ratio_mean_sum,ratio_rate_numeric,candidate_predictor,standard_univariate_profile,no,relationship_analysis,,,,,False,,False,
inst_payment_ratio_min_max,ratio_rate_numeric,candidate_predictor,numeric_review_candidate,no,relationship_analysis,,,,,True,extreme_skew;,False,
inst_payment_ratio_min_mean,ratio_rate_numeric,candidate_predictor,standard_univariate_profile,no,relationship_analysis,,,,,False,,False,
inst_payment_ratio_min_min,ratio_rate_numeric,candidate_predictor,numeric_review_candidate,no,relationship_analysis,,,,,True,extreme_skew;,False,
inst_payment_ratio_min_sum,ratio_rate_numeric,candidate_predictor,standard_univariate_profile,no,relationship_analysis,,,,,False,,False,
inst_payment_ratio_std_max,ratio_rate_numeric,candidate_predictor,numeric_review_candidate,no,relationship_analysis,,,,,True,high_outlier_burden;,False,
inst_payment_ratio_std_mean,ratio_rate_numeric,candidate_predictor,numeric_review_candidate,no,relationship_analysis,,,,,True,extreme_skew; high_outlier_burden;,False,
inst_payment_ratio_std_min,ratio_rate_numeric,candidate_predictor,numeric_review_candidate,no,relationship_analysis,,,,,True,zero_heavy; extreme_skew;,False,
inst_payment_ratio_std_sum,ratio_rate_numeric,candidate_predictor,numeric_review_candidate,no,relationship_analysis,,,,,True,high_outlier_burden;,False,
inst_payment_row_count_max_max,discrete_count_numeric,candidate_predictor,standard_univariate_profile,no,relationship_analysis,,,,,False,,False,
inst_payment_row_count_max_mean,discrete_count_numeric,candidate_predictor,numeric_review_candidate,no,relationship_analysis,,,,,True,not_integer_like;,False,
inst_payment_row_count_max_min,discrete_count_numeric,candidate_predictor,standard_univariate_profile,no,relationship_analysis,,,,,False,,False,
inst_payment_row_count_max_sum,discrete_count_numeric,candidate_predictor,standard_univariate_profile,no,relationship_analysis,,,,,False,,False,
inst_payment_row_count_mean,discrete_count_numeric,candidate_predictor,numeric_review_candidate,no,relationship_analysis,,,,,True,not_integer_like;,False,
inst_payment_row_count_mean_max,discrete_count_numeric,candidate_predictor,numeric_review_candidate,no,relationship_analysis,,,,,True,not_integer_like;,False,
inst_payment_row_count_mean_mean,discrete_count_numeric,candidate_predictor,numeric_review_candidate,no,relationship_analysis,,,,,True,not_integer_like;,False,
inst_payment_row_count_mean_min,discrete_count_numeric,candidate_predictor,numeric_review_candidate,no,relationship_analysis,,,,,True,not_integer_like;,False,
inst_payment_row_count_mean_sum,discrete_count_numeric,candidate_predictor,numeric_review_candidate,no,relationship_analysis,,,,,True,not_integer_like;,False,
inst_payment_row_count_sum,discrete_count_numeric,candidate_predictor,standard_univariate_profile,no,relationship_analysis,,,,,False,,False,
inst_payment_row_count_sum_max,discrete_count_numeric,candidate_predictor,standard_univariate_profile,no,relationship_analysis,,,,,False,,False,
inst_payment_row_count_sum_mean,discrete_count_numeric,candidate_predictor,numeric_review_candidate,no,relationship_analysis,,,,,True,not_integer_like;,False,
inst_payment_row_count_sum_min,discrete_count_numeric,candidate_predictor,standard_univariate_profile,no,relationship_analysis,,,,,False,,False,
inst_payment_row_count_sum_sum,discrete_count_numeric,candidate_predictor,standard_univariate_profile,no,relationship_analysis,,,,,False,,False,
inst_payment_row_count_sum_x_max,discrete_count_numeric,candidate_predictor,standard_univariate_profile,no,relationship_analysis,,,,,False,,False,
inst_payment_row_count_sum_x_mean,discrete_count_numeric,candidate_predictor,numeric_review_candidate,no,relationship_analysis,,,,,True,not_integer_like;,False,
inst_payment_row_count_sum_x_min,discrete_count_numeric,candidate_predictor,standard_univariate_profile,no,relationship_analysis,,,,,False,,False,
inst_payment_row_count_sum_x_sum,discrete_count_numeric,candidate_predictor,standard_univariate_profile,no,relationship_analysis,,,,,False,,False,
inst_payment_row_count_sum_y_max,discrete_count_numeric,candidate_predictor,standard_univariate_profile,no,relationship_analysis,,,,,False,,False,
inst_payment_row_count_sum_y_mean,discrete_count_numeric,candidate_predictor,numeric_review_candidate,no,relationship_analysis,,,,,True,not_integer_like;,False,
inst_payment_row_count_sum_y_min,discrete_count_numeric,candidate_predictor,standard_univariate_profile,no,relationship_analysis,,,,,False,,False,
inst_payment_row_count_sum_y_sum,discrete_count_numeric,candidate_predictor,standard_univariate_profile,no,relationship_analysis,,,,,False,,False,
inst_recent_12m_late_count_max,discrete_count_numeric,candidate_predictor,standard_univariate_profile,no,relationship_analysis,,,,,False,,False,
inst_recent_12m_late_count_mean,discrete_count_numeric,candidate_predictor,numeric_review_candidate,no,relationship_analysis,,,,,True,not_integer_like;,False,
inst_recent_12m_late_count_sum,discrete_count_numeric,candidate_predictor,standard_univariate_profile,no,relationship_analysis,,,,,False,,False,
inst_recent_12m_late_ratio_adjusted_max,ratio_rate_numeric,candidate_predictor,standard_univariate_profile,no,relationship_analysis,,,,,False,,False,
inst_recent_12m_late_ratio_adjusted_mean,ratio_rate_numeric,candidate_predictor,numeric_review_candidate,no,relationship_analysis,,,,,True,high_outlier_burden;,False,
inst_recent_12m_late_ratio_adjusted_min,ratio_rate_numeric,candidate_predictor,numeric_review_candidate,no,relationship_analysis,,,,,True,zero_heavy;,False,
inst_recent_12m_late_ratio_max,ratio_rate_numeric,candidate_predictor,standard_univariate_profile,no,relationship_analysis,,,,,False,,False,
inst_recent_12m_late_ratio_mean,ratio_rate_numeric,candidate_predictor,numeric_review_candidate,no,relationship_analysis,,,,,True,extreme_skew;,False,
inst_recent_12m_late_ratio_min,ratio_rate_numeric,candidate_predictor,numeric_review_candidate,no,relationship_analysis,,,,,True,zero_heavy; extreme_skew;,False,
inst_recent_12m_underpaid_count_max,discrete_count_numeric,candidate_predictor,numeric_review_candidate,no,relationship_analysis,,,,,True,zero_heavy;,False,
inst_recent_12m_underpaid_count_mean,discrete_count_numeric,candidate_predictor,numeric_review_candidate,no,relationship_analysis,,,,,True,not_integer_like; zero_heavy;,False,
inst_recent_12m_underpaid_count_sum,discrete_count_numeric,candidate_predictor,numeric_review_candidate,no,relationship_analysis,,,,,True,zero_heavy;,False,
inst_recent_12m_underpaid_ratio_adjusted_max,ratio_rate_numeric,candidate_predictor,numeric_review_candidate,no,relationship_analysis,,,,,True,zero_heavy; extreme_skew;,False,
inst_recent_12m_underpaid_ratio_adjusted_mean,ratio_rate_numeric,candidate_predictor,numeric_review_candidate,no,relationship_analysis,,,,,True,zero_heavy; extreme_skew;,False,
inst_recent_12m_underpaid_ratio_adjusted_min,ratio_rate_numeric,candidate_predictor,numeric_review_candidate,no,relationship_analysis,,,,,True,zero_heavy; extreme_skew;,False,
inst_recent_12m_underpaid_ratio_max,ratio_rate_numeric,candidate_predictor,numeric_review_candidate,no,relationship_analysis,,,,,True,zero_heavy; extreme_skew;,False,
inst_recent_12m_underpaid_ratio_mean,ratio_rate_numeric,candidate_predictor,numeric_review_candidate,no,relationship_analysis,,,,,True,zero_heavy; extreme_skew;,False,
inst_recent_12m_underpaid_ratio_min,ratio_rate_numeric,candidate_predictor,numeric_review_candidate,no,relationship_analysis,,,,,True,zero_heavy; extreme_skew;,False,
inst_recent_24m_late_count_max,discrete_count_numeric,candidate_predictor,standard_univariate_profile,no,relationship_analysis,,,,,False,,False,
inst_recent_24m_late_count_mean,discrete_count_numeric,candidate_predictor,numeric_review_candidate,no,relationship_analysis,,,,,True,not_integer_like;,False,
inst_recent_24m_late_count_sum,discrete_count_numeric,candidate_predictor,standard_univariate_profile,no,relationship_analysis,,,,,False,,False,
inst_recent_24m_late_ratio_adjusted_max,ratio_rate_numeric,candidate_predictor,standard_univariate_profile,no,relationship_analysis,,,,,False,,False,
inst_recent_24m_late_ratio_adjusted_mean,ratio_rate_numeric,candidate_predictor,standard_univariate_profile,no,relationship_analysis,,,,,False,,False,
inst_recent_24m_late_ratio_adjusted_min,ratio_rate_numeric,candidate_predictor,numeric_review_candidate,no,relationship_analysis,,,,,True,zero_heavy;,False,
inst_recent_24m_late_ratio_max,ratio_rate_numeric,candidate_predictor,standard_univariate_profile,no,relationship_analysis,,,,,False,,False,
inst_recent_24m_late_ratio_mean,ratio_rate_numeric,candidate_predictor,numeric_review_candidate,no,relationship_analysis,,,,,True,high_outlier_burden;,False,
inst_recent_24m_late_ratio_min,ratio_rate_numeric,candidate_predictor,numeric_review_candidate,no,relationship_analysis,,,,,True,zero_heavy; extreme_skew;,False,
inst_recent_24m_underpaid_count_max,discrete_count_numeric,candidate_predictor,numeric_review_candidate,no,relationship_analysis,,,,,True,zero_heavy;,False,
inst_recent_24m_underpaid_count_mean,discrete_count_numeric,candidate_predictor,numeric_review_candidate,no,relationship_analysis,,,,,True,not_integer_like; zero_heavy;,False,
inst_recent_24m_underpaid_count_sum,discrete_count_numeric,candidate_predictor,numeric_review_candidate,no,relationship_analysis,,,,,True,zero_heavy;,False,
inst_recent_24m_underpaid_ratio_adjusted_max,ratio_rate_numeric,candidate_predictor,numeric_review_candidate,no,relationship_analysis,,,,,True,zero_heavy; extreme_skew;,False,
inst_recent_24m_underpaid_ratio_adjusted_mean,ratio_rate_numeric,candidate_predictor,numeric_review_candidate,no,relationship_analysis,,,,,True,zero_heavy; extreme_skew;,False,
inst_recent_24m_underpaid_ratio_adjusted_min,ratio_rate_numeric,candidate_predictor,numeric_review_candidate,no,relationship_analysis,,,,,True,zero_heavy; extreme_skew;,False,
inst_recent_24m_underpaid_ratio_max,ratio_rate_numeric,candidate_predictor,numeric_review_candidate,no,relationship_analysis,,,,,True,zero_heavy; extreme_skew;,False,
inst_recent_24m_underpaid_ratio_mean,ratio_rate_numeric,candidate_predictor,numeric_review_candidate,no,relationship_analysis,,,,,True,zero_heavy; extreme_skew;,False,
inst_recent_24m_underpaid_ratio_min,ratio_rate_numeric,candidate_predictor,numeric_review_candidate,no,relationship_analysis,,,,,True,zero_heavy; extreme_skew;,False,
inst_recent_6m_late_count_max,discrete_count_numeric,candidate_predictor,numeric_review_candidate,no,relationship_analysis,,,,,True,zero_heavy;,False,
inst_recent_6m_late_count_mean,discrete_count_numeric,candidate_predictor,numeric_review_candidate,no,relationship_analysis,,,,,True,not_integer_like; zero_heavy;,False,
inst_recent_6m_late_count_sum,discrete_count_numeric,candidate_predictor,numeric_review_candidate,no,relationship_analysis,,,,,True,zero_heavy;,False,
inst_recent_6m_late_ratio_adjusted_max,ratio_rate_numeric,candidate_predictor,standard_univariate_profile,no,relationship_analysis,,,,,False,,False,
inst_recent_6m_late_ratio_adjusted_mean,ratio_rate_numeric,candidate_predictor,standard_univariate_profile,no,relationship_analysis,,,,,False,,False,
inst_recent_6m_late_ratio_adjusted_min,ratio_rate_numeric,candidate_predictor,numeric_review_candidate,no,relationship_analysis,,,,,True,zero_heavy;,False,
inst_recent_6m_late_ratio_max,ratio_rate_numeric,candidate_predictor,numeric_review_candidate,no,relationship_analysis,,,,,True,zero_heavy; extreme_skew;,False,
inst_recent_6m_late_ratio_mean,ratio_rate_numeric,candidate_predictor,numeric_review_candidate,no,relationship_analysis,,,,,True,zero_heavy; extreme_skew;,False,
inst_recent_6m_late_ratio_min,ratio_rate_numeric,candidate_predictor,numeric_review_candidate,no,relationship_analysis,,,,,True,zero_heavy; extreme_skew;,False,
inst_recent_6m_underpaid_count_max,discrete_count_numeric,candidate_predictor,numeric_review_candidate,no,relationship_analysis,,,,,True,zero_heavy;,False,
inst_recent_6m_underpaid_count_mean,discrete_count_numeric,candidate_predictor,numeric_review_candidate,no,relationship_analysis,,,,,True,not_integer_like; zero_heavy;,False,
inst_recent_6m_underpaid_count_sum,discrete_count_numeric,candidate_predictor,numeric_review_candidate,no,relationship_analysis,,,,,True,zero_heavy;,False,
inst_recent_6m_underpaid_ratio_adjusted_max,ratio_rate_numeric,candidate_predictor,numeric_review_candidate,no,relationship_analysis,,,,,True,zero_heavy; extreme_skew;,False,
inst_recent_6m_underpaid_ratio_adjusted_mean,ratio_rate_numeric,candidate_predictor,numeric_review_candidate,no,relationship_analysis,,,,,True,zero_heavy; extreme_skew;,False,
inst_recent_6m_underpaid_ratio_adjusted_min,ratio_rate_numeric,candidate_predictor,numeric_review_candidate,no,relationship_analysis,,,,,True,zero_heavy; extreme_skew;,False,
inst_recent_6m_underpaid_ratio_max,ratio_rate_numeric,candidate_predictor,numeric_review_candidate,no,relationship_analysis,,,,,True,zero_heavy; extreme_skew;,False,
inst_recent_6m_underpaid_ratio_mean,ratio_rate_numeric,candidate_predictor,numeric_review_candidate,no,relationship_analysis,,,,,True,zero_heavy; extreme_skew;,False,
inst_recent_6m_underpaid_ratio_min,ratio_rate_numeric,candidate_predictor,numeric_review_candidate,no,relationship_analysis,,,,,True,zero_heavy; extreme_skew;,False,
inst_total_paid_to_expected_ratio_max,ratio_rate_numeric,candidate_predictor,standard_univariate_profile,no,relationship_analysis,,,,,False,,False,
inst_total_paid_to_expected_ratio_mean,ratio_rate_numeric,candidate_predictor,numeric_review_candidate,no,relationship_analysis,,,,,True,extreme_skew;,False,
inst_total_paid_to_expected_ratio_min,ratio_rate_numeric,candidate_predictor,numeric_review_candidate,no,relationship_analysis,,,,,True,extreme_skew;,False,
pos_cnt_future_range_max,discrete_count_numeric,candidate_predictor,special_case_review,no,relationship_analysis,structured_missing_or_history_availability,possible_absence_of_history_or_unknown_record,structured_missing_handling_candidate_later,feature_engineering_and_modeling,False,,False,
pos_cnt_future_range_mean,discrete_count_numeric,candidate_predictor,special_case_review,no,relationship_analysis,structured_missing_or_history_availability,possible_absence_of_history_or_unknown_record,structured_missing_handling_candidate_later,feature_engineering_and_modeling,True,not_integer_like;,False,
pos_cnt_future_range_min,discrete_count_numeric,candidate_predictor,special_case_review,no,relationship_analysis,structured_missing_or_history_availability,possible_absence_of_history_or_unknown_record,structured_missing_handling_candidate_later,feature_engineering_and_modeling,False,,False,
pos_cnt_future_range_sum,discrete_count_numeric,candidate_predictor,special_case_review,no,relationship_analysis,structured_missing_or_history_availability,possible_absence_of_history_or_unknown_record,structured_missing_handling_candidate_later,feature_engineering_and_modeling,True,extreme_count_tail;,False,
pos_cnt_instalment_future_max_max,discrete_count_numeric,candidate_predictor,special_case_review,no,relationship_analysis,structured_missing_or_history_availability,possible_absence_of_history_or_unknown_record,structured_missing_handling_candidate_later,feature_engineering_and_modeling,False,,False,
pos_cnt_instalment_future_max_mean,discrete_count_numeric,candidate_predictor,special_case_review,no,relationship_analysis,structured_missing_or_history_availability,possible_absence_of_history_or_unknown_record,structured_missing_handling_candidate_later,feature_engineering_and_modeling,True,not_integer_like;,False,
pos_cnt_instalment_future_max_min,discrete_count_numeric,candidate_predictor,special_case_review,no,relationship_analysis,structured_missing_or_history_availability,possible_absence_of_history_or_unknown_record,structured_missing_handling_candidate_later,feature_engineering_and_modeling,False,,False,
pos_cnt_instalment_future_max_sum,discrete_count_numeric,candidate_predictor,special_case_review,no,relationship_analysis,structured_missing_or_history_availability,possible_absence_of_history_or_unknown_record,structured_missing_handling_candidate_later,feature_engineering_and_modeling,False,,False,
pos_cnt_instalment_future_mean_max,discrete_count_numeric,candidate_predictor,special_case_review,no,relationship_analysis,structured_missing_or_history_availability,possible_absence_of_history_or_unknown_record,structured_missing_handling_candidate_later,feature_engineering_and_modeling,True,not_integer_like;,False,
pos_cnt_instalment_future_mean_mean,discrete_count_numeric,candidate_predictor,special_case_review,no,relationship_analysis,structured_missing_or_history_availability,possible_absence_of_history_or_unknown_record,structured_missing_handling_candidate_later,feature_engineering_and_modeling,True,not_integer_like;,False,
pos_cnt_instalment_future_mean_min,discrete_count_numeric,candidate_predictor,special_case_review,no,relationship_analysis,structured_missing_or_history_availability,possible_absence_of_history_or_unknown_record,structured_missing_handling_candidate_later,feature_engineering_and_modeling,True,not_integer_like;,False,
pos_cnt_instalment_future_mean_sum,discrete_count_numeric,candidate_predictor,special_case_review,no,relationship_analysis,structured_missing_or_history_availability,possible_absence_of_history_or_unknown_record,structured_missing_handling_candidate_later,feature_engineering_and_modeling,True,not_integer_like;,False,
pos_cnt_instalment_max_max,discrete_count_numeric,candidate_predictor,special_case_review,no,relationship_analysis,structured_missing_or_history_availability,possible_absence_of_history_or_unknown_record,structured_missing_handling_candidate_later,feature_engineering_and_modeling,False,,False,
pos_cnt_instalment_max_mean,discrete_count_numeric,candidate_predictor,special_case_review,no,relationship_analysis,structured_missing_or_history_availability,possible_absence_of_history_or_unknown_record,structured_missing_handling_candidate_later,feature_engineering_and_modeling,True,not_integer_like;,False,
pos_cnt_instalment_max_min,discrete_count_numeric,candidate_predictor,special_case_review,no,relationship_analysis,structured_missing_or_history_availability,possible_absence_of_history_or_unknown_record,structured_missing_handling_candidate_later,feature_engineering_and_modeling,False,,False,
pos_cnt_instalment_max_sum,discrete_count_numeric,candidate_predictor,special_case_review,no,relationship_analysis,structured_missing_or_history_availability,possible_absence_of_history_or_unknown_record,structured_missing_handling_candidate_later,feature_engineering_and_modeling,False,,False,
pos_cnt_instalment_mean_max,discrete_count_numeric,candidate_predictor,special_case_review,no,relationship_analysis,structured_missing_or_history_availability,possible_absence_of_history_or_unknown_record,structured_missing_handling_candidate_later,feature_engineering_and_modeling,True,not_integer_like;,False,
pos_cnt_instalment_mean_mean,discrete_count_numeric,candidate_predictor,special_case_review,no,relationship_analysis,structured_missing_or_history_availability,possible_absence_of_history_or_unknown_record,structured_missing_handling_candidate_later,feature_engineering_and_modeling,True,not_integer_like;,False,
pos_cnt_instalment_mean_min,discrete_count_numeric,candidate_predictor,special_case_review,no,relationship_analysis,structured_missing_or_history_availability,possible_absence_of_history_or_unknown_record,structured_missing_handling_candidate_later,feature_engineering_and_modeling,True,not_integer_like;,False,
pos_cnt_instalment_mean_sum,discrete_count_numeric,candidate_predictor,special_case_review,no,relationship_analysis,structured_missing_or_history_availability,possible_absence_of_history_or_unknown_record,structured_missing_handling_candidate_later,feature_engineering_and_modeling,True,not_integer_like;,False,
pos_cnt_instalment_range_max,discrete_count_numeric,candidate_predictor,special_case_review,no,relationship_analysis,structured_missing_or_history_availability,possible_absence_of_history_or_unknown_record,structured_missing_handling_candidate_later,feature_engineering_and_modeling,False,,False,
pos_cnt_instalment_range_mean,discrete_count_numeric,candidate_predictor,special_case_review,no,relationship_analysis,structured_missing_or_history_availability,possible_absence_of_history_or_unknown_record,structured_missing_handling_candidate_later,feature_engineering_and_modeling,True,not_integer_like;,False,
pos_cnt_instalment_range_min,discrete_count_numeric,candidate_predictor,special_case_review,no,relationship_analysis,structured_missing_or_history_availability,possible_absence_of_history_or_unknown_record,structured_missing_handling_candidate_later,feature_engineering_and_modeling,True,zero_heavy;,False,
pos_cnt_instalment_range_sum,discrete_count_numeric,candidate_predictor,special_case_review,no,relationship_analysis,structured_missing_or_history_availability,possible_absence_of_history_or_unknown_record,structured_missing_handling_candidate_later,feature_engineering_and_modeling,False,,False,
pos_cnt_instalment_unique_count_max_x,discrete_count_numeric,candidate_predictor,special_case_review,no,relationship_analysis,structured_missing_or_history_availability,possible_absence_of_history_or_unknown_record,structured_missing_handling_candidate_later,feature_engineering_and_modeling,False,,False,
pos_cnt_instalment_unique_count_max_y,discrete_count_numeric,candidate_predictor,special_case_review,no,relationship_analysis,structured_missing_or_history_availability,possible_absence_of_history_or_unknown_record,structured_missing_handling_candidate_later,feature_engineering_and_modeling,False,,False,
pos_cnt_instalment_unique_count_mean_x,discrete_count_numeric,candidate_predictor,special_case_review,no,relationship_analysis,structured_missing_or_history_availability,possible_absence_of_history_or_unknown_record,structured_missing_handling_candidate_later,feature_engineering_and_modeling,True,not_integer_like;,False,
pos_cnt_instalment_unique_count_mean_y,discrete_count_numeric,candidate_predictor,special_case_review,no,relationship_analysis,structured_missing_or_history_availability,possible_absence_of_history_or_unknown_record,structured_missing_handling_candidate_later,feature_engineering_and_modeling,True,not_integer_like;,False,
pos_cnt_instalment_unique_count_min,discrete_count_numeric,candidate_predictor,special_case_review,no,relationship_analysis,structured_missing_or_history_availability,possible_absence_of_history_or_unknown_record,structured_missing_handling_candidate_later,feature_engineering_and_modeling,False,,False,
pos_cnt_instalment_unique_count_sum_x,discrete_count_numeric,candidate_predictor,special_case_review,no,relationship_analysis,structured_missing_or_history_availability,possible_absence_of_history_or_unknown_record,structured_missing_handling_candidate_later,feature_engineering_and_modeling,False,,False,
pos_cnt_instalment_unique_count_sum_y,discrete_count_numeric,candidate_predictor,special_case_review,no,relationship_analysis,structured_missing_or_history_availability,possible_absence_of_history_or_unknown_record,structured_missing_handling_candidate_later,feature_engineering_and_modeling,False,,False,
pos_contract_count,discrete_count_numeric,candidate_predictor,special_case_review,no,relationship_analysis,structured_missing_or_history_availability,possible_absence_of_history_or_unknown_record,structured_missing_handling_candidate_later,feature_engineering_and_modeling,False,,False,
pos_contract_with_dpd_30plus_count,discrete_count_numeric,candidate_predictor,special_case_review,no,relationship_analysis,structured_missing_or_history_availability,possible_absence_of_history_or_unknown_record,structured_missing_handling_candidate_later,feature_engineering_and_modeling,True,zero_heavy;,False,
pos_contract_with_dpd_30plus_ratio,ratio_rate_numeric,candidate_predictor,special_case_review,no,relationship_analysis,structured_missing_or_history_availability,possible_absence_of_history_or_unknown_record,structured_missing_handling_candidate_later,feature_engineering_and_modeling,True,zero_heavy; extreme_skew;,False,
pos_contract_with_dpd_60plus_count,discrete_count_numeric,candidate_predictor,special_case_review,no,relationship_analysis,structured_missing_or_history_availability,possible_absence_of_history_or_unknown_record,structured_missing_handling_candidate_later,feature_engineering_and_modeling,True,zero_heavy;,False,
pos_contract_with_dpd_60plus_ratio,ratio_rate_numeric,candidate_predictor,special_case_review,no,relationship_analysis,structured_missing_or_history_availability,possible_absence_of_history_or_unknown_record,structured_missing_handling_candidate_later,feature_engineering_and_modeling,True,zero_heavy; extreme_skew;,False,
pos_contract_with_dpd_90plus_count,discrete_count_numeric,candidate_predictor,special_case_review,no,relationship_analysis,structured_missing_or_history_availability,possible_absence_of_history_or_unknown_record,structured_missing_handling_candidate_later,feature_engineering_and_modeling,True,zero_heavy;,False,
pos_contract_with_dpd_90plus_ratio,ratio_rate_numeric,candidate_predictor,special_case_review,no,relationship_analysis,structured_missing_or_history_availability,possible_absence_of_history_or_unknown_record,structured_missing_handling_candidate_later,feature_engineering_and_modeling,True,zero_heavy; extreme_skew;,False,
pos_contract_with_dpd_count,discrete_count_numeric,candidate_predictor,special_case_review,no,relationship_analysis,structured_missing_or_history_availability,possible_absence_of_history_or_unknown_record,structured_missing_handling_candidate_later,feature_engineering_and_modeling,True,zero_heavy;,False,
pos_contract_with_dpd_def_30plus_count,discrete_count_numeric,candidate_predictor,special_case_review,no,relationship_analysis,structured_missing_or_history_availability,possible_absence_of_history_or_unknown_record,structured_missing_handling_candidate_later,feature_engineering_and_modeling,True,zero_heavy;,False,
pos_contract_with_dpd_def_30plus_ratio,ratio_rate_numeric,candidate_predictor,special_case_review,no,relationship_analysis,structured_missing_or_history_availability,possible_absence_of_history_or_unknown_record,structured_missing_handling_candidate_later,feature_engineering_and_modeling,True,zero_heavy; extreme_skew;,False,
pos_contract_with_dpd_def_60plus_count,discrete_count_numeric,candidate_predictor,special_case_review,no,relationship_analysis,structured_missing_or_history_availability,possible_absence_of_history_or_unknown_record,structured_missing_handling_candidate_later,feature_engineering_and_modeling,True,zero_heavy;,False,
pos_contract_with_dpd_def_60plus_ratio,ratio_rate_numeric,candidate_predictor,special_case_review,no,relationship_analysis,structured_missing_or_history_availability,possible_absence_of_history_or_unknown_record,structured_missing_handling_candidate_later,feature_engineering_and_modeling,True,zero_heavy; extreme_skew;,False,
pos_contract_with_dpd_def_90plus_count,discrete_count_numeric,candidate_predictor,special_case_review,no,relationship_analysis,structured_missing_or_history_availability,possible_absence_of_history_or_unknown_record,structured_missing_handling_candidate_later,feature_engineering_and_modeling,True,zero_heavy;,False,
pos_contract_with_dpd_def_90plus_ratio,ratio_rate_numeric,candidate_predictor,special_case_review,no,relationship_analysis,structured_missing_or_history_availability,possible_absence_of_history_or_unknown_record,structured_missing_handling_candidate_later,feature_engineering_and_modeling,True,zero_heavy; extreme_skew;,False,
pos_contract_with_dpd_def_count,discrete_count_numeric,candidate_predictor,special_case_review,no,relationship_analysis,structured_missing_or_history_availability,possible_absence_of_history_or_unknown_record,structured_missing_handling_candidate_later,feature_engineering_and_modeling,True,zero_heavy;,False,
pos_contract_with_dpd_def_ratio,ratio_rate_numeric,candidate_predictor,special_case_review,no,relationship_analysis,structured_missing_or_history_availability,possible_absence_of_history_or_unknown_record,structured_missing_handling_candidate_later,feature_engineering_and_modeling,True,zero_heavy;,False,
pos_contract_with_dpd_ratio,ratio_rate_numeric,candidate_predictor,special_case_review,no,relationship_analysis,structured_missing_or_history_availability,possible_absence_of_history_or_unknown_record,structured_missing_handling_candidate_later,feature_engineering_and_modeling,True,zero_heavy;,False,
pos_contract_with_instalment_change_count,discrete_count_numeric,candidate_predictor,special_case_review,no,relationship_analysis,structured_missing_or_history_availability,possible_absence_of_history_or_unknown_record,structured_missing_handling_candidate_later,feature_engineering_and_modeling,False,,False,
pos_contract_with_instalment_change_ratio,ratio_rate_numeric,candidate_predictor,special_case_review,no,relationship_analysis,structured_missing_or_history_availability,possible_absence_of_history_or_unknown_record,structured_missing_handling_candidate_later,feature_engineering_and_modeling,False,,False,
pos_dpd_30plus_count_max,discrete_count_numeric,candidate_predictor,special_case_review,no,relationship_analysis,structured_missing_or_history_availability,possible_absence_of_history_or_unknown_record,structured_missing_handling_candidate_later,feature_engineering_and_modeling,True,zero_heavy;,False,
pos_dpd_30plus_count_mean,discrete_count_numeric,candidate_predictor,special_case_review,no,relationship_analysis,structured_missing_or_history_availability,possible_absence_of_history_or_unknown_record,structured_missing_handling_candidate_later,feature_engineering_and_modeling,True,not_integer_like; zero_heavy;,False,
pos_dpd_30plus_count_sum,discrete_count_numeric,candidate_predictor,special_case_review,no,relationship_analysis,structured_missing_or_history_availability,possible_absence_of_history_or_unknown_record,structured_missing_handling_candidate_later,feature_engineering_and_modeling,True,zero_heavy;,False,
pos_dpd_30plus_ratio_max,ratio_rate_numeric,candidate_predictor,special_case_review,no,relationship_analysis,structured_missing_or_history_availability,possible_absence_of_history_or_unknown_record,structured_missing_handling_candidate_later,feature_engineering_and_modeling,True,zero_heavy; extreme_skew;,False,
pos_dpd_30plus_ratio_mean,ratio_rate_numeric,candidate_predictor,special_case_review,no,relationship_analysis,structured_missing_or_history_availability,possible_absence_of_history_or_unknown_record,structured_missing_handling_candidate_later,feature_engineering_and_modeling,True,zero_heavy; extreme_skew;,False,
pos_dpd_30plus_ratio_min,ratio_rate_numeric,candidate_predictor,special_case_review,no,relationship_analysis,structured_missing_or_history_availability,possible_absence_of_history_or_unknown_record,structured_missing_handling_candidate_later,feature_engineering_and_modeling,True,zero_heavy; extreme_skew;,False,
pos_dpd_60plus_count_max,discrete_count_numeric,candidate_predictor,special_case_review,no,relationship_analysis,structured_missing_or_history_availability,possible_absence_of_history_or_unknown_record,structured_missing_handling_candidate_later,feature_engineering_and_modeling,True,zero_heavy;,False,
pos_dpd_60plus_count_mean,discrete_count_numeric,candidate_predictor,special_case_review,no,relationship_analysis,structured_missing_or_history_availability,possible_absence_of_history_or_unknown_record,structured_missing_handling_candidate_later,feature_engineering_and_modeling,True,not_integer_like; zero_heavy;,False,
pos_dpd_60plus_count_sum,discrete_count_numeric,candidate_predictor,special_case_review,no,relationship_analysis,structured_missing_or_history_availability,possible_absence_of_history_or_unknown_record,structured_missing_handling_candidate_later,feature_engineering_and_modeling,True,zero_heavy;,False,
pos_dpd_60plus_ratio_max,ratio_rate_numeric,candidate_predictor,special_case_review,no,relationship_analysis,structured_missing_or_history_availability,possible_absence_of_history_or_unknown_record,structured_missing_handling_candidate_later,feature_engineering_and_modeling,True,zero_heavy; extreme_skew;,False,
pos_dpd_60plus_ratio_mean,ratio_rate_numeric,candidate_predictor,special_case_review,no,relationship_analysis,structured_missing_or_history_availability,possible_absence_of_history_or_unknown_record,structured_missing_handling_candidate_later,feature_engineering_and_modeling,True,zero_heavy; extreme_skew;,False,
pos_dpd_60plus_ratio_min,ratio_rate_numeric,candidate_predictor,special_case_review,no,relationship_analysis,structured_missing_or_history_availability,possible_absence_of_history_or_unknown_record,structured_missing_handling_candidate_later,feature_engineering_and_modeling,True,zero_heavy; extreme_skew;,False,
pos_dpd_90plus_count_max,discrete_count_numeric,candidate_predictor,special_case_review,no,relationship_analysis,structured_missing_or_history_availability,possible_absence_of_history_or_unknown_record,structured_missing_handling_candidate_later,feature_engineering_and_modeling,True,zero_heavy;,False,
pos_dpd_90plus_count_mean,discrete_count_numeric,candidate_predictor,special_case_review,no,relationship_analysis,structured_missing_or_history_availability,possible_absence_of_history_or_unknown_record,structured_missing_handling_candidate_later,feature_engineering_and_modeling,True,not_integer_like; zero_heavy;,False,
pos_dpd_90plus_count_sum,discrete_count_numeric,candidate_predictor,special_case_review,no,relationship_analysis,structured_missing_or_history_availability,possible_absence_of_history_or_unknown_record,structured_missing_handling_candidate_later,feature_engineering_and_modeling,True,zero_heavy;,False,
pos_dpd_90plus_ratio_max,ratio_rate_numeric,candidate_predictor,special_case_review,no,relationship_analysis,structured_missing_or_history_availability,possible_absence_of_history_or_unknown_record,structured_missing_handling_candidate_later,feature_engineering_and_modeling,True,zero_heavy; extreme_skew;,False,
pos_dpd_90plus_ratio_mean,ratio_rate_numeric,candidate_predictor,special_case_review,no,relationship_analysis,structured_missing_or_history_availability,possible_absence_of_history_or_unknown_record,structured_missing_handling_candidate_later,feature_engineering_and_modeling,True,zero_heavy; extreme_skew;,False,
pos_dpd_90plus_ratio_min,ratio_rate_numeric,candidate_predictor,special_case_review,no,relationship_analysis,structured_missing_or_history_availability,possible_absence_of_history_or_unknown_record,structured_missing_handling_candidate_later,feature_engineering_and_modeling,True,zero_heavy; extreme_skew;,False,
pos_dpd_def_30plus_count_max,discrete_count_numeric,candidate_predictor,special_case_review,no,relationship_analysis,structured_missing_or_history_availability,possible_absence_of_history_or_unknown_record,structured_missing_handling_candidate_later,feature_engineering_and_modeling,True,zero_heavy;,False,
pos_dpd_def_30plus_count_mean,discrete_count_numeric,candidate_predictor,special_case_review,no,relationship_analysis,structured_missing_or_history_availability,possible_absence_of_history_or_unknown_record,structured_missing_handling_candidate_later,feature_engineering_and_modeling,True,not_integer_like; zero_heavy;,False,
pos_dpd_def_30plus_count_sum,discrete_count_numeric,candidate_predictor,special_case_review,no,relationship_analysis,structured_missing_or_history_availability,possible_absence_of_history_or_unknown_record,structured_missing_handling_candidate_later,feature_engineering_and_modeling,True,zero_heavy;,False,
pos_dpd_def_30plus_ratio_max,ratio_rate_numeric,candidate_predictor,special_case_review,no,relationship_analysis,structured_missing_or_history_availability,possible_absence_of_history_or_unknown_record,structured_missing_handling_candidate_later,feature_engineering_and_modeling,True,zero_heavy; extreme_skew;,False,
pos_dpd_def_30plus_ratio_mean,ratio_rate_numeric,candidate_predictor,special_case_review,no,relationship_analysis,structured_missing_or_history_availability,possible_absence_of_history_or_unknown_record,structured_missing_handling_candidate_later,feature_engineering_and_modeling,True,zero_heavy; extreme_skew;,False,
pos_dpd_def_30plus_ratio_min,ratio_rate_numeric,candidate_predictor,special_case_review,no,relationship_analysis,structured_missing_or_history_availability,possible_absence_of_history_or_unknown_record,structured_missing_handling_candidate_later,feature_engineering_and_modeling,True,zero_heavy; extreme_skew;,False,
pos_dpd_def_60plus_count_max,discrete_count_numeric,candidate_predictor,special_case_review,no,relationship_analysis,structured_missing_or_history_availability,possible_absence_of_history_or_unknown_record,structured_missing_handling_candidate_later,feature_engineering_and_modeling,True,zero_heavy;,False,
pos_dpd_def_60plus_count_mean,discrete_count_numeric,candidate_predictor,special_case_review,no,relationship_analysis,structured_missing_or_history_availability,possible_absence_of_history_or_unknown_record,structured_missing_handling_candidate_later,feature_engineering_and_modeling,True,not_integer_like; zero_heavy;,False,
pos_dpd_def_60plus_count_sum,discrete_count_numeric,candidate_predictor,special_case_review,no,relationship_analysis,structured_missing_or_history_availability,possible_absence_of_history_or_unknown_record,structured_missing_handling_candidate_later,feature_engineering_and_modeling,True,zero_heavy;,False,
pos_dpd_def_60plus_ratio_max,ratio_rate_numeric,candidate_predictor,special_case_review,no,relationship_analysis,structured_missing_or_history_availability,possible_absence_of_history_or_unknown_record,structured_missing_handling_candidate_later,feature_engineering_and_modeling,True,zero_heavy; extreme_skew;,False,
pos_dpd_def_60plus_ratio_mean,ratio_rate_numeric,candidate_predictor,special_case_review,no,relationship_analysis,structured_missing_or_history_availability,possible_absence_of_history_or_unknown_record,structured_missing_handling_candidate_later,feature_engineering_and_modeling,True,zero_heavy; extreme_skew;,False,
pos_dpd_def_60plus_ratio_min,ratio_rate_numeric,candidate_predictor,special_case_review,no,relationship_analysis,structured_missing_or_history_availability,possible_absence_of_history_or_unknown_record,structured_missing_handling_candidate_later,feature_engineering_and_modeling,True,zero_heavy; extreme_skew;,False,
pos_dpd_def_90plus_count_max,discrete_count_numeric,candidate_predictor,special_case_review,no,relationship_analysis,structured_missing_or_history_availability,possible_absence_of_history_or_unknown_record,structured_missing_handling_candidate_later,feature_engineering_and_modeling,True,zero_heavy;,False,
pos_dpd_def_90plus_count_mean,discrete_count_numeric,candidate_predictor,special_case_review,no,relationship_analysis,structured_missing_or_history_availability,possible_absence_of_history_or_unknown_record,structured_missing_handling_candidate_later,feature_engineering_and_modeling,True,not_integer_like; zero_heavy;,False,
pos_dpd_def_90plus_count_sum,discrete_count_numeric,candidate_predictor,special_case_review,no,relationship_analysis,structured_missing_or_history_availability,possible_absence_of_history_or_unknown_record,structured_missing_handling_candidate_later,feature_engineering_and_modeling,True,zero_heavy;,False,
pos_dpd_def_90plus_ratio_max,ratio_rate_numeric,candidate_predictor,special_case_review,no,relationship_analysis,structured_missing_or_history_availability,possible_absence_of_history_or_unknown_record,structured_missing_handling_candidate_later,feature_engineering_and_modeling,True,zero_heavy; extreme_skew;,False,
pos_dpd_def_90plus_ratio_mean,ratio_rate_numeric,candidate_predictor,special_case_review,no,relationship_analysis,structured_missing_or_history_availability,possible_absence_of_history_or_unknown_record,structured_missing_handling_candidate_later,feature_engineering_and_modeling,True,zero_heavy; extreme_skew;,False,
pos_dpd_def_90plus_ratio_min,ratio_rate_numeric,candidate_predictor,special_case_review,no,relationship_analysis,structured_missing_or_history_availability,possible_absence_of_history_or_unknown_record,structured_missing_handling_candidate_later,feature_engineering_and_modeling,True,zero_heavy; extreme_skew;,False,
pos_dpd_def_max_max,overdue_delay_numeric,candidate_predictor,special_case_review,no,relationship_analysis,structured_missing_or_history_availability,possible_absence_of_history_or_unknown_record,structured_missing_handling_candidate_later,feature_engineering_and_modeling,True,zero_heavy_delay; has_late_delay_signal; severe_delay_signal; extreme_delay_signal;,False,
pos_dpd_def_max_mean,overdue_delay_numeric,candidate_predictor,special_case_review,no,relationship_analysis,structured_missing_or_history_availability,possible_absence_of_history_or_unknown_record,structured_missing_handling_candidate_later,feature_engineering_and_modeling,True,zero_heavy_delay; has_late_delay_signal; severe_delay_signal; extreme_delay_signal;,False,
pos_dpd_def_max_min,overdue_delay_numeric,candidate_predictor,special_case_review,no,relationship_analysis,structured_missing_or_history_availability,possible_absence_of_history_or_unknown_record,structured_missing_handling_candidate_later,feature_engineering_and_modeling,True,zero_heavy_delay; has_late_delay_signal; severe_delay_signal; extreme_delay_signal; rare_severe_delay_signal;,False,
pos_dpd_def_max_sum,overdue_delay_numeric,candidate_predictor,special_case_review,no,relationship_analysis,structured_missing_or_history_availability,possible_absence_of_history_or_unknown_record,structured_missing_handling_candidate_later,feature_engineering_and_modeling,True,zero_heavy_delay; has_late_delay_signal; severe_delay_signal; extreme_delay_signal;,False,
pos_dpd_def_mean_max,overdue_delay_numeric,candidate_predictor,special_case_review,no,relationship_analysis,structured_missing_or_history_availability,possible_absence_of_history_or_unknown_record,structured_missing_handling_candidate_later,feature_engineering_and_modeling,True,zero_heavy_delay; has_late_delay_signal; severe_delay_signal; extreme_delay_signal;,False,
pos_dpd_def_mean_mean,overdue_delay_numeric,candidate_predictor,special_case_review,no,relationship_analysis,structured_missing_or_history_availability,possible_absence_of_history_or_unknown_record,structured_missing_handling_candidate_later,feature_engineering_and_modeling,True,zero_heavy_delay; has_late_delay_signal; severe_delay_signal; extreme_delay_signal;,False,
pos_dpd_def_mean_min,overdue_delay_numeric,candidate_predictor,special_case_review,no,relationship_analysis,structured_missing_or_history_availability,possible_absence_of_history_or_unknown_record,structured_missing_handling_candidate_later,feature_engineering_and_modeling,True,zero_heavy_delay; has_late_delay_signal; extreme_delay_signal; rare_severe_delay_signal;,False,
pos_dpd_def_mean_sum,overdue_delay_numeric,candidate_predictor,special_case_review,no,relationship_analysis,structured_missing_or_history_availability,possible_absence_of_history_or_unknown_record,structured_missing_handling_candidate_later,feature_engineering_and_modeling,True,zero_heavy_delay; has_late_delay_signal; severe_delay_signal; extreme_delay_signal;,False,
pos_dpd_def_sum_max,overdue_delay_numeric,candidate_predictor,special_case_review,no,relationship_analysis,structured_missing_or_history_availability,possible_absence_of_history_or_unknown_record,structured_missing_handling_candidate_later,feature_engineering_and_modeling,True,zero_heavy_delay; has_late_delay_signal; severe_delay_signal; extreme_delay_signal;,False,
pos_dpd_def_sum_mean,overdue_delay_numeric,candidate_predictor,special_case_review,no,relationship_analysis,structured_missing_or_history_availability,possible_absence_of_history_or_unknown_record,structured_missing_handling_candidate_later,feature_engineering_and_modeling,True,zero_heavy_delay; has_late_delay_signal; severe_delay_signal; extreme_delay_signal;,False,
pos_dpd_def_sum_min,overdue_delay_numeric,candidate_predictor,special_case_review,no,relationship_analysis,structured_missing_or_history_availability,possible_absence_of_history_or_unknown_record,structured_missing_handling_candidate_later,feature_engineering_and_modeling,True,zero_heavy_delay; has_late_delay_signal; severe_delay_signal; extreme_delay_signal; rare_severe_delay_signal;,False,
pos_dpd_def_sum_sum,overdue_delay_numeric,candidate_predictor,special_case_review,no,relationship_analysis,structured_missing_or_history_availability,possible_absence_of_history_or_unknown_record,structured_missing_handling_candidate_later,feature_engineering_and_modeling,True,zero_heavy_delay; has_late_delay_signal; severe_delay_signal; extreme_delay_signal;,False,
pos_dpd_max_max,overdue_delay_numeric,candidate_predictor,special_case_review,no,relationship_analysis,structured_missing_or_history_availability,possible_absence_of_history_or_unknown_record,structured_missing_handling_candidate_later,feature_engineering_and_modeling,True,has_late_delay_signal; severe_delay_signal; extreme_delay_signal;,False,
pos_dpd_max_mean,overdue_delay_numeric,candidate_predictor,special_case_review,no,relationship_analysis,structured_missing_or_history_availability,possible_absence_of_history_or_unknown_record,structured_missing_handling_candidate_later,feature_engineering_and_modeling,True,has_late_delay_signal; severe_delay_signal; extreme_delay_signal;,False,
pos_dpd_max_min,overdue_delay_numeric,candidate_predictor,special_case_review,no,relationship_analysis,structured_missing_or_history_availability,possible_absence_of_history_or_unknown_record,structured_missing_handling_candidate_later,feature_engineering_and_modeling,True,zero_heavy_delay; has_late_delay_signal; severe_delay_signal; extreme_delay_signal; rare_severe_delay_signal;,False,
pos_dpd_max_sum,overdue_delay_numeric,candidate_predictor,special_case_review,no,relationship_analysis,structured_missing_or_history_availability,possible_absence_of_history_or_unknown_record,structured_missing_handling_candidate_later,feature_engineering_and_modeling,True,has_late_delay_signal; severe_delay_signal; extreme_delay_signal;,False,
pos_dpd_mean_max,overdue_delay_numeric,candidate_predictor,special_case_review,no,relationship_analysis,structured_missing_or_history_availability,possible_absence_of_history_or_unknown_record,structured_missing_handling_candidate_later,feature_engineering_and_modeling,True,has_late_delay_signal; severe_delay_signal; extreme_delay_signal;,False,
pos_dpd_mean_mean,overdue_delay_numeric,candidate_predictor,special_case_review,no,relationship_analysis,structured_missing_or_history_availability,possible_absence_of_history_or_unknown_record,structured_missing_handling_candidate_later,feature_engineering_and_modeling,True,has_late_delay_signal; severe_delay_signal; extreme_delay_signal;,False,
pos_dpd_mean_min,overdue_delay_numeric,candidate_predictor,special_case_review,no,relationship_analysis,structured_missing_or_history_availability,possible_absence_of_history_or_unknown_record,structured_missing_handling_candidate_later,feature_engineering_and_modeling,True,zero_heavy_delay; has_late_delay_signal; severe_delay_signal; extreme_delay_signal; rare_severe_delay_signal;,False,
pos_dpd_mean_sum,overdue_delay_numeric,candidate_predictor,special_case_review,no,relationship_analysis,structured_missing_or_history_availability,possible_absence_of_history_or_unknown_record,structured_missing_handling_candidate_later,feature_engineering_and_modeling,True,has_late_delay_signal; severe_delay_signal; extreme_delay_signal;,False,
pos_dpd_sum_max,overdue_delay_numeric,candidate_predictor,special_case_review,no,relationship_analysis,structured_missing_or_history_availability,possible_absence_of_history_or_unknown_record,structured_missing_handling_candidate_later,feature_engineering_and_modeling,True,has_late_delay_signal; severe_delay_signal; extreme_delay_signal;,False,
pos_dpd_sum_mean,overdue_delay_numeric,candidate_predictor,special_case_review,no,relationship_analysis,structured_missing_or_history_availability,possible_absence_of_history_or_unknown_record,structured_missing_handling_candidate_later,feature_engineering_and_modeling,True,has_late_delay_signal; severe_delay_signal; extreme_delay_signal;,False,
pos_dpd_sum_min,overdue_delay_numeric,candidate_predictor,special_case_review,no,relationship_analysis,structured_missing_or_history_availability,possible_absence_of_history_or_unknown_record,structured_missing_handling_candidate_later,feature_engineering_and_modeling,True,zero_heavy_delay; has_late_delay_signal; severe_delay_signal; extreme_delay_signal; rare_severe_delay_signal;,False,
pos_dpd_sum_sum,overdue_delay_numeric,candidate_predictor,special_case_review,no,relationship_analysis,structured_missing_or_history_availability,possible_absence_of_history_or_unknown_record,structured_missing_handling_candidate_later,feature_engineering_and_modeling,True,has_late_delay_signal; severe_delay_signal; extreme_delay_signal;,False,
pos_future_ratio_max_max,ratio_rate_numeric,candidate_predictor,special_case_review,no,relationship_analysis,structured_missing_or_history_availability,possible_absence_of_history_or_unknown_record,structured_missing_handling_candidate_later,feature_engineering_and_modeling,True,extreme_skew;,False,
pos_future_ratio_max_mean,ratio_rate_numeric,candidate_predictor,special_case_review,no,relationship_analysis,structured_missing_or_history_availability,possible_absence_of_history_or_unknown_record,structured_missing_handling_candidate_later,feature_engineering_and_modeling,False,,False,
pos_future_ratio_max_min,ratio_rate_numeric,candidate_predictor,special_case_review,no,relationship_analysis,structured_missing_or_history_availability,possible_absence_of_history_or_unknown_record,structured_missing_handling_candidate_later,feature_engineering_and_modeling,False,,False,
pos_future_ratio_max_sum,ratio_rate_numeric,candidate_predictor,special_case_review,no,relationship_analysis,structured_missing_or_history_availability,possible_absence_of_history_or_unknown_record,structured_missing_handling_candidate_later,feature_engineering_and_modeling,False,,False,
pos_future_ratio_mean_max,ratio_rate_numeric,candidate_predictor,special_case_review,no,relationship_analysis,structured_missing_or_history_availability,possible_absence_of_history_or_unknown_record,structured_missing_handling_candidate_later,feature_engineering_and_modeling,False,,False,
pos_future_ratio_mean_mean,ratio_rate_numeric,candidate_predictor,special_case_review,no,relationship_analysis,structured_missing_or_history_availability,possible_absence_of_history_or_unknown_record,structured_missing_handling_candidate_later,feature_engineering_and_modeling,False,,False,
pos_future_ratio_mean_min,ratio_rate_numeric,candidate_predictor,special_case_review,no,relationship_analysis,structured_missing_or_history_availability,possible_absence_of_history_or_unknown_record,structured_missing_handling_candidate_later,feature_engineering_and_modeling,True,high_outlier_burden;,False,
pos_future_ratio_mean_sum,ratio_rate_numeric,candidate_predictor,special_case_review,no,relationship_analysis,structured_missing_or_history_availability,possible_absence_of_history_or_unknown_record,structured_missing_handling_candidate_later,feature_engineering_and_modeling,False,,False,
pos_has_dpd_count_max,discrete_count_numeric,candidate_predictor,special_case_review,no,relationship_analysis,structured_missing_or_history_availability,possible_absence_of_history_or_unknown_record,structured_missing_handling_candidate_later,feature_engineering_and_modeling,True,zero_heavy;,False,
pos_has_dpd_count_mean,ratio_rate_numeric,candidate_predictor,special_case_review,no,relationship_analysis,structured_missing_or_history_availability,possible_absence_of_history_or_unknown_record,structured_missing_handling_candidate_later,feature_engineering_and_modeling,True,zero_heavy; extreme_skew;,False,
pos_has_dpd_count_sum,discrete_count_numeric,candidate_predictor,special_case_review,no,relationship_analysis,structured_missing_or_history_availability,possible_absence_of_history_or_unknown_record,structured_missing_handling_candidate_later,feature_engineering_and_modeling,True,zero_heavy;,False,
pos_has_dpd_def_count_max,discrete_count_numeric,candidate_predictor,special_case_review,no,relationship_analysis,structured_missing_or_history_availability,possible_absence_of_history_or_unknown_record,structured_missing_handling_candidate_later,feature_engineering_and_modeling,True,zero_heavy;,False,
pos_has_dpd_def_count_mean,ratio_rate_numeric,candidate_predictor,special_case_review,no,relationship_analysis,structured_missing_or_history_availability,possible_absence_of_history_or_unknown_record,structured_missing_handling_candidate_later,feature_engineering_and_modeling,True,zero_heavy; extreme_skew;,False,
pos_has_dpd_def_count_sum,discrete_count_numeric,candidate_predictor,special_case_review,no,relationship_analysis,structured_missing_or_history_availability,possible_absence_of_history_or_unknown_record,structured_missing_handling_candidate_later,feature_engineering_and_modeling,True,zero_heavy;,False,
pos_has_dpd_def_ratio_max,ratio_rate_numeric,candidate_predictor,special_case_review,no,relationship_analysis,structured_missing_or_history_availability,possible_absence_of_history_or_unknown_record,structured_missing_handling_candidate_later,feature_engineering_and_modeling,True,zero_heavy;,False,
pos_has_dpd_def_ratio_mean,ratio_rate_numeric,candidate_predictor,special_case_review,no,relationship_analysis,structured_missing_or_history_availability,possible_absence_of_history_or_unknown_record,structured_missing_handling_candidate_later,feature_engineering_and_modeling,True,zero_heavy; extreme_skew;,False,
pos_has_dpd_def_ratio_min,ratio_rate_numeric,candidate_predictor,special_case_review,no,relationship_analysis,structured_missing_or_history_availability,possible_absence_of_history_or_unknown_record,structured_missing_handling_candidate_later,feature_engineering_and_modeling,True,zero_heavy; extreme_skew;,False,
pos_has_dpd_ratio_max,ratio_rate_numeric,candidate_predictor,special_case_review,no,relationship_analysis,structured_missing_or_history_availability,possible_absence_of_history_or_unknown_record,structured_missing_handling_candidate_later,feature_engineering_and_modeling,True,zero_heavy;,False,
pos_has_dpd_ratio_mean,ratio_rate_numeric,candidate_predictor,special_case_review,no,relationship_analysis,structured_missing_or_history_availability,possible_absence_of_history_or_unknown_record,structured_missing_handling_candidate_later,feature_engineering_and_modeling,True,zero_heavy; extreme_skew;,False,
pos_has_dpd_ratio_min,ratio_rate_numeric,candidate_predictor,special_case_review,no,relationship_analysis,structured_missing_or_history_availability,possible_absence_of_history_or_unknown_record,structured_missing_handling_candidate_later,feature_engineering_and_modeling,True,zero_heavy; extreme_skew;,False,
pos_has_future_installment_count_max,discrete_count_numeric,candidate_predictor,special_case_review,no,relationship_analysis,structured_missing_or_history_availability,possible_absence_of_history_or_unknown_record,structured_missing_handling_candidate_later,feature_engineering_and_modeling,False,,False,
pos_has_future_installment_count_mean,ratio_rate_numeric,candidate_predictor,special_case_review,no,relationship_analysis,structured_missing_or_history_availability,possible_absence_of_history_or_unknown_record,structured_missing_handling_candidate_later,feature_engineering_and_modeling,False,,False,
pos_has_future_installment_count_sum,discrete_count_numeric,candidate_predictor,special_case_review,no,relationship_analysis,structured_missing_or_history_availability,possible_absence_of_history_or_unknown_record,structured_missing_handling_candidate_later,feature_engineering_and_modeling,False,,False,
pos_has_future_installment_ratio_max,ratio_rate_numeric,candidate_predictor,special_case_review,no,relationship_analysis,structured_missing_or_history_availability,possible_absence_of_history_or_unknown_record,structured_missing_handling_candidate_later,feature_engineering_and_modeling,False,,False,
pos_has_future_installment_ratio_mean,ratio_rate_numeric,candidate_predictor,special_case_review,no,relationship_analysis,structured_missing_or_history_availability,possible_absence_of_history_or_unknown_record,structured_missing_handling_candidate_later,feature_engineering_and_modeling,False,,False,
pos_has_future_installment_ratio_min,ratio_rate_numeric,candidate_predictor,special_case_review,no,relationship_analysis,structured_missing_or_history_availability,possible_absence_of_history_or_unknown_record,structured_missing_handling_candidate_later,feature_engineering_and_modeling,False,,False,
pos_instalment_change_flag_max,binary_flag,candidate_predictor,special_case_review,no,relationship_analysis,structured_missing_or_history_availability,possible_absence_of_history_or_unknown_record,structured_missing_handling_candidate_later,feature_engineering_and_modeling,,,False,
pos_instalment_change_flag_mean,ratio_rate_numeric,candidate_predictor,special_case_review,no,relationship_analysis,structured_missing_or_history_availability,possible_absence_of_history_or_unknown_record,structured_missing_handling_candidate_later,feature_engineering_and_modeling,False,,False,
pos_instalment_change_flag_min,binary_flag,candidate_predictor,special_case_review,no,relationship_analysis,structured_missing_or_history_availability,possible_absence_of_history_or_unknown_record,structured_missing_handling_candidate_later,feature_engineering_and_modeling,,,False,
pos_instalment_change_flag_sum,discrete_count_numeric,candidate_predictor,special_case_review,no,relationship_analysis,structured_missing_or_history_availability,possible_absence_of_history_or_unknown_record,structured_missing_handling_candidate_later,feature_engineering_and_modeling,False,,False,
pos_is_completed_by_future_count_max,discrete_count_numeric,candidate_predictor,special_case_review,no,relationship_analysis,structured_missing_or_history_availability,possible_absence_of_history_or_unknown_record,structured_missing_handling_candidate_later,feature_engineering_and_modeling,False,,False,
pos_is_completed_by_future_count_mean,ratio_rate_numeric,candidate_predictor,special_case_review,no,relationship_analysis,structured_missing_or_history_availability,possible_absence_of_history_or_unknown_record,structured_missing_handling_candidate_later,feature_engineering_and_modeling,True,extreme_skew;,False,
pos_is_completed_by_future_count_sum,discrete_count_numeric,candidate_predictor,special_case_review,no,relationship_analysis,structured_missing_or_history_availability,possible_absence_of_history_or_unknown_record,structured_missing_handling_candidate_later,feature_engineering_and_modeling,False,,False,
pos_is_completed_by_future_ratio_max,ratio_rate_numeric,candidate_predictor,special_case_review,no,relationship_analysis,structured_missing_or_history_availability,possible_absence_of_history_or_unknown_record,structured_missing_handling_candidate_later,feature_engineering_and_modeling,False,,False,
pos_is_completed_by_future_ratio_mean,ratio_rate_numeric,candidate_predictor,special_case_review,no,relationship_analysis,structured_missing_or_history_availability,possible_absence_of_history_or_unknown_record,structured_missing_handling_candidate_later,feature_engineering_and_modeling,False,,False,
pos_is_completed_by_future_ratio_min,ratio_rate_numeric,candidate_predictor,special_case_review,no,relationship_analysis,structured_missing_or_history_availability,possible_absence_of_history_or_unknown_record,structured_missing_handling_candidate_later,feature_engineering_and_modeling,False,,False,
pos_is_near_completion_count_max,discrete_count_numeric,candidate_predictor,special_case_review,no,relationship_analysis,structured_missing_or_history_availability,possible_absence_of_history_or_unknown_record,structured_missing_handling_candidate_later,feature_engineering_and_modeling,False,,False,
pos_is_near_completion_count_mean,ratio_rate_numeric,candidate_predictor,special_case_review,no,relationship_analysis,structured_missing_or_history_availability,possible_absence_of_history_or_unknown_record,structured_missing_handling_candidate_later,feature_engineering_and_modeling,True,extreme_skew;,False,
pos_is_near_completion_count_sum,discrete_count_numeric,candidate_predictor,special_case_review,no,relationship_analysis,structured_missing_or_history_availability,possible_absence_of_history_or_unknown_record,structured_missing_handling_candidate_later,feature_engineering_and_modeling,False,,False,
pos_is_near_completion_ratio_max,ratio_rate_numeric,candidate_predictor,special_case_review,no,relationship_analysis,structured_missing_or_history_availability,possible_absence_of_history_or_unknown_record,structured_missing_handling_candidate_later,feature_engineering_and_modeling,False,,False,
pos_is_near_completion_ratio_mean,ratio_rate_numeric,candidate_predictor,special_case_review,no,relationship_analysis,structured_missing_or_history_availability,possible_absence_of_history_or_unknown_record,structured_missing_handling_candidate_later,feature_engineering_and_modeling,False,,False,
pos_is_near_completion_ratio_min,ratio_rate_numeric,candidate_predictor,special_case_review,no,relationship_analysis,structured_missing_or_history_availability,possible_absence_of_history_or_unknown_record,structured_missing_handling_candidate_later,feature_engineering_and_modeling,False,,False,
pos_is_recent_12m_count_max,discrete_count_numeric,candidate_predictor,special_case_review,no,relationship_analysis,structured_missing_or_history_availability,possible_absence_of_history_or_unknown_record,structured_missing_handling_candidate_later,feature_engineering_and_modeling,False,,False,
pos_is_recent_12m_count_mean,ratio_rate_numeric,candidate_predictor,special_case_review,no,relationship_analysis,structured_missing_or_history_availability,possible_absence_of_history_or_unknown_record,structured_missing_handling_candidate_later,feature_engineering_and_modeling,False,,False,
pos_is_recent_12m_count_sum,discrete_count_numeric,candidate_predictor,special_case_review,no,relationship_analysis,structured_missing_or_history_availability,possible_absence_of_history_or_unknown_record,structured_missing_handling_candidate_later,feature_engineering_and_modeling,False,,False,
pos_is_recent_12m_ratio_max,ratio_rate_numeric,candidate_predictor,special_case_review,no,relationship_analysis,structured_missing_or_history_availability,possible_absence_of_history_or_unknown_record,structured_missing_handling_candidate_later,feature_engineering_and_modeling,False,,False,
pos_is_recent_12m_ratio_mean,ratio_rate_numeric,candidate_predictor,special_case_review,no,relationship_analysis,structured_missing_or_history_availability,possible_absence_of_history_or_unknown_record,structured_missing_handling_candidate_later,feature_engineering_and_modeling,False,,False,
pos_is_recent_12m_ratio_min,ratio_rate_numeric,candidate_predictor,special_case_review,no,relationship_analysis,structured_missing_or_history_availability,possible_absence_of_history_or_unknown_record,structured_missing_handling_candidate_later,feature_engineering_and_modeling,False,,False,
pos_is_recent_24m_count_max,discrete_count_numeric,candidate_predictor,special_case_review,no,relationship_analysis,structured_missing_or_history_availability,possible_absence_of_history_or_unknown_record,structured_missing_handling_candidate_later,feature_engineering_and_modeling,False,,False,
pos_is_recent_24m_count_mean,ratio_rate_numeric,candidate_predictor,special_case_review,no,relationship_analysis,structured_missing_or_history_availability,possible_absence_of_history_or_unknown_record,structured_missing_handling_candidate_later,feature_engineering_and_modeling,False,,False,
pos_is_recent_24m_count_sum,discrete_count_numeric,candidate_predictor,special_case_review,no,relationship_analysis,structured_missing_or_history_availability,possible_absence_of_history_or_unknown_record,structured_missing_handling_candidate_later,feature_engineering_and_modeling,False,,False,
pos_is_recent_24m_ratio_max,ratio_rate_numeric,candidate_predictor,special_case_review,no,relationship_analysis,structured_missing_or_history_availability,possible_absence_of_history_or_unknown_record,structured_missing_handling_candidate_later,feature_engineering_and_modeling,True,high_outlier_burden;,False,
pos_is_recent_24m_ratio_mean,ratio_rate_numeric,candidate_predictor,special_case_review,no,relationship_analysis,structured_missing_or_history_availability,possible_absence_of_history_or_unknown_record,structured_missing_handling_candidate_later,feature_engineering_and_modeling,False,,False,
pos_is_recent_24m_ratio_min,ratio_rate_numeric,candidate_predictor,special_case_review,no,relationship_analysis,structured_missing_or_history_availability,possible_absence_of_history_or_unknown_record,structured_missing_handling_candidate_later,feature_engineering_and_modeling,False,,False,
pos_is_recent_6m_count_max,discrete_count_numeric,candidate_predictor,special_case_review,no,relationship_analysis,structured_missing_or_history_availability,possible_absence_of_history_or_unknown_record,structured_missing_handling_candidate_later,feature_engineering_and_modeling,False,,False,
pos_is_recent_6m_count_mean,ratio_rate_numeric,candidate_predictor,special_case_review,no,relationship_analysis,structured_missing_or_history_availability,possible_absence_of_history_or_unknown_record,structured_missing_handling_candidate_later,feature_engineering_and_modeling,False,,False,
pos_is_recent_6m_count_sum,discrete_count_numeric,candidate_predictor,special_case_review,no,relationship_analysis,structured_missing_or_history_availability,possible_absence_of_history_or_unknown_record,structured_missing_handling_candidate_later,feature_engineering_and_modeling,False,,False,
pos_is_recent_6m_ratio_max,ratio_rate_numeric,candidate_predictor,special_case_review,no,relationship_analysis,structured_missing_or_history_availability,possible_absence_of_history_or_unknown_record,structured_missing_handling_candidate_later,feature_engineering_and_modeling,False,,False,
pos_is_recent_6m_ratio_mean,ratio_rate_numeric,candidate_predictor,special_case_review,no,relationship_analysis,structured_missing_or_history_availability,possible_absence_of_history_or_unknown_record,structured_missing_handling_candidate_later,feature_engineering_and_modeling,False,,False,
pos_is_recent_6m_ratio_min,ratio_rate_numeric,candidate_predictor,special_case_review,no,relationship_analysis,structured_missing_or_history_availability,possible_absence_of_history_or_unknown_record,structured_missing_handling_candidate_later,feature_engineering_and_modeling,True,zero_heavy;,False,
pos_latest_cnt_instalment,discrete_count_numeric,candidate_predictor,special_case_review,no,relationship_analysis,structured_missing_or_history_availability,possible_absence_of_history_or_unknown_record,structured_missing_handling_candidate_later,feature_engineering_and_modeling,False,,False,
pos_latest_cnt_instalment_future,discrete_count_numeric,candidate_predictor,special_case_review,no,relationship_analysis,structured_missing_or_history_availability,possible_absence_of_history_or_unknown_record,structured_missing_handling_candidate_later,feature_engineering_and_modeling,False,,False,
pos_latest_completed_by_future_flag,binary_flag,candidate_predictor,special_case_review,no,relationship_analysis,structured_missing_or_history_availability,possible_absence_of_history_or_unknown_record,structured_missing_handling_candidate_later,feature_engineering_and_modeling,,,False,
pos_latest_dpd,overdue_delay_numeric,candidate_predictor,special_case_review,no,relationship_analysis,structured_missing_or_history_availability,possible_absence_of_history_or_unknown_record,structured_missing_handling_candidate_later,feature_engineering_and_modeling,True,zero_heavy_delay; has_late_delay_signal; severe_delay_signal; extreme_delay_signal; rare_severe_delay_signal;,False,
pos_latest_dpd_30plus_flag,binary_flag,candidate_predictor,special_case_review,no,relationship_analysis,rare_or_near_constant_binary_flag | structured_missing_or_history_availability,near_constant_binary_flag | possible_absence_of_history_or_unknown_record,keep_as_binary_candidate_and_validate_predictive_value_later | structured_missing_handling_candidate_later,bivariate_multivariate_and_modeling | feature_engineering_and_modeling,,,False,
pos_latest_dpd_60plus_flag,binary_flag,candidate_predictor,special_case_review,no,relationship_analysis,rare_or_near_constant_binary_flag | structured_missing_or_history_availability,near_constant_binary_flag | possible_absence_of_history_or_unknown_record,keep_as_binary_candidate_and_validate_predictive_value_later | structured_missing_handling_candidate_later,bivariate_multivariate_and_modeling | feature_engineering_and_modeling,,,False,
pos_latest_dpd_90plus_flag,binary_flag,candidate_predictor,special_case_review,no,relationship_analysis,rare_or_near_constant_binary_flag | structured_missing_or_history_availability,near_constant_binary_flag | possible_absence_of_history_or_unknown_record,keep_as_binary_candidate_and_validate_predictive_value_later | structured_missing_handling_candidate_later,bivariate_multivariate_and_modeling | feature_engineering_and_modeling,,,False,
pos_latest_dpd_def,overdue_delay_numeric,candidate_predictor,special_case_review,no,relationship_analysis,structured_missing_or_history_availability,possible_absence_of_history_or_unknown_record,structured_missing_handling_candidate_later,feature_engineering_and_modeling,True,zero_heavy_delay; has_late_delay_signal; severe_delay_signal; extreme_delay_signal; rare_severe_delay_signal;,False,
pos_latest_future_ratio,ratio_rate_numeric,candidate_predictor,special_case_review,no,relationship_analysis,structured_missing_or_history_availability,possible_absence_of_history_or_unknown_record,structured_missing_handling_candidate_later,feature_engineering_and_modeling,False,,False,
pos_latest_future_ratio_max,ratio_rate_numeric,candidate_predictor,special_case_review,no,relationship_analysis,structured_missing_or_history_availability,possible_absence_of_history_or_unknown_record,structured_missing_handling_candidate_later,feature_engineering_and_modeling,False,,False,
pos_latest_future_ratio_mean,ratio_rate_numeric,candidate_predictor,special_case_review,no,relationship_analysis,structured_missing_or_history_availability,possible_absence_of_history_or_unknown_record,structured_missing_handling_candidate_later,feature_engineering_and_modeling,False,,False,
pos_latest_future_ratio_min,ratio_rate_numeric,candidate_predictor,special_case_review,no,relationship_analysis,structured_missing_or_history_availability,possible_absence_of_history_or_unknown_record,structured_missing_handling_candidate_later,feature_engineering_and_modeling,True,zero_heavy;,False,
pos_latest_has_dpd,binary_flag,candidate_predictor,special_case_review,no,relationship_analysis,rare_or_near_constant_binary_flag | structured_missing_or_history_availability,near_constant_binary_flag | possible_absence_of_history_or_unknown_record,keep_as_binary_candidate_and_validate_predictive_value_later | structured_missing_handling_candidate_later,bivariate_multivariate_and_modeling | feature_engineering_and_modeling,,,False,
pos_latest_has_dpd_def,binary_flag,candidate_predictor,special_case_review,no,relationship_analysis,rare_or_near_constant_binary_flag | structured_missing_or_history_availability,near_constant_binary_flag | possible_absence_of_history_or_unknown_record,keep_as_binary_candidate_and_validate_predictive_value_later | structured_missing_handling_candidate_later,bivariate_multivariate_and_modeling | feature_engineering_and_modeling,,,False,
pos_latest_has_future_installment_flag,binary_flag,candidate_predictor,special_case_review,no,relationship_analysis,structured_missing_or_history_availability,possible_absence_of_history_or_unknown_record,structured_missing_handling_candidate_later,feature_engineering_and_modeling,,,False,
pos_latest_months_balance,date_duration_numeric,candidate_predictor,special_case_review,no,relationship_analysis,cyclical_or_calendar_time | structured_missing_or_history_availability, | possible_absence_of_history_or_unknown_record,cyclical_or_calendar_encoding_candidate_later | structured_missing_handling_candidate_later,feature_engineering_and_modeling,False,,False,
pos_latest_near_completion_flag,binary_flag,candidate_predictor,special_case_review,no,relationship_analysis,structured_missing_or_history_availability,possible_absence_of_history_or_unknown_record,structured_missing_handling_candidate_later,feature_engineering_and_modeling,,,False,
pos_latest_paid_installment_count,discrete_count_numeric,candidate_predictor,special_case_review,no,relationship_analysis,structured_missing_or_history_availability,possible_absence_of_history_or_unknown_record,structured_missing_handling_candidate_later,feature_engineering_and_modeling,False,,False,
pos_latest_paid_installment_count_max,discrete_count_numeric,candidate_predictor,special_case_review,no,relationship_analysis,structured_missing_or_history_availability,possible_absence_of_history_or_unknown_record,structured_missing_handling_candidate_later,feature_engineering_and_modeling,False,,False,
pos_latest_paid_installment_count_mean,discrete_count_numeric,candidate_predictor,special_case_review,no,relationship_analysis,structured_missing_or_history_availability,possible_absence_of_history_or_unknown_record,structured_missing_handling_candidate_later,feature_engineering_and_modeling,True,not_integer_like;,False,
pos_latest_paid_installment_count_sum,discrete_count_numeric,candidate_predictor,special_case_review,no,relationship_analysis,structured_missing_or_history_availability,possible_absence_of_history_or_unknown_record,structured_missing_handling_candidate_later,feature_engineering_and_modeling,False,,False,
pos_latest_progress_ratio,ratio_rate_numeric,candidate_predictor,special_case_review,no,relationship_analysis,structured_missing_or_history_availability,possible_absence_of_history_or_unknown_record,structured_missing_handling_candidate_later,feature_engineering_and_modeling,False,,False,
pos_latest_progress_ratio_max,ratio_rate_numeric,candidate_predictor,special_case_review,no,relationship_analysis,structured_missing_or_history_availability,possible_absence_of_history_or_unknown_record,structured_missing_handling_candidate_later,feature_engineering_and_modeling,False,,False,
pos_latest_progress_ratio_mean,ratio_rate_numeric,candidate_predictor,special_case_review,no,relationship_analysis,structured_missing_or_history_availability,possible_absence_of_history_or_unknown_record,structured_missing_handling_candidate_later,feature_engineering_and_modeling,False,,False,
pos_latest_progress_ratio_min,ratio_rate_numeric,candidate_predictor,special_case_review,no,relationship_analysis,structured_missing_or_history_availability,possible_absence_of_history_or_unknown_record,structured_missing_handling_candidate_later,feature_engineering_and_modeling,False,,False,
pos_latest_status_active_flag,binary_flag,candidate_predictor,special_case_review,no,relationship_analysis,structured_missing_or_history_availability,possible_absence_of_history_or_unknown_record,structured_missing_handling_candidate_later,feature_engineering_and_modeling,,,False,
pos_latest_status_amortized_debt_flag,binary_flag,candidate_predictor,special_case_review,no,relationship_analysis,rare_or_near_constant_binary_flag | structured_missing_or_history_availability,almost_constant_binary_flag | possible_absence_of_history_or_unknown_record,keep_as_binary_candidate_and_validate_predictive_value_later | structured_missing_handling_candidate_later,bivariate_multivariate_and_modeling | feature_engineering_and_modeling,,,False,
pos_latest_status_approved_flag,binary_flag,candidate_predictor,special_case_review,no,relationship_analysis,rare_or_near_constant_binary_flag | structured_missing_or_history_availability,almost_constant_binary_flag | possible_absence_of_history_or_unknown_record,keep_as_binary_candidate_and_validate_predictive_value_later | structured_missing_handling_candidate_later,bivariate_multivariate_and_modeling | feature_engineering_and_modeling,,,False,
pos_latest_status_canceled_flag,binary_flag,candidate_predictor,special_case_review,no,relationship_analysis,rare_or_near_constant_binary_flag | structured_missing_or_history_availability,almost_constant_binary_flag | possible_absence_of_history_or_unknown_record,keep_as_binary_candidate_and_validate_predictive_value_later | structured_missing_handling_candidate_later,bivariate_multivariate_and_modeling | feature_engineering_and_modeling,,,False,
pos_latest_status_completed_flag,binary_flag,candidate_predictor,special_case_review,no,relationship_analysis,structured_missing_or_history_availability,possible_absence_of_history_or_unknown_record,structured_missing_handling_candidate_later,feature_engineering_and_modeling,,,False,
pos_latest_status_demand_flag,binary_flag,candidate_predictor,special_case_review,no,relationship_analysis,rare_or_near_constant_binary_flag | structured_missing_or_history_availability,almost_constant_binary_flag | possible_absence_of_history_or_unknown_record,keep_as_binary_candidate_and_validate_predictive_value_later | structured_missing_handling_candidate_later,bivariate_multivariate_and_modeling | feature_engineering_and_modeling,,,False,
pos_latest_status_returned_flag,binary_flag,candidate_predictor,special_case_review,no,relationship_analysis,rare_or_near_constant_binary_flag | structured_missing_or_history_availability,almost_constant_binary_flag | possible_absence_of_history_or_unknown_record,keep_as_binary_candidate_and_validate_predictive_value_later | structured_missing_handling_candidate_later,bivariate_multivariate_and_modeling | feature_engineering_and_modeling,,,False,
pos_latest_status_signed_flag,binary_flag,candidate_predictor,special_case_review,no,relationship_analysis,rare_or_near_constant_binary_flag | structured_missing_or_history_availability,near_constant_binary_flag | possible_absence_of_history_or_unknown_record,keep_as_binary_candidate_and_validate_predictive_value_later | structured_missing_handling_candidate_later,bivariate_multivariate_and_modeling | feature_engineering_and_modeling,,,False,
pos_missing_cnt_instalment_count_max,discrete_count_numeric,candidate_predictor,special_case_review,no,relationship_analysis,structured_missing_or_history_availability,possible_absence_of_history_or_unknown_record,structured_missing_handling_candidate_later,feature_engineering_and_modeling,True,zero_heavy;,False,
pos_missing_cnt_instalment_count_mean,discrete_count_numeric,candidate_predictor,special_case_review,no,relationship_analysis,structured_missing_or_history_availability,possible_absence_of_history_or_unknown_record,structured_missing_handling_candidate_later,feature_engineering_and_modeling,True,not_integer_like; zero_heavy;,False,
pos_missing_cnt_instalment_count_sum,discrete_count_numeric,candidate_predictor,special_case_review,no,relationship_analysis,structured_missing_or_history_availability,possible_absence_of_history_or_unknown_record,structured_missing_handling_candidate_later,feature_engineering_and_modeling,True,zero_heavy;,False,
pos_missing_cnt_instalment_future_count_max,discrete_count_numeric,candidate_predictor,special_case_review,no,relationship_analysis,structured_missing_or_history_availability,possible_absence_of_history_or_unknown_record,structured_missing_handling_candidate_later,feature_engineering_and_modeling,True,zero_heavy;,False,
pos_missing_cnt_instalment_future_count_mean,discrete_count_numeric,candidate_predictor,special_case_review,no,relationship_analysis,structured_missing_or_history_availability,possible_absence_of_history_or_unknown_record,structured_missing_handling_candidate_later,feature_engineering_and_modeling,True,not_integer_like; zero_heavy;,False,
pos_missing_cnt_instalment_future_count_sum,discrete_count_numeric,candidate_predictor,special_case_review,no,relationship_analysis,structured_missing_or_history_availability,possible_absence_of_history_or_unknown_record,structured_missing_handling_candidate_later,feature_engineering_and_modeling,True,zero_heavy;,False,
pos_missing_cnt_instalment_future_ratio_max,ratio_rate_numeric,candidate_predictor,special_case_review,no,relationship_analysis,structured_missing_or_history_availability,possible_absence_of_history_or_unknown_record,structured_missing_handling_candidate_later,feature_engineering_and_modeling,True,zero_heavy; extreme_skew;,False,
pos_missing_cnt_instalment_future_ratio_mean,ratio_rate_numeric,candidate_predictor,special_case_review,no,relationship_analysis,structured_missing_or_history_availability,possible_absence_of_history_or_unknown_record,structured_missing_handling_candidate_later,feature_engineering_and_modeling,True,zero_heavy; extreme_skew;,False,
pos_missing_cnt_instalment_future_ratio_min,ratio_rate_numeric,candidate_predictor,special_case_review,no,relationship_analysis,structured_missing_or_history_availability,possible_absence_of_history_or_unknown_record,structured_missing_handling_candidate_later,feature_engineering_and_modeling,True,zero_heavy; extreme_skew;,False,
pos_missing_cnt_instalment_ratio_max,ratio_rate_numeric,candidate_predictor,special_case_review,no,relationship_analysis,structured_missing_or_history_availability,possible_absence_of_history_or_unknown_record,structured_missing_handling_candidate_later,feature_engineering_and_modeling,True,zero_heavy; extreme_skew;,False,
pos_missing_cnt_instalment_ratio_mean,ratio_rate_numeric,candidate_predictor,special_case_review,no,relationship_analysis,structured_missing_or_history_availability,possible_absence_of_history_or_unknown_record,structured_missing_handling_candidate_later,feature_engineering_and_modeling,True,zero_heavy; extreme_skew;,False,
pos_missing_cnt_instalment_ratio_min,ratio_rate_numeric,candidate_predictor,special_case_review,no,relationship_analysis,structured_missing_or_history_availability,possible_absence_of_history_or_unknown_record,structured_missing_handling_candidate_later,feature_engineering_and_modeling,True,zero_heavy; extreme_skew;,False,
pos_month_count_max,discrete_count_numeric,candidate_predictor,special_case_review,no,relationship_analysis,cyclical_or_calendar_time | structured_missing_or_history_availability, | possible_absence_of_history_or_unknown_record,cyclical_or_calendar_encoding_candidate_later | structured_missing_handling_candidate_later,feature_engineering_and_modeling,False,,False,
pos_month_count_mean,discrete_count_numeric,candidate_predictor,special_case_review,no,relationship_analysis,cyclical_or_calendar_time | structured_missing_or_history_availability, | possible_absence_of_history_or_unknown_record,cyclical_or_calendar_encoding_candidate_later | structured_missing_handling_candidate_later,feature_engineering_and_modeling,True,not_integer_like;,False,
pos_month_count_sum,discrete_count_numeric,candidate_predictor,special_case_review,no,relationship_analysis,cyclical_or_calendar_time | structured_missing_or_history_availability, | possible_absence_of_history_or_unknown_record,cyclical_or_calendar_encoding_candidate_later | structured_missing_handling_candidate_later,feature_engineering_and_modeling,False,,False,
pos_month_max,date_duration_numeric,candidate_predictor,special_case_review,no,relationship_analysis,cyclical_or_calendar_time | structured_missing_or_history_availability, | possible_absence_of_history_or_unknown_record,cyclical_or_calendar_encoding_candidate_later | structured_missing_handling_candidate_later,feature_engineering_and_modeling,False,,False,
pos_month_min,date_duration_numeric,candidate_predictor,special_case_review,no,relationship_analysis,cyclical_or_calendar_time | structured_missing_or_history_availability, | possible_absence_of_history_or_unknown_record,cyclical_or_calendar_encoding_candidate_later | structured_missing_handling_candidate_later,feature_engineering_and_modeling,False,,False,
pos_month_record_count_max,discrete_count_numeric,candidate_predictor,special_case_review,no,relationship_analysis,cyclical_or_calendar_time | structured_missing_or_history_availability, | possible_absence_of_history_or_unknown_record,cyclical_or_calendar_encoding_candidate_later | structured_missing_handling_candidate_later,feature_engineering_and_modeling,False,,False,
pos_month_record_count_mean,discrete_count_numeric,candidate_predictor,special_case_review,no,relationship_analysis,cyclical_or_calendar_time | structured_missing_or_history_availability, | possible_absence_of_history_or_unknown_record,cyclical_or_calendar_encoding_candidate_later | structured_missing_handling_candidate_later,feature_engineering_and_modeling,True,not_integer_like;,False,
pos_month_record_count_sum,discrete_count_numeric,candidate_predictor,special_case_review,no,relationship_analysis,cyclical_or_calendar_time | structured_missing_or_history_availability, | possible_absence_of_history_or_unknown_record,cyclical_or_calendar_encoding_candidate_later | structured_missing_handling_candidate_later,feature_engineering_and_modeling,False,,False,
pos_month_span_max,date_duration_numeric,candidate_predictor,special_case_review,no,relationship_analysis,cyclical_or_calendar_time | structured_missing_or_history_availability, | possible_absence_of_history_or_unknown_record,cyclical_or_calendar_encoding_candidate_later | structured_missing_handling_candidate_later,feature_engineering_and_modeling,False,,False,
pos_month_span_mean,date_duration_numeric,candidate_predictor,special_case_review,no,relationship_analysis,cyclical_or_calendar_time | structured_missing_or_history_availability, | possible_absence_of_history_or_unknown_record,cyclical_or_calendar_encoding_candidate_later | structured_missing_handling_candidate_later,feature_engineering_and_modeling,False,,False,
pos_paid_installment_max_max,continuous_amount_numeric,candidate_predictor,special_case_review,no,relationship_analysis,structured_missing_or_history_availability,possible_absence_of_history_or_unknown_record,structured_missing_handling_candidate_later,feature_engineering_and_modeling,False,,False,
pos_paid_installment_max_mean,continuous_amount_numeric,candidate_predictor,special_case_review,no,relationship_analysis,structured_missing_or_history_availability,possible_absence_of_history_or_unknown_record,structured_missing_handling_candidate_later,feature_engineering_and_modeling,False,,False,
pos_paid_installment_max_min,continuous_amount_numeric,candidate_predictor,special_case_review,no,relationship_analysis,structured_missing_or_history_availability,possible_absence_of_history_or_unknown_record,structured_missing_handling_candidate_later,feature_engineering_and_modeling,False,,False,
pos_paid_installment_max_sum,continuous_amount_numeric,candidate_predictor,special_case_review,no,relationship_analysis,structured_missing_or_history_availability,possible_absence_of_history_or_unknown_record,structured_missing_handling_candidate_later,feature_engineering_and_modeling,False,,False,
pos_paid_installment_mean_max,continuous_amount_numeric,candidate_predictor,special_case_review,no,relationship_analysis,structured_missing_or_history_availability,possible_absence_of_history_or_unknown_record,structured_missing_handling_candidate_later,feature_engineering_and_modeling,True,negative_amount_value;,False,
pos_paid_installment_mean_mean,continuous_amount_numeric,candidate_predictor,special_case_review,no,relationship_analysis,structured_missing_or_history_availability,possible_absence_of_history_or_unknown_record,structured_missing_handling_candidate_later,feature_engineering_and_modeling,True,negative_amount_value;,False,
pos_paid_installment_mean_min,continuous_amount_numeric,candidate_predictor,special_case_review,no,relationship_analysis,structured_missing_or_history_availability,possible_absence_of_history_or_unknown_record,structured_missing_handling_candidate_later,feature_engineering_and_modeling,True,negative_amount_value;,False,
pos_paid_installment_mean_sum,continuous_amount_numeric,candidate_predictor,special_case_review,no,relationship_analysis,structured_missing_or_history_availability,possible_absence_of_history_or_unknown_record,structured_missing_handling_candidate_later,feature_engineering_and_modeling,True,negative_amount_value;,False,
pos_progress_ratio_max_max,ratio_rate_numeric,candidate_predictor,special_case_review,no,relationship_analysis,structured_missing_or_history_availability,possible_absence_of_history_or_unknown_record,structured_missing_handling_candidate_later,feature_engineering_and_modeling,False,,False,
pos_progress_ratio_max_mean,ratio_rate_numeric,candidate_predictor,special_case_review,no,relationship_analysis,structured_missing_or_history_availability,possible_absence_of_history_or_unknown_record,structured_missing_handling_candidate_later,feature_engineering_and_modeling,False,,False,
pos_progress_ratio_max_min,ratio_rate_numeric,candidate_predictor,special_case_review,no,relationship_analysis,structured_missing_or_history_availability,possible_absence_of_history_or_unknown_record,structured_missing_handling_candidate_later,feature_engineering_and_modeling,False,,False,
pos_progress_ratio_max_sum,ratio_rate_numeric,candidate_predictor,special_case_review,no,relationship_analysis,structured_missing_or_history_availability,possible_absence_of_history_or_unknown_record,structured_missing_handling_candidate_later,feature_engineering_and_modeling,False,,False,
pos_progress_ratio_mean_max,ratio_rate_numeric,candidate_predictor,special_case_review,no,relationship_analysis,structured_missing_or_history_availability,possible_absence_of_history_or_unknown_record,structured_missing_handling_candidate_later,feature_engineering_and_modeling,True,negative_ratio_value; high_outlier_burden;,False,
pos_progress_ratio_mean_mean,ratio_rate_numeric,candidate_predictor,special_case_review,no,relationship_analysis,structured_missing_or_history_availability,possible_absence_of_history_or_unknown_record,structured_missing_handling_candidate_later,feature_engineering_and_modeling,True,negative_ratio_value;,False,
pos_progress_ratio_mean_min,ratio_rate_numeric,candidate_predictor,special_case_review,no,relationship_analysis,structured_missing_or_history_availability,possible_absence_of_history_or_unknown_record,structured_missing_handling_candidate_later,feature_engineering_and_modeling,True,negative_ratio_value;,False,
pos_progress_ratio_mean_sum,ratio_rate_numeric,candidate_predictor,special_case_review,no,relationship_analysis,structured_missing_or_history_availability,possible_absence_of_history_or_unknown_record,structured_missing_handling_candidate_later,feature_engineering_and_modeling,True,negative_ratio_value;,False,
pos_recent_12m_has_dpd_count_max,discrete_count_numeric,candidate_predictor,special_case_review,no,relationship_analysis,structured_missing_or_history_availability,possible_absence_of_history_or_unknown_record,structured_missing_handling_candidate_later,feature_engineering_and_modeling,True,zero_heavy;,False,
pos_recent_12m_has_dpd_count_mean,ratio_rate_numeric,candidate_predictor,special_case_review,no,relationship_analysis,structured_missing_or_history_availability,possible_absence_of_history_or_unknown_record,structured_missing_handling_candidate_later,feature_engineering_and_modeling,True,zero_heavy; extreme_skew;,False,
pos_recent_12m_has_dpd_count_sum,discrete_count_numeric,candidate_predictor,special_case_review,no,relationship_analysis,structured_missing_or_history_availability,possible_absence_of_history_or_unknown_record,structured_missing_handling_candidate_later,feature_engineering_and_modeling,True,zero_heavy;,False,
pos_recent_12m_has_dpd_def_count_max,discrete_count_numeric,candidate_predictor,special_case_review,no,relationship_analysis,structured_missing_or_history_availability,possible_absence_of_history_or_unknown_record,structured_missing_handling_candidate_later,feature_engineering_and_modeling,True,zero_heavy;,False,
pos_recent_12m_has_dpd_def_count_mean,ratio_rate_numeric,candidate_predictor,special_case_review,no,relationship_analysis,structured_missing_or_history_availability,possible_absence_of_history_or_unknown_record,structured_missing_handling_candidate_later,feature_engineering_and_modeling,True,zero_heavy; extreme_skew;,False,
pos_recent_12m_has_dpd_def_count_sum,discrete_count_numeric,candidate_predictor,special_case_review,no,relationship_analysis,structured_missing_or_history_availability,possible_absence_of_history_or_unknown_record,structured_missing_handling_candidate_later,feature_engineering_and_modeling,True,zero_heavy;,False,
pos_recent_12m_has_dpd_def_ratio_max,ratio_rate_numeric,candidate_predictor,special_case_review,no,relationship_analysis,structured_missing_or_history_availability,possible_absence_of_history_or_unknown_record,structured_missing_handling_candidate_later,feature_engineering_and_modeling,True,zero_heavy; extreme_skew;,False,
pos_recent_12m_has_dpd_def_ratio_mean,ratio_rate_numeric,candidate_predictor,special_case_review,no,relationship_analysis,structured_missing_or_history_availability,possible_absence_of_history_or_unknown_record,structured_missing_handling_candidate_later,feature_engineering_and_modeling,True,zero_heavy; extreme_skew;,False,
pos_recent_12m_has_dpd_def_ratio_min,ratio_rate_numeric,candidate_predictor,special_case_review,no,relationship_analysis,structured_missing_or_history_availability,possible_absence_of_history_or_unknown_record,structured_missing_handling_candidate_later,feature_engineering_and_modeling,True,zero_heavy; extreme_skew;,False,
pos_recent_12m_has_dpd_ratio_max,ratio_rate_numeric,candidate_predictor,special_case_review,no,relationship_analysis,structured_missing_or_history_availability,possible_absence_of_history_or_unknown_record,structured_missing_handling_candidate_later,feature_engineering_and_modeling,True,zero_heavy; extreme_skew;,False,
pos_recent_12m_has_dpd_ratio_mean,ratio_rate_numeric,candidate_predictor,special_case_review,no,relationship_analysis,structured_missing_or_history_availability,possible_absence_of_history_or_unknown_record,structured_missing_handling_candidate_later,feature_engineering_and_modeling,True,zero_heavy; extreme_skew;,False,
pos_recent_12m_has_dpd_ratio_min,ratio_rate_numeric,candidate_predictor,special_case_review,no,relationship_analysis,structured_missing_or_history_availability,possible_absence_of_history_or_unknown_record,structured_missing_handling_candidate_later,feature_engineering_and_modeling,True,zero_heavy; extreme_skew;,False,
pos_recent_24m_has_dpd_count_max,discrete_count_numeric,candidate_predictor,special_case_review,no,relationship_analysis,structured_missing_or_history_availability,possible_absence_of_history_or_unknown_record,structured_missing_handling_candidate_later,feature_engineering_and_modeling,True,zero_heavy;,False,
pos_recent_24m_has_dpd_count_mean,ratio_rate_numeric,candidate_predictor,special_case_review,no,relationship_analysis,structured_missing_or_history_availability,possible_absence_of_history_or_unknown_record,structured_missing_handling_candidate_later,feature_engineering_and_modeling,True,zero_heavy; extreme_skew;,False,
pos_recent_24m_has_dpd_count_sum,discrete_count_numeric,candidate_predictor,special_case_review,no,relationship_analysis,structured_missing_or_history_availability,possible_absence_of_history_or_unknown_record,structured_missing_handling_candidate_later,feature_engineering_and_modeling,True,zero_heavy;,False,
pos_recent_24m_has_dpd_def_count_max,discrete_count_numeric,candidate_predictor,special_case_review,no,relationship_analysis,structured_missing_or_history_availability,possible_absence_of_history_or_unknown_record,structured_missing_handling_candidate_later,feature_engineering_and_modeling,True,zero_heavy;,False,
pos_recent_24m_has_dpd_def_count_mean,ratio_rate_numeric,candidate_predictor,special_case_review,no,relationship_analysis,structured_missing_or_history_availability,possible_absence_of_history_or_unknown_record,structured_missing_handling_candidate_later,feature_engineering_and_modeling,True,zero_heavy; extreme_skew;,False,
pos_recent_24m_has_dpd_def_count_sum,discrete_count_numeric,candidate_predictor,special_case_review,no,relationship_analysis,structured_missing_or_history_availability,possible_absence_of_history_or_unknown_record,structured_missing_handling_candidate_later,feature_engineering_and_modeling,True,zero_heavy;,False,
pos_recent_24m_has_dpd_def_ratio_max,ratio_rate_numeric,candidate_predictor,special_case_review,no,relationship_analysis,structured_missing_or_history_availability,possible_absence_of_history_or_unknown_record,structured_missing_handling_candidate_later,feature_engineering_and_modeling,True,zero_heavy; extreme_skew;,False,
pos_recent_24m_has_dpd_def_ratio_mean,ratio_rate_numeric,candidate_predictor,special_case_review,no,relationship_analysis,structured_missing_or_history_availability,possible_absence_of_history_or_unknown_record,structured_missing_handling_candidate_later,feature_engineering_and_modeling,True,zero_heavy; extreme_skew;,False,
pos_recent_24m_has_dpd_def_ratio_min,ratio_rate_numeric,candidate_predictor,special_case_review,no,relationship_analysis,structured_missing_or_history_availability,possible_absence_of_history_or_unknown_record,structured_missing_handling_candidate_later,feature_engineering_and_modeling,True,zero_heavy; extreme_skew;,False,
pos_recent_24m_has_dpd_ratio_max,ratio_rate_numeric,candidate_predictor,special_case_review,no,relationship_analysis,structured_missing_or_history_availability,possible_absence_of_history_or_unknown_record,structured_missing_handling_candidate_later,feature_engineering_and_modeling,True,zero_heavy; extreme_skew;,False,
pos_recent_24m_has_dpd_ratio_mean,ratio_rate_numeric,candidate_predictor,special_case_review,no,relationship_analysis,structured_missing_or_history_availability,possible_absence_of_history_or_unknown_record,structured_missing_handling_candidate_later,feature_engineering_and_modeling,True,zero_heavy; extreme_skew;,False,
pos_recent_24m_has_dpd_ratio_min,ratio_rate_numeric,candidate_predictor,special_case_review,no,relationship_analysis,structured_missing_or_history_availability,possible_absence_of_history_or_unknown_record,structured_missing_handling_candidate_later,feature_engineering_and_modeling,True,zero_heavy; extreme_skew;,False,
pos_recent_6m_has_dpd_count_max,discrete_count_numeric,candidate_predictor,special_case_review,no,relationship_analysis,structured_missing_or_history_availability,possible_absence_of_history_or_unknown_record,structured_missing_handling_candidate_later,feature_engineering_and_modeling,True,zero_heavy;,False,
pos_recent_6m_has_dpd_count_mean,ratio_rate_numeric,candidate_predictor,special_case_review,no,relationship_analysis,structured_missing_or_history_availability,possible_absence_of_history_or_unknown_record,structured_missing_handling_candidate_later,feature_engineering_and_modeling,True,zero_heavy; extreme_skew;,False,
pos_recent_6m_has_dpd_count_sum,discrete_count_numeric,candidate_predictor,special_case_review,no,relationship_analysis,structured_missing_or_history_availability,possible_absence_of_history_or_unknown_record,structured_missing_handling_candidate_later,feature_engineering_and_modeling,True,zero_heavy;,False,
pos_recent_6m_has_dpd_def_count_max,discrete_count_numeric,candidate_predictor,special_case_review,no,relationship_analysis,structured_missing_or_history_availability,possible_absence_of_history_or_unknown_record,structured_missing_handling_candidate_later,feature_engineering_and_modeling,True,zero_heavy;,False,
pos_recent_6m_has_dpd_def_count_mean,ratio_rate_numeric,candidate_predictor,special_case_review,no,relationship_analysis,structured_missing_or_history_availability,possible_absence_of_history_or_unknown_record,structured_missing_handling_candidate_later,feature_engineering_and_modeling,True,zero_heavy; extreme_skew;,False,
pos_recent_6m_has_dpd_def_count_sum,discrete_count_numeric,candidate_predictor,special_case_review,no,relationship_analysis,structured_missing_or_history_availability,possible_absence_of_history_or_unknown_record,structured_missing_handling_candidate_later,feature_engineering_and_modeling,True,zero_heavy;,False,
pos_recent_6m_has_dpd_def_ratio_max,ratio_rate_numeric,candidate_predictor,special_case_review,no,relationship_analysis,structured_missing_or_history_availability,possible_absence_of_history_or_unknown_record,structured_missing_handling_candidate_later,feature_engineering_and_modeling,True,zero_heavy; extreme_skew;,False,
pos_recent_6m_has_dpd_def_ratio_mean,ratio_rate_numeric,candidate_predictor,special_case_review,no,relationship_analysis,structured_missing_or_history_availability,possible_absence_of_history_or_unknown_record,structured_missing_handling_candidate_later,feature_engineering_and_modeling,True,zero_heavy; extreme_skew;,False,
pos_recent_6m_has_dpd_def_ratio_min,ratio_rate_numeric,candidate_predictor,special_case_review,no,relationship_analysis,structured_missing_or_history_availability,possible_absence_of_history_or_unknown_record,structured_missing_handling_candidate_later,feature_engineering_and_modeling,True,zero_heavy; extreme_skew;,False,
pos_recent_6m_has_dpd_ratio_max,ratio_rate_numeric,candidate_predictor,special_case_review,no,relationship_analysis,structured_missing_or_history_availability,possible_absence_of_history_or_unknown_record,structured_missing_handling_candidate_later,feature_engineering_and_modeling,True,zero_heavy; extreme_skew;,False,
pos_recent_6m_has_dpd_ratio_mean,ratio_rate_numeric,candidate_predictor,special_case_review,no,relationship_analysis,structured_missing_or_history_availability,possible_absence_of_history_or_unknown_record,structured_missing_handling_candidate_later,feature_engineering_and_modeling,True,zero_heavy; extreme_skew;,False,
pos_recent_6m_has_dpd_ratio_min,ratio_rate_numeric,candidate_predictor,special_case_review,no,relationship_analysis,structured_missing_or_history_availability,possible_absence_of_history_or_unknown_record,structured_missing_handling_candidate_later,feature_engineering_and_modeling,True,zero_heavy; extreme_skew;,False,
pos_status_active_count_max,discrete_count_numeric,candidate_predictor,special_case_review,no,relationship_analysis,structured_missing_or_history_availability,possible_absence_of_history_or_unknown_record,structured_missing_handling_candidate_later,feature_engineering_and_modeling,False,,False,
pos_status_active_count_mean,ratio_rate_numeric,candidate_predictor,special_case_review,no,relationship_analysis,structured_missing_or_history_availability,possible_absence_of_history_or_unknown_record,structured_missing_handling_candidate_later,feature_engineering_and_modeling,False,,False,
pos_status_active_count_sum,discrete_count_numeric,candidate_predictor,special_case_review,no,relationship_analysis,structured_missing_or_history_availability,possible_absence_of_history_or_unknown_record,structured_missing_handling_candidate_later,feature_engineering_and_modeling,False,,False,
pos_status_active_ratio_max,ratio_rate_numeric,candidate_predictor,special_case_review,no,relationship_analysis,structured_missing_or_history_availability,possible_absence_of_history_or_unknown_record,structured_missing_handling_candidate_later,feature_engineering_and_modeling,False,,False,
pos_status_active_ratio_mean,ratio_rate_numeric,candidate_predictor,special_case_review,no,relationship_analysis,structured_missing_or_history_availability,possible_absence_of_history_or_unknown_record,structured_missing_handling_candidate_later,feature_engineering_and_modeling,False,,False,
pos_status_active_ratio_min,ratio_rate_numeric,candidate_predictor,special_case_review,no,relationship_analysis,structured_missing_or_history_availability,possible_absence_of_history_or_unknown_record,structured_missing_handling_candidate_later,feature_engineering_and_modeling,False,,False,
pos_status_amortized_debt_count_max,discrete_count_numeric,candidate_predictor,special_case_review,no,relationship_analysis,structured_missing_or_history_availability,possible_absence_of_history_or_unknown_record,structured_missing_handling_candidate_later,feature_engineering_and_modeling,True,zero_heavy;,False,
pos_status_amortized_debt_count_mean,ratio_rate_numeric,candidate_predictor,special_case_review,no,relationship_analysis,structured_missing_or_history_availability,possible_absence_of_history_or_unknown_record,structured_missing_handling_candidate_later,feature_engineering_and_modeling,True,zero_heavy; extreme_skew;,False,
pos_status_amortized_debt_count_sum,discrete_count_numeric,candidate_predictor,special_case_review,no,relationship_analysis,structured_missing_or_history_availability,possible_absence_of_history_or_unknown_record,structured_missing_handling_candidate_later,feature_engineering_and_modeling,True,zero_heavy;,False,
pos_status_amortized_debt_ratio_max,ratio_rate_numeric,candidate_predictor,special_case_review,no,relationship_analysis,structured_missing_or_history_availability,possible_absence_of_history_or_unknown_record,structured_missing_handling_candidate_later,feature_engineering_and_modeling,True,zero_heavy; extreme_skew;,False,
pos_status_amortized_debt_ratio_mean,ratio_rate_numeric,candidate_predictor,special_case_review,no,relationship_analysis,structured_missing_or_history_availability,possible_absence_of_history_or_unknown_record,structured_missing_handling_candidate_later,feature_engineering_and_modeling,True,zero_heavy; extreme_skew;,False,
pos_status_amortized_debt_ratio_min,ratio_rate_numeric,candidate_predictor,special_case_review,no,relationship_analysis,structured_missing_or_history_availability,possible_absence_of_history_or_unknown_record,structured_missing_handling_candidate_later,feature_engineering_and_modeling,True,zero_heavy; extreme_skew;,False,
pos_status_approved_count_max,discrete_count_numeric,candidate_predictor,special_case_review,no,relationship_analysis,structured_missing_or_history_availability,possible_absence_of_history_or_unknown_record,structured_missing_handling_candidate_later,feature_engineering_and_modeling,True,zero_heavy;,False,
pos_status_approved_count_mean,ratio_rate_numeric,candidate_predictor,special_case_review,no,relationship_analysis,structured_missing_or_history_availability,possible_absence_of_history_or_unknown_record,structured_missing_handling_candidate_later,feature_engineering_and_modeling,True,zero_heavy; extreme_skew;,False,
pos_status_approved_count_sum,discrete_count_numeric,candidate_predictor,special_case_review,no,relationship_analysis,structured_missing_or_history_availability,possible_absence_of_history_or_unknown_record,structured_missing_handling_candidate_later,feature_engineering_and_modeling,True,zero_heavy;,False,
pos_status_approved_ratio_max,ratio_rate_numeric,candidate_predictor,special_case_review,no,relationship_analysis,structured_missing_or_history_availability,possible_absence_of_history_or_unknown_record,structured_missing_handling_candidate_later,feature_engineering_and_modeling,True,zero_heavy; extreme_skew;,False,
pos_status_approved_ratio_mean,ratio_rate_numeric,candidate_predictor,special_case_review,no,relationship_analysis,structured_missing_or_history_availability,possible_absence_of_history_or_unknown_record,structured_missing_handling_candidate_later,feature_engineering_and_modeling,True,zero_heavy; extreme_skew;,False,
pos_status_approved_ratio_min,ratio_rate_numeric,candidate_predictor,special_case_review,no,relationship_analysis,structured_missing_or_history_availability,possible_absence_of_history_or_unknown_record,structured_missing_handling_candidate_later,feature_engineering_and_modeling,True,zero_heavy; extreme_skew;,False,
pos_status_canceled_count_max,binary_flag,candidate_predictor,special_case_review,no,relationship_analysis,rare_or_near_constant_binary_flag | structured_missing_or_history_availability,almost_constant_binary_flag | possible_absence_of_history_or_unknown_record,keep_as_binary_candidate_and_validate_predictive_value_later | structured_missing_handling_candidate_later,bivariate_multivariate_and_modeling | feature_engineering_and_modeling,,,False,
pos_status_canceled_count_mean,ratio_rate_numeric,candidate_predictor,special_case_review,no,relationship_analysis,structured_missing_or_history_availability,possible_absence_of_history_or_unknown_record,structured_missing_handling_candidate_later,feature_engineering_and_modeling,True,zero_heavy; extreme_skew;,False,
pos_status_canceled_count_sum,binary_flag,candidate_predictor,special_case_review,no,relationship_analysis,rare_or_near_constant_binary_flag | structured_missing_or_history_availability,almost_constant_binary_flag | possible_absence_of_history_or_unknown_record,keep_as_binary_candidate_and_validate_predictive_value_later | structured_missing_handling_candidate_later,bivariate_multivariate_and_modeling | feature_engineering_and_modeling,,,False,
pos_status_canceled_ratio_max,ratio_rate_numeric,candidate_predictor,special_case_review,no,relationship_analysis,structured_missing_or_history_availability,possible_absence_of_history_or_unknown_record,structured_missing_handling_candidate_later,feature_engineering_and_modeling,True,zero_heavy; extreme_skew;,False,
pos_status_canceled_ratio_mean,ratio_rate_numeric,candidate_predictor,special_case_review,no,relationship_analysis,structured_missing_or_history_availability,possible_absence_of_history_or_unknown_record,structured_missing_handling_candidate_later,feature_engineering_and_modeling,True,zero_heavy; extreme_skew;,False,
pos_status_canceled_ratio_min,ratio_rate_numeric,candidate_predictor,special_case_review,no,relationship_analysis,structured_missing_or_history_availability,possible_absence_of_history_or_unknown_record,structured_missing_handling_candidate_later,feature_engineering_and_modeling,True,zero_heavy; extreme_skew;,False,
pos_status_completed_count_max,discrete_count_numeric,candidate_predictor,special_case_review,no,relationship_analysis,structured_missing_or_history_availability,possible_absence_of_history_or_unknown_record,structured_missing_handling_candidate_later,feature_engineering_and_modeling,False,,False,
pos_status_completed_count_mean,ratio_rate_numeric,candidate_predictor,special_case_review,no,relationship_analysis,structured_missing_or_history_availability,possible_absence_of_history_or_unknown_record,structured_missing_handling_candidate_later,feature_engineering_and_modeling,True,extreme_skew;,False,
pos_status_completed_count_sum,discrete_count_numeric,candidate_predictor,special_case_review,no,relationship_analysis,structured_missing_or_history_availability,possible_absence_of_history_or_unknown_record,structured_missing_handling_candidate_later,feature_engineering_and_modeling,False,,False,
pos_status_completed_ratio_max,ratio_rate_numeric,candidate_predictor,special_case_review,no,relationship_analysis,structured_missing_or_history_availability,possible_absence_of_history_or_unknown_record,structured_missing_handling_candidate_later,feature_engineering_and_modeling,False,,False,
pos_status_completed_ratio_mean,ratio_rate_numeric,candidate_predictor,special_case_review,no,relationship_analysis,structured_missing_or_history_availability,possible_absence_of_history_or_unknown_record,structured_missing_handling_candidate_later,feature_engineering_and_modeling,False,,False,
pos_status_completed_ratio_min,ratio_rate_numeric,candidate_predictor,special_case_review,no,relationship_analysis,structured_missing_or_history_availability,possible_absence_of_history_or_unknown_record,structured_missing_handling_candidate_later,feature_engineering_and_modeling,False,,False,
pos_status_demand_count_max,discrete_count_numeric,candidate_predictor,special_case_review,no,relationship_analysis,structured_missing_or_history_availability,possible_absence_of_history_or_unknown_record,structured_missing_handling_candidate_later,feature_engineering_and_modeling,True,zero_heavy;,False,
pos_status_demand_count_mean,ratio_rate_numeric,candidate_predictor,special_case_review,no,relationship_analysis,structured_missing_or_history_availability,possible_absence_of_history_or_unknown_record,structured_missing_handling_candidate_later,feature_engineering_and_modeling,True,zero_heavy; extreme_skew;,False,
pos_status_demand_count_sum,discrete_count_numeric,candidate_predictor,special_case_review,no,relationship_analysis,structured_missing_or_history_availability,possible_absence_of_history_or_unknown_record,structured_missing_handling_candidate_later,feature_engineering_and_modeling,True,zero_heavy;,False,
pos_status_demand_ratio_max,ratio_rate_numeric,candidate_predictor,special_case_review,no,relationship_analysis,structured_missing_or_history_availability,possible_absence_of_history_or_unknown_record,structured_missing_handling_candidate_later,feature_engineering_and_modeling,True,zero_heavy; extreme_skew;,False,
pos_status_demand_ratio_mean,ratio_rate_numeric,candidate_predictor,special_case_review,no,relationship_analysis,structured_missing_or_history_availability,possible_absence_of_history_or_unknown_record,structured_missing_handling_candidate_later,feature_engineering_and_modeling,True,zero_heavy; extreme_skew;,False,
pos_status_demand_ratio_min,ratio_rate_numeric,candidate_predictor,special_case_review,no,relationship_analysis,structured_missing_or_history_availability,possible_absence_of_history_or_unknown_record,structured_missing_handling_candidate_later,feature_engineering_and_modeling,True,zero_heavy; extreme_skew;,False,
pos_status_returned_to_store_count_max,ratio_rate_numeric,candidate_predictor,special_case_review,no,relationship_analysis,structured_missing_or_history_availability,possible_absence_of_history_or_unknown_record,structured_missing_handling_candidate_later,feature_engineering_and_modeling,True,zero_heavy; extreme_skew;,False,
pos_status_returned_to_store_count_mean,ratio_rate_numeric,candidate_predictor,special_case_review,no,relationship_analysis,structured_missing_or_history_availability,possible_absence_of_history_or_unknown_record,structured_missing_handling_candidate_later,feature_engineering_and_modeling,True,zero_heavy; extreme_skew;,False,
pos_status_returned_to_store_count_sum,ratio_rate_numeric,candidate_predictor,special_case_review,no,relationship_analysis,structured_missing_or_history_availability,possible_absence_of_history_or_unknown_record,structured_missing_handling_candidate_later,feature_engineering_and_modeling,True,zero_heavy; extreme_skew;,False,
pos_status_returned_to_store_ratio_max,ratio_rate_numeric,candidate_predictor,special_case_review,no,relationship_analysis,structured_missing_or_history_availability,possible_absence_of_history_or_unknown_record,structured_missing_handling_candidate_later,feature_engineering_and_modeling,True,zero_heavy; extreme_skew;,False,
pos_status_returned_to_store_ratio_mean,ratio_rate_numeric,candidate_predictor,special_case_review,no,relationship_analysis,structured_missing_or_history_availability,possible_absence_of_history_or_unknown_record,structured_missing_handling_candidate_later,feature_engineering_and_modeling,True,zero_heavy; extreme_skew;,False,
pos_status_returned_to_store_ratio_min,ratio_rate_numeric,candidate_predictor,special_case_review,no,relationship_analysis,structured_missing_or_history_availability,possible_absence_of_history_or_unknown_record,structured_missing_handling_candidate_later,feature_engineering_and_modeling,True,zero_heavy; extreme_skew;,False,
pos_status_signed_count_max,discrete_count_numeric,candidate_predictor,special_case_review,no,relationship_analysis,structured_missing_or_history_availability,possible_absence_of_history_or_unknown_record,structured_missing_handling_candidate_later,feature_engineering_and_modeling,True,zero_heavy;,False,
pos_status_signed_count_mean,ratio_rate_numeric,candidate_predictor,special_case_review,no,relationship_analysis,structured_missing_or_history_availability,possible_absence_of_history_or_unknown_record,structured_missing_handling_candidate_later,feature_engineering_and_modeling,True,zero_heavy; extreme_skew;,False,
pos_status_signed_count_sum,discrete_count_numeric,candidate_predictor,special_case_review,no,relationship_analysis,structured_missing_or_history_availability,possible_absence_of_history_or_unknown_record,structured_missing_handling_candidate_later,feature_engineering_and_modeling,True,zero_heavy;,False,
pos_status_signed_ratio_max,ratio_rate_numeric,candidate_predictor,special_case_review,no,relationship_analysis,structured_missing_or_history_availability,possible_absence_of_history_or_unknown_record,structured_missing_handling_candidate_later,feature_engineering_and_modeling,True,zero_heavy; extreme_skew;,False,
pos_status_signed_ratio_mean,ratio_rate_numeric,candidate_predictor,special_case_review,no,relationship_analysis,structured_missing_or_history_availability,possible_absence_of_history_or_unknown_record,structured_missing_handling_candidate_later,feature_engineering_and_modeling,True,zero_heavy; extreme_skew;,False,
pos_status_signed_ratio_min,ratio_rate_numeric,candidate_predictor,special_case_review,no,relationship_analysis,structured_missing_or_history_availability,possible_absence_of_history_or_unknown_record,structured_missing_handling_candidate_later,feature_engineering_and_modeling,True,zero_heavy; extreme_skew;,False,
prev_application_count,discrete_count_numeric,candidate_predictor,special_case_review,no,relationship_analysis,structured_missing_or_history_availability,possible_absence_of_history_or_unknown_record,structured_missing_handling_candidate_later,feature_engineering_and_modeling,False,,False,
prev_approved_annuity_amount_max,continuous_amount_numeric,candidate_predictor,special_case_review,no,relationship_analysis,structured_missing_or_history_availability,possible_absence_of_history_or_unknown_record,structured_missing_handling_candidate_later,feature_engineering_and_modeling,False,,False,
prev_approved_annuity_amount_mean,continuous_amount_numeric,candidate_predictor,special_case_review,no,relationship_analysis,structured_missing_or_history_availability,possible_absence_of_history_or_unknown_record,structured_missing_handling_candidate_later,feature_engineering_and_modeling,False,,False,
prev_approved_annuity_amount_sum,continuous_amount_numeric,candidate_predictor,special_case_review,no,relationship_analysis,structured_missing_or_history_availability,possible_absence_of_history_or_unknown_record,structured_missing_handling_candidate_later,feature_engineering_and_modeling,False,,False,
prev_approved_annuity_to_credit_ratio_max,ratio_rate_numeric,candidate_predictor,special_case_review,no,relationship_analysis,structured_missing_or_history_availability,possible_absence_of_history_or_unknown_record,structured_missing_handling_candidate_later,feature_engineering_and_modeling,False,,False,
prev_approved_annuity_to_credit_ratio_mean,ratio_rate_numeric,candidate_predictor,special_case_review,no,relationship_analysis,structured_missing_or_history_availability,possible_absence_of_history_or_unknown_record,structured_missing_handling_candidate_later,feature_engineering_and_modeling,False,,False,
prev_approved_annuity_to_credit_ratio_sum,ratio_rate_numeric,candidate_predictor,special_case_review,no,relationship_analysis,structured_missing_or_history_availability,possible_absence_of_history_or_unknown_record,structured_missing_handling_candidate_later,feature_engineering_and_modeling,False,,False,
prev_approved_application_amount_max,continuous_amount_numeric,candidate_predictor,special_case_review,no,relationship_analysis,structured_missing_or_history_availability,possible_absence_of_history_or_unknown_record,structured_missing_handling_candidate_later,feature_engineering_and_modeling,False,,False,
prev_approved_application_amount_mean,continuous_amount_numeric,candidate_predictor,special_case_review,no,relationship_analysis,structured_missing_or_history_availability,possible_absence_of_history_or_unknown_record,structured_missing_handling_candidate_later,feature_engineering_and_modeling,False,,False,
prev_approved_application_amount_sum,continuous_amount_numeric,candidate_predictor,special_case_review,no,relationship_analysis,structured_missing_or_history_availability,possible_absence_of_history_or_unknown_record,structured_missing_handling_candidate_later,feature_engineering_and_modeling,False,,False,
prev_approved_application_count,discrete_count_numeric,candidate_predictor,special_case_review,no,relationship_analysis,structured_missing_or_history_availability,possible_absence_of_history_or_unknown_record,structured_missing_handling_candidate_later,feature_engineering_and_modeling,False,,False,
prev_approved_application_credit_diff_max,continuous_stat_numeric,candidate_predictor,special_case_review,no,relationship_analysis,structured_missing_or_history_availability,possible_absence_of_history_or_unknown_record,structured_missing_handling_candidate_later,feature_engineering_and_modeling,True,extreme_skew; high_outlier_burden;,False,
prev_approved_application_credit_diff_mean,continuous_stat_numeric,candidate_predictor,special_case_review,no,relationship_analysis,structured_missing_or_history_availability,possible_absence_of_history_or_unknown_record,structured_missing_handling_candidate_later,feature_engineering_and_modeling,False,,False,
prev_approved_application_credit_diff_sum,continuous_stat_numeric,candidate_predictor,special_case_review,no,relationship_analysis,structured_missing_or_history_availability,possible_absence_of_history_or_unknown_record,structured_missing_handling_candidate_later,feature_engineering_and_modeling,False,,False,
prev_approved_cnt_payment_max,discrete_count_numeric,candidate_predictor,special_case_review,no,relationship_analysis,structured_missing_or_history_availability,possible_absence_of_history_or_unknown_record,structured_missing_handling_candidate_later,feature_engineering_and_modeling,False,,False,
prev_approved_cnt_payment_mean,discrete_count_numeric,candidate_predictor,special_case_review,no,relationship_analysis,structured_missing_or_history_availability,possible_absence_of_history_or_unknown_record,structured_missing_handling_candidate_later,feature_engineering_and_modeling,True,not_integer_like;,False,
prev_approved_cnt_payment_sum,discrete_count_numeric,candidate_predictor,special_case_review,no,relationship_analysis,structured_missing_or_history_availability,possible_absence_of_history_or_unknown_record,structured_missing_handling_candidate_later,feature_engineering_and_modeling,True,extreme_count_tail;,False,
prev_approved_count,discrete_count_numeric,candidate_predictor,special_case_review,no,relationship_analysis,structured_missing_or_history_availability,possible_absence_of_history_or_unknown_record,structured_missing_handling_candidate_later,feature_engineering_and_modeling,False,,False,
prev_approved_credit_amount_max,continuous_amount_numeric,candidate_predictor,special_case_review,no,relationship_analysis,structured_missing_or_history_availability,possible_absence_of_history_or_unknown_record,structured_missing_handling_candidate_later,feature_engineering_and_modeling,False,,False,
prev_approved_credit_amount_mean,continuous_amount_numeric,candidate_predictor,special_case_review,no,relationship_analysis,structured_missing_or_history_availability,possible_absence_of_history_or_unknown_record,structured_missing_handling_candidate_later,feature_engineering_and_modeling,False,,False,
prev_approved_credit_amount_sum,continuous_amount_numeric,candidate_predictor,special_case_review,no,relationship_analysis,structured_missing_or_history_availability,possible_absence_of_history_or_unknown_record,structured_missing_handling_candidate_later,feature_engineering_and_modeling,False,,False,
prev_approved_credit_to_application_ratio_max,ratio_rate_numeric,candidate_predictor,special_case_review,no,relationship_analysis,structured_missing_or_history_availability,possible_absence_of_history_or_unknown_record,structured_missing_handling_candidate_later,feature_engineering_and_modeling,False,,False,
prev_approved_credit_to_application_ratio_mean,ratio_rate_numeric,candidate_predictor,special_case_review,no,relationship_analysis,structured_missing_or_history_availability,possible_absence_of_history_or_unknown_record,structured_missing_handling_candidate_later,feature_engineering_and_modeling,False,,False,
prev_approved_credit_to_application_ratio_sum,ratio_rate_numeric,candidate_predictor,special_case_review,no,relationship_analysis,structured_missing_or_history_availability,possible_absence_of_history_or_unknown_record,structured_missing_handling_candidate_later,feature_engineering_and_modeling,False,,False,
prev_approved_down_payment_max,continuous_amount_numeric,candidate_predictor,special_case_review,no,relationship_analysis,structured_missing_or_history_availability,possible_absence_of_history_or_unknown_record,structured_missing_handling_candidate_later,feature_engineering_and_modeling,True,extreme_skew;,False,
prev_approved_down_payment_mean,continuous_amount_numeric,candidate_predictor,special_case_review,no,relationship_analysis,structured_missing_or_history_availability,possible_absence_of_history_or_unknown_record,structured_missing_handling_candidate_later,feature_engineering_and_modeling,True,extreme_skew; negative_amount_value;,False,
prev_approved_down_payment_sum,continuous_amount_numeric,candidate_predictor,special_case_review,no,relationship_analysis,structured_missing_or_history_availability,possible_absence_of_history_or_unknown_record,structured_missing_handling_candidate_later,feature_engineering_and_modeling,True,extreme_skew; negative_amount_value;,False,
prev_approved_goods_price_max,continuous_amount_numeric,candidate_predictor,special_case_review,no,relationship_analysis,structured_missing_or_history_availability,possible_absence_of_history_or_unknown_record,structured_missing_handling_candidate_later,feature_engineering_and_modeling,False,,False,
prev_approved_goods_price_mean,continuous_amount_numeric,candidate_predictor,special_case_review,no,relationship_analysis,structured_missing_or_history_availability,possible_absence_of_history_or_unknown_record,structured_missing_handling_candidate_later,feature_engineering_and_modeling,False,,False,
prev_approved_goods_price_sum,continuous_amount_numeric,candidate_predictor,special_case_review,no,relationship_analysis,structured_missing_or_history_availability,possible_absence_of_history_or_unknown_record,structured_missing_handling_candidate_later,feature_engineering_and_modeling,False,,False,
prev_approved_ratio,ratio_rate_numeric,candidate_predictor,special_case_review,no,relationship_analysis,structured_missing_or_history_availability,possible_absence_of_history_or_unknown_record,structured_missing_handling_candidate_later,feature_engineering_and_modeling,False,,False,
prev_approved_recent_12m_count,discrete_count_numeric,candidate_predictor,special_case_review,no,relationship_analysis,structured_missing_or_history_availability,possible_absence_of_history_or_unknown_record,structured_missing_handling_candidate_later,feature_engineering_and_modeling,False,,False,
prev_approved_recent_24m_count,discrete_count_numeric,candidate_predictor,special_case_review,no,relationship_analysis,structured_missing_or_history_availability,possible_absence_of_history_or_unknown_record,structured_missing_handling_candidate_later,feature_engineering_and_modeling,False,,False,
prev_canceled_annuity_amount_max,continuous_amount_numeric,candidate_predictor,special_case_review,no,relationship_analysis,structured_missing_or_history_availability,possible_absence_of_history_or_unknown_record,structured_missing_handling_candidate_later,feature_engineering_and_modeling,True,high_missing;,True,extreme_missing;
prev_canceled_annuity_amount_mean,continuous_amount_numeric,candidate_predictor,special_case_review,no,relationship_analysis,structured_missing_or_history_availability,possible_absence_of_history_or_unknown_record,structured_missing_handling_candidate_later,feature_engineering_and_modeling,True,high_missing;,True,extreme_missing;
prev_canceled_annuity_amount_sum,continuous_amount_numeric,candidate_predictor,special_case_review,no,relationship_analysis,structured_missing_or_history_availability,possible_absence_of_history_or_unknown_record,structured_missing_handling_candidate_later,feature_engineering_and_modeling,True,high_missing; extreme_skew; zero_heavy;,False,
prev_canceled_annuity_to_credit_ratio_max,ratio_rate_numeric,candidate_predictor,special_case_review,no,relationship_analysis,structured_missing_or_history_availability,possible_absence_of_history_or_unknown_record,structured_missing_handling_candidate_later,feature_engineering_and_modeling,True,high_missing;,True,extreme_missing;
prev_canceled_annuity_to_credit_ratio_mean,ratio_rate_numeric,candidate_predictor,special_case_review,no,relationship_analysis,structured_missing_or_history_availability,possible_absence_of_history_or_unknown_record,structured_missing_handling_candidate_later,feature_engineering_and_modeling,True,high_missing;,True,extreme_missing;
prev_canceled_annuity_to_credit_ratio_sum,ratio_rate_numeric,candidate_predictor,special_case_review,no,relationship_analysis,structured_missing_or_history_availability,possible_absence_of_history_or_unknown_record,structured_missing_handling_candidate_later,feature_engineering_and_modeling,True,high_missing; zero_heavy; extreme_skew;,False,
prev_canceled_application_amount_max,continuous_amount_numeric,candidate_predictor,special_case_review,no,relationship_analysis,structured_missing_or_history_availability,possible_absence_of_history_or_unknown_record,structured_missing_handling_candidate_later,feature_engineering_and_modeling,True,high_missing; extreme_skew; zero_heavy;,False,
prev_canceled_application_amount_mean,continuous_amount_numeric,candidate_predictor,special_case_review,no,relationship_analysis,structured_missing_or_history_availability,possible_absence_of_history_or_unknown_record,structured_missing_handling_candidate_later,feature_engineering_and_modeling,True,high_missing; extreme_skew; zero_heavy;,False,
prev_canceled_application_amount_sum,continuous_amount_numeric,candidate_predictor,special_case_review,no,relationship_analysis,structured_missing_or_history_availability,possible_absence_of_history_or_unknown_record,structured_missing_handling_candidate_later,feature_engineering_and_modeling,True,high_missing; extreme_skew; zero_heavy;,False,
prev_canceled_application_count,discrete_count_numeric,candidate_predictor,special_case_review,no,relationship_analysis,structured_missing_or_history_availability,possible_absence_of_history_or_unknown_record,structured_missing_handling_candidate_later,feature_engineering_and_modeling,True,high_missing;,False,
prev_canceled_application_credit_diff_max,continuous_stat_numeric,candidate_predictor,special_case_review,no,relationship_analysis,structured_missing_or_history_availability,possible_absence_of_history_or_unknown_record,structured_missing_handling_candidate_later,feature_engineering_and_modeling,True,high_missing; zero_heavy;,False,
prev_canceled_application_credit_diff_mean,continuous_stat_numeric,candidate_predictor,special_case_review,no,relationship_analysis,structured_missing_or_history_availability,possible_absence_of_history_or_unknown_record,structured_missing_handling_candidate_later,feature_engineering_and_modeling,True,high_missing; zero_heavy;,False,
prev_canceled_application_credit_diff_sum,continuous_stat_numeric,candidate_predictor,special_case_review,no,relationship_analysis,structured_missing_or_history_availability,possible_absence_of_history_or_unknown_record,structured_missing_handling_candidate_later,feature_engineering_and_modeling,True,high_missing; zero_heavy;,False,
prev_canceled_cnt_payment_max,discrete_count_numeric,candidate_predictor,special_case_review,no,relationship_analysis,structured_missing_or_history_availability,possible_absence_of_history_or_unknown_record,structured_missing_handling_candidate_later,feature_engineering_and_modeling,True,high_missing;,True,extreme_missing;
prev_canceled_cnt_payment_mean,discrete_count_numeric,candidate_predictor,special_case_review,no,relationship_analysis,structured_missing_or_history_availability,possible_absence_of_history_or_unknown_record,structured_missing_handling_candidate_later,feature_engineering_and_modeling,True,high_missing; not_integer_like;,True,extreme_missing;
prev_canceled_cnt_payment_sum,discrete_count_numeric,candidate_predictor,special_case_review,no,relationship_analysis,structured_missing_or_history_availability,possible_absence_of_history_or_unknown_record,structured_missing_handling_candidate_later,feature_engineering_and_modeling,True,high_missing; zero_heavy; extreme_count_tail;,False,
prev_canceled_count,discrete_count_numeric,candidate_predictor,special_case_review,no,relationship_analysis,structured_missing_or_history_availability,possible_absence_of_history_or_unknown_record,structured_missing_handling_candidate_later,feature_engineering_and_modeling,False,,False,
prev_canceled_credit_amount_max,continuous_amount_numeric,candidate_predictor,special_case_review,no,relationship_analysis,structured_missing_or_history_availability,possible_absence_of_history_or_unknown_record,structured_missing_handling_candidate_later,feature_engineering_and_modeling,True,high_missing; extreme_skew; zero_heavy;,False,
prev_canceled_credit_amount_mean,continuous_amount_numeric,candidate_predictor,special_case_review,no,relationship_analysis,structured_missing_or_history_availability,possible_absence_of_history_or_unknown_record,structured_missing_handling_candidate_later,feature_engineering_and_modeling,True,high_missing; extreme_skew; zero_heavy;,False,
prev_canceled_credit_amount_sum,continuous_amount_numeric,candidate_predictor,special_case_review,no,relationship_analysis,structured_missing_or_history_availability,possible_absence_of_history_or_unknown_record,structured_missing_handling_candidate_later,feature_engineering_and_modeling,True,high_missing; extreme_skew; zero_heavy;,False,
prev_canceled_credit_to_application_ratio_max,ratio_rate_numeric,candidate_predictor,special_case_review,no,relationship_analysis,structured_missing_or_history_availability,possible_absence_of_history_or_unknown_record,structured_missing_handling_candidate_later,feature_engineering_and_modeling,True,high_missing;,True,extreme_missing;
prev_canceled_credit_to_application_ratio_mean,ratio_rate_numeric,candidate_predictor,special_case_review,no,relationship_analysis,structured_missing_or_history_availability,possible_absence_of_history_or_unknown_record,structured_missing_handling_candidate_later,feature_engineering_and_modeling,True,high_missing;,True,extreme_missing;
prev_canceled_credit_to_application_ratio_sum,ratio_rate_numeric,candidate_predictor,special_case_review,no,relationship_analysis,structured_missing_or_history_availability,possible_absence_of_history_or_unknown_record,structured_missing_handling_candidate_later,feature_engineering_and_modeling,True,high_missing; zero_heavy;,False,
prev_canceled_down_payment_max,continuous_amount_numeric,candidate_predictor,special_case_review,no,relationship_analysis,structured_missing_or_history_availability,possible_absence_of_history_or_unknown_record,structured_missing_handling_candidate_later,feature_engineering_and_modeling,True,high_missing; extreme_skew;,True,extreme_missing;
prev_canceled_down_payment_mean,continuous_amount_numeric,candidate_predictor,special_case_review,no,relationship_analysis,structured_missing_or_history_availability,possible_absence_of_history_or_unknown_record,structured_missing_handling_candidate_later,feature_engineering_and_modeling,True,high_missing; extreme_skew;,True,extreme_missing;
prev_canceled_down_payment_sum,continuous_amount_numeric,candidate_predictor,special_case_review,no,relationship_analysis,structured_missing_or_history_availability,possible_absence_of_history_or_unknown_record,structured_missing_handling_candidate_later,feature_engineering_and_modeling,True,high_missing; extreme_skew; zero_heavy;,False,
prev_canceled_goods_price_max,continuous_amount_numeric,candidate_predictor,special_case_review,no,relationship_analysis,structured_missing_or_history_availability,possible_absence_of_history_or_unknown_record,structured_missing_handling_candidate_later,feature_engineering_and_modeling,True,high_missing;,True,extreme_missing;
prev_canceled_goods_price_mean,continuous_amount_numeric,candidate_predictor,special_case_review,no,relationship_analysis,structured_missing_or_history_availability,possible_absence_of_history_or_unknown_record,structured_missing_handling_candidate_later,feature_engineering_and_modeling,True,high_missing;,True,extreme_missing;
prev_canceled_goods_price_sum,continuous_amount_numeric,candidate_predictor,special_case_review,no,relationship_analysis,structured_missing_or_history_availability,possible_absence_of_history_or_unknown_record,structured_missing_handling_candidate_later,feature_engineering_and_modeling,True,high_missing; extreme_skew; zero_heavy;,False,
prev_canceled_ratio,ratio_rate_numeric,candidate_predictor,special_case_review,no,relationship_analysis,structured_missing_or_history_availability,possible_absence_of_history_or_unknown_record,structured_missing_handling_candidate_later,feature_engineering_and_modeling,False,,False,
prev_canceled_recent_12m_count,discrete_count_numeric,candidate_predictor,special_case_review,no,relationship_analysis,structured_missing_or_history_availability,possible_absence_of_history_or_unknown_record,structured_missing_handling_candidate_later,feature_engineering_and_modeling,True,high_missing;,False,
prev_canceled_recent_24m_count,discrete_count_numeric,candidate_predictor,special_case_review,no,relationship_analysis,structured_missing_or_history_availability,possible_absence_of_history_or_unknown_record,structured_missing_handling_candidate_later,feature_engineering_and_modeling,True,high_missing;,False,
prev_cash_loan_count,discrete_count_numeric,candidate_predictor,special_case_review,no,relationship_analysis,structured_missing_or_history_availability,possible_absence_of_history_or_unknown_record,structured_missing_handling_candidate_later,feature_engineering_and_modeling,False,,False,
prev_cash_loan_ratio,ratio_rate_numeric,candidate_predictor,special_case_review,no,relationship_analysis,structured_missing_or_history_availability,possible_absence_of_history_or_unknown_record,structured_missing_handling_candidate_later,feature_engineering_and_modeling,False,,False,
prev_channel_ap_cash_loan_count,discrete_count_numeric,candidate_predictor,special_case_review,no,relationship_analysis,structured_missing_or_history_availability,possible_absence_of_history_or_unknown_record,structured_missing_handling_candidate_later,feature_engineering_and_modeling,True,zero_heavy;,False,
prev_channel_ap_cash_loan_ratio,ratio_rate_numeric,candidate_predictor,special_case_review,no,relationship_analysis,structured_missing_or_history_availability,possible_absence_of_history_or_unknown_record,structured_missing_handling_candidate_later,feature_engineering_and_modeling,True,zero_heavy; extreme_skew;,False,
prev_channel_contact_center_count,discrete_count_numeric,candidate_predictor,special_case_review,no,relationship_analysis,structured_missing_or_history_availability,possible_absence_of_history_or_unknown_record,structured_missing_handling_candidate_later,feature_engineering_and_modeling,True,zero_heavy;,False,
prev_channel_contact_center_ratio,ratio_rate_numeric,candidate_predictor,special_case_review,no,relationship_analysis,structured_missing_or_history_availability,possible_absence_of_history_or_unknown_record,structured_missing_handling_candidate_later,feature_engineering_and_modeling,True,zero_heavy;,False,
prev_channel_corporate_sales_count,ratio_rate_numeric,candidate_predictor,special_case_review,no,relationship_analysis,structured_missing_or_history_availability,possible_absence_of_history_or_unknown_record,structured_missing_handling_candidate_later,feature_engineering_and_modeling,True,zero_heavy; extreme_skew;,False,
prev_channel_corporate_sales_ratio,ratio_rate_numeric,candidate_predictor,special_case_review,no,relationship_analysis,structured_missing_or_history_availability,possible_absence_of_history_or_unknown_record,structured_missing_handling_candidate_later,feature_engineering_and_modeling,True,zero_heavy; extreme_skew;,False,
prev_channel_country_wide_count,discrete_count_numeric,candidate_predictor,special_case_review,no,relationship_analysis,structured_missing_or_history_availability,possible_absence_of_history_or_unknown_record,structured_missing_handling_candidate_later,feature_engineering_and_modeling,False,,False,
prev_channel_country_wide_ratio,ratio_rate_numeric,candidate_predictor,special_case_review,no,relationship_analysis,structured_missing_or_history_availability,possible_absence_of_history_or_unknown_record,structured_missing_handling_candidate_later,feature_engineering_and_modeling,False,,False,
prev_channel_credit_cash_office_count,discrete_count_numeric,candidate_predictor,special_case_review,no,relationship_analysis,structured_missing_or_history_availability,possible_absence_of_history_or_unknown_record,structured_missing_handling_candidate_later,feature_engineering_and_modeling,False,,False,
prev_channel_credit_cash_office_ratio,ratio_rate_numeric,candidate_predictor,special_case_review,no,relationship_analysis,structured_missing_or_history_availability,possible_absence_of_history_or_unknown_record,structured_missing_handling_candidate_later,feature_engineering_and_modeling,False,,False,
prev_channel_regional_local_count,discrete_count_numeric,candidate_predictor,special_case_review,no,relationship_analysis,structured_missing_or_history_availability,possible_absence_of_history_or_unknown_record,structured_missing_handling_candidate_later,feature_engineering_and_modeling,False,,False,
prev_channel_regional_local_ratio,ratio_rate_numeric,candidate_predictor,special_case_review,no,relationship_analysis,structured_missing_or_history_availability,possible_absence_of_history_or_unknown_record,structured_missing_handling_candidate_later,feature_engineering_and_modeling,False,,False,
prev_consumer_loan_count,discrete_count_numeric,candidate_predictor,special_case_review,no,relationship_analysis,structured_missing_or_history_availability,possible_absence_of_history_or_unknown_record,structured_missing_handling_candidate_later,feature_engineering_and_modeling,False,,False,
prev_consumer_loan_ratio,ratio_rate_numeric,candidate_predictor,special_case_review,no,relationship_analysis,structured_missing_or_history_availability,possible_absence_of_history_or_unknown_record,structured_missing_handling_candidate_later,feature_engineering_and_modeling,False,,False,
prev_contract_xna_count,discrete_count_numeric,candidate_predictor,special_case_review,no,relationship_analysis,structured_missing_or_history_availability,possible_absence_of_history_or_unknown_record,structured_missing_handling_candidate_later,feature_engineering_and_modeling,True,zero_heavy;,False,
prev_contract_xna_ratio,ratio_rate_numeric,candidate_predictor,special_case_review,no,relationship_analysis,structured_missing_or_history_availability,possible_absence_of_history_or_unknown_record,structured_missing_handling_candidate_later,feature_engineering_and_modeling,True,zero_heavy; extreme_skew;,False,
prev_has_down_payment_count,discrete_count_numeric,candidate_predictor,special_case_review,no,relationship_analysis,structured_missing_or_history_availability,possible_absence_of_history_or_unknown_record,structured_missing_handling_candidate_later,feature_engineering_and_modeling,False,,False,
prev_has_down_payment_ratio,ratio_rate_numeric,candidate_predictor,special_case_review,no,relationship_analysis,structured_missing_or_history_availability,possible_absence_of_history_or_unknown_record,structured_missing_handling_candidate_later,feature_engineering_and_modeling,False,,False,
prev_has_interest_rate_count,ratio_rate_numeric,candidate_predictor,special_case_review,no,relationship_analysis,structured_missing_or_history_availability,possible_absence_of_history_or_unknown_record,structured_missing_handling_candidate_later,feature_engineering_and_modeling,True,zero_heavy; extreme_skew;,False,
prev_has_interest_rate_ratio,ratio_rate_numeric,candidate_predictor,special_case_review,no,relationship_analysis,structured_missing_or_history_availability,possible_absence_of_history_or_unknown_record,structured_missing_handling_candidate_later,feature_engineering_and_modeling,True,zero_heavy; extreme_skew;,False,
prev_insured_on_approval_count,discrete_count_numeric,candidate_predictor,special_case_review,no,relationship_analysis,structured_missing_or_history_availability,possible_absence_of_history_or_unknown_record,structured_missing_handling_candidate_later,feature_engineering_and_modeling,False,,False,
prev_insured_on_approval_ratio,ratio_rate_numeric,candidate_predictor,special_case_review,no,relationship_analysis,structured_missing_or_history_availability,possible_absence_of_history_or_unknown_record,structured_missing_handling_candidate_later,feature_engineering_and_modeling,False,,False,
prev_last_appl_in_day_count,discrete_count_numeric,candidate_predictor,special_case_review,no,relationship_analysis,structured_missing_or_history_availability,possible_absence_of_history_or_unknown_record,structured_missing_handling_candidate_later,feature_engineering_and_modeling,False,,False,
prev_last_appl_in_day_ratio,ratio_rate_numeric,candidate_predictor,special_case_review,no,relationship_analysis,structured_missing_or_history_availability,possible_absence_of_history_or_unknown_record,structured_missing_handling_candidate_later,feature_engineering_and_modeling,True,extreme_skew;,False,
prev_latest_annuity_amount,continuous_amount_numeric,candidate_predictor,special_case_review,no,relationship_analysis,structured_missing_or_history_availability,possible_absence_of_history_or_unknown_record,structured_missing_handling_candidate_later,feature_engineering_and_modeling,False,,False,
prev_latest_annuity_to_credit_ratio,ratio_rate_numeric,candidate_predictor,special_case_review,no,relationship_analysis,structured_missing_or_history_availability,possible_absence_of_history_or_unknown_record,structured_missing_handling_candidate_later,feature_engineering_and_modeling,False,,False,
prev_latest_application_amount,continuous_amount_numeric,candidate_predictor,special_case_review,no,relationship_analysis,structured_missing_or_history_availability,possible_absence_of_history_or_unknown_record,structured_missing_handling_candidate_later,feature_engineering_and_modeling,False,,False,
prev_latest_application_credit_diff,continuous_stat_numeric,candidate_predictor,special_case_review,no,relationship_analysis,structured_missing_or_history_availability,possible_absence_of_history_or_unknown_record,structured_missing_handling_candidate_later,feature_engineering_and_modeling,True,extreme_skew; high_outlier_burden;,False,
prev_latest_approved_flag,binary_flag,candidate_predictor,special_case_review,no,relationship_analysis,structured_missing_or_history_availability,possible_absence_of_history_or_unknown_record,structured_missing_handling_candidate_later,feature_engineering_and_modeling,,,False,
prev_latest_canceled_flag,binary_flag,candidate_predictor,special_case_review,no,relationship_analysis,structured_missing_or_history_availability,possible_absence_of_history_or_unknown_record,structured_missing_handling_candidate_later,feature_engineering_and_modeling,,,False,
prev_latest_cash_loan_flag,binary_flag,candidate_predictor,special_case_review,no,relationship_analysis,structured_missing_or_history_availability,possible_absence_of_history_or_unknown_record,structured_missing_handling_candidate_later,feature_engineering_and_modeling,,,False,
prev_latest_cnt_payment,discrete_count_numeric,candidate_predictor,special_case_review,no,relationship_analysis,structured_missing_or_history_availability,possible_absence_of_history_or_unknown_record,structured_missing_handling_candidate_later,feature_engineering_and_modeling,False,,False,
prev_latest_consumer_loan_flag,binary_flag,candidate_predictor,special_case_review,no,relationship_analysis,structured_missing_or_history_availability,possible_absence_of_history_or_unknown_record,structured_missing_handling_candidate_later,feature_engineering_and_modeling,,,False,
prev_latest_credit_amount,continuous_amount_numeric,candidate_predictor,special_case_review,no,relationship_analysis,structured_missing_or_history_availability,possible_absence_of_history_or_unknown_record,structured_missing_handling_candidate_later,feature_engineering_and_modeling,False,,False,
prev_latest_credit_to_application_ratio,ratio_rate_numeric,candidate_predictor,special_case_review,no,relationship_analysis,structured_missing_or_history_availability,possible_absence_of_history_or_unknown_record,structured_missing_handling_candidate_later,feature_engineering_and_modeling,False,,False,
prev_latest_days_decision,date_duration_numeric,candidate_predictor,special_case_review,no,relationship_analysis,structured_missing_or_history_availability,possible_absence_of_history_or_unknown_record,structured_missing_handling_candidate_later,feature_engineering_and_modeling,False,,False,
prev_latest_down_payment,continuous_amount_numeric,candidate_predictor,special_case_review,no,relationship_analysis,structured_missing_or_history_availability,possible_absence_of_history_or_unknown_record,structured_missing_handling_candidate_later,feature_engineering_and_modeling,True,high_missing; extreme_skew; negative_amount_value;,False,
prev_latest_down_payment_ratio,ratio_rate_numeric,candidate_predictor,special_case_review,no,relationship_analysis,structured_missing_or_history_availability,possible_absence_of_history_or_unknown_record,structured_missing_handling_candidate_later,feature_engineering_and_modeling,True,high_missing; negative_ratio_value;,False,
prev_latest_goods_price,continuous_amount_numeric,candidate_predictor,special_case_review,no,relationship_analysis,structured_missing_or_history_availability,possible_absence_of_history_or_unknown_record,structured_missing_handling_candidate_later,feature_engineering_and_modeling,False,,False,
prev_latest_has_down_payment,binary_flag,candidate_predictor,special_case_review,no,relationship_analysis,structured_missing_or_history_availability,possible_absence_of_history_or_unknown_record,structured_missing_handling_candidate_later,feature_engineering_and_modeling,,,False,
prev_latest_has_interest_rate,binary_flag,candidate_predictor,special_case_review,no,relationship_analysis,rare_or_near_constant_binary_flag | structured_missing_or_history_availability,near_constant_binary_flag | possible_absence_of_history_or_unknown_record,keep_as_binary_candidate_and_validate_predictive_value_later | structured_missing_handling_candidate_later,bivariate_multivariate_and_modeling | feature_engineering_and_modeling,,,False,
prev_latest_hour_process,cyclical_time,candidate_predictor,special_case_review,no,relationship_analysis,cyclical_or_calendar_time | structured_missing_or_history_availability, | possible_absence_of_history_or_unknown_record,cyclical_or_calendar_encoding_candidate_later | structured_missing_handling_candidate_later,feature_engineering_and_modeling,False,,False,
prev_latest_insured_on_approval,binary_flag,candidate_predictor,special_case_review,no,relationship_analysis,structured_missing_or_history_availability,possible_absence_of_history_or_unknown_record,structured_missing_handling_candidate_later,feature_engineering_and_modeling,,,False,
prev_latest_last_appl_in_day,binary_flag,candidate_predictor,special_case_review,no,relationship_analysis,rare_or_near_constant_binary_flag | structured_missing_or_history_availability,near_constant_binary_flag | possible_absence_of_history_or_unknown_record,keep_as_binary_candidate_and_validate_predictive_value_later | structured_missing_handling_candidate_later,bivariate_multivariate_and_modeling | feature_engineering_and_modeling,,,False,
prev_latest_refused_flag,binary_flag,candidate_predictor,special_case_review,no,relationship_analysis,structured_missing_or_history_availability,possible_absence_of_history_or_unknown_record,structured_missing_handling_candidate_later,feature_engineering_and_modeling,,,False,
prev_latest_revolving_loan_flag,binary_flag,candidate_predictor,special_case_review,no,relationship_analysis,structured_missing_or_history_availability,possible_absence_of_history_or_unknown_record,structured_missing_handling_candidate_later,feature_engineering_and_modeling,,,False,
prev_latest_sellerplace_area,continuous_amount_numeric,candidate_predictor,special_case_review,no,relationship_analysis,structured_missing_or_history_availability,possible_absence_of_history_or_unknown_record,structured_missing_handling_candidate_later,feature_engineering_and_modeling,True,extreme_skew; high_outlier_burden; negative_amount_value;,False,
prev_latest_unused_offer_flag,binary_flag,candidate_predictor,special_case_review,no,relationship_analysis,structured_missing_or_history_availability,possible_absence_of_history_or_unknown_record,structured_missing_handling_candidate_later,feature_engineering_and_modeling,,,False,
prev_long_term_count,discrete_count_numeric,candidate_predictor,special_case_review,no,relationship_analysis,structured_missing_or_history_availability,possible_absence_of_history_or_unknown_record,structured_missing_handling_candidate_later,feature_engineering_and_modeling,False,,False,
prev_long_term_ratio,ratio_rate_numeric,candidate_predictor,special_case_review,no,relationship_analysis,structured_missing_or_history_availability,possible_absence_of_history_or_unknown_record,structured_missing_handling_candidate_later,feature_engineering_and_modeling,False,,False,
prev_medium_term_count,discrete_count_numeric,candidate_predictor,special_case_review,no,relationship_analysis,structured_missing_or_history_availability,possible_absence_of_history_or_unknown_record,structured_missing_handling_candidate_later,feature_engineering_and_modeling,False,,False,
prev_medium_term_ratio,ratio_rate_numeric,candidate_predictor,special_case_review,no,relationship_analysis,structured_missing_or_history_availability,possible_absence_of_history_or_unknown_record,structured_missing_handling_candidate_later,feature_engineering_and_modeling,False,,False,
prev_new_client_count,discrete_count_numeric,candidate_predictor,special_case_review,no,relationship_analysis,structured_missing_or_history_availability,possible_absence_of_history_or_unknown_record,structured_missing_handling_candidate_later,feature_engineering_and_modeling,False,,False,
prev_new_client_ratio,ratio_rate_numeric,candidate_predictor,special_case_review,no,relationship_analysis,structured_missing_or_history_availability,possible_absence_of_history_or_unknown_record,structured_missing_handling_candidate_later,feature_engineering_and_modeling,False,,False,
prev_portfolio_cards_count,discrete_count_numeric,candidate_predictor,special_case_review,no,relationship_analysis,structured_missing_or_history_availability,possible_absence_of_history_or_unknown_record,structured_missing_handling_candidate_later,feature_engineering_and_modeling,False,,False,
prev_portfolio_cards_ratio,ratio_rate_numeric,candidate_predictor,special_case_review,no,relationship_analysis,structured_missing_or_history_availability,possible_absence_of_history_or_unknown_record,structured_missing_handling_candidate_later,feature_engineering_and_modeling,False,,False,
prev_portfolio_cars_count,discrete_count_numeric,candidate_predictor,special_case_review,no,relationship_analysis,structured_missing_or_history_availability,possible_absence_of_history_or_unknown_record,structured_missing_handling_candidate_later,feature_engineering_and_modeling,True,zero_heavy;,False,
prev_portfolio_cars_ratio,ratio_rate_numeric,candidate_predictor,special_case_review,no,relationship_analysis,structured_missing_or_history_availability,possible_absence_of_history_or_unknown_record,structured_missing_handling_candidate_later,feature_engineering_and_modeling,True,zero_heavy; extreme_skew;,False,
prev_portfolio_cash_count,discrete_count_numeric,candidate_predictor,special_case_review,no,relationship_analysis,structured_missing_or_history_availability,possible_absence_of_history_or_unknown_record,structured_missing_handling_candidate_later,feature_engineering_and_modeling,False,,False,
prev_portfolio_cash_ratio,ratio_rate_numeric,candidate_predictor,special_case_review,no,relationship_analysis,structured_missing_or_history_availability,possible_absence_of_history_or_unknown_record,structured_missing_handling_candidate_later,feature_engineering_and_modeling,False,,False,
prev_portfolio_pos_count,discrete_count_numeric,candidate_predictor,special_case_review,no,relationship_analysis,structured_missing_or_history_availability,possible_absence_of_history_or_unknown_record,structured_missing_handling_candidate_later,feature_engineering_and_modeling,False,,False,
prev_portfolio_pos_ratio,ratio_rate_numeric,candidate_predictor,special_case_review,no,relationship_analysis,structured_missing_or_history_availability,possible_absence_of_history_or_unknown_record,structured_missing_handling_candidate_later,feature_engineering_and_modeling,False,,False,
prev_portfolio_xna_count,discrete_count_numeric,candidate_predictor,special_case_review,no,relationship_analysis,structured_missing_or_history_availability,possible_absence_of_history_or_unknown_record,structured_missing_handling_candidate_later,feature_engineering_and_modeling,False,,False,
prev_portfolio_xna_ratio,ratio_rate_numeric,candidate_predictor,special_case_review,no,relationship_analysis,structured_missing_or_history_availability,possible_absence_of_history_or_unknown_record,structured_missing_handling_candidate_later,feature_engineering_and_modeling,False,,False,
prev_recent_12m_count,discrete_count_numeric,candidate_predictor,special_case_review,no,relationship_analysis,structured_missing_or_history_availability,possible_absence_of_history_or_unknown_record,structured_missing_handling_candidate_later,feature_engineering_and_modeling,False,,False,
prev_recent_12m_ratio,ratio_rate_numeric,candidate_predictor,special_case_review,no,relationship_analysis,structured_missing_or_history_availability,possible_absence_of_history_or_unknown_record,structured_missing_handling_candidate_later,feature_engineering_and_modeling,False,,False,
prev_recent_24m_count,discrete_count_numeric,candidate_predictor,special_case_review,no,relationship_analysis,structured_missing_or_history_availability,possible_absence_of_history_or_unknown_record,structured_missing_handling_candidate_later,feature_engineering_and_modeling,False,,False,
prev_recent_24m_ratio,ratio_rate_numeric,candidate_predictor,special_case_review,no,relationship_analysis,structured_missing_or_history_availability,possible_absence_of_history_or_unknown_record,structured_missing_handling_candidate_later,feature_engineering_and_modeling,False,,False,
prev_recent_6m_count,discrete_count_numeric,candidate_predictor,special_case_review,no,relationship_analysis,structured_missing_or_history_availability,possible_absence_of_history_or_unknown_record,structured_missing_handling_candidate_later,feature_engineering_and_modeling,False,,False,
prev_recent_6m_ratio,ratio_rate_numeric,candidate_predictor,special_case_review,no,relationship_analysis,structured_missing_or_history_availability,possible_absence_of_history_or_unknown_record,structured_missing_handling_candidate_later,feature_engineering_and_modeling,False,,False,
prev_refreshed_client_count,discrete_count_numeric,candidate_predictor,special_case_review,no,relationship_analysis,structured_missing_or_history_availability,possible_absence_of_history_or_unknown_record,structured_missing_handling_candidate_later,feature_engineering_and_modeling,False,,False,
prev_refreshed_client_ratio,ratio_rate_numeric,candidate_predictor,special_case_review,no,relationship_analysis,structured_missing_or_history_availability,possible_absence_of_history_or_unknown_record,structured_missing_handling_candidate_later,feature_engineering_and_modeling,True,high_outlier_burden;,False,
prev_refused_annuity_amount_max,continuous_amount_numeric,candidate_predictor,special_case_review,no,relationship_analysis,structured_missing_or_history_availability,possible_absence_of_history_or_unknown_record,structured_missing_handling_candidate_later,feature_engineering_and_modeling,True,high_missing;,False,
prev_refused_annuity_amount_mean,continuous_amount_numeric,candidate_predictor,special_case_review,no,relationship_analysis,structured_missing_or_history_availability,possible_absence_of_history_or_unknown_record,structured_missing_handling_candidate_later,feature_engineering_and_modeling,True,high_missing;,False,
prev_refused_annuity_amount_sum,continuous_amount_numeric,candidate_predictor,special_case_review,no,relationship_analysis,structured_missing_or_history_availability,possible_absence_of_history_or_unknown_record,structured_missing_handling_candidate_later,feature_engineering_and_modeling,True,high_missing;,False,
prev_refused_annuity_to_credit_ratio_max,ratio_rate_numeric,candidate_predictor,special_case_review,no,relationship_analysis,structured_missing_or_history_availability,possible_absence_of_history_or_unknown_record,structured_missing_handling_candidate_later,feature_engineering_and_modeling,True,high_missing;,False,
prev_refused_annuity_to_credit_ratio_mean,ratio_rate_numeric,candidate_predictor,special_case_review,no,relationship_analysis,structured_missing_or_history_availability,possible_absence_of_history_or_unknown_record,structured_missing_handling_candidate_later,feature_engineering_and_modeling,True,high_missing;,False,
prev_refused_annuity_to_credit_ratio_sum,ratio_rate_numeric,candidate_predictor,special_case_review,no,relationship_analysis,structured_missing_or_history_availability,possible_absence_of_history_or_unknown_record,structured_missing_handling_candidate_later,feature_engineering_and_modeling,True,high_missing;,False,
prev_refused_application_amount_max,continuous_amount_numeric,candidate_predictor,special_case_review,no,relationship_analysis,structured_missing_or_history_availability,possible_absence_of_history_or_unknown_record,structured_missing_handling_candidate_later,feature_engineering_and_modeling,True,high_missing;,False,
prev_refused_application_amount_mean,continuous_amount_numeric,candidate_predictor,special_case_review,no,relationship_analysis,structured_missing_or_history_availability,possible_absence_of_history_or_unknown_record,structured_missing_handling_candidate_later,feature_engineering_and_modeling,True,high_missing;,False,
prev_refused_application_amount_sum,continuous_amount_numeric,candidate_predictor,special_case_review,no,relationship_analysis,structured_missing_or_history_availability,possible_absence_of_history_or_unknown_record,structured_missing_handling_candidate_later,feature_engineering_and_modeling,True,high_missing; extreme_skew;,False,
prev_refused_application_count,discrete_count_numeric,candidate_predictor,special_case_review,no,relationship_analysis,structured_missing_or_history_availability,possible_absence_of_history_or_unknown_record,structured_missing_handling_candidate_later,feature_engineering_and_modeling,True,high_missing;,False,
prev_refused_application_credit_diff_max,continuous_stat_numeric,candidate_predictor,special_case_review,no,relationship_analysis,structured_missing_or_history_availability,possible_absence_of_history_or_unknown_record,structured_missing_handling_candidate_later,feature_engineering_and_modeling,True,high_missing; high_outlier_burden;,False,
prev_refused_application_credit_diff_mean,continuous_stat_numeric,candidate_predictor,special_case_review,no,relationship_analysis,structured_missing_or_history_availability,possible_absence_of_history_or_unknown_record,structured_missing_handling_candidate_later,feature_engineering_and_modeling,True,high_missing;,False,
prev_refused_application_credit_diff_sum,continuous_stat_numeric,candidate_predictor,special_case_review,no,relationship_analysis,structured_missing_or_history_availability,possible_absence_of_history_or_unknown_record,structured_missing_handling_candidate_later,feature_engineering_and_modeling,True,high_missing; extreme_skew;,False,
prev_refused_cnt_payment_max,discrete_count_numeric,candidate_predictor,special_case_review,no,relationship_analysis,structured_missing_or_history_availability,possible_absence_of_history_or_unknown_record,structured_missing_handling_candidate_later,feature_engineering_and_modeling,True,high_missing;,False,
prev_refused_cnt_payment_mean,discrete_count_numeric,candidate_predictor,special_case_review,no,relationship_analysis,structured_missing_or_history_availability,possible_absence_of_history_or_unknown_record,structured_missing_handling_candidate_later,feature_engineering_and_modeling,True,high_missing; not_integer_like;,False,
prev_refused_cnt_payment_sum,discrete_count_numeric,candidate_predictor,special_case_review,no,relationship_analysis,structured_missing_or_history_availability,possible_absence_of_history_or_unknown_record,structured_missing_handling_candidate_later,feature_engineering_and_modeling,True,high_missing; extreme_count_tail;,False,
prev_refused_count,discrete_count_numeric,candidate_predictor,special_case_review,no,relationship_analysis,structured_missing_or_history_availability,possible_absence_of_history_or_unknown_record,structured_missing_handling_candidate_later,feature_engineering_and_modeling,False,,False,
prev_refused_credit_amount_max,continuous_amount_numeric,candidate_predictor,special_case_review,no,relationship_analysis,structured_missing_or_history_availability,possible_absence_of_history_or_unknown_record,structured_missing_handling_candidate_later,feature_engineering_and_modeling,True,high_missing;,False,
prev_refused_credit_amount_mean,continuous_amount_numeric,candidate_predictor,special_case_review,no,relationship_analysis,structured_missing_or_history_availability,possible_absence_of_history_or_unknown_record,structured_missing_handling_candidate_later,feature_engineering_and_modeling,True,high_missing;,False,
prev_refused_credit_amount_sum,continuous_amount_numeric,candidate_predictor,special_case_review,no,relationship_analysis,structured_missing_or_history_availability,possible_absence_of_history_or_unknown_record,structured_missing_handling_candidate_later,feature_engineering_and_modeling,True,high_missing; extreme_skew;,False,
prev_refused_credit_to_application_ratio_max,ratio_rate_numeric,candidate_predictor,special_case_review,no,relationship_analysis,structured_missing_or_history_availability,possible_absence_of_history_or_unknown_record,structured_missing_handling_candidate_later,feature_engineering_and_modeling,True,high_missing; extreme_skew;,False,
prev_refused_credit_to_application_ratio_mean,ratio_rate_numeric,candidate_predictor,special_case_review,no,relationship_analysis,structured_missing_or_history_availability,possible_absence_of_history_or_unknown_record,structured_missing_handling_candidate_later,feature_engineering_and_modeling,True,high_missing; extreme_skew;,False,
prev_refused_credit_to_application_ratio_sum,ratio_rate_numeric,candidate_predictor,special_case_review,no,relationship_analysis,structured_missing_or_history_availability,possible_absence_of_history_or_unknown_record,structured_missing_handling_candidate_later,feature_engineering_and_modeling,True,high_missing;,False,
prev_refused_down_payment_max,continuous_amount_numeric,candidate_predictor,special_case_review,no,relationship_analysis,structured_missing_or_history_availability,possible_absence_of_history_or_unknown_record,structured_missing_handling_candidate_later,feature_engineering_and_modeling,True,high_missing; extreme_skew;,True,extreme_missing;
prev_refused_down_payment_mean,continuous_amount_numeric,candidate_predictor,special_case_review,no,relationship_analysis,structured_missing_or_history_availability,possible_absence_of_history_or_unknown_record,structured_missing_handling_candidate_later,feature_engineering_and_modeling,True,high_missing; extreme_skew;,True,extreme_missing;
prev_refused_down_payment_sum,continuous_amount_numeric,candidate_predictor,special_case_review,no,relationship_analysis,structured_missing_or_history_availability,possible_absence_of_history_or_unknown_record,structured_missing_handling_candidate_later,feature_engineering_and_modeling,True,high_missing; extreme_skew;,False,
prev_refused_goods_price_max,continuous_amount_numeric,candidate_predictor,special_case_review,no,relationship_analysis,structured_missing_or_history_availability,possible_absence_of_history_or_unknown_record,structured_missing_handling_candidate_later,feature_engineering_and_modeling,True,high_missing;,False,
prev_refused_goods_price_mean,continuous_amount_numeric,candidate_predictor,special_case_review,no,relationship_analysis,structured_missing_or_history_availability,possible_absence_of_history_or_unknown_record,structured_missing_handling_candidate_later,feature_engineering_and_modeling,True,high_missing;,False,
prev_refused_goods_price_sum,continuous_amount_numeric,candidate_predictor,special_case_review,no,relationship_analysis,structured_missing_or_history_availability,possible_absence_of_history_or_unknown_record,structured_missing_handling_candidate_later,feature_engineering_and_modeling,True,high_missing; extreme_skew;,False,
prev_refused_ratio,ratio_rate_numeric,candidate_predictor,special_case_review,no,relationship_analysis,structured_missing_or_history_availability,possible_absence_of_history_or_unknown_record,structured_missing_handling_candidate_later,feature_engineering_and_modeling,False,,False,
prev_refused_recent_12m_count,discrete_count_numeric,candidate_predictor,special_case_review,no,relationship_analysis,structured_missing_or_history_availability,possible_absence_of_history_or_unknown_record,structured_missing_handling_candidate_later,feature_engineering_and_modeling,True,high_missing;,False,
prev_refused_recent_24m_count,discrete_count_numeric,candidate_predictor,special_case_review,no,relationship_analysis,structured_missing_or_history_availability,possible_absence_of_history_or_unknown_record,structured_missing_handling_candidate_later,feature_engineering_and_modeling,True,high_missing;,False,
prev_refused_to_approved_ratio,ratio_rate_numeric,candidate_predictor,special_case_review,no,relationship_analysis,structured_missing_or_history_availability,possible_absence_of_history_or_unknown_record,structured_missing_handling_candidate_later,feature_engineering_and_modeling,True,extreme_skew;,False,
prev_repeater_client_count,discrete_count_numeric,candidate_predictor,special_case_review,no,relationship_analysis,structured_missing_or_history_availability,possible_absence_of_history_or_unknown_record,structured_missing_handling_candidate_later,feature_engineering_and_modeling,False,,False,
prev_repeater_client_ratio,ratio_rate_numeric,candidate_predictor,special_case_review,no,relationship_analysis,structured_missing_or_history_availability,possible_absence_of_history_or_unknown_record,structured_missing_handling_candidate_later,feature_engineering_and_modeling,False,,False,
prev_revolving_loan_count,discrete_count_numeric,candidate_predictor,special_case_review,no,relationship_analysis,structured_missing_or_history_availability,possible_absence_of_history_or_unknown_record,structured_missing_handling_candidate_later,feature_engineering_and_modeling,False,,False,
prev_revolving_loan_ratio,ratio_rate_numeric,candidate_predictor,special_case_review,no,relationship_analysis,structured_missing_or_history_availability,possible_absence_of_history_or_unknown_record,structured_missing_handling_candidate_later,feature_engineering_and_modeling,False,,False,
prev_short_term_count,discrete_count_numeric,candidate_predictor,special_case_review,no,relationship_analysis,structured_missing_or_history_availability,possible_absence_of_history_or_unknown_record,structured_missing_handling_candidate_later,feature_engineering_and_modeling,False,,False,
prev_short_term_ratio,ratio_rate_numeric,candidate_predictor,special_case_review,no,relationship_analysis,structured_missing_or_history_availability,possible_absence_of_history_or_unknown_record,structured_missing_handling_candidate_later,feature_engineering_and_modeling,False,,False,
prev_unique_channel_count,discrete_count_numeric,candidate_predictor,special_case_review,no,relationship_analysis,structured_missing_or_history_availability,possible_absence_of_history_or_unknown_record,structured_missing_handling_candidate_later,feature_engineering_and_modeling,False,,False,
prev_unique_client_type_count,discrete_count_numeric,candidate_predictor,special_case_review,no,relationship_analysis,structured_missing_or_history_availability,possible_absence_of_history_or_unknown_record,structured_missing_handling_candidate_later,feature_engineering_and_modeling,False,,False,
prev_unique_contract_status_count,discrete_count_numeric,candidate_predictor,special_case_review,no,relationship_analysis,structured_missing_or_history_availability,possible_absence_of_history_or_unknown_record,structured_missing_handling_candidate_later,feature_engineering_and_modeling,False,,False,
prev_unique_contract_type_count,discrete_count_numeric,candidate_predictor,special_case_review,no,relationship_analysis,structured_missing_or_history_availability,possible_absence_of_history_or_unknown_record,structured_missing_handling_candidate_later,feature_engineering_and_modeling,False,,False,
prev_unique_portfolio_count,discrete_count_numeric,candidate_predictor,special_case_review,no,relationship_analysis,structured_missing_or_history_availability,possible_absence_of_history_or_unknown_record,structured_missing_handling_candidate_later,feature_engineering_and_modeling,False,,False,
prev_unique_product_combination_count,discrete_count_numeric,candidate_predictor,special_case_review,no,relationship_analysis,structured_missing_or_history_availability,possible_absence_of_history_or_unknown_record,structured_missing_handling_candidate_later,feature_engineering_and_modeling,False,,False,
prev_unused_offer_annuity_amount_max,continuous_amount_numeric,candidate_predictor,special_case_review,no,relationship_analysis,structured_missing_or_history_availability,possible_absence_of_history_or_unknown_record,structured_missing_handling_candidate_later,feature_engineering_and_modeling,True,high_missing;,True,extreme_missing;
prev_unused_offer_annuity_amount_mean,continuous_amount_numeric,candidate_predictor,special_case_review,no,relationship_analysis,structured_missing_or_history_availability,possible_absence_of_history_or_unknown_record,structured_missing_handling_candidate_later,feature_engineering_and_modeling,True,high_missing;,True,extreme_missing;
prev_unused_offer_annuity_amount_sum,continuous_amount_numeric,candidate_predictor,special_case_review,no,relationship_analysis,structured_missing_or_history_availability,possible_absence_of_history_or_unknown_record,structured_missing_handling_candidate_later,feature_engineering_and_modeling,True,high_missing; extreme_skew; zero_heavy;,True,extreme_missing;
prev_unused_offer_annuity_to_credit_ratio_max,ratio_rate_numeric,candidate_predictor,special_case_review,no,relationship_analysis,structured_missing_or_history_availability,possible_absence_of_history_or_unknown_record,structured_missing_handling_candidate_later,feature_engineering_and_modeling,True,high_missing; high_outlier_burden;,True,extreme_missing;
prev_unused_offer_annuity_to_credit_ratio_mean,ratio_rate_numeric,candidate_predictor,special_case_review,no,relationship_analysis,structured_missing_or_history_availability,possible_absence_of_history_or_unknown_record,structured_missing_handling_candidate_later,feature_engineering_and_modeling,True,high_missing; high_outlier_burden;,True,extreme_missing;
prev_unused_offer_annuity_to_credit_ratio_sum,ratio_rate_numeric,candidate_predictor,special_case_review,no,relationship_analysis,structured_missing_or_history_availability,possible_absence_of_history_or_unknown_record,structured_missing_handling_candidate_later,feature_engineering_and_modeling,True,high_missing; zero_heavy; extreme_skew;,True,extreme_missing;
prev_unused_offer_application_amount_max,continuous_amount_numeric,candidate_predictor,special_case_review,no,relationship_analysis,structured_missing_or_history_availability,possible_absence_of_history_or_unknown_record,structured_missing_handling_candidate_later,feature_engineering_and_modeling,True,high_missing; extreme_skew;,True,extreme_missing;
prev_unused_offer_application_amount_mean,continuous_amount_numeric,candidate_predictor,special_case_review,no,relationship_analysis,structured_missing_or_history_availability,possible_absence_of_history_or_unknown_record,structured_missing_handling_candidate_later,feature_engineering_and_modeling,True,high_missing; extreme_skew;,True,extreme_missing;
prev_unused_offer_application_amount_sum,continuous_amount_numeric,candidate_predictor,special_case_review,no,relationship_analysis,structured_missing_or_history_availability,possible_absence_of_history_or_unknown_record,structured_missing_handling_candidate_later,feature_engineering_and_modeling,True,high_missing; extreme_skew;,True,extreme_missing;
prev_unused_offer_application_count,discrete_count_numeric,candidate_predictor,special_case_review,no,relationship_analysis,structured_missing_or_history_availability,possible_absence_of_history_or_unknown_record,structured_missing_handling_candidate_later,feature_engineering_and_modeling,True,high_missing;,True,extreme_missing;
prev_unused_offer_application_credit_diff_max,continuous_stat_numeric,candidate_predictor,special_case_review,no,relationship_analysis,structured_missing_or_history_availability,possible_absence_of_history_or_unknown_record,structured_missing_handling_candidate_later,feature_engineering_and_modeling,True,high_missing; extreme_skew; zero_heavy;,True,extreme_missing;
prev_unused_offer_application_credit_diff_mean,continuous_stat_numeric,candidate_predictor,special_case_review,no,relationship_analysis,structured_missing_or_history_availability,possible_absence_of_history_or_unknown_record,structured_missing_handling_candidate_later,feature_engineering_and_modeling,True,high_missing; extreme_skew; zero_heavy;,True,extreme_missing;
prev_unused_offer_application_credit_diff_sum,continuous_stat_numeric,candidate_predictor,special_case_review,no,relationship_analysis,structured_missing_or_history_availability,possible_absence_of_history_or_unknown_record,structured_missing_handling_candidate_later,feature_engineering_and_modeling,True,high_missing; extreme_skew; zero_heavy;,True,extreme_missing;
prev_unused_offer_cnt_payment_max,discrete_count_numeric,candidate_predictor,special_case_review,no,relationship_analysis,structured_missing_or_history_availability,possible_absence_of_history_or_unknown_record,structured_missing_handling_candidate_later,feature_engineering_and_modeling,True,high_missing;,True,extreme_missing;
prev_unused_offer_cnt_payment_mean,discrete_count_numeric,candidate_predictor,special_case_review,no,relationship_analysis,structured_missing_or_history_availability,possible_absence_of_history_or_unknown_record,structured_missing_handling_candidate_later,feature_engineering_and_modeling,True,high_missing; not_integer_like;,True,extreme_missing;
prev_unused_offer_cnt_payment_sum,discrete_count_numeric,candidate_predictor,special_case_review,no,relationship_analysis,structured_missing_or_history_availability,possible_absence_of_history_or_unknown_record,structured_missing_handling_candidate_later,feature_engineering_and_modeling,True,high_missing; zero_heavy;,True,extreme_missing;
prev_unused_offer_count,discrete_count_numeric,candidate_predictor,special_case_review,no,relationship_analysis,structured_missing_or_history_availability,possible_absence_of_history_or_unknown_record,structured_missing_handling_candidate_later,feature_engineering_and_modeling,True,zero_heavy;,False,
prev_unused_offer_credit_amount_max,continuous_amount_numeric,candidate_predictor,special_case_review,no,relationship_analysis,structured_missing_or_history_availability,possible_absence_of_history_or_unknown_record,structured_missing_handling_candidate_later,feature_engineering_and_modeling,True,high_missing; extreme_skew;,True,extreme_missing;
prev_unused_offer_credit_amount_mean,continuous_amount_numeric,candidate_predictor,special_case_review,no,relationship_analysis,structured_missing_or_history_availability,possible_absence_of_history_or_unknown_record,structured_missing_handling_candidate_later,feature_engineering_and_modeling,True,high_missing; extreme_skew;,True,extreme_missing;
prev_unused_offer_credit_amount_sum,continuous_amount_numeric,candidate_predictor,special_case_review,no,relationship_analysis,structured_missing_or_history_availability,possible_absence_of_history_or_unknown_record,structured_missing_handling_candidate_later,feature_engineering_and_modeling,True,high_missing; extreme_skew;,True,extreme_missing;
prev_unused_offer_credit_to_application_ratio_max,ratio_rate_numeric,candidate_predictor,special_case_review,no,relationship_analysis,structured_missing_or_history_availability,possible_absence_of_history_or_unknown_record,structured_missing_handling_candidate_later,feature_engineering_and_modeling,True,high_missing; extreme_skew;,True,extreme_missing;
prev_unused_offer_credit_to_application_ratio_mean,ratio_rate_numeric,candidate_predictor,special_case_review,no,relationship_analysis,structured_missing_or_history_availability,possible_absence_of_history_or_unknown_record,structured_missing_handling_candidate_later,feature_engineering_and_modeling,True,high_missing; extreme_skew;,True,extreme_missing;
prev_unused_offer_credit_to_application_ratio_sum,ratio_rate_numeric,candidate_predictor,special_case_review,no,relationship_analysis,structured_missing_or_history_availability,possible_absence_of_history_or_unknown_record,structured_missing_handling_candidate_later,feature_engineering_and_modeling,True,high_missing;,True,extreme_missing;
prev_unused_offer_down_payment_max,continuous_amount_numeric,candidate_predictor,special_case_review,no,relationship_analysis,structured_missing_or_history_availability,possible_absence_of_history_or_unknown_record,structured_missing_handling_candidate_later,feature_engineering_and_modeling,True,high_missing; extreme_skew; zero_heavy;,True,extreme_missing;
prev_unused_offer_down_payment_mean,continuous_amount_numeric,candidate_predictor,special_case_review,no,relationship_analysis,structured_missing_or_history_availability,possible_absence_of_history_or_unknown_record,structured_missing_handling_candidate_later,feature_engineering_and_modeling,True,high_missing; extreme_skew; zero_heavy;,True,extreme_missing;
prev_unused_offer_down_payment_sum,continuous_amount_numeric,candidate_predictor,special_case_review,no,relationship_analysis,structured_missing_or_history_availability,possible_absence_of_history_or_unknown_record,structured_missing_handling_candidate_later,feature_engineering_and_modeling,True,high_missing; extreme_skew; zero_heavy;,True,extreme_missing;
prev_unused_offer_goods_price_max,continuous_amount_numeric,candidate_predictor,special_case_review,no,relationship_analysis,structured_missing_or_history_availability,possible_absence_of_history_or_unknown_record,structured_missing_handling_candidate_later,feature_engineering_and_modeling,True,high_missing; extreme_skew;,True,extreme_missing;
prev_unused_offer_goods_price_mean,continuous_amount_numeric,candidate_predictor,special_case_review,no,relationship_analysis,structured_missing_or_history_availability,possible_absence_of_history_or_unknown_record,structured_missing_handling_candidate_later,feature_engineering_and_modeling,True,high_missing; extreme_skew;,True,extreme_missing;
prev_unused_offer_goods_price_sum,continuous_amount_numeric,candidate_predictor,special_case_review,no,relationship_analysis,structured_missing_or_history_availability,possible_absence_of_history_or_unknown_record,structured_missing_handling_candidate_later,feature_engineering_and_modeling,True,high_missing; extreme_skew;,True,extreme_missing;
prev_unused_offer_ratio,ratio_rate_numeric,candidate_predictor,special_case_review,no,relationship_analysis,structured_missing_or_history_availability,possible_absence_of_history_or_unknown_record,structured_missing_handling_candidate_later,feature_engineering_and_modeling,True,zero_heavy; extreme_skew;,False,
prev_unused_offer_recent_12m_count,discrete_count_numeric,candidate_predictor,special_case_review,no,relationship_analysis,structured_missing_or_history_availability,possible_absence_of_history_or_unknown_record,structured_missing_handling_candidate_later,feature_engineering_and_modeling,True,high_missing;,True,extreme_missing;
prev_unused_offer_recent_24m_count,discrete_count_numeric,candidate_predictor,special_case_review,no,relationship_analysis,structured_missing_or_history_availability,possible_absence_of_history_or_unknown_record,structured_missing_handling_candidate_later,feature_engineering_and_modeling,True,high_missing;,True,extreme_missing;
prev_yield_high_count,discrete_count_numeric,candidate_predictor,special_case_review,no,relationship_analysis,structured_missing_or_history_availability,possible_absence_of_history_or_unknown_record,structured_missing_handling_candidate_later,feature_engineering_and_modeling,False,,False,
prev_yield_high_ratio,ratio_rate_numeric,candidate_predictor,special_case_review,no,relationship_analysis,structured_missing_or_history_availability,possible_absence_of_history_or_unknown_record,structured_missing_handling_candidate_later,feature_engineering_and_modeling,False,,False,
prev_yield_low_action_count,discrete_count_numeric,candidate_predictor,special_case_review,no,relationship_analysis,structured_missing_or_history_availability,possible_absence_of_history_or_unknown_record,structured_missing_handling_candidate_later,feature_engineering_and_modeling,True,zero_heavy;,False,
prev_yield_low_action_ratio,ratio_rate_numeric,candidate_predictor,special_case_review,no,relationship_analysis,structured_missing_or_history_availability,possible_absence_of_history_or_unknown_record,structured_missing_handling_candidate_later,feature_engineering_and_modeling,True,zero_heavy;,False,
prev_yield_low_normal_count,discrete_count_numeric,candidate_predictor,special_case_review,no,relationship_analysis,structured_missing_or_history_availability,possible_absence_of_history_or_unknown_record,structured_missing_handling_candidate_later,feature_engineering_and_modeling,False,,False,
prev_yield_low_normal_ratio,ratio_rate_numeric,candidate_predictor,special_case_review,no,relationship_analysis,structured_missing_or_history_availability,possible_absence_of_history_or_unknown_record,structured_missing_handling_candidate_later,feature_engineering_and_modeling,False,,False,
prev_yield_middle_count,discrete_count_numeric,candidate_predictor,special_case_review,no,relationship_analysis,structured_missing_or_history_availability,possible_absence_of_history_or_unknown_record,structured_missing_handling_candidate_later,feature_engineering_and_modeling,False,,False,
prev_yield_middle_ratio,ratio_rate_numeric,candidate_predictor,special_case_review,no,relationship_analysis,structured_missing_or_history_availability,possible_absence_of_history_or_unknown_record,structured_missing_handling_candidate_later,feature_engineering_and_modeling,False,,False,
prev_yield_xna_count,discrete_count_numeric,candidate_predictor,special_case_review,no,relationship_analysis,structured_missing_or_history_availability,possible_absence_of_history_or_unknown_record,structured_missing_handling_candidate_later,feature_engineering_and_modeling,False,,False,
prev_yield_xna_ratio,ratio_rate_numeric,candidate_predictor,special_case_review,no,relationship_analysis,structured_missing_or_history_availability,possible_absence_of_history_or_unknown_record,structured_missing_handling_candidate_later,feature_engineering_and_modeling,False,,False,
total_history_block_count,discrete_count_numeric,candidate_predictor,standard_univariate_profile,no,relationship_analysis,,,,,False,,False,
